condition,rep,score_pvalue,saturated_lr_pvalue,score_reject,saturated_lr_reject
null,0,0.025,0.035,1,1
null,1,0.785,0.765,0,0
null,2,0.05,0.07,0,0
null,3,0.305,0.285,0,0
null,4,0.61,0.645,0,0
null,5,0.4,0.47,0,0
null,6,0.365,0.31,0,0
null,7,0.89,0.85,0,0
null,8,0.555,0.54,0,0
null,9,0.1,0.155,0,0
null,10,0.29,0.345,0,0
null,11,0.09,0.17,0,0
null,12,0.82,0.775,0,0
null,13,0.77,0.64,0,0
null,14,0.315,0.425,0,0
null,15,0.545,0.555,0,0
null,16,0.145,0.12,0,0
null,17,0.605,0.7,0,0
null,18,0.71,0.745,0,0
null,19,0.865,0.905,0,0
null,20,0.975,0.975,0,0
null,21,0.085,0.07,0,0
null,22,0.895,0.915,0,0
null,23,0.275,0.42,0,0
null,24,0.295,0.265,0,0
null,25,0.63,0.6,0,0
null,26,0.385,0.425,0,0
null,27,0.11,0.125,0,0
null,28,0.23,0.23,0,0
null,29,0.47,0.36,0,0
null,30,0.9,0.925,0,0
null,31,0.72,0.695,0,0
null,32,0.42,0.435,0,0
null,33,0.18,0.14,0,0
null,34,0.115,0.155,0,0
null,35,0.88,0.905,0,0
null,36,0.56,0.56,0,0
null,37,0.715,0.755,0,0
null,38,0.895,0.89,0,0
null,39,0.21,0.335,0,0
null,40,0.59,0.545,0,0
null,41,0.075,0.045,0,1
null,42,0.935,0.93,0,0
null,43,0.225,0.215,0,0
null,44,0.29,0.305,0,0
null,45,0.315,0.295,0,0
null,46,0.45,0.595,0,0
null,47,0.815,0.73,0,0
null,48,0.24,0.235,0,0
null,49,0.14,0.155,0,0
null,50,0.16,0.195,0,0
null,51,0.9,0.875,0,0
null,52,0.025,0.06,1,0
null,53,0.395,0.325,0,0
null,54,0.745,0.7,0,0
null,55,0.77,0.61,0,0
null,56,0.74,0.775,0,0
null,57,0.23,0.175,0,0
null,58,0.135,0.125,0,0
null,59,0.42,0.39,0,0
null,60,0.345,0.24,0,0
null,61,0.505,0.525,0,0
null,62,0.69,0.54,0,0
null,63,0.25,0.16,0,0
null,64,0.72,0.75,0,0
null,65,0.43,0.52,0,0
null,66,0.55,0.585,0,0
null,67,0.395,0.375,0,0
null,68,0.11,0.12,0,0
null,69,0.89,0.86,0,0
null,70,0.055,0.04,0,1
null,71,0.265,0.165,0,0
null,72,0.48,0.53,0,0
null,73,0.97,0.985,0,0
null,74,0.795,0.78,0,0
null,75,0.76,0.825,0,0
null,76,0.675,0.55,0,0
null,77,0.165,0.16,0,0
null,78,0.22,0.18,0,0
null,79,0.095,0.1,0,0
null,80,0.885,0.845,0,0
null,81,0.3,0.24,0,0
null,82,0.71,0.745,0,0
null,83,0.09,0.16,0,0
null,84,0.445,0.505,0,0
null,85,0.205,0.22,0,0
null,86,0.585,0.505,0,0
null,87,0.67,0.745,0,0
null,88,0.34,0.325,0,0
null,89,0.64,0.685,0,0
null,90,0.835,0.85,0,0
null,91,0.175,0.17,0,0
null,92,0.7,0.685,0,0
null,93,0.095,0.105,0,0
null,94,0.65,0.7,0,0
null,95,0.165,0.18,0,0
null,96,0.78,0.815,0,0
null,97,0.17,0.125,0,0
null,98,1.0,1.0,0,0
null,99,0.98,0.97,0,0
null,100,0.745,0.81,0,0
null,101,0.84,0.775,0,0
null,102,0.315,0.265,0,0
null,103,0.215,0.25,0,0
null,104,0.86,0.87,0,0
null,105,0.19,0.21,0,0
null,106,0.15,0.23,0,0
null,107,0.415,0.42,0,0
null,108,0.035,0.045,1,1
null,109,0.44,0.365,0,0
null,110,0.09,0.05,0,0
null,111,0.465,0.56,0,0
null,112,0.245,0.16,0,0
null,113,0.11,0.15,0,0
null,114,0.565,0.525,0,0
null,115,0.905,0.945,0,0
null,116,0.395,0.43,0,0
null,117,0.325,0.32,0,0
null,118,0.025,0.035,1,1
null,119,0.7,0.72,0,0
null,120,0.45,0.535,0,0
null,121,0.565,0.51,0,0
null,122,0.44,0.44,0,0
null,123,0.74,0.885,0,0
null,124,0.175,0.115,0,0
null,125,0.97,0.885,0,0
null,126,0.5,0.53,0,0
null,127,0.96,0.965,0,0
null,128,0.865,0.765,0,0
null,129,0.59,0.555,0,0
null,130,0.71,0.67,0,0
null,131,0.445,0.35,0,0
null,132,0.49,0.49,0,0
null,133,0.835,0.81,0,0
null,134,0.415,0.525,0,0
null,135,0.05,0.095,0,0
null,136,0.335,0.29,0,0
null,137,0.53,0.58,0,0
null,138,0.01,0.02,1,1
null,139,0.63,0.73,0,0
null,140,0.05,0.015,0,1
null,141,0.18,0.125,0,0
null,142,0.19,0.18,0,0
null,143,0.55,0.595,0,0
null,144,0.385,0.24,0,0
null,145,0.455,0.405,0,0
null,146,0.98,0.975,0,0
null,147,0.595,0.47,0,0
null,148,0.725,0.74,0,0
null,149,0.755,0.7,0,0
null,150,0.55,0.56,0,0
null,151,0.79,0.77,0,0
null,152,0.775,0.68,0,0
null,153,0.31,0.33,0,0
null,154,0.695,0.66,0,0
null,155,0.605,0.56,0,0
null,156,0.57,0.71,0,0
null,157,0.145,0.13,0,0
null,158,0.885,0.9,0,0
null,159,0.04,0.05,1,0
null,160,0.135,0.185,0,0
null,161,0.96,0.955,0,0
null,162,0.88,0.805,0,0
null,163,0.49,0.48,0,0
null,164,0.53,0.425,0,0
null,165,1.0,1.0,0,0
null,166,0.05,0.03,0,1
null,167,0.305,0.285,0,0
null,168,0.765,0.79,0,0
null,169,0.15,0.23,0,0
null,170,0.09,0.065,0,0
null,171,0.975,0.98,0,0
null,172,0.26,0.31,0,0
null,173,0.755,0.765,0,0
null,174,0.85,0.78,0,0
null,175,0.255,0.37,0,0
null,176,0.63,0.695,0,0
null,177,0.72,0.69,0,0
null,178,0.42,0.445,0,0
null,179,0.84,0.825,0,0
null,180,0.365,0.34,0,0
null,181,0.235,0.285,0,0
null,182,0.77,0.765,0,0
null,183,0.085,0.055,0,0
null,184,0.07,0.055,0,0
null,185,0.52,0.585,0,0
null,186,0.26,0.285,0,0
null,187,0.685,0.695,0,0
null,188,0.86,0.855,0,0
null,189,0.635,0.625,0,0
null,190,0.985,0.985,0,0
null,191,0.555,0.64,0,0
null,192,0.32,0.305,0,0
null,193,0.055,0.03,0,1
null,194,0.755,0.72,0,0
null,195,0.31,0.29,0,0
null,196,0.7,0.84,0,0
null,197,0.86,0.935,0,0
null,198,0.26,0.295,0,0
null,199,0.58,0.57,0,0
null,200,0.87,0.945,0,0
null,201,0.385,0.305,0,0
null,202,0.99,0.985,0,0
null,203,0.29,0.35,0,0
null,204,0.18,0.21,0,0
null,205,0.635,0.74,0,0
null,206,0.085,0.13,0,0
null,207,0.315,0.29,0,0
null,208,0.765,0.83,0,0
null,209,0.155,0.18,0,0
null,210,0.475,0.43,0,0
null,211,0.515,0.48,0,0
null,212,0.96,0.965,0,0
null,213,0.93,0.9,0,0
null,214,0.465,0.45,0,0
null,215,0.67,0.67,0,0
null,216,0.815,0.835,0,0
null,217,0.54,0.405,0,0
null,218,0.8,0.815,0,0
null,219,0.53,0.52,0,0
null,220,0.74,0.75,0,0
null,221,0.39,0.385,0,0
null,222,0.01,0.035,1,1
null,223,0.155,0.25,0,0
null,224,0.555,0.58,0,0
null,225,0.19,0.29,0,0
null,226,0.755,0.73,0,0
null,227,0.91,0.92,0,0
null,228,0.745,0.72,0,0
null,229,0.85,0.75,0,0
null,230,0.625,0.64,0,0
null,231,0.275,0.26,0,0
null,232,0.925,0.95,0,0
null,233,0.415,0.355,0,0
null,234,0.445,0.53,0,0
null,235,0.755,0.73,0,0
null,236,0.925,0.945,0,0
null,237,0.845,0.86,0,0
null,238,0.685,0.73,0,0
null,239,0.95,0.895,0,0
null,240,0.44,0.425,0,0
null,241,0.77,0.795,0,0
null,242,0.24,0.28,0,0
null,243,0.44,0.385,0,0
null,244,0.88,0.89,0,0
null,245,0.9,0.825,0,0
null,246,0.595,0.61,0,0
null,247,0.765,0.665,0,0
null,248,0.25,0.25,0,0
null,249,0.47,0.44,0,0
null,250,0.82,0.85,0,0
null,251,0.73,0.745,0,0
null,252,0.315,0.31,0,0
null,253,0.22,0.185,0,0
null,254,0.11,0.12,0,0
null,255,0.14,0.135,0,0
null,256,0.055,0.07,0,0
null,257,0.7,0.745,0,0
null,258,0.57,0.58,0,0
null,259,0.1,0.065,0,0
null,260,0.99,0.985,0,0
null,261,0.64,0.62,0,0
null,262,0.35,0.34,0,0
null,263,0.505,0.53,0,0
null,264,0.105,0.12,0,0
null,265,0.105,0.15,0,0
null,266,0.71,0.72,0,0
null,267,0.495,0.475,0,0
null,268,0.645,0.68,0,0
null,269,0.575,0.43,0,0
null,270,0.865,0.92,0,0
null,271,0.515,0.575,0,0
null,272,0.23,0.265,0,0
null,273,0.385,0.425,0,0
null,274,0.67,0.82,0,0
null,275,0.07,0.125,0,0
null,276,0.745,0.68,0,0
null,277,0.005,0.03,1,1
null,278,0.985,0.995,0,0
null,279,0.64,0.725,0,0
null,280,0.215,0.27,0,0
null,281,0.105,0.065,0,0
null,282,0.28,0.28,0,0
null,283,0.085,0.1,0,0
null,284,0.45,0.455,0,0
null,285,0.68,0.575,0,0
null,286,0.345,0.4,0,0
null,287,0.6,0.555,0,0
null,288,0.14,0.115,0,0
null,289,0.485,0.535,0,0
null,290,0.66,0.63,0,0
null,291,0.595,0.565,0,0
null,292,0.06,0.08,0,0
null,293,0.595,0.57,0,0
null,294,0.415,0.42,0,0
null,295,0.865,0.89,0,0
null,296,0.515,0.435,0,0
null,297,0.84,0.805,0,0
null,298,0.205,0.155,0,0
null,299,0.675,0.76,0,0
null,300,0.94,0.97,0,0
null,301,0.2,0.27,0,0
null,302,0.705,0.68,0,0
null,303,0.935,0.84,0,0
null,304,0.15,0.15,0,0
null,305,0.68,0.705,0,0
null,306,0.415,0.44,0,0
null,307,0.275,0.245,0,0
null,308,0.505,0.465,0,0
null,309,0.405,0.355,0,0
null,310,0.925,0.955,0,0
null,311,0.055,0.09,0,0
null,312,0.395,0.41,0,0
null,313,0.45,0.57,0,0
null,314,0.97,0.94,0,0
null,315,0.2,0.22,0,0
null,316,0.195,0.23,0,0
null,317,0.49,0.43,0,0
null,318,0.815,0.865,0,0
null,319,0.735,0.755,0,0
null,320,0.395,0.475,0,0
null,321,0.705,0.625,0,0
null,322,0.65,0.615,0,0
null,323,0.03,0.07,1,0
null,324,0.025,0.04,1,1
null,325,0.99,0.97,0,0
null,326,0.86,0.885,0,0
null,327,0.735,0.75,0,0
null,328,0.67,0.7,0,0
null,329,0.3,0.32,0,0
null,330,0.16,0.155,0,0
null,331,0.735,0.645,0,0
null,332,0.345,0.18,0,0
null,333,0.22,0.24,0,0
null,334,0.285,0.31,0,0
null,335,0.87,0.9,0,0
null,336,0.655,0.72,0,0
null,337,0.42,0.395,0,0
null,338,0.67,0.615,0,0
null,339,0.41,0.51,0,0
null,340,0.495,0.435,0,0
null,341,0.04,0.05,1,0
null,342,0.79,0.805,0,0
null,343,0.05,0.065,0,0
null,344,0.405,0.445,0,0
null,345,0.165,0.195,0,0
null,346,0.09,0.145,0,0
null,347,0.72,0.73,0,0
null,348,0.465,0.41,0,0
null,349,0.46,0.455,0,0
null,350,0.015,0.015,1,1
null,351,0.945,0.895,0,0
null,352,0.045,0.06,1,0
null,353,0.07,0.065,0,0
null,354,0.185,0.235,0,0
null,355,0.555,0.57,0,0
null,356,0.375,0.375,0,0
null,357,0.96,0.975,0,0
null,358,0.87,0.87,0,0
null,359,1.0,1.0,0,0
null,360,0.47,0.49,0,0
null,361,0.99,0.97,0,0
null,362,0.445,0.41,0,0
null,363,0.77,0.78,0,0
null,364,0.535,0.535,0,0
null,365,0.69,0.655,0,0
null,366,1.0,0.985,0,0
null,367,0.41,0.345,0,0
null,368,0.245,0.41,0,0
null,369,0.495,0.34,0,0
null,370,0.405,0.245,0,0
null,371,0.58,0.635,0,0
null,372,0.56,0.585,0,0
null,373,0.135,0.175,0,0
null,374,0.81,0.82,0,0
null,375,0.705,0.67,0,0
null,376,0.165,0.2,0,0
null,377,0.475,0.49,0,0
null,378,0.99,1.0,0,0
null,379,0.385,0.42,0,0
null,380,0.035,0.03,1,1
null,381,0.305,0.26,0,0
null,382,0.12,0.155,0,0
null,383,0.275,0.325,0,0
null,384,0.375,0.37,0,0
null,385,0.225,0.26,0,0
null,386,0.145,0.13,0,0
null,387,0.3,0.31,0,0
null,388,0.805,0.85,0,0
null,389,0.24,0.22,0,0
null,390,0.44,0.535,0,0
null,391,0.545,0.475,0,0
null,392,0.805,0.835,0,0
null,393,0.225,0.205,0,0
null,394,0.76,0.785,0,0
null,395,0.89,0.935,0,0
null,396,0.07,0.06,0,0
null,397,0.06,0.12,0,0
null,398,0.32,0.38,0,0
null,399,0.07,0.08,0,0
null,400,0.275,0.265,0,0
null,401,0.065,0.04,0,1
null,402,0.43,0.45,0,0
null,403,0.225,0.31,0,0
null,404,0.56,0.52,0,0
null,405,0.915,0.945,0,0
null,406,0.72,0.78,0,0
null,407,0.73,0.71,0,0
null,408,0.23,0.285,0,0
null,409,0.05,0.085,0,0
null,410,0.545,0.575,0,0
null,411,0.635,0.52,0,0
null,412,0.86,0.84,0,0
null,413,0.835,0.825,0,0
null,414,0.96,0.975,0,0
null,415,0.78,0.72,0,0
null,416,0.045,0.035,1,1
null,417,0.505,0.44,0,0
null,418,0.82,0.765,0,0
null,419,0.435,0.465,0,0
null,420,0.14,0.13,0,0
null,421,0.985,0.99,0,0
null,422,0.31,0.215,0,0
null,423,0.685,0.675,0,0
null,424,0.985,0.955,0,0
null,425,0.84,0.83,0,0
null,426,0.455,0.395,0,0
null,427,0.11,0.115,0,0
null,428,0.41,0.35,0,0
null,429,0.245,0.18,0,0
null,430,0.745,0.72,0,0
null,431,0.835,0.93,0,0
null,432,0.025,0.035,1,1
null,433,0.39,0.315,0,0
null,434,0.19,0.215,0,0
null,435,0.835,0.85,0,0
null,436,0.19,0.15,0,0
null,437,0.17,0.19,0,0
null,438,0.455,0.45,0,0
null,439,0.365,0.415,0,0
null,440,0.385,0.34,0,0
null,441,0.74,0.785,0,0
null,442,0.9,0.825,0,0
null,443,0.915,0.87,0,0
null,444,0.56,0.605,0,0
null,445,0.01,0.01,1,1
null,446,0.415,0.45,0,0
null,447,0.145,0.14,0,0
null,448,0.005,0.005,1,1
null,449,0.94,0.955,0,0
null,450,0.625,0.615,0,0
null,451,0.995,0.96,0,0
null,452,0.55,0.485,0,0
null,453,0.99,0.98,0,0
null,454,0.475,0.595,0,0
null,455,0.115,0.135,0,0
null,456,0.105,0.1,0,0
null,457,0.165,0.17,0,0
null,458,0.645,0.6,0,0
null,459,0.92,0.94,0,0
null,460,0.285,0.255,0,0
null,461,0.055,0.13,0,0
null,462,0.02,0.02,1,1
null,463,0.79,0.775,0,0
null,464,0.785,0.81,0,0
null,465,0.425,0.58,0,0
null,466,0.08,0.095,0,0
null,467,0.69,0.715,0,0
null,468,0.785,0.885,0,0
null,469,0.19,0.21,0,0
null,470,0.06,0.065,0,0
null,471,0.845,0.845,0,0
null,472,0.195,0.13,0,0
null,473,0.015,0.035,1,1
null,474,0.63,0.62,0,0
null,475,0.285,0.31,0,0
null,476,0.51,0.46,0,0
null,477,0.48,0.555,0,0
null,478,0.185,0.21,0,0
null,479,0.205,0.28,0,0
null,480,0.49,0.4,0,0
null,481,0.33,0.315,0,0
null,482,0.62,0.6,0,0
null,483,0.14,0.13,0,0
null,484,0.915,0.89,0,0
null,485,0.95,0.935,0,0
null,486,0.955,0.915,0,0
null,487,0.22,0.195,0,0
null,488,0.2,0.155,0,0
null,489,0.59,0.545,0,0
null,490,0.72,0.765,0,0
null,491,0.805,0.805,0,0
null,492,0.475,0.465,0,0
null,493,0.25,0.32,0,0
null,494,0.255,0.21,0,0
null,495,0.15,0.23,0,0
null,496,0.53,0.49,0,0
null,497,0.74,0.705,0,0
null,498,0.825,0.795,0,0
null,499,0.45,0.575,0,0
null,500,0.41,0.315,0,0
null,501,0.64,0.815,0,0
null,502,0.65,0.585,0,0
null,503,0.775,0.705,0,0
null,504,0.36,0.45,0,0
null,505,0.615,0.69,0,0
null,506,0.81,0.855,0,0
null,507,0.88,0.91,0,0
null,508,0.16,0.18,0,0
null,509,0.515,0.59,0,0
null,510,0.355,0.3,0,0
null,511,0.735,0.81,0,0
null,512,0.215,0.22,0,0
null,513,0.6,0.595,0,0
null,514,0.97,0.995,0,0
null,515,0.975,0.975,0,0
null,516,0.49,0.6,0,0
null,517,0.46,0.485,0,0
null,518,0.765,0.755,0,0
null,519,0.26,0.245,0,0
null,520,0.37,0.415,0,0
null,521,0.69,0.745,0,0
null,522,0.2,0.255,0,0
null,523,0.38,0.445,0,0
null,524,0.335,0.42,0,0
null,525,0.2,0.32,0,0
null,526,0.935,0.925,0,0
null,527,0.845,0.885,0,0
null,528,0.94,0.95,0,0
null,529,0.77,0.81,0,0
null,530,0.6,0.595,0,0
null,531,0.075,0.105,0,0
null,532,0.11,0.12,0,0
null,533,0.62,0.615,0,0
null,534,0.75,0.76,0,0
null,535,0.47,0.51,0,0
null,536,0.97,0.775,0,0
null,537,0.81,0.845,0,0
null,538,0.79,0.725,0,0
null,539,0.965,0.95,0,0
null,540,0.365,0.29,0,0
null,541,0.55,0.505,0,0
null,542,1.0,0.975,0,0
null,543,0.445,0.34,0,0
null,544,0.745,0.555,0,0
null,545,0.915,0.845,0,0
null,546,0.16,0.105,0,0
null,547,0.765,0.735,0,0
null,548,0.585,0.52,0,0
null,549,0.94,0.95,0,0
null,550,0.22,0.215,0,0
null,551,0.03,0.04,1,1
null,552,0.69,0.715,0,0
null,553,0.13,0.11,0,0
null,554,0.42,0.535,0,0
null,555,0.21,0.165,0,0
null,556,0.38,0.44,0,0
null,557,0.55,0.47,0,0
null,558,0.55,0.425,0,0
null,559,0.39,0.32,0,0
null,560,0.98,0.995,0,0
null,561,0.58,0.535,0,0
null,562,0.025,0.065,1,0
null,563,0.09,0.085,0,0
null,564,0.545,0.605,0,0
null,565,0.57,0.59,0,0
null,566,0.91,0.86,0,0
null,567,0.2,0.2,0,0
null,568,0.33,0.25,0,0
null,569,0.65,0.7,0,0
null,570,0.575,0.645,0,0
null,571,0.245,0.235,0,0
null,572,0.675,0.635,0,0
null,573,0.53,0.495,0,0
null,574,0.96,0.97,0,0
null,575,0.975,0.91,0,0
null,576,0.465,0.435,0,0
null,577,0.06,0.07,0,0
null,578,0.7,0.59,0,0
null,579,0.41,0.4,0,0
null,580,0.015,0.03,1,1
null,581,0.44,0.445,0,0
null,582,0.405,0.425,0,0
null,583,0.065,0.055,0,0
null,584,0.34,0.485,0,0
null,585,0.615,0.57,0,0
null,586,0.17,0.135,0,0
null,587,0.9,0.91,0,0
null,588,0.81,0.79,0,0
null,589,0.89,0.93,0,0
null,590,0.27,0.235,0,0
null,591,0.55,0.585,0,0
null,592,0.25,0.265,0,0
null,593,0.635,0.67,0,0
null,594,0.705,0.785,0,0
null,595,0.625,0.68,0,0
null,596,0.365,0.395,0,0
null,597,0.005,0.005,1,1
null,598,0.57,0.465,0,0
null,599,0.22,0.245,0,0
null,600,0.19,0.185,0,0
null,601,0.35,0.365,0,0
null,602,0.33,0.29,0,0
null,603,0.18,0.215,0,0
null,604,0.48,0.46,0,0
null,605,0.245,0.15,0,0
null,606,0.725,0.695,0,0
null,607,0.405,0.41,0,0
null,608,0.295,0.365,0,0
null,609,0.165,0.135,0,0
null,610,0.8,0.845,0,0
null,611,0.675,0.67,0,0
null,612,0.195,0.16,0,0
null,613,0.12,0.055,0,0
null,614,0.195,0.21,0,0
null,615,0.81,0.75,0,0
null,616,0.64,0.615,0,0
null,617,0.6,0.685,0,0
null,618,0.49,0.545,0,0
null,619,0.29,0.185,0,0
null,620,0.15,0.2,0,0
null,621,0.16,0.11,0,0
null,622,0.215,0.23,0,0
null,623,0.485,0.5,0,0
null,624,0.025,0.045,1,1
null,625,0.505,0.53,0,0
null,626,0.845,0.89,0,0
null,627,0.61,0.515,0,0
null,628,0.38,0.415,0,0
null,629,0.66,0.66,0,0
null,630,0.83,0.885,0,0
null,631,0.865,0.875,0,0
null,632,0.225,0.24,0,0
null,633,0.49,0.5,0,0
null,634,0.23,0.175,0,0
null,635,0.585,0.635,0,0
null,636,0.74,0.655,0,0
null,637,0.325,0.315,0,0
null,638,0.3,0.3,0,0
null,639,0.88,0.82,0,0
null,640,0.315,0.405,0,0
null,641,0.68,0.555,0,0
null,642,0.15,0.145,0,0
null,643,0.835,0.77,0,0
null,644,0.03,0.03,1,1
null,645,0.095,0.09,0,0
null,646,0.755,0.82,0,0
null,647,0.735,0.725,0,0
null,648,0.26,0.265,0,0
null,649,0.315,0.34,0,0
null,650,0.275,0.145,0,0
null,651,0.68,0.72,0,0
null,652,0.08,0.025,0,1
null,653,0.33,0.54,0,0
null,654,0.075,0.05,0,0
null,655,0.965,0.98,0,0
null,656,0.75,0.685,0,0
null,657,0.89,0.84,0,0
null,658,0.88,0.865,0,0
null,659,0.34,0.32,0,0
null,660,0.605,0.695,0,0
null,661,0.845,0.885,0,0
null,662,0.6,0.61,0,0
null,663,0.235,0.35,0,0
null,664,0.615,0.63,0,0
null,665,0.345,0.3,0,0
null,666,0.955,0.88,0,0
null,667,0.995,0.99,0,0
null,668,0.37,0.275,0,0
null,669,0.58,0.585,0,0
null,670,0.065,0.03,0,1
null,671,0.455,0.33,0,0
null,672,0.985,0.975,0,0
null,673,0.78,0.755,0,0
null,674,0.245,0.31,0,0
null,675,0.875,0.88,0,0
null,676,0.9,0.91,0,0
null,677,0.67,0.705,0,0
null,678,0.75,0.82,0,0
null,679,0.415,0.41,0,0
null,680,0.17,0.145,0,0
null,681,0.345,0.415,0,0
null,682,0.9,0.945,0,0
null,683,0.755,0.6,0,0
null,684,0.8,0.695,0,0
null,685,0.34,0.4,0,0
null,686,0.705,0.705,0,0
null,687,0.865,0.875,0,0
null,688,0.84,0.835,0,0
null,689,0.98,0.98,0,0
null,690,0.22,0.2,0,0
null,691,0.93,0.885,0,0
null,692,0.7,0.755,0,0
null,693,0.855,0.85,0,0
null,694,0.41,0.42,0,0
null,695,0.04,0.015,1,1
null,696,0.585,0.655,0,0
null,697,0.2,0.215,0,0
null,698,0.385,0.465,0,0
null,699,0.075,0.1,0,0
null,700,0.62,0.645,0,0
null,701,0.72,0.74,0,0
null,702,0.895,0.905,0,0
null,703,0.27,0.325,0,0
null,704,0.665,0.675,0,0
null,705,0.295,0.225,0,0
null,706,0.31,0.31,0,0
null,707,0.675,0.665,0,0
null,708,0.37,0.395,0,0
null,709,0.435,0.5,0,0
null,710,0.55,0.6,0,0
null,711,0.65,0.7,0,0
null,712,0.54,0.54,0,0
null,713,0.695,0.73,0,0
null,714,0.405,0.49,0,0
null,715,0.88,0.865,0,0
null,716,0.235,0.26,0,0
null,717,0.48,0.405,0,0
null,718,0.405,0.49,0,0
null,719,0.925,0.97,0,0
null,720,0.875,0.89,0,0
null,721,0.315,0.325,0,0
null,722,0.795,0.86,0,0
null,723,0.66,0.715,0,0
null,724,0.99,0.975,0,0
null,725,0.69,0.78,0,0
null,726,0.735,0.705,0,0
null,727,0.725,0.675,0,0
null,728,0.08,0.055,0,0
null,729,0.89,0.87,0,0
null,730,0.7,0.725,0,0
null,731,0.87,0.84,0,0
null,732,0.61,0.63,0,0
null,733,0.6,0.64,0,0
null,734,0.03,0.03,1,1
null,735,0.48,0.4,0,0
null,736,0.97,0.94,0,0
null,737,0.765,0.825,0,0
null,738,0.585,0.365,0,0
null,739,0.125,0.105,0,0
null,740,0.355,0.435,0,0
null,741,0.615,0.535,0,0
null,742,0.415,0.41,0,0
null,743,0.61,0.68,0,0
null,744,0.545,0.53,0,0
null,745,0.41,0.48,0,0
null,746,0.21,0.225,0,0
null,747,0.35,0.32,0,0
null,748,0.54,0.535,0,0
null,749,0.31,0.245,0,0
null,750,0.94,0.965,0,0
null,751,0.725,0.715,0,0
null,752,0.585,0.52,0,0
null,753,0.445,0.365,0,0
null,754,0.105,0.075,0,0
null,755,0.035,0.01,1,1
null,756,0.26,0.24,0,0
null,757,0.63,0.71,0,0
null,758,0.545,0.55,0,0
null,759,0.915,0.925,0,0
null,760,0.75,0.75,0,0
null,761,0.45,0.48,0,0
null,762,0.585,0.575,0,0
null,763,0.46,0.36,0,0
null,764,0.395,0.295,0,0
null,765,0.975,1.0,0,0
null,766,0.965,0.95,0,0
null,767,0.085,0.12,0,0
null,768,0.77,0.825,0,0
null,769,0.37,0.445,0,0
null,770,0.65,0.63,0,0
null,771,0.145,0.175,0,0
null,772,0.34,0.3,0,0
null,773,0.77,0.68,0,0
null,774,0.89,0.85,0,0
null,775,0.66,0.65,0,0
null,776,0.81,0.775,0,0
null,777,0.05,0.06,0,0
null,778,0.26,0.145,0,0
null,779,0.685,0.67,0,0
null,780,0.1,0.13,0,0
null,781,0.505,0.565,0,0
null,782,0.36,0.34,0,0
null,783,0.15,0.145,0,0
null,784,0.38,0.34,0,0
null,785,0.51,0.365,0,0
null,786,0.345,0.405,0,0
null,787,0.485,0.365,0,0
null,788,0.96,0.92,0,0
null,789,0.27,0.29,0,0
null,790,0.18,0.15,0,0
null,791,1.0,0.995,0,0
null,792,0.95,0.96,0,0
null,793,0.44,0.41,0,0
null,794,0.275,0.315,0,0
null,795,0.345,0.315,0,0
null,796,0.775,0.77,0,0
null,797,0.43,0.48,0,0
null,798,0.06,0.035,0,1
null,799,0.32,0.26,0,0
null,800,0.425,0.41,0,0
null,801,0.72,0.715,0,0
null,802,0.655,0.6,0,0
null,803,0.385,0.465,0,0
null,804,0.42,0.575,0,0
null,805,0.2,0.185,0,0
null,806,0.56,0.62,0,0
null,807,0.345,0.305,0,0
null,808,0.9,0.86,0,0
null,809,0.885,0.82,0,0
null,810,0.28,0.275,0,0
null,811,0.545,0.535,0,0
null,812,0.92,0.875,0,0
null,813,0.3,0.345,0,0
null,814,0.575,0.54,0,0
null,815,0.905,0.915,0,0
null,816,0.655,0.585,0,0
null,817,0.08,0.035,0,1
null,818,0.55,0.46,0,0
null,819,0.74,0.7,0,0
null,820,0.72,0.785,0,0
null,821,0.13,0.155,0,0
null,822,0.17,0.16,0,0
null,823,0.21,0.26,0,0
null,824,0.495,0.565,0,0
null,825,0.285,0.32,0,0
null,826,0.485,0.53,0,0
null,827,0.015,0.02,1,1
null,828,0.88,0.805,0,0
null,829,0.505,0.595,0,0
null,830,0.045,0.025,1,1
null,831,0.915,0.955,0,0
null,832,0.56,0.58,0,0
null,833,0.64,0.59,0,0
null,834,0.205,0.22,0,0
null,835,0.54,0.61,0,0
null,836,0.425,0.295,0,0
null,837,0.345,0.28,0,0
null,838,0.11,0.105,0,0
null,839,0.515,0.42,0,0
null,840,0.7,0.66,0,0
null,841,0.78,0.725,0,0
null,842,0.53,0.635,0,0
null,843,0.82,0.775,0,0
null,844,0.405,0.41,0,0
null,845,0.73,0.605,0,0
null,846,0.825,0.84,0,0
null,847,0.985,0.975,0,0
null,848,0.935,0.96,0,0
null,849,0.175,0.2,0,0
null,850,0.095,0.075,0,0
null,851,0.23,0.27,0,0
null,852,0.47,0.41,0,0
null,853,0.23,0.21,0,0
null,854,0.49,0.555,0,0
null,855,0.125,0.115,0,0
null,856,0.615,0.635,0,0
null,857,0.925,0.88,0,0
null,858,0.375,0.405,0,0
null,859,0.025,0.035,1,1
null,860,0.275,0.35,0,0
null,861,0.535,0.575,0,0
null,862,0.19,0.215,0,0
null,863,0.615,0.565,0,0
null,864,0.44,0.33,0,0
null,865,0.36,0.32,0,0
null,866,0.005,0.005,1,1
null,867,0.125,0.115,0,0
null,868,0.335,0.27,0,0
null,869,0.82,0.87,0,0
null,870,0.115,0.075,0,0
null,871,0.875,0.935,0,0
null,872,0.475,0.395,0,0
null,873,0.145,0.175,0,0
null,874,0.97,0.995,0,0
null,875,0.42,0.41,0,0
null,876,0.125,0.06,0,0
null,877,0.185,0.175,0,0
null,878,0.825,0.75,0,0
null,879,0.93,0.93,0,0
null,880,0.44,0.26,0,0
null,881,0.135,0.125,0,0
null,882,0.73,0.63,0,0
null,883,0.09,0.08,0,0
null,884,0.605,0.63,0,0
null,885,0.335,0.245,0,0
null,886,0.535,0.525,0,0
null,887,0.465,0.575,0,0
null,888,0.32,0.32,0,0
null,889,0.29,0.36,0,0
null,890,0.485,0.445,0,0
null,891,0.37,0.29,0,0
null,892,0.75,0.755,0,0
null,893,0.17,0.28,0,0
null,894,0.79,0.795,0,0
null,895,0.21,0.17,0,0
null,896,0.395,0.48,0,0
null,897,0.155,0.1,0,0
null,898,0.69,0.675,0,0
null,899,0.41,0.35,0,0
null,900,0.065,0.025,0,1
null,901,0.59,0.415,0,0
null,902,0.63,0.66,0,0
null,903,0.875,0.85,0,0
null,904,0.375,0.435,0,0
null,905,0.99,0.99,0,0
null,906,0.9,0.935,0,0
null,907,0.32,0.405,0,0
null,908,0.59,0.68,0,0
null,909,0.135,0.165,0,0
null,910,0.04,0.06,1,0
null,911,0.405,0.445,0,0
null,912,0.54,0.585,0,0
null,913,0.805,0.74,0,0
null,914,0.855,0.935,0,0
null,915,0.75,0.785,0,0
null,916,0.295,0.265,0,0
null,917,0.1,0.175,0,0
null,918,0.18,0.215,0,0
null,919,0.745,0.805,0,0
null,920,0.67,0.705,0,0
null,921,0.97,0.975,0,0
null,922,0.2,0.215,0,0
null,923,0.155,0.125,0,0
null,924,0.815,0.79,0,0
null,925,0.515,0.47,0,0
null,926,0.195,0.21,0,0
null,927,0.7,0.635,0,0
null,928,0.505,0.495,0,0
null,929,0.865,0.93,0,0
null,930,0.135,0.2,0,0
null,931,0.095,0.05,0,0
null,932,0.61,0.645,0,0
null,933,0.165,0.185,0,0
null,934,0.485,0.425,0,0
null,935,0.06,0.02,0,1
null,936,0.64,0.73,0,0
null,937,0.245,0.27,0,0
null,938,0.6,0.605,0,0
null,939,0.65,0.53,0,0
null,940,0.16,0.185,0,0
null,941,0.08,0.09,0,0
null,942,0.97,0.975,0,0
null,943,0.27,0.29,0,0
null,944,0.01,0.035,1,1
null,945,0.2,0.23,0,0
null,946,0.9,0.88,0,0
null,947,0.705,0.715,0,0
null,948,0.78,0.83,0,0
null,949,0.91,0.905,0,0
null,950,0.965,0.96,0,0
null,951,0.67,0.725,0,0
null,952,0.135,0.14,0,0
null,953,0.08,0.06,0,0
null,954,0.67,0.64,0,0
null,955,0.43,0.375,0,0
null,956,0.61,0.56,0,0
null,957,0.58,0.54,0,0
null,958,0.79,0.775,0,0
null,959,0.185,0.195,0,0
null,960,0.605,0.69,0,0
null,961,0.11,0.13,0,0
null,962,0.855,0.915,0,0
null,963,0.905,0.81,0,0
null,964,0.29,0.33,0,0
null,965,0.285,0.285,0,0
null,966,0.37,0.345,0,0
null,967,0.07,0.035,0,1
null,968,0.31,0.4,0,0
null,969,0.25,0.255,0,0
null,970,0.835,0.75,0,0
null,971,0.03,0.025,1,1
null,972,0.395,0.375,0,0
null,973,0.44,0.3,0,0
null,974,0.695,0.62,0,0
null,975,0.46,0.365,0,0
null,976,0.83,0.785,0,0
null,977,0.87,0.87,0,0
null,978,0.315,0.49,0,0
null,979,0.5,0.62,0,0
null,980,0.675,0.63,0,0
null,981,0.655,0.695,0,0
null,982,0.465,0.4,0,0
null,983,0.26,0.25,0,0
null,984,0.99,0.98,0,0
null,985,0.01,0.01,1,1
null,986,0.2,0.165,0,0
null,987,0.31,0.255,0,0
null,988,0.55,0.505,0,0
null,989,0.32,0.39,0,0
null,990,0.875,0.89,0,0
null,991,0.88,0.855,0,0
null,992,0.765,0.635,0,0
null,993,0.02,0.085,1,0
null,994,0.36,0.345,0,0
null,995,0.61,0.55,0,0
null,996,0.165,0.115,0,0
null,997,0.93,0.875,0,0
null,998,0.88,0.86,0,0
null,999,0.075,0.065,0,0
aligned,0,0.005,0.005,1,1
aligned,1,0.005,0.005,1,1
aligned,2,0.005,0.005,1,1
aligned,3,0.005,0.005,1,1
aligned,4,0.005,0.005,1,1
aligned,5,0.005,0.005,1,1
aligned,6,0.005,0.005,1,1
aligned,7,0.005,0.005,1,1
aligned,8,0.005,0.005,1,1
aligned,9,0.005,0.005,1,1
aligned,10,0.005,0.005,1,1
aligned,11,0.005,0.005,1,1
aligned,12,0.005,0.005,1,1
aligned,13,0.005,0.005,1,1
aligned,14,0.005,0.005,1,1
aligned,15,0.005,0.005,1,1
aligned,16,0.005,0.005,1,1
aligned,17,0.005,0.005,1,1
aligned,18,0.005,0.005,1,1
aligned,19,0.005,0.005,1,1
aligned,20,0.005,0.005,1,1
aligned,21,0.005,0.005,1,1
aligned,22,0.005,0.005,1,1
aligned,23,0.005,0.005,1,1
aligned,24,0.005,0.005,1,1
aligned,25,0.005,0.005,1,1
aligned,26,0.005,0.005,1,1
aligned,27,0.005,0.005,1,1
aligned,28,0.005,0.005,1,1
aligned,29,0.005,0.005,1,1
aligned,30,0.005,0.005,1,1
aligned,31,0.005,0.005,1,1
aligned,32,0.005,0.005,1,1
aligned,33,0.005,0.005,1,1
aligned,34,0.005,0.005,1,1
aligned,35,0.005,0.005,1,1
aligned,36,0.005,0.005,1,1
aligned,37,0.005,0.005,1,1
aligned,38,0.005,0.005,1,1
aligned,39,0.005,0.005,1,1
aligned,40,0.005,0.005,1,1
aligned,41,0.005,0.005,1,1
aligned,42,0.005,0.005,1,1
aligned,43,0.005,0.005,1,1
aligned,44,0.005,0.005,1,1
aligned,45,0.005,0.005,1,1
aligned,46,0.005,0.005,1,1
aligned,47,0.005,0.005,1,1
aligned,48,0.005,0.005,1,1
aligned,49,0.005,0.005,1,1
aligned,50,0.005,0.005,1,1
aligned,51,0.005,0.005,1,1
aligned,52,0.005,0.005,1,1
aligned,53,0.005,0.005,1,1
aligned,54,0.005,0.005,1,1
aligned,55,0.005,0.005,1,1
aligned,56,0.005,0.005,1,1
aligned,57,0.005,0.005,1,1
aligned,58,0.005,0.005,1,1
aligned,59,0.005,0.005,1,1
aligned,60,0.005,0.005,1,1
aligned,61,0.005,0.005,1,1
aligned,62,0.005,0.005,1,1
aligned,63,0.005,0.005,1,1
aligned,64,0.005,0.005,1,1
aligned,65,0.005,0.005,1,1
aligned,66,0.005,0.005,1,1
aligned,67,0.005,0.005,1,1
aligned,68,0.005,0.005,1,1
aligned,69,0.005,0.005,1,1
aligned,70,0.005,0.005,1,1
aligned,71,0.005,0.005,1,1
aligned,72,0.005,0.005,1,1
aligned,73,0.005,0.005,1,1
aligned,74,0.005,0.005,1,1
aligned,75,0.005,0.005,1,1
aligned,76,0.005,0.005,1,1
aligned,77,0.005,0.005,1,1
aligned,78,0.005,0.005,1,1
aligned,79,0.005,0.005,1,1
aligned,80,0.005,0.005,1,1
aligned,81,0.005,0.005,1,1
aligned,82,0.005,0.005,1,1
aligned,83,0.005,0.005,1,1
aligned,84,0.005,0.005,1,1
aligned,85,0.005,0.005,1,1
aligned,86,0.005,0.005,1,1
aligned,87,0.005,0.005,1,1
aligned,88,0.005,0.005,1,1
aligned,89,0.005,0.005,1,1
aligned,90,0.005,0.005,1,1
aligned,91,0.005,0.005,1,1
aligned,92,0.005,0.005,1,1
aligned,93,0.005,0.005,1,1
aligned,94,0.005,0.005,1,1
aligned,95,0.005,0.005,1,1
aligned,96,0.005,0.005,1,1
aligned,97,0.005,0.005,1,1
aligned,98,0.005,0.005,1,1
aligned,99,0.005,0.005,1,1
aligned,100,0.005,0.005,1,1
aligned,101,0.005,0.005,1,1
aligned,102,0.005,0.005,1,1
aligned,103,0.005,0.005,1,1
aligned,104,0.005,0.005,1,1
aligned,105,0.005,0.005,1,1
aligned,106,0.005,0.005,1,1
aligned,107,0.005,0.005,1,1
aligned,108,0.005,0.005,1,1
aligned,109,0.005,0.005,1,1
aligned,110,0.005,0.005,1,1
aligned,111,0.005,0.005,1,1
aligned,112,0.005,0.005,1,1
aligned,113,0.005,0.005,1,1
aligned,114,0.005,0.005,1,1
aligned,115,0.005,0.005,1,1
aligned,116,0.005,0.005,1,1
aligned,117,0.005,0.005,1,1
aligned,118,0.005,0.005,1,1
aligned,119,0.005,0.005,1,1
aligned,120,0.005,0.005,1,1
aligned,121,0.005,0.005,1,1
aligned,122,0.005,0.005,1,1
aligned,123,0.005,0.005,1,1
aligned,124,0.005,0.005,1,1
aligned,125,0.005,0.005,1,1
aligned,126,0.005,0.005,1,1
aligned,127,0.005,0.005,1,1
aligned,128,0.005,0.005,1,1
aligned,129,0.005,0.005,1,1
aligned,130,0.005,0.005,1,1
aligned,131,0.005,0.005,1,1
aligned,132,0.005,0.005,1,1
aligned,133,0.005,0.005,1,1
aligned,134,0.005,0.005,1,1
aligned,135,0.005,0.005,1,1
aligned,136,0.005,0.005,1,1
aligned,137,0.005,0.005,1,1
aligned,138,0.005,0.005,1,1
aligned,139,0.005,0.005,1,1
aligned,140,0.005,0.005,1,1
aligned,141,0.005,0.005,1,1
aligned,142,0.005,0.005,1,1
aligned,143,0.005,0.005,1,1
aligned,144,0.005,0.005,1,1
aligned,145,0.005,0.005,1,1
aligned,146,0.005,0.005,1,1
aligned,147,0.005,0.005,1,1
aligned,148,0.005,0.005,1,1
aligned,149,0.005,0.005,1,1
aligned,150,0.005,0.005,1,1
aligned,151,0.005,0.005,1,1
aligned,152,0.005,0.005,1,1
aligned,153,0.005,0.005,1,1
aligned,154,0.005,0.005,1,1
aligned,155,0.005,0.005,1,1
aligned,156,0.005,0.005,1,1
aligned,157,0.005,0.005,1,1
aligned,158,0.005,0.005,1,1
aligned,159,0.005,0.005,1,1
aligned,160,0.005,0.005,1,1
aligned,161,0.005,0.005,1,1
aligned,162,0.005,0.005,1,1
aligned,163,0.005,0.005,1,1
aligned,164,0.005,0.005,1,1
aligned,165,0.005,0.005,1,1
aligned,166,0.005,0.005,1,1
aligned,167,0.005,0.005,1,1
aligned,168,0.005,0.005,1,1
aligned,169,0.005,0.005,1,1
aligned,170,0.005,0.005,1,1
aligned,171,0.005,0.005,1,1
aligned,172,0.005,0.005,1,1
aligned,173,0.005,0.005,1,1
aligned,174,0.005,0.005,1,1
aligned,175,0.005,0.005,1,1
aligned,176,0.005,0.005,1,1
aligned,177,0.005,0.005,1,1
aligned,178,0.005,0.005,1,1
aligned,179,0.005,0.005,1,1
aligned,180,0.005,0.005,1,1
aligned,181,0.005,0.005,1,1
aligned,182,0.005,0.005,1,1
aligned,183,0.005,0.005,1,1
aligned,184,0.005,0.005,1,1
aligned,185,0.005,0.005,1,1
aligned,186,0.005,0.005,1,1
aligned,187,0.005,0.005,1,1
aligned,188,0.005,0.005,1,1
aligned,189,0.005,0.005,1,1
aligned,190,0.005,0.005,1,1
aligned,191,0.005,0.005,1,1
aligned,192,0.005,0.005,1,1
aligned,193,0.005,0.005,1,1
aligned,194,0.005,0.005,1,1
aligned,195,0.005,0.005,1,1
aligned,196,0.005,0.005,1,1
aligned,197,0.005,0.005,1,1
aligned,198,0.005,0.005,1,1
aligned,199,0.005,0.005,1,1
aligned,200,0.005,0.005,1,1
aligned,201,0.005,0.005,1,1
aligned,202,0.005,0.005,1,1
aligned,203,0.005,0.005,1,1
aligned,204,0.005,0.005,1,1
aligned,205,0.005,0.005,1,1
aligned,206,0.005,0.005,1,1
aligned,207,0.005,0.005,1,1
aligned,208,0.005,0.005,1,1
aligned,209,0.005,0.005,1,1
aligned,210,0.005,0.005,1,1
aligned,211,0.005,0.005,1,1
aligned,212,0.005,0.005,1,1
aligned,213,0.005,0.005,1,1
aligned,214,0.005,0.005,1,1
aligned,215,0.005,0.005,1,1
aligned,216,0.005,0.005,1,1
aligned,217,0.005,0.005,1,1
aligned,218,0.005,0.005,1,1
aligned,219,0.005,0.005,1,1
aligned,220,0.005,0.005,1,1
aligned,221,0.005,0.005,1,1
aligned,222,0.005,0.005,1,1
aligned,223,0.005,0.005,1,1
aligned,224,0.005,0.005,1,1
aligned,225,0.005,0.005,1,1
aligned,226,0.005,0.005,1,1
aligned,227,0.005,0.005,1,1
aligned,228,0.005,0.005,1,1
aligned,229,0.005,0.005,1,1
aligned,230,0.005,0.005,1,1
aligned,231,0.005,0.005,1,1
aligned,232,0.005,0.005,1,1
aligned,233,0.005,0.005,1,1
aligned,234,0.005,0.005,1,1
aligned,235,0.005,0.005,1,1
aligned,236,0.005,0.005,1,1
aligned,237,0.005,0.005,1,1
aligned,238,0.005,0.005,1,1
aligned,239,0.005,0.005,1,1
aligned,240,0.005,0.005,1,1
aligned,241,0.005,0.005,1,1
aligned,242,0.005,0.005,1,1
aligned,243,0.005,0.005,1,1
aligned,244,0.005,0.005,1,1
aligned,245,0.005,0.005,1,1
aligned,246,0.005,0.005,1,1
aligned,247,0.005,0.005,1,1
aligned,248,0.005,0.005,1,1
aligned,249,0.005,0.005,1,1
aligned,250,0.005,0.005,1,1
aligned,251,0.005,0.005,1,1
aligned,252,0.005,0.005,1,1
aligned,253,0.005,0.005,1,1
aligned,254,0.005,0.005,1,1
aligned,255,0.005,0.005,1,1
aligned,256,0.005,0.005,1,1
aligned,257,0.005,0.005,1,1
aligned,258,0.005,0.005,1,1
aligned,259,0.005,0.005,1,1
aligned,260,0.005,0.005,1,1
aligned,261,0.005,0.005,1,1
aligned,262,0.005,0.005,1,1
aligned,263,0.005,0.005,1,1
aligned,264,0.005,0.005,1,1
aligned,265,0.005,0.005,1,1
aligned,266,0.005,0.005,1,1
aligned,267,0.005,0.005,1,1
aligned,268,0.005,0.005,1,1
aligned,269,0.005,0.005,1,1
aligned,270,0.005,0.005,1,1
aligned,271,0.005,0.005,1,1
aligned,272,0.005,0.005,1,1
aligned,273,0.005,0.005,1,1
aligned,274,0.005,0.005,1,1
aligned,275,0.005,0.005,1,1
aligned,276,0.005,0.005,1,1
aligned,277,0.005,0.005,1,1
aligned,278,0.005,0.005,1,1
aligned,279,0.005,0.005,1,1
aligned,280,0.005,0.005,1,1
aligned,281,0.005,0.005,1,1
aligned,282,0.005,0.005,1,1
aligned,283,0.005,0.005,1,1
aligned,284,0.005,0.005,1,1
aligned,285,0.005,0.005,1,1
aligned,286,0.005,0.005,1,1
aligned,287,0.005,0.005,1,1
aligned,288,0.005,0.005,1,1
aligned,289,0.005,0.005,1,1
aligned,290,0.005,0.005,1,1
aligned,291,0.005,0.005,1,1
aligned,292,0.005,0.005,1,1
aligned,293,0.005,0.005,1,1
aligned,294,0.005,0.005,1,1
aligned,295,0.005,0.005,1,1
aligned,296,0.005,0.005,1,1
aligned,297,0.005,0.005,1,1
aligned,298,0.005,0.005,1,1
aligned,299,0.005,0.005,1,1
aligned,300,0.005,0.005,1,1
aligned,301,0.005,0.005,1,1
aligned,302,0.005,0.005,1,1
aligned,303,0.005,0.005,1,1
aligned,304,0.005,0.005,1,1
aligned,305,0.005,0.005,1,1
aligned,306,0.005,0.005,1,1
aligned,307,0.005,0.005,1,1
aligned,308,0.005,0.005,1,1
aligned,309,0.005,0.005,1,1
aligned,310,0.005,0.005,1,1
aligned,311,0.005,0.005,1,1
aligned,312,0.005,0.005,1,1
aligned,313,0.005,0.005,1,1
aligned,314,0.005,0.005,1,1
aligned,315,0.005,0.005,1,1
aligned,316,0.005,0.005,1,1
aligned,317,0.005,0.005,1,1
aligned,318,0.005,0.005,1,1
aligned,319,0.005,0.005,1,1
aligned,320,0.005,0.005,1,1
aligned,321,0.005,0.005,1,1
aligned,322,0.005,0.005,1,1
aligned,323,0.005,0.005,1,1
aligned,324,0.005,0.005,1,1
aligned,325,0.005,0.005,1,1
aligned,326,0.005,0.005,1,1
aligned,327,0.005,0.005,1,1
aligned,328,0.005,0.005,1,1
aligned,329,0.005,0.005,1,1
aligned,330,0.005,0.005,1,1
aligned,331,0.005,0.005,1,1
aligned,332,0.005,0.005,1,1
aligned,333,0.005,0.005,1,1
aligned,334,0.005,0.005,1,1
aligned,335,0.005,0.005,1,1
aligned,336,0.005,0.005,1,1
aligned,337,0.005,0.005,1,1
aligned,338,0.005,0.005,1,1
aligned,339,0.005,0.005,1,1
aligned,340,0.005,0.005,1,1
aligned,341,0.005,0.005,1,1
aligned,342,0.005,0.005,1,1
aligned,343,0.005,0.005,1,1
aligned,344,0.005,0.005,1,1
aligned,345,0.005,0.005,1,1
aligned,346,0.005,0.005,1,1
aligned,347,0.005,0.005,1,1
aligned,348,0.005,0.005,1,1
aligned,349,0.005,0.005,1,1
aligned,350,0.005,0.005,1,1
aligned,351,0.005,0.005,1,1
aligned,352,0.005,0.005,1,1
aligned,353,0.005,0.005,1,1
aligned,354,0.005,0.005,1,1
aligned,355,0.005,0.005,1,1
aligned,356,0.005,0.005,1,1
aligned,357,0.005,0.005,1,1
aligned,358,0.005,0.005,1,1
aligned,359,0.005,0.005,1,1
aligned,360,0.005,0.005,1,1
aligned,361,0.005,0.005,1,1
aligned,362,0.005,0.005,1,1
aligned,363,0.005,0.005,1,1
aligned,364,0.005,0.005,1,1
aligned,365,0.005,0.005,1,1
aligned,366,0.005,0.005,1,1
aligned,367,0.005,0.005,1,1
aligned,368,0.005,0.005,1,1
aligned,369,0.005,0.005,1,1
aligned,370,0.005,0.005,1,1
aligned,371,0.005,0.005,1,1
aligned,372,0.005,0.005,1,1
aligned,373,0.005,0.005,1,1
aligned,374,0.005,0.005,1,1
aligned,375,0.005,0.005,1,1
aligned,376,0.005,0.005,1,1
aligned,377,0.005,0.005,1,1
aligned,378,0.005,0.005,1,1
aligned,379,0.005,0.005,1,1
aligned,380,0.005,0.005,1,1
aligned,381,0.005,0.005,1,1
aligned,382,0.005,0.005,1,1
aligned,383,0.005,0.005,1,1
aligned,384,0.005,0.005,1,1
aligned,385,0.005,0.005,1,1
aligned,386,0.005,0.005,1,1
aligned,387,0.005,0.005,1,1
aligned,388,0.005,0.005,1,1
aligned,389,0.005,0.005,1,1
aligned,390,0.005,0.005,1,1
aligned,391,0.005,0.005,1,1
aligned,392,0.005,0.005,1,1
aligned,393,0.005,0.005,1,1
aligned,394,0.005,0.005,1,1
aligned,395,0.005,0.005,1,1
aligned,396,0.005,0.005,1,1
aligned,397,0.005,0.005,1,1
aligned,398,0.005,0.005,1,1
aligned,399,0.005,0.005,1,1
aligned,400,0.005,0.005,1,1
aligned,401,0.005,0.005,1,1
aligned,402,0.005,0.005,1,1
aligned,403,0.005,0.005,1,1
aligned,404,0.005,0.005,1,1
aligned,405,0.005,0.005,1,1
aligned,406,0.005,0.005,1,1
aligned,407,0.005,0.005,1,1
aligned,408,0.005,0.005,1,1
aligned,409,0.005,0.005,1,1
aligned,410,0.005,0.005,1,1
aligned,411,0.005,0.005,1,1
aligned,412,0.005,0.005,1,1
aligned,413,0.005,0.005,1,1
aligned,414,0.005,0.005,1,1
aligned,415,0.005,0.005,1,1
aligned,416,0.005,0.005,1,1
aligned,417,0.005,0.005,1,1
aligned,418,0.005,0.005,1,1
aligned,419,0.005,0.005,1,1
aligned,420,0.005,0.005,1,1
aligned,421,0.005,0.005,1,1
aligned,422,0.005,0.005,1,1
aligned,423,0.005,0.005,1,1
aligned,424,0.005,0.005,1,1
aligned,425,0.005,0.005,1,1
aligned,426,0.005,0.005,1,1
aligned,427,0.005,0.005,1,1
aligned,428,0.005,0.005,1,1
aligned,429,0.005,0.005,1,1
aligned,430,0.005,0.005,1,1
aligned,431,0.005,0.005,1,1
aligned,432,0.005,0.005,1,1
aligned,433,0.005,0.005,1,1
aligned,434,0.005,0.005,1,1
aligned,435,0.005,0.005,1,1
aligned,436,0.005,0.005,1,1
aligned,437,0.005,0.005,1,1
aligned,438,0.005,0.005,1,1
aligned,439,0.005,0.005,1,1
aligned,440,0.005,0.005,1,1
aligned,441,0.005,0.005,1,1
aligned,442,0.005,0.005,1,1
aligned,443,0.005,0.005,1,1
aligned,444,0.005,0.005,1,1
aligned,445,0.005,0.005,1,1
aligned,446,0.005,0.005,1,1
aligned,447,0.005,0.005,1,1
aligned,448,0.005,0.005,1,1
aligned,449,0.005,0.005,1,1
aligned,450,0.005,0.005,1,1
aligned,451,0.005,0.005,1,1
aligned,452,0.005,0.005,1,1
aligned,453,0.005,0.005,1,1
aligned,454,0.005,0.005,1,1
aligned,455,0.005,0.005,1,1
aligned,456,0.005,0.005,1,1
aligned,457,0.005,0.005,1,1
aligned,458,0.005,0.005,1,1
aligned,459,0.005,0.005,1,1
aligned,460,0.005,0.005,1,1
aligned,461,0.005,0.005,1,1
aligned,462,0.005,0.005,1,1
aligned,463,0.005,0.005,1,1
aligned,464,0.005,0.005,1,1
aligned,465,0.005,0.005,1,1
aligned,466,0.005,0.005,1,1
aligned,467,0.005,0.005,1,1
aligned,468,0.005,0.005,1,1
aligned,469,0.005,0.005,1,1
aligned,470,0.005,0.005,1,1
aligned,471,0.005,0.005,1,1
aligned,472,0.005,0.005,1,1
aligned,473,0.005,0.005,1,1
aligned,474,0.005,0.005,1,1
aligned,475,0.005,0.005,1,1
aligned,476,0.005,0.005,1,1
aligned,477,0.005,0.005,1,1
aligned,478,0.005,0.005,1,1
aligned,479,0.005,0.005,1,1
aligned,480,0.005,0.005,1,1
aligned,481,0.005,0.005,1,1
aligned,482,0.005,0.005,1,1
aligned,483,0.005,0.005,1,1
aligned,484,0.005,0.005,1,1
aligned,485,0.005,0.005,1,1
aligned,486,0.005,0.005,1,1
aligned,487,0.005,0.005,1,1
aligned,488,0.005,0.005,1,1
aligned,489,0.005,0.005,1,1
aligned,490,0.005,0.005,1,1
aligned,491,0.005,0.005,1,1
aligned,492,0.005,0.005,1,1
aligned,493,0.005,0.005,1,1
aligned,494,0.005,0.005,1,1
aligned,495,0.005,0.005,1,1
aligned,496,0.005,0.005,1,1
aligned,497,0.005,0.005,1,1
aligned,498,0.005,0.005,1,1
aligned,499,0.005,0.005,1,1
aligned,500,0.005,0.005,1,1
aligned,501,0.005,0.005,1,1
aligned,502,0.005,0.005,1,1
aligned,503,0.005,0.005,1,1
aligned,504,0.005,0.005,1,1
aligned,505,0.005,0.005,1,1
aligned,506,0.005,0.005,1,1
aligned,507,0.005,0.005,1,1
aligned,508,0.005,0.005,1,1
aligned,509,0.005,0.005,1,1
aligned,510,0.005,0.005,1,1
aligned,511,0.005,0.005,1,1
aligned,512,0.005,0.005,1,1
aligned,513,0.005,0.005,1,1
aligned,514,0.005,0.005,1,1
aligned,515,0.005,0.005,1,1
aligned,516,0.005,0.005,1,1
aligned,517,0.005,0.005,1,1
aligned,518,0.005,0.005,1,1
aligned,519,0.005,0.005,1,1
aligned,520,0.005,0.005,1,1
aligned,521,0.005,0.005,1,1
aligned,522,0.005,0.005,1,1
aligned,523,0.005,0.005,1,1
aligned,524,0.005,0.005,1,1
aligned,525,0.005,0.005,1,1
aligned,526,0.005,0.005,1,1
aligned,527,0.005,0.005,1,1
aligned,528,0.005,0.005,1,1
aligned,529,0.005,0.005,1,1
aligned,530,0.005,0.005,1,1
aligned,531,0.005,0.005,1,1
aligned,532,0.005,0.005,1,1
aligned,533,0.005,0.005,1,1
aligned,534,0.005,0.005,1,1
aligned,535,0.005,0.005,1,1
aligned,536,0.005,0.005,1,1
aligned,537,0.005,0.005,1,1
aligned,538,0.005,0.005,1,1
aligned,539,0.005,0.005,1,1
aligned,540,0.005,0.005,1,1
aligned,541,0.005,0.005,1,1
aligned,542,0.005,0.005,1,1
aligned,543,0.005,0.005,1,1
aligned,544,0.005,0.005,1,1
aligned,545,0.005,0.005,1,1
aligned,546,0.005,0.005,1,1
aligned,547,0.005,0.005,1,1
aligned,548,0.005,0.005,1,1
aligned,549,0.005,0.005,1,1
aligned,550,0.005,0.005,1,1
aligned,551,0.005,0.005,1,1
aligned,552,0.005,0.005,1,1
aligned,553,0.005,0.005,1,1
aligned,554,0.005,0.005,1,1
aligned,555,0.005,0.005,1,1
aligned,556,0.005,0.005,1,1
aligned,557,0.005,0.005,1,1
aligned,558,0.005,0.005,1,1
aligned,559,0.005,0.005,1,1
aligned,560,0.005,0.005,1,1
aligned,561,0.005,0.005,1,1
aligned,562,0.005,0.005,1,1
aligned,563,0.005,0.005,1,1
aligned,564,0.005,0.005,1,1
aligned,565,0.005,0.005,1,1
aligned,566,0.005,0.005,1,1
aligned,567,0.005,0.005,1,1
aligned,568,0.005,0.005,1,1
aligned,569,0.005,0.005,1,1
aligned,570,0.005,0.005,1,1
aligned,571,0.005,0.005,1,1
aligned,572,0.005,0.005,1,1
aligned,573,0.005,0.005,1,1
aligned,574,0.005,0.005,1,1
aligned,575,0.005,0.005,1,1
aligned,576,0.005,0.005,1,1
aligned,577,0.005,0.005,1,1
aligned,578,0.005,0.005,1,1
aligned,579,0.005,0.005,1,1
aligned,580,0.005,0.005,1,1
aligned,581,0.005,0.005,1,1
aligned,582,0.005,0.005,1,1
aligned,583,0.005,0.005,1,1
aligned,584,0.005,0.005,1,1
aligned,585,0.005,0.005,1,1
aligned,586,0.005,0.005,1,1
aligned,587,0.005,0.005,1,1
aligned,588,0.005,0.005,1,1
aligned,589,0.005,0.005,1,1
aligned,590,0.005,0.005,1,1
aligned,591,0.005,0.005,1,1
aligned,592,0.005,0.005,1,1
aligned,593,0.005,0.005,1,1
aligned,594,0.005,0.005,1,1
aligned,595,0.005,0.005,1,1
aligned,596,0.005,0.005,1,1
aligned,597,0.005,0.005,1,1
aligned,598,0.005,0.005,1,1
aligned,599,0.005,0.005,1,1
aligned,600,0.005,0.005,1,1
aligned,601,0.005,0.005,1,1
aligned,602,0.005,0.005,1,1
aligned,603,0.005,0.005,1,1
aligned,604,0.005,0.005,1,1
aligned,605,0.005,0.005,1,1
aligned,606,0.005,0.005,1,1
aligned,607,0.005,0.005,1,1
aligned,608,0.005,0.005,1,1
aligned,609,0.005,0.005,1,1
aligned,610,0.005,0.005,1,1
aligned,611,0.005,0.005,1,1
aligned,612,0.005,0.005,1,1
aligned,613,0.005,0.005,1,1
aligned,614,0.005,0.005,1,1
aligned,615,0.005,0.005,1,1
aligned,616,0.005,0.005,1,1
aligned,617,0.005,0.005,1,1
aligned,618,0.005,0.005,1,1
aligned,619,0.005,0.005,1,1
aligned,620,0.005,0.005,1,1
aligned,621,0.005,0.005,1,1
aligned,622,0.005,0.005,1,1
aligned,623,0.005,0.005,1,1
aligned,624,0.005,0.005,1,1
aligned,625,0.005,0.005,1,1
aligned,626,0.005,0.005,1,1
aligned,627,0.005,0.005,1,1
aligned,628,0.005,0.005,1,1
aligned,629,0.005,0.005,1,1
aligned,630,0.005,0.005,1,1
aligned,631,0.005,0.005,1,1
aligned,632,0.005,0.005,1,1
aligned,633,0.005,0.005,1,1
aligned,634,0.005,0.005,1,1
aligned,635,0.005,0.005,1,1
aligned,636,0.005,0.005,1,1
aligned,637,0.005,0.005,1,1
aligned,638,0.005,0.005,1,1
aligned,639,0.005,0.005,1,1
aligned,640,0.005,0.005,1,1
aligned,641,0.005,0.005,1,1
aligned,642,0.005,0.005,1,1
aligned,643,0.005,0.005,1,1
aligned,644,0.005,0.005,1,1
aligned,645,0.005,0.005,1,1
aligned,646,0.005,0.005,1,1
aligned,647,0.005,0.005,1,1
aligned,648,0.005,0.005,1,1
aligned,649,0.005,0.005,1,1
aligned,650,0.005,0.005,1,1
aligned,651,0.005,0.005,1,1
aligned,652,0.005,0.005,1,1
aligned,653,0.005,0.005,1,1
aligned,654,0.005,0.005,1,1
aligned,655,0.005,0.005,1,1
aligned,656,0.005,0.005,1,1
aligned,657,0.005,0.005,1,1
aligned,658,0.005,0.005,1,1
aligned,659,0.005,0.005,1,1
aligned,660,0.005,0.005,1,1
aligned,661,0.005,0.005,1,1
aligned,662,0.005,0.005,1,1
aligned,663,0.005,0.005,1,1
aligned,664,0.005,0.005,1,1
aligned,665,0.005,0.005,1,1
aligned,666,0.005,0.005,1,1
aligned,667,0.005,0.005,1,1
aligned,668,0.005,0.005,1,1
aligned,669,0.005,0.005,1,1
aligned,670,0.005,0.005,1,1
aligned,671,0.005,0.005,1,1
aligned,672,0.005,0.005,1,1
aligned,673,0.005,0.005,1,1
aligned,674,0.005,0.005,1,1
aligned,675,0.005,0.005,1,1
aligned,676,0.005,0.005,1,1
aligned,677,0.005,0.005,1,1
aligned,678,0.005,0.005,1,1
aligned,679,0.005,0.005,1,1
aligned,680,0.005,0.005,1,1
aligned,681,0.005,0.005,1,1
aligned,682,0.005,0.005,1,1
aligned,683,0.005,0.005,1,1
aligned,684,0.005,0.005,1,1
aligned,685,0.005,0.005,1,1
aligned,686,0.005,0.005,1,1
aligned,687,0.005,0.005,1,1
aligned,688,0.005,0.005,1,1
aligned,689,0.005,0.005,1,1
aligned,690,0.005,0.005,1,1
aligned,691,0.005,0.005,1,1
aligned,692,0.005,0.005,1,1
aligned,693,0.005,0.005,1,1
aligned,694,0.005,0.005,1,1
aligned,695,0.005,0.005,1,1
aligned,696,0.005,0.005,1,1
aligned,697,0.005,0.005,1,1
aligned,698,0.005,0.005,1,1
aligned,699,0.005,0.005,1,1
aligned,700,0.005,0.005,1,1
aligned,701,0.005,0.005,1,1
aligned,702,0.005,0.005,1,1
aligned,703,0.005,0.005,1,1
aligned,704,0.005,0.005,1,1
aligned,705,0.005,0.005,1,1
aligned,706,0.005,0.005,1,1
aligned,707,0.005,0.005,1,1
aligned,708,0.005,0.005,1,1
aligned,709,0.005,0.005,1,1
aligned,710,0.005,0.005,1,1
aligned,711,0.005,0.005,1,1
aligned,712,0.005,0.005,1,1
aligned,713,0.005,0.005,1,1
aligned,714,0.005,0.005,1,1
aligned,715,0.005,0.005,1,1
aligned,716,0.005,0.005,1,1
aligned,717,0.005,0.005,1,1
aligned,718,0.005,0.005,1,1
aligned,719,0.005,0.005,1,1
aligned,720,0.005,0.005,1,1
aligned,721,0.005,0.005,1,1
aligned,722,0.005,0.005,1,1
aligned,723,0.005,0.005,1,1
aligned,724,0.005,0.005,1,1
aligned,725,0.005,0.005,1,1
aligned,726,0.005,0.005,1,1
aligned,727,0.005,0.005,1,1
aligned,728,0.005,0.005,1,1
aligned,729,0.005,0.005,1,1
aligned,730,0.005,0.005,1,1
aligned,731,0.005,0.005,1,1
aligned,732,0.005,0.005,1,1
aligned,733,0.005,0.005,1,1
aligned,734,0.005,0.005,1,1
aligned,735,0.005,0.005,1,1
aligned,736,0.005,0.005,1,1
aligned,737,0.005,0.005,1,1
aligned,738,0.005,0.005,1,1
aligned,739,0.005,0.005,1,1
aligned,740,0.005,0.005,1,1
aligned,741,0.005,0.005,1,1
aligned,742,0.005,0.005,1,1
aligned,743,0.005,0.005,1,1
aligned,744,0.005,0.005,1,1
aligned,745,0.005,0.005,1,1
aligned,746,0.005,0.005,1,1
aligned,747,0.005,0.005,1,1
aligned,748,0.005,0.005,1,1
aligned,749,0.005,0.005,1,1
aligned,750,0.005,0.005,1,1
aligned,751,0.005,0.005,1,1
aligned,752,0.005,0.005,1,1
aligned,753,0.005,0.005,1,1
aligned,754,0.005,0.005,1,1
aligned,755,0.005,0.005,1,1
aligned,756,0.005,0.005,1,1
aligned,757,0.005,0.005,1,1
aligned,758,0.005,0.005,1,1
aligned,759,0.005,0.005,1,1
aligned,760,0.005,0.005,1,1
aligned,761,0.005,0.005,1,1
aligned,762,0.005,0.005,1,1
aligned,763,0.005,0.005,1,1
aligned,764,0.005,0.005,1,1
aligned,765,0.005,0.005,1,1
aligned,766,0.005,0.005,1,1
aligned,767,0.005,0.005,1,1
aligned,768,0.005,0.005,1,1
aligned,769,0.005,0.005,1,1
aligned,770,0.005,0.005,1,1
aligned,771,0.005,0.005,1,1
aligned,772,0.005,0.005,1,1
aligned,773,0.005,0.005,1,1
aligned,774,0.005,0.005,1,1
aligned,775,0.005,0.005,1,1
aligned,776,0.005,0.005,1,1
aligned,777,0.005,0.005,1,1
aligned,778,0.005,0.005,1,1
aligned,779,0.005,0.005,1,1
aligned,780,0.005,0.005,1,1
aligned,781,0.005,0.005,1,1
aligned,782,0.005,0.005,1,1
aligned,783,0.005,0.005,1,1
aligned,784,0.005,0.005,1,1
aligned,785,0.005,0.005,1,1
aligned,786,0.005,0.005,1,1
aligned,787,0.005,0.005,1,1
aligned,788,0.005,0.005,1,1
aligned,789,0.005,0.005,1,1
aligned,790,0.005,0.005,1,1
aligned,791,0.005,0.005,1,1
aligned,792,0.005,0.005,1,1
aligned,793,0.005,0.005,1,1
aligned,794,0.005,0.005,1,1
aligned,795,0.005,0.005,1,1
aligned,796,0.005,0.005,1,1
aligned,797,0.005,0.005,1,1
aligned,798,0.005,0.005,1,1
aligned,799,0.005,0.005,1,1
aligned,800,0.005,0.005,1,1
aligned,801,0.005,0.005,1,1
aligned,802,0.005,0.005,1,1
aligned,803,0.005,0.005,1,1
aligned,804,0.005,0.005,1,1
aligned,805,0.005,0.005,1,1
aligned,806,0.005,0.005,1,1
aligned,807,0.005,0.005,1,1
aligned,808,0.005,0.005,1,1
aligned,809,0.005,0.005,1,1
aligned,810,0.005,0.005,1,1
aligned,811,0.005,0.005,1,1
aligned,812,0.005,0.005,1,1
aligned,813,0.005,0.005,1,1
aligned,814,0.005,0.005,1,1
aligned,815,0.005,0.005,1,1
aligned,816,0.005,0.005,1,1
aligned,817,0.005,0.005,1,1
aligned,818,0.005,0.005,1,1
aligned,819,0.005,0.005,1,1
aligned,820,0.005,0.005,1,1
aligned,821,0.005,0.005,1,1
aligned,822,0.005,0.005,1,1
aligned,823,0.005,0.005,1,1
aligned,824,0.005,0.005,1,1
aligned,825,0.005,0.005,1,1
aligned,826,0.005,0.005,1,1
aligned,827,0.005,0.005,1,1
aligned,828,0.005,0.005,1,1
aligned,829,0.005,0.005,1,1
aligned,830,0.005,0.005,1,1
aligned,831,0.005,0.005,1,1
aligned,832,0.005,0.005,1,1
aligned,833,0.005,0.005,1,1
aligned,834,0.005,0.005,1,1
aligned,835,0.005,0.005,1,1
aligned,836,0.005,0.005,1,1
aligned,837,0.005,0.005,1,1
aligned,838,0.005,0.005,1,1
aligned,839,0.005,0.005,1,1
aligned,840,0.005,0.005,1,1
aligned,841,0.005,0.005,1,1
aligned,842,0.005,0.005,1,1
aligned,843,0.005,0.005,1,1
aligned,844,0.005,0.005,1,1
aligned,845,0.005,0.005,1,1
aligned,846,0.005,0.005,1,1
aligned,847,0.005,0.005,1,1
aligned,848,0.005,0.005,1,1
aligned,849,0.005,0.005,1,1
aligned,850,0.005,0.005,1,1
aligned,851,0.005,0.005,1,1
aligned,852,0.005,0.005,1,1
aligned,853,0.005,0.005,1,1
aligned,854,0.005,0.005,1,1
aligned,855,0.005,0.005,1,1
aligned,856,0.005,0.005,1,1
aligned,857,0.005,0.005,1,1
aligned,858,0.005,0.005,1,1
aligned,859,0.005,0.005,1,1
aligned,860,0.005,0.005,1,1
aligned,861,0.005,0.005,1,1
aligned,862,0.005,0.005,1,1
aligned,863,0.005,0.005,1,1
aligned,864,0.005,0.005,1,1
aligned,865,0.005,0.005,1,1
aligned,866,0.005,0.005,1,1
aligned,867,0.005,0.005,1,1
aligned,868,0.005,0.005,1,1
aligned,869,0.005,0.005,1,1
aligned,870,0.005,0.005,1,1
aligned,871,0.005,0.005,1,1
aligned,872,0.005,0.005,1,1
aligned,873,0.005,0.005,1,1
aligned,874,0.005,0.005,1,1
aligned,875,0.005,0.005,1,1
aligned,876,0.005,0.005,1,1
aligned,877,0.005,0.005,1,1
aligned,878,0.005,0.005,1,1
aligned,879,0.005,0.005,1,1
aligned,880,0.005,0.005,1,1
aligned,881,0.005,0.005,1,1
aligned,882,0.005,0.005,1,1
aligned,883,0.005,0.005,1,1
aligned,884,0.005,0.005,1,1
aligned,885,0.005,0.005,1,1
aligned,886,0.005,0.005,1,1
aligned,887,0.005,0.005,1,1
aligned,888,0.005,0.005,1,1
aligned,889,0.005,0.005,1,1
aligned,890,0.005,0.005,1,1
aligned,891,0.005,0.005,1,1
aligned,892,0.005,0.005,1,1
aligned,893,0.005,0.005,1,1
aligned,894,0.005,0.005,1,1
aligned,895,0.005,0.005,1,1
aligned,896,0.005,0.005,1,1
aligned,897,0.005,0.005,1,1
aligned,898,0.005,0.005,1,1
aligned,899,0.005,0.005,1,1
aligned,900,0.005,0.005,1,1
aligned,901,0.005,0.005,1,1
aligned,902,0.005,0.005,1,1
aligned,903,0.005,0.005,1,1
aligned,904,0.005,0.005,1,1
aligned,905,0.005,0.005,1,1
aligned,906,0.005,0.005,1,1
aligned,907,0.005,0.005,1,1
aligned,908,0.005,0.005,1,1
aligned,909,0.005,0.005,1,1
aligned,910,0.005,0.005,1,1
aligned,911,0.005,0.005,1,1
aligned,912,0.005,0.005,1,1
aligned,913,0.005,0.005,1,1
aligned,914,0.005,0.005,1,1
aligned,915,0.005,0.005,1,1
aligned,916,0.005,0.005,1,1
aligned,917,0.005,0.005,1,1
aligned,918,0.005,0.005,1,1
aligned,919,0.005,0.005,1,1
aligned,920,0.005,0.005,1,1
aligned,921,0.005,0.005,1,1
aligned,922,0.005,0.005,1,1
aligned,923,0.005,0.005,1,1
aligned,924,0.005,0.005,1,1
aligned,925,0.005,0.005,1,1
aligned,926,0.005,0.005,1,1
aligned,927,0.005,0.005,1,1
aligned,928,0.005,0.005,1,1
aligned,929,0.005,0.005,1,1
aligned,930,0.005,0.005,1,1
aligned,931,0.005,0.005,1,1
aligned,932,0.005,0.005,1,1
aligned,933,0.005,0.005,1,1
aligned,934,0.005,0.005,1,1
aligned,935,0.005,0.005,1,1
aligned,936,0.005,0.005,1,1
aligned,937,0.005,0.005,1,1
aligned,938,0.005,0.005,1,1
aligned,939,0.005,0.005,1,1
aligned,940,0.005,0.005,1,1
aligned,941,0.005,0.005,1,1
aligned,942,0.005,0.005,1,1
aligned,943,0.005,0.005,1,1
aligned,944,0.005,0.005,1,1
aligned,945,0.005,0.005,1,1
aligned,946,0.005,0.005,1,1
aligned,947,0.005,0.005,1,1
aligned,948,0.005,0.005,1,1
aligned,949,0.005,0.005,1,1
aligned,950,0.005,0.005,1,1
aligned,951,0.005,0.005,1,1
aligned,952,0.005,0.005,1,1
aligned,953,0.005,0.005,1,1
aligned,954,0.005,0.005,1,1
aligned,955,0.005,0.005,1,1
aligned,956,0.005,0.005,1,1
aligned,957,0.005,0.005,1,1
aligned,958,0.005,0.005,1,1
aligned,959,0.005,0.005,1,1
aligned,960,0.005,0.005,1,1
aligned,961,0.005,0.005,1,1
aligned,962,0.005,0.005,1,1
aligned,963,0.005,0.005,1,1
aligned,964,0.005,0.005,1,1
aligned,965,0.005,0.005,1,1
aligned,966,0.005,0.005,1,1
aligned,967,0.005,0.005,1,1
aligned,968,0.005,0.005,1,1
aligned,969,0.005,0.005,1,1
aligned,970,0.005,0.005,1,1
aligned,971,0.005,0.005,1,1
aligned,972,0.005,0.005,1,1
aligned,973,0.005,0.005,1,1
aligned,974,0.005,0.005,1,1
aligned,975,0.005,0.005,1,1
aligned,976,0.005,0.005,1,1
aligned,977,0.005,0.005,1,1
aligned,978,0.005,0.005,1,1
aligned,979,0.005,0.005,1,1
aligned,980,0.005,0.005,1,1
aligned,981,0.005,0.005,1,1
aligned,982,0.005,0.005,1,1
aligned,983,0.005,0.005,1,1
aligned,984,0.005,0.005,1,1
aligned,985,0.005,0.005,1,1
aligned,986,0.005,0.005,1,1
aligned,987,0.005,0.005,1,1
aligned,988,0.005,0.005,1,1
aligned,989,0.005,0.005,1,1
aligned,990,0.005,0.005,1,1
aligned,991,0.005,0.005,1,1
aligned,992,0.005,0.005,1,1
aligned,993,0.005,0.005,1,1
aligned,994,0.005,0.005,1,1
aligned,995,0.005,0.005,1,1
aligned,996,0.005,0.005,1,1
aligned,997,0.005,0.005,1,1
aligned,998,0.005,0.005,1,1
aligned,999,0.005,0.005,1,1
interaction,0,0.005,0.005,1,1
interaction,1,0.005,0.005,1,1
interaction,2,0.005,0.005,1,1
interaction,3,0.005,0.005,1,1
interaction,4,0.005,0.005,1,1
interaction,5,0.005,0.005,1,1
interaction,6,0.005,0.005,1,1
interaction,7,0.005,0.005,1,1
interaction,8,0.005,0.005,1,1
interaction,9,0.005,0.005,1,1
interaction,10,0.005,0.005,1,1
interaction,11,0.005,0.005,1,1
interaction,12,0.005,0.005,1,1
interaction,13,0.005,0.005,1,1
interaction,14,0.005,0.005,1,1
interaction,15,0.005,0.005,1,1
interaction,16,0.005,0.005,1,1
interaction,17,0.005,0.005,1,1
interaction,18,0.005,0.005,1,1
interaction,19,0.005,0.005,1,1
interaction,20,0.005,0.005,1,1
interaction,21,0.005,0.005,1,1
interaction,22,0.005,0.005,1,1
interaction,23,0.005,0.005,1,1
interaction,24,0.005,0.005,1,1
interaction,25,0.005,0.005,1,1
interaction,26,0.005,0.005,1,1
interaction,27,0.005,0.005,1,1
interaction,28,0.005,0.005,1,1
interaction,29,0.005,0.005,1,1
interaction,30,0.005,0.005,1,1
interaction,31,0.005,0.005,1,1
interaction,32,0.005,0.005,1,1
interaction,33,0.005,0.005,1,1
interaction,34,0.005,0.005,1,1
interaction,35,0.005,0.005,1,1
interaction,36,0.005,0.005,1,1
interaction,37,0.005,0.005,1,1
interaction,38,0.005,0.005,1,1
interaction,39,0.005,0.005,1,1
interaction,40,0.005,0.005,1,1
interaction,41,0.005,0.005,1,1
interaction,42,0.005,0.005,1,1
interaction,43,0.005,0.005,1,1
interaction,44,0.005,0.005,1,1
interaction,45,0.005,0.005,1,1
interaction,46,0.005,0.005,1,1
interaction,47,0.005,0.005,1,1
interaction,48,0.005,0.005,1,1
interaction,49,0.005,0.005,1,1
interaction,50,0.005,0.005,1,1
interaction,51,0.005,0.005,1,1
interaction,52,0.005,0.005,1,1
interaction,53,0.005,0.005,1,1
interaction,54,0.005,0.005,1,1
interaction,55,0.005,0.005,1,1
interaction,56,0.005,0.005,1,1
interaction,57,0.005,0.005,1,1
interaction,58,0.005,0.005,1,1
interaction,59,0.005,0.005,1,1
interaction,60,0.005,0.005,1,1
interaction,61,0.005,0.005,1,1
interaction,62,0.005,0.005,1,1
interaction,63,0.005,0.005,1,1
interaction,64,0.005,0.005,1,1
interaction,65,0.005,0.005,1,1
interaction,66,0.005,0.005,1,1
interaction,67,0.005,0.005,1,1
interaction,68,0.005,0.005,1,1
interaction,69,0.005,0.005,1,1
interaction,70,0.005,0.005,1,1
interaction,71,0.005,0.005,1,1
interaction,72,0.005,0.005,1,1
interaction,73,0.005,0.005,1,1
interaction,74,0.005,0.005,1,1
interaction,75,0.005,0.005,1,1
interaction,76,0.005,0.005,1,1
interaction,77,0.005,0.005,1,1
interaction,78,0.005,0.005,1,1
interaction,79,0.005,0.005,1,1
interaction,80,0.005,0.005,1,1
interaction,81,0.005,0.005,1,1
interaction,82,0.005,0.005,1,1
interaction,83,0.005,0.005,1,1
interaction,84,0.005,0.005,1,1
interaction,85,0.005,0.005,1,1
interaction,86,0.005,0.005,1,1
interaction,87,0.005,0.005,1,1
interaction,88,0.005,0.005,1,1
interaction,89,0.005,0.005,1,1
interaction,90,0.005,0.005,1,1
interaction,91,0.005,0.005,1,1
interaction,92,0.005,0.005,1,1
interaction,93,0.005,0.005,1,1
interaction,94,0.005,0.005,1,1
interaction,95,0.005,0.005,1,1
interaction,96,0.005,0.005,1,1
interaction,97,0.005,0.005,1,1
interaction,98,0.005,0.005,1,1
interaction,99,0.005,0.005,1,1
interaction,100,0.005,0.005,1,1
interaction,101,0.005,0.005,1,1
interaction,102,0.005,0.005,1,1
interaction,103,0.005,0.005,1,1
interaction,104,0.005,0.005,1,1
interaction,105,0.005,0.005,1,1
interaction,106,0.005,0.005,1,1
interaction,107,0.005,0.005,1,1
interaction,108,0.005,0.005,1,1
interaction,109,0.005,0.005,1,1
interaction,110,0.005,0.005,1,1
interaction,111,0.005,0.005,1,1
interaction,112,0.005,0.005,1,1
interaction,113,0.005,0.005,1,1
interaction,114,0.005,0.005,1,1
interaction,115,0.005,0.005,1,1
interaction,116,0.005,0.005,1,1
interaction,117,0.005,0.005,1,1
interaction,118,0.005,0.005,1,1
interaction,119,0.005,0.005,1,1
interaction,120,0.005,0.005,1,1
interaction,121,0.005,0.005,1,1
interaction,122,0.005,0.005,1,1
interaction,123,0.005,0.005,1,1
interaction,124,0.005,0.005,1,1
interaction,125,0.005,0.005,1,1
interaction,126,0.005,0.005,1,1
interaction,127,0.005,0.005,1,1
interaction,128,0.005,0.005,1,1
interaction,129,0.005,0.005,1,1
interaction,130,0.005,0.005,1,1
interaction,131,0.005,0.005,1,1
interaction,132,0.005,0.005,1,1
interaction,133,0.005,0.005,1,1
interaction,134,0.005,0.005,1,1
interaction,135,0.005,0.005,1,1
interaction,136,0.005,0.005,1,1
interaction,137,0.005,0.005,1,1
interaction,138,0.005,0.005,1,1
interaction,139,0.005,0.005,1,1
interaction,140,0.005,0.005,1,1
interaction,141,0.005,0.005,1,1
interaction,142,0.005,0.005,1,1
interaction,143,0.005,0.005,1,1
interaction,144,0.005,0.005,1,1
interaction,145,0.005,0.005,1,1
interaction,146,0.005,0.005,1,1
interaction,147,0.005,0.005,1,1
interaction,148,0.005,0.005,1,1
interaction,149,0.005,0.005,1,1
interaction,150,0.005,0.005,1,1
interaction,151,0.005,0.005,1,1
interaction,152,0.005,0.005,1,1
interaction,153,0.005,0.005,1,1
interaction,154,0.005,0.005,1,1
interaction,155,0.005,0.005,1,1
interaction,156,0.005,0.005,1,1
interaction,157,0.005,0.005,1,1
interaction,158,0.005,0.005,1,1
interaction,159,0.005,0.005,1,1
interaction,160,0.005,0.005,1,1
interaction,161,0.005,0.005,1,1
interaction,162,0.005,0.005,1,1
interaction,163,0.005,0.005,1,1
interaction,164,0.005,0.005,1,1
interaction,165,0.005,0.005,1,1
interaction,166,0.005,0.005,1,1
interaction,167,0.005,0.005,1,1
interaction,168,0.005,0.005,1,1
interaction,169,0.005,0.005,1,1
interaction,170,0.005,0.005,1,1
interaction,171,0.005,0.005,1,1
interaction,172,0.005,0.005,1,1
interaction,173,0.005,0.005,1,1
interaction,174,0.005,0.005,1,1
interaction,175,0.005,0.005,1,1
interaction,176,0.005,0.005,1,1
interaction,177,0.005,0.005,1,1
interaction,178,0.005,0.005,1,1
interaction,179,0.005,0.005,1,1
interaction,180,0.005,0.005,1,1
interaction,181,0.005,0.005,1,1
interaction,182,0.005,0.005,1,1
interaction,183,0.005,0.005,1,1
interaction,184,0.005,0.005,1,1
interaction,185,0.005,0.005,1,1
interaction,186,0.005,0.005,1,1
interaction,187,0.005,0.005,1,1
interaction,188,0.005,0.005,1,1
interaction,189,0.005,0.005,1,1
interaction,190,0.005,0.005,1,1
interaction,191,0.005,0.005,1,1
interaction,192,0.005,0.005,1,1
interaction,193,0.005,0.005,1,1
interaction,194,0.005,0.005,1,1
interaction,195,0.005,0.005,1,1
interaction,196,0.005,0.005,1,1
interaction,197,0.005,0.005,1,1
interaction,198,0.005,0.005,1,1
interaction,199,0.005,0.005,1,1
interaction,200,0.005,0.005,1,1
interaction,201,0.005,0.005,1,1
interaction,202,0.005,0.005,1,1
interaction,203,0.005,0.005,1,1
interaction,204,0.005,0.005,1,1
interaction,205,0.005,0.005,1,1
interaction,206,0.005,0.005,1,1
interaction,207,0.005,0.005,1,1
interaction,208,0.005,0.005,1,1
interaction,209,0.005,0.005,1,1
interaction,210,0.005,0.005,1,1
interaction,211,0.005,0.005,1,1
interaction,212,0.005,0.005,1,1
interaction,213,0.005,0.005,1,1
interaction,214,0.005,0.005,1,1
interaction,215,0.005,0.005,1,1
interaction,216,0.005,0.005,1,1
interaction,217,0.005,0.005,1,1
interaction,218,0.005,0.005,1,1
interaction,219,0.005,0.005,1,1
interaction,220,0.005,0.005,1,1
interaction,221,0.005,0.005,1,1
interaction,222,0.005,0.005,1,1
interaction,223,0.005,0.005,1,1
interaction,224,0.005,0.005,1,1
interaction,225,0.005,0.005,1,1
interaction,226,0.005,0.005,1,1
interaction,227,0.005,0.005,1,1
interaction,228,0.005,0.005,1,1
interaction,229,0.005,0.005,1,1
interaction,230,0.005,0.005,1,1
interaction,231,0.005,0.005,1,1
interaction,232,0.005,0.005,1,1
interaction,233,0.005,0.005,1,1
interaction,234,0.005,0.005,1,1
interaction,235,0.005,0.005,1,1
interaction,236,0.005,0.005,1,1
interaction,237,0.005,0.005,1,1
interaction,238,0.005,0.005,1,1
interaction,239,0.005,0.005,1,1
interaction,240,0.005,0.005,1,1
interaction,241,0.005,0.005,1,1
interaction,242,0.005,0.005,1,1
interaction,243,0.005,0.005,1,1
interaction,244,0.005,0.005,1,1
interaction,245,0.005,0.005,1,1
interaction,246,0.005,0.005,1,1
interaction,247,0.005,0.005,1,1
interaction,248,0.005,0.005,1,1
interaction,249,0.005,0.005,1,1
interaction,250,0.005,0.005,1,1
interaction,251,0.005,0.005,1,1
interaction,252,0.005,0.005,1,1
interaction,253,0.005,0.005,1,1
interaction,254,0.005,0.005,1,1
interaction,255,0.005,0.005,1,1
interaction,256,0.005,0.005,1,1
interaction,257,0.005,0.005,1,1
interaction,258,0.005,0.005,1,1
interaction,259,0.005,0.005,1,1
interaction,260,0.005,0.005,1,1
interaction,261,0.005,0.005,1,1
interaction,262,0.005,0.005,1,1
interaction,263,0.005,0.005,1,1
interaction,264,0.005,0.005,1,1
interaction,265,0.005,0.005,1,1
interaction,266,0.005,0.005,1,1
interaction,267,0.005,0.005,1,1
interaction,268,0.005,0.005,1,1
interaction,269,0.005,0.005,1,1
interaction,270,0.005,0.005,1,1
interaction,271,0.005,0.005,1,1
interaction,272,0.005,0.005,1,1
interaction,273,0.005,0.005,1,1
interaction,274,0.005,0.005,1,1
interaction,275,0.005,0.005,1,1
interaction,276,0.005,0.005,1,1
interaction,277,0.005,0.005,1,1
interaction,278,0.005,0.005,1,1
interaction,279,0.005,0.005,1,1
interaction,280,0.005,0.005,1,1
interaction,281,0.005,0.005,1,1
interaction,282,0.005,0.005,1,1
interaction,283,0.005,0.005,1,1
interaction,284,0.005,0.005,1,1
interaction,285,0.005,0.005,1,1
interaction,286,0.005,0.005,1,1
interaction,287,0.005,0.005,1,1
interaction,288,0.005,0.005,1,1
interaction,289,0.005,0.005,1,1
interaction,290,0.005,0.005,1,1
interaction,291,0.005,0.005,1,1
interaction,292,0.005,0.005,1,1
interaction,293,0.005,0.005,1,1
interaction,294,0.005,0.005,1,1
interaction,295,0.005,0.005,1,1
interaction,296,0.005,0.005,1,1
interaction,297,0.005,0.005,1,1
interaction,298,0.005,0.005,1,1
interaction,299,0.005,0.005,1,1
interaction,300,0.005,0.005,1,1
interaction,301,0.005,0.005,1,1
interaction,302,0.005,0.005,1,1
interaction,303,0.005,0.005,1,1
interaction,304,0.005,0.005,1,1
interaction,305,0.005,0.005,1,1
interaction,306,0.005,0.005,1,1
interaction,307,0.005,0.005,1,1
interaction,308,0.005,0.005,1,1
interaction,309,0.005,0.005,1,1
interaction,310,0.005,0.005,1,1
interaction,311,0.005,0.005,1,1
interaction,312,0.005,0.005,1,1
interaction,313,0.005,0.005,1,1
interaction,314,0.005,0.005,1,1
interaction,315,0.005,0.005,1,1
interaction,316,0.005,0.005,1,1
interaction,317,0.005,0.005,1,1
interaction,318,0.005,0.005,1,1
interaction,319,0.005,0.005,1,1
interaction,320,0.005,0.005,1,1
interaction,321,0.005,0.005,1,1
interaction,322,0.005,0.005,1,1
interaction,323,0.005,0.005,1,1
interaction,324,0.005,0.005,1,1
interaction,325,0.005,0.005,1,1
interaction,326,0.005,0.005,1,1
interaction,327,0.005,0.005,1,1
interaction,328,0.005,0.005,1,1
interaction,329,0.005,0.005,1,1
interaction,330,0.005,0.005,1,1
interaction,331,0.005,0.005,1,1
interaction,332,0.005,0.005,1,1
interaction,333,0.005,0.005,1,1
interaction,334,0.005,0.005,1,1
interaction,335,0.005,0.005,1,1
interaction,336,0.005,0.005,1,1
interaction,337,0.005,0.005,1,1
interaction,338,0.005,0.005,1,1
interaction,339,0.005,0.005,1,1
interaction,340,0.005,0.005,1,1
interaction,341,0.005,0.005,1,1
interaction,342,0.005,0.005,1,1
interaction,343,0.005,0.005,1,1
interaction,344,0.005,0.005,1,1
interaction,345,0.005,0.005,1,1
interaction,346,0.005,0.005,1,1
interaction,347,0.005,0.005,1,1
interaction,348,0.005,0.005,1,1
interaction,349,0.005,0.005,1,1
interaction,350,0.005,0.005,1,1
interaction,351,0.005,0.005,1,1
interaction,352,0.005,0.005,1,1
interaction,353,0.005,0.005,1,1
interaction,354,0.005,0.005,1,1
interaction,355,0.005,0.005,1,1
interaction,356,0.005,0.005,1,1
interaction,357,0.005,0.005,1,1
interaction,358,0.005,0.005,1,1
interaction,359,0.005,0.005,1,1
interaction,360,0.005,0.005,1,1
interaction,361,0.005,0.005,1,1
interaction,362,0.005,0.005,1,1
interaction,363,0.005,0.005,1,1
interaction,364,0.005,0.005,1,1
interaction,365,0.005,0.005,1,1
interaction,366,0.005,0.005,1,1
interaction,367,0.005,0.005,1,1
interaction,368,0.005,0.005,1,1
interaction,369,0.005,0.005,1,1
interaction,370,0.005,0.005,1,1
interaction,371,0.005,0.005,1,1
interaction,372,0.005,0.005,1,1
interaction,373,0.005,0.005,1,1
interaction,374,0.005,0.005,1,1
interaction,375,0.005,0.005,1,1
interaction,376,0.005,0.005,1,1
interaction,377,0.005,0.005,1,1
interaction,378,0.005,0.005,1,1
interaction,379,0.005,0.005,1,1
interaction,380,0.005,0.005,1,1
interaction,381,0.005,0.005,1,1
interaction,382,0.005,0.005,1,1
interaction,383,0.005,0.005,1,1
interaction,384,0.005,0.005,1,1
interaction,385,0.005,0.005,1,1
interaction,386,0.005,0.005,1,1
interaction,387,0.005,0.005,1,1
interaction,388,0.005,0.005,1,1
interaction,389,0.005,0.005,1,1
interaction,390,0.005,0.005,1,1
interaction,391,0.005,0.005,1,1
interaction,392,0.005,0.005,1,1
interaction,393,0.005,0.005,1,1
interaction,394,0.005,0.005,1,1
interaction,395,0.005,0.005,1,1
interaction,396,0.005,0.005,1,1
interaction,397,0.005,0.005,1,1
interaction,398,0.005,0.005,1,1
interaction,399,0.005,0.005,1,1
interaction,400,0.005,0.005,1,1
interaction,401,0.005,0.005,1,1
interaction,402,0.005,0.005,1,1
interaction,403,0.005,0.005,1,1
interaction,404,0.005,0.005,1,1
interaction,405,0.005,0.005,1,1
interaction,406,0.005,0.005,1,1
interaction,407,0.005,0.005,1,1
interaction,408,0.005,0.005,1,1
interaction,409,0.005,0.005,1,1
interaction,410,0.005,0.005,1,1
interaction,411,0.005,0.005,1,1
interaction,412,0.005,0.005,1,1
interaction,413,0.005,0.005,1,1
interaction,414,0.005,0.005,1,1
interaction,415,0.005,0.005,1,1
interaction,416,0.005,0.005,1,1
interaction,417,0.005,0.005,1,1
interaction,418,0.005,0.005,1,1
interaction,419,0.005,0.005,1,1
interaction,420,0.005,0.005,1,1
interaction,421,0.005,0.005,1,1
interaction,422,0.005,0.005,1,1
interaction,423,0.005,0.005,1,1
interaction,424,0.005,0.005,1,1
interaction,425,0.005,0.005,1,1
interaction,426,0.005,0.005,1,1
interaction,427,0.005,0.005,1,1
interaction,428,0.005,0.005,1,1
interaction,429,0.005,0.005,1,1
interaction,430,0.005,0.005,1,1
interaction,431,0.005,0.005,1,1
interaction,432,0.005,0.005,1,1
interaction,433,0.005,0.005,1,1
interaction,434,0.005,0.005,1,1
interaction,435,0.005,0.005,1,1
interaction,436,0.005,0.005,1,1
interaction,437,0.005,0.005,1,1
interaction,438,0.005,0.005,1,1
interaction,439,0.005,0.005,1,1
interaction,440,0.005,0.005,1,1
interaction,441,0.005,0.005,1,1
interaction,442,0.005,0.005,1,1
interaction,443,0.005,0.005,1,1
interaction,444,0.005,0.005,1,1
interaction,445,0.005,0.005,1,1
interaction,446,0.005,0.005,1,1
interaction,447,0.005,0.005,1,1
interaction,448,0.005,0.005,1,1
interaction,449,0.005,0.005,1,1
interaction,450,0.005,0.005,1,1
interaction,451,0.005,0.005,1,1
interaction,452,0.005,0.005,1,1
interaction,453,0.005,0.005,1,1
interaction,454,0.005,0.005,1,1
interaction,455,0.005,0.005,1,1
interaction,456,0.005,0.005,1,1
interaction,457,0.005,0.005,1,1
interaction,458,0.005,0.005,1,1
interaction,459,0.005,0.005,1,1
interaction,460,0.005,0.005,1,1
interaction,461,0.005,0.005,1,1
interaction,462,0.005,0.005,1,1
interaction,463,0.005,0.005,1,1
interaction,464,0.005,0.005,1,1
interaction,465,0.005,0.005,1,1
interaction,466,0.005,0.005,1,1
interaction,467,0.005,0.005,1,1
interaction,468,0.005,0.005,1,1
interaction,469,0.005,0.005,1,1
interaction,470,0.005,0.005,1,1
interaction,471,0.005,0.005,1,1
interaction,472,0.005,0.005,1,1
interaction,473,0.005,0.005,1,1
interaction,474,0.005,0.005,1,1
interaction,475,0.005,0.005,1,1
interaction,476,0.005,0.005,1,1
interaction,477,0.005,0.005,1,1
interaction,478,0.005,0.005,1,1
interaction,479,0.005,0.005,1,1
interaction,480,0.005,0.005,1,1
interaction,481,0.005,0.005,1,1
interaction,482,0.005,0.005,1,1
interaction,483,0.005,0.005,1,1
interaction,484,0.005,0.005,1,1
interaction,485,0.005,0.005,1,1
interaction,486,0.005,0.005,1,1
interaction,487,0.005,0.005,1,1
interaction,488,0.005,0.005,1,1
interaction,489,0.005,0.005,1,1
interaction,490,0.005,0.005,1,1
interaction,491,0.005,0.005,1,1
interaction,492,0.005,0.005,1,1
interaction,493,0.005,0.005,1,1
interaction,494,0.005,0.005,1,1
interaction,495,0.005,0.005,1,1
interaction,496,0.005,0.005,1,1
interaction,497,0.005,0.005,1,1
interaction,498,0.005,0.005,1,1
interaction,499,0.005,0.005,1,1
interaction,500,0.005,0.005,1,1
interaction,501,0.005,0.005,1,1
interaction,502,0.005,0.005,1,1
interaction,503,0.005,0.005,1,1
interaction,504,0.005,0.005,1,1
interaction,505,0.005,0.005,1,1
interaction,506,0.005,0.005,1,1
interaction,507,0.005,0.005,1,1
interaction,508,0.005,0.005,1,1
interaction,509,0.005,0.005,1,1
interaction,510,0.005,0.005,1,1
interaction,511,0.005,0.005,1,1
interaction,512,0.005,0.005,1,1
interaction,513,0.005,0.005,1,1
interaction,514,0.005,0.005,1,1
interaction,515,0.005,0.005,1,1
interaction,516,0.005,0.005,1,1
interaction,517,0.005,0.005,1,1
interaction,518,0.005,0.005,1,1
interaction,519,0.005,0.005,1,1
interaction,520,0.005,0.005,1,1
interaction,521,0.005,0.005,1,1
interaction,522,0.005,0.005,1,1
interaction,523,0.005,0.005,1,1
interaction,524,0.005,0.005,1,1
interaction,525,0.005,0.005,1,1
interaction,526,0.005,0.005,1,1
interaction,527,0.005,0.005,1,1
interaction,528,0.005,0.005,1,1
interaction,529,0.005,0.005,1,1
interaction,530,0.005,0.005,1,1
interaction,531,0.005,0.005,1,1
interaction,532,0.005,0.005,1,1
interaction,533,0.005,0.005,1,1
interaction,534,0.005,0.005,1,1
interaction,535,0.005,0.005,1,1
interaction,536,0.005,0.005,1,1
interaction,537,0.005,0.005,1,1
interaction,538,0.005,0.005,1,1
interaction,539,0.005,0.005,1,1
interaction,540,0.005,0.005,1,1
interaction,541,0.005,0.005,1,1
interaction,542,0.005,0.005,1,1
interaction,543,0.005,0.005,1,1
interaction,544,0.005,0.005,1,1
interaction,545,0.005,0.005,1,1
interaction,546,0.005,0.005,1,1
interaction,547,0.005,0.005,1,1
interaction,548,0.005,0.005,1,1
interaction,549,0.005,0.005,1,1
interaction,550,0.005,0.005,1,1
interaction,551,0.005,0.005,1,1
interaction,552,0.005,0.005,1,1
interaction,553,0.005,0.005,1,1
interaction,554,0.005,0.005,1,1
interaction,555,0.005,0.005,1,1
interaction,556,0.005,0.005,1,1
interaction,557,0.005,0.005,1,1
interaction,558,0.005,0.005,1,1
interaction,559,0.005,0.005,1,1
interaction,560,0.005,0.005,1,1
interaction,561,0.005,0.005,1,1
interaction,562,0.005,0.005,1,1
interaction,563,0.005,0.005,1,1
interaction,564,0.005,0.005,1,1
interaction,565,0.005,0.005,1,1
interaction,566,0.005,0.005,1,1
interaction,567,0.005,0.005,1,1
interaction,568,0.005,0.005,1,1
interaction,569,0.005,0.005,1,1
interaction,570,0.005,0.005,1,1
interaction,571,0.005,0.005,1,1
interaction,572,0.005,0.005,1,1
interaction,573,0.005,0.005,1,1
interaction,574,0.005,0.005,1,1
interaction,575,0.005,0.005,1,1
interaction,576,0.005,0.005,1,1
interaction,577,0.005,0.005,1,1
interaction,578,0.005,0.005,1,1
interaction,579,0.005,0.005,1,1
interaction,580,0.005,0.005,1,1
interaction,581,0.005,0.005,1,1
interaction,582,0.005,0.005,1,1
interaction,583,0.005,0.005,1,1
interaction,584,0.005,0.005,1,1
interaction,585,0.005,0.005,1,1
interaction,586,0.005,0.005,1,1
interaction,587,0.005,0.005,1,1
interaction,588,0.005,0.005,1,1
interaction,589,0.005,0.005,1,1
interaction,590,0.005,0.005,1,1
interaction,591,0.005,0.005,1,1
interaction,592,0.005,0.005,1,1
interaction,593,0.005,0.005,1,1
interaction,594,0.005,0.005,1,1
interaction,595,0.005,0.005,1,1
interaction,596,0.005,0.005,1,1
interaction,597,0.005,0.005,1,1
interaction,598,0.005,0.005,1,1
interaction,599,0.005,0.005,1,1
interaction,600,0.005,0.005,1,1
interaction,601,0.005,0.005,1,1
interaction,602,0.005,0.005,1,1
interaction,603,0.005,0.005,1,1
interaction,604,0.005,0.005,1,1
interaction,605,0.005,0.005,1,1
interaction,606,0.005,0.005,1,1
interaction,607,0.005,0.005,1,1
interaction,608,0.005,0.005,1,1
interaction,609,0.005,0.005,1,1
interaction,610,0.005,0.005,1,1
interaction,611,0.005,0.005,1,1
interaction,612,0.005,0.005,1,1
interaction,613,0.005,0.005,1,1
interaction,614,0.005,0.005,1,1
interaction,615,0.005,0.005,1,1
interaction,616,0.005,0.005,1,1
interaction,617,0.005,0.005,1,1
interaction,618,0.005,0.005,1,1
interaction,619,0.005,0.005,1,1
interaction,620,0.005,0.005,1,1
interaction,621,0.005,0.005,1,1
interaction,622,0.005,0.005,1,1
interaction,623,0.005,0.005,1,1
interaction,624,0.005,0.005,1,1
interaction,625,0.005,0.005,1,1
interaction,626,0.005,0.005,1,1
interaction,627,0.005,0.005,1,1
interaction,628,0.005,0.005,1,1
interaction,629,0.005,0.005,1,1
interaction,630,0.005,0.005,1,1
interaction,631,0.005,0.005,1,1
interaction,632,0.005,0.005,1,1
interaction,633,0.005,0.005,1,1
interaction,634,0.005,0.005,1,1
interaction,635,0.005,0.005,1,1
interaction,636,0.005,0.005,1,1
interaction,637,0.005,0.005,1,1
interaction,638,0.005,0.005,1,1
interaction,639,0.005,0.005,1,1
interaction,640,0.005,0.005,1,1
interaction,641,0.005,0.005,1,1
interaction,642,0.005,0.005,1,1
interaction,643,0.005,0.005,1,1
interaction,644,0.005,0.005,1,1
interaction,645,0.005,0.005,1,1
interaction,646,0.005,0.005,1,1
interaction,647,0.005,0.005,1,1
interaction,648,0.005,0.005,1,1
interaction,649,0.005,0.005,1,1
interaction,650,0.005,0.005,1,1
interaction,651,0.005,0.005,1,1
interaction,652,0.005,0.005,1,1
interaction,653,0.005,0.005,1,1
interaction,654,0.005,0.005,1,1
interaction,655,0.005,0.005,1,1
interaction,656,0.005,0.005,1,1
interaction,657,0.005,0.005,1,1
interaction,658,0.005,0.005,1,1
interaction,659,0.005,0.005,1,1
interaction,660,0.005,0.005,1,1
interaction,661,0.005,0.005,1,1
interaction,662,0.005,0.005,1,1
interaction,663,0.005,0.005,1,1
interaction,664,0.005,0.005,1,1
interaction,665,0.005,0.005,1,1
interaction,666,0.005,0.005,1,1
interaction,667,0.005,0.005,1,1
interaction,668,0.005,0.005,1,1
interaction,669,0.005,0.005,1,1
interaction,670,0.005,0.005,1,1
interaction,671,0.005,0.005,1,1
interaction,672,0.005,0.005,1,1
interaction,673,0.005,0.005,1,1
interaction,674,0.005,0.005,1,1
interaction,675,0.005,0.005,1,1
interaction,676,0.005,0.005,1,1
interaction,677,0.005,0.005,1,1
interaction,678,0.005,0.005,1,1
interaction,679,0.005,0.005,1,1
interaction,680,0.005,0.005,1,1
interaction,681,0.005,0.005,1,1
interaction,682,0.005,0.005,1,1
interaction,683,0.005,0.005,1,1
interaction,684,0.005,0.005,1,1
interaction,685,0.005,0.005,1,1
interaction,686,0.005,0.005,1,1
interaction,687,0.005,0.005,1,1
interaction,688,0.005,0.005,1,1
interaction,689,0.005,0.005,1,1
interaction,690,0.005,0.005,1,1
interaction,691,0.005,0.005,1,1
interaction,692,0.005,0.005,1,1
interaction,693,0.005,0.005,1,1
interaction,694,0.005,0.005,1,1
interaction,695,0.005,0.005,1,1
interaction,696,0.005,0.005,1,1
interaction,697,0.005,0.005,1,1
interaction,698,0.005,0.005,1,1
interaction,699,0.005,0.005,1,1
interaction,700,0.005,0.005,1,1
interaction,701,0.005,0.005,1,1
interaction,702,0.005,0.005,1,1
interaction,703,0.005,0.005,1,1
interaction,704,0.005,0.005,1,1
interaction,705,0.005,0.005,1,1
interaction,706,0.005,0.005,1,1
interaction,707,0.005,0.005,1,1
interaction,708,0.005,0.005,1,1
interaction,709,0.005,0.005,1,1
interaction,710,0.005,0.005,1,1
interaction,711,0.005,0.005,1,1
interaction,712,0.005,0.005,1,1
interaction,713,0.005,0.005,1,1
interaction,714,0.005,0.005,1,1
interaction,715,0.005,0.005,1,1
interaction,716,0.005,0.005,1,1
interaction,717,0.005,0.005,1,1
interaction,718,0.005,0.005,1,1
interaction,719,0.005,0.005,1,1
interaction,720,0.005,0.005,1,1
interaction,721,0.005,0.005,1,1
interaction,722,0.005,0.005,1,1
interaction,723,0.005,0.005,1,1
interaction,724,0.005,0.005,1,1
interaction,725,0.005,0.005,1,1
interaction,726,0.005,0.005,1,1
interaction,727,0.005,0.005,1,1
interaction,728,0.005,0.005,1,1
interaction,729,0.005,0.005,1,1
interaction,730,0.005,0.005,1,1
interaction,731,0.005,0.005,1,1
interaction,732,0.005,0.005,1,1
interaction,733,0.005,0.005,1,1
interaction,734,0.005,0.005,1,1
interaction,735,0.005,0.005,1,1
interaction,736,0.005,0.005,1,1
interaction,737,0.005,0.005,1,1
interaction,738,0.005,0.005,1,1
interaction,739,0.005,0.005,1,1
interaction,740,0.005,0.005,1,1
interaction,741,0.005,0.005,1,1
interaction,742,0.005,0.005,1,1
interaction,743,0.005,0.005,1,1
interaction,744,0.005,0.005,1,1
interaction,745,0.005,0.005,1,1
interaction,746,0.005,0.005,1,1
interaction,747,0.005,0.005,1,1
interaction,748,0.005,0.005,1,1
interaction,749,0.005,0.005,1,1
interaction,750,0.005,0.005,1,1
interaction,751,0.005,0.005,1,1
interaction,752,0.005,0.005,1,1
interaction,753,0.005,0.005,1,1
interaction,754,0.005,0.005,1,1
interaction,755,0.005,0.005,1,1
interaction,756,0.005,0.005,1,1
interaction,757,0.005,0.005,1,1
interaction,758,0.005,0.005,1,1
interaction,759,0.005,0.005,1,1
interaction,760,0.005,0.005,1,1
interaction,761,0.005,0.005,1,1
interaction,762,0.005,0.005,1,1
interaction,763,0.005,0.005,1,1
interaction,764,0.005,0.005,1,1
interaction,765,0.005,0.005,1,1
interaction,766,0.005,0.005,1,1
interaction,767,0.005,0.005,1,1
interaction,768,0.005,0.005,1,1
interaction,769,0.005,0.005,1,1
interaction,770,0.005,0.005,1,1
interaction,771,0.005,0.005,1,1
interaction,772,0.005,0.005,1,1
interaction,773,0.005,0.005,1,1
interaction,774,0.005,0.005,1,1
interaction,775,0.005,0.005,1,1
interaction,776,0.005,0.005,1,1
interaction,777,0.005,0.005,1,1
interaction,778,0.005,0.005,1,1
interaction,779,0.005,0.005,1,1
interaction,780,0.005,0.005,1,1
interaction,781,0.005,0.005,1,1
interaction,782,0.005,0.005,1,1
interaction,783,0.005,0.005,1,1
interaction,784,0.005,0.005,1,1
interaction,785,0.005,0.005,1,1
interaction,786,0.005,0.005,1,1
interaction,787,0.005,0.005,1,1
interaction,788,0.005,0.005,1,1
interaction,789,0.005,0.005,1,1
interaction,790,0.005,0.005,1,1
interaction,791,0.005,0.005,1,1
interaction,792,0.005,0.005,1,1
interaction,793,0.005,0.005,1,1
interaction,794,0.005,0.005,1,1
interaction,795,0.005,0.005,1,1
interaction,796,0.005,0.005,1,1
interaction,797,0.005,0.005,1,1
interaction,798,0.005,0.005,1,1
interaction,799,0.005,0.005,1,1
interaction,800,0.005,0.005,1,1
interaction,801,0.005,0.005,1,1
interaction,802,0.005,0.005,1,1
interaction,803,0.005,0.005,1,1
interaction,804,0.005,0.005,1,1
interaction,805,0.005,0.005,1,1
interaction,806,0.005,0.005,1,1
interaction,807,0.005,0.005,1,1
interaction,808,0.005,0.005,1,1
interaction,809,0.005,0.005,1,1
interaction,810,0.005,0.005,1,1
interaction,811,0.005,0.005,1,1
interaction,812,0.005,0.005,1,1
interaction,813,0.005,0.005,1,1
interaction,814,0.005,0.005,1,1
interaction,815,0.005,0.005,1,1
interaction,816,0.005,0.005,1,1
interaction,817,0.005,0.005,1,1
interaction,818,0.005,0.005,1,1
interaction,819,0.005,0.005,1,1
interaction,820,0.005,0.005,1,1
interaction,821,0.005,0.005,1,1
interaction,822,0.005,0.005,1,1
interaction,823,0.005,0.005,1,1
interaction,824,0.005,0.005,1,1
interaction,825,0.005,0.005,1,1
interaction,826,0.005,0.005,1,1
interaction,827,0.005,0.005,1,1
interaction,828,0.005,0.005,1,1
interaction,829,0.005,0.005,1,1
interaction,830,0.005,0.005,1,1
interaction,831,0.005,0.005,1,1
interaction,832,0.005,0.005,1,1
interaction,833,0.005,0.005,1,1
interaction,834,0.005,0.005,1,1
interaction,835,0.005,0.005,1,1
interaction,836,0.005,0.005,1,1
interaction,837,0.005,0.005,1,1
interaction,838,0.005,0.005,1,1
interaction,839,0.005,0.005,1,1
interaction,840,0.005,0.005,1,1
interaction,841,0.005,0.005,1,1
interaction,842,0.005,0.005,1,1
interaction,843,0.005,0.005,1,1
interaction,844,0.005,0.005,1,1
interaction,845,0.005,0.005,1,1
interaction,846,0.005,0.005,1,1
interaction,847,0.005,0.005,1,1
interaction,848,0.005,0.005,1,1
interaction,849,0.005,0.005,1,1
interaction,850,0.005,0.005,1,1
interaction,851,0.005,0.005,1,1
interaction,852,0.005,0.005,1,1
interaction,853,0.005,0.005,1,1
interaction,854,0.005,0.005,1,1
interaction,855,0.005,0.005,1,1
interaction,856,0.005,0.005,1,1
interaction,857,0.005,0.005,1,1
interaction,858,0.005,0.005,1,1
interaction,859,0.005,0.005,1,1
interaction,860,0.005,0.005,1,1
interaction,861,0.005,0.005,1,1
interaction,862,0.005,0.005,1,1
interaction,863,0.005,0.005,1,1
interaction,864,0.005,0.005,1,1
interaction,865,0.005,0.005,1,1
interaction,866,0.005,0.005,1,1
interaction,867,0.005,0.005,1,1
interaction,868,0.005,0.005,1,1
interaction,869,0.005,0.005,1,1
interaction,870,0.005,0.005,1,1
interaction,871,0.005,0.005,1,1
interaction,872,0.005,0.005,1,1
interaction,873,0.005,0.005,1,1
interaction,874,0.005,0.005,1,1
interaction,875,0.005,0.005,1,1
interaction,876,0.005,0.005,1,1
interaction,877,0.005,0.005,1,1
interaction,878,0.005,0.005,1,1
interaction,879,0.005,0.005,1,1
interaction,880,0.005,0.005,1,1
interaction,881,0.005,0.005,1,1
interaction,882,0.005,0.005,1,1
interaction,883,0.005,0.005,1,1
interaction,884,0.005,0.005,1,1
interaction,885,0.005,0.005,1,1
interaction,886,0.005,0.005,1,1
interaction,887,0.005,0.005,1,1
interaction,888,0.005,0.005,1,1
interaction,889,0.005,0.005,1,1
interaction,890,0.005,0.005,1,1
interaction,891,0.005,0.005,1,1
interaction,892,0.005,0.005,1,1
interaction,893,0.005,0.005,1,1
interaction,894,0.005,0.005,1,1
interaction,895,0.005,0.005,1,1
interaction,896,0.005,0.005,1,1
interaction,897,0.005,0.005,1,1
interaction,898,0.005,0.005,1,1
interaction,899,0.005,0.005,1,1
interaction,900,0.005,0.005,1,1
interaction,901,0.005,0.005,1,1
interaction,902,0.005,0.005,1,1
interaction,903,0.005,0.005,1,1
interaction,904,0.005,0.005,1,1
interaction,905,0.005,0.005,1,1
interaction,906,0.005,0.005,1,1
interaction,907,0.005,0.005,1,1
interaction,908,0.005,0.005,1,1
interaction,909,0.005,0.005,1,1
interaction,910,0.005,0.005,1,1
interaction,911,0.005,0.005,1,1
interaction,912,0.005,0.005,1,1
interaction,913,0.005,0.005,1,1
interaction,914,0.005,0.005,1,1
interaction,915,0.005,0.005,1,1
interaction,916,0.005,0.005,1,1
interaction,917,0.005,0.005,1,1
interaction,918,0.005,0.005,1,1
interaction,919,0.005,0.005,1,1
interaction,920,0.005,0.005,1,1
interaction,921,0.005,0.005,1,1
interaction,922,0.005,0.005,1,1
interaction,923,0.005,0.005,1,1
interaction,924,0.005,0.005,1,1
interaction,925,0.005,0.005,1,1
interaction,926,0.005,0.005,1,1
interaction,927,0.005,0.005,1,1
interaction,928,0.005,0.005,1,1
interaction,929,0.005,0.005,1,1
interaction,930,0.005,0.005,1,1
interaction,931,0.005,0.005,1,1
interaction,932,0.005,0.005,1,1
interaction,933,0.005,0.005,1,1
interaction,934,0.005,0.005,1,1
interaction,935,0.005,0.005,1,1
interaction,936,0.005,0.005,1,1
interaction,937,0.005,0.005,1,1
interaction,938,0.005,0.005,1,1
interaction,939,0.005,0.005,1,1
interaction,940,0.005,0.005,1,1
interaction,941,0.005,0.005,1,1
interaction,942,0.005,0.005,1,1
interaction,943,0.005,0.005,1,1
interaction,944,0.005,0.005,1,1
interaction,945,0.005,0.005,1,1
interaction,946,0.005,0.005,1,1
interaction,947,0.005,0.005,1,1
interaction,948,0.005,0.005,1,1
interaction,949,0.005,0.005,1,1
interaction,950,0.005,0.005,1,1
interaction,951,0.005,0.005,1,1
interaction,952,0.005,0.005,1,1
interaction,953,0.005,0.005,1,1
interaction,954,0.005,0.005,1,1
interaction,955,0.005,0.005,1,1
interaction,956,0.005,0.005,1,1
interaction,957,0.005,0.005,1,1
interaction,958,0.005,0.005,1,1
interaction,959,0.005,0.005,1,1
interaction,960,0.005,0.005,1,1
interaction,961,0.005,0.005,1,1
interaction,962,0.005,0.005,1,1
interaction,963,0.005,0.005,1,1
interaction,964,0.005,0.005,1,1
interaction,965,0.005,0.005,1,1
interaction,966,0.005,0.005,1,1
interaction,967,0.005,0.005,1,1
interaction,968,0.005,0.005,1,1
interaction,969,0.005,0.005,1,1
interaction,970,0.005,0.005,1,1
interaction,971,0.005,0.005,1,1
interaction,972,0.005,0.005,1,1
interaction,973,0.005,0.005,1,1
interaction,974,0.005,0.005,1,1
interaction,975,0.005,0.005,1,1
interaction,976,0.005,0.005,1,1
interaction,977,0.005,0.005,1,1
interaction,978,0.005,0.005,1,1
interaction,979,0.005,0.005,1,1
interaction,980,0.005,0.005,1,1
interaction,981,0.005,0.005,1,1
interaction,982,0.005,0.005,1,1
interaction,983,0.005,0.005,1,1
interaction,984,0.005,0.005,1,1
interaction,985,0.005,0.005,1,1
interaction,986,0.005,0.005,1,1
interaction,987,0.005,0.005,1,1
interaction,988,0.005,0.005,1,1
interaction,989,0.005,0.005,1,1
interaction,990,0.005,0.005,1,1
interaction,991,0.005,0.005,1,1
interaction,992,0.005,0.005,1,1
interaction,993,0.005,0.005,1,1
interaction,994,0.005,0.005,1,1
interaction,995,0.005,0.005,1,1
interaction,996,0.005,0.005,1,1
interaction,997,0.005,0.005,1,1
interaction,998,0.005,0.005,1,1
interaction,999,0.005,0.005,1,1
hidden_quadratic,0,0.005,0.005,1,1
hidden_quadratic,1,0.005,0.005,1,1
hidden_quadratic,2,0.005,0.005,1,1
hidden_quadratic,3,0.005,0.005,1,1
hidden_quadratic,4,0.005,0.005,1,1
hidden_quadratic,5,0.005,0.005,1,1
hidden_quadratic,6,0.005,0.005,1,1
hidden_quadratic,7,0.005,0.005,1,1
hidden_quadratic,8,0.005,0.005,1,1
hidden_quadratic,9,0.005,0.005,1,1
hidden_quadratic,10,0.005,0.005,1,1
hidden_quadratic,11,0.005,0.005,1,1
hidden_quadratic,12,0.005,0.005,1,1
hidden_quadratic,13,0.005,0.005,1,1
hidden_quadratic,14,0.005,0.005,1,1
hidden_quadratic,15,0.005,0.005,1,1
hidden_quadratic,16,0.005,0.005,1,1
hidden_quadratic,17,0.005,0.005,1,1
hidden_quadratic,18,0.005,0.005,1,1
hidden_quadratic,19,0.005,0.005,1,1
hidden_quadratic,20,0.005,0.005,1,1
hidden_quadratic,21,0.005,0.005,1,1
hidden_quadratic,22,0.005,0.005,1,1
hidden_quadratic,23,0.005,0.005,1,1
hidden_quadratic,24,0.005,0.005,1,1
hidden_quadratic,25,0.005,0.005,1,1
hidden_quadratic,26,0.005,0.005,1,1
hidden_quadratic,27,0.005,0.005,1,1
hidden_quadratic,28,0.005,0.005,1,1
hidden_quadratic,29,0.005,0.005,1,1
hidden_quadratic,30,0.005,0.005,1,1
hidden_quadratic,31,0.005,0.005,1,1
hidden_quadratic,32,0.005,0.005,1,1
hidden_quadratic,33,0.005,0.005,1,1
hidden_quadratic,34,0.005,0.005,1,1
hidden_quadratic,35,0.005,0.005,1,1
hidden_quadratic,36,0.005,0.005,1,1
hidden_quadratic,37,0.005,0.005,1,1
hidden_quadratic,38,0.005,0.005,1,1
hidden_quadratic,39,0.005,0.005,1,1
hidden_quadratic,40,0.005,0.005,1,1
hidden_quadratic,41,0.005,0.005,1,1
hidden_quadratic,42,0.005,0.005,1,1
hidden_quadratic,43,0.005,0.005,1,1
hidden_quadratic,44,0.005,0.005,1,1
hidden_quadratic,45,0.005,0.005,1,1
hidden_quadratic,46,0.005,0.005,1,1
hidden_quadratic,47,0.005,0.005,1,1
hidden_quadratic,48,0.005,0.005,1,1
hidden_quadratic,49,0.005,0.005,1,1
hidden_quadratic,50,0.005,0.005,1,1
hidden_quadratic,51,0.005,0.005,1,1
hidden_quadratic,52,0.005,0.005,1,1
hidden_quadratic,53,0.005,0.005,1,1
hidden_quadratic,54,0.005,0.005,1,1
hidden_quadratic,55,0.005,0.005,1,1
hidden_quadratic,56,0.005,0.005,1,1
hidden_quadratic,57,0.005,0.005,1,1
hidden_quadratic,58,0.005,0.005,1,1
hidden_quadratic,59,0.005,0.005,1,1
hidden_quadratic,60,0.005,0.005,1,1
hidden_quadratic,61,0.005,0.005,1,1
hidden_quadratic,62,0.005,0.005,1,1
hidden_quadratic,63,0.005,0.005,1,1
hidden_quadratic,64,0.005,0.005,1,1
hidden_quadratic,65,0.005,0.005,1,1
hidden_quadratic,66,0.005,0.005,1,1
hidden_quadratic,67,0.005,0.005,1,1
hidden_quadratic,68,0.005,0.005,1,1
hidden_quadratic,69,0.005,0.005,1,1
hidden_quadratic,70,0.005,0.005,1,1
hidden_quadratic,71,0.005,0.005,1,1
hidden_quadratic,72,0.005,0.005,1,1
hidden_quadratic,73,0.005,0.005,1,1
hidden_quadratic,74,0.005,0.005,1,1
hidden_quadratic,75,0.005,0.005,1,1
hidden_quadratic,76,0.005,0.005,1,1
hidden_quadratic,77,0.005,0.005,1,1
hidden_quadratic,78,0.005,0.005,1,1
hidden_quadratic,79,0.005,0.005,1,1
hidden_quadratic,80,0.005,0.005,1,1
hidden_quadratic,81,0.005,0.005,1,1
hidden_quadratic,82,0.005,0.005,1,1
hidden_quadratic,83,0.005,0.005,1,1
hidden_quadratic,84,0.005,0.005,1,1
hidden_quadratic,85,0.005,0.005,1,1
hidden_quadratic,86,0.005,0.005,1,1
hidden_quadratic,87,0.005,0.005,1,1
hidden_quadratic,88,0.005,0.005,1,1
hidden_quadratic,89,0.005,0.005,1,1
hidden_quadratic,90,0.005,0.005,1,1
hidden_quadratic,91,0.005,0.005,1,1
hidden_quadratic,92,0.005,0.005,1,1
hidden_quadratic,93,0.005,0.005,1,1
hidden_quadratic,94,0.005,0.005,1,1
hidden_quadratic,95,0.005,0.005,1,1
hidden_quadratic,96,0.005,0.005,1,1
hidden_quadratic,97,0.005,0.005,1,1
hidden_quadratic,98,0.005,0.005,1,1
hidden_quadratic,99,0.005,0.005,1,1
hidden_quadratic,100,0.005,0.005,1,1
hidden_quadratic,101,0.005,0.005,1,1
hidden_quadratic,102,0.005,0.005,1,1
hidden_quadratic,103,0.005,0.005,1,1
hidden_quadratic,104,0.005,0.005,1,1
hidden_quadratic,105,0.005,0.005,1,1
hidden_quadratic,106,0.005,0.005,1,1
hidden_quadratic,107,0.005,0.005,1,1
hidden_quadratic,108,0.005,0.005,1,1
hidden_quadratic,109,0.005,0.005,1,1
hidden_quadratic,110,0.005,0.005,1,1
hidden_quadratic,111,0.005,0.005,1,1
hidden_quadratic,112,0.005,0.005,1,1
hidden_quadratic,113,0.005,0.005,1,1
hidden_quadratic,114,0.005,0.005,1,1
hidden_quadratic,115,0.005,0.005,1,1
hidden_quadratic,116,0.005,0.005,1,1
hidden_quadratic,117,0.005,0.005,1,1
hidden_quadratic,118,0.005,0.005,1,1
hidden_quadratic,119,0.005,0.005,1,1
hidden_quadratic,120,0.005,0.005,1,1
hidden_quadratic,121,0.005,0.005,1,1
hidden_quadratic,122,0.005,0.005,1,1
hidden_quadratic,123,0.005,0.005,1,1
hidden_quadratic,124,0.005,0.005,1,1
hidden_quadratic,125,0.005,0.005,1,1
hidden_quadratic,126,0.005,0.005,1,1
hidden_quadratic,127,0.005,0.005,1,1
hidden_quadratic,128,0.005,0.005,1,1
hidden_quadratic,129,0.005,0.005,1,1
hidden_quadratic,130,0.005,0.005,1,1
hidden_quadratic,131,0.005,0.005,1,1
hidden_quadratic,132,0.005,0.005,1,1
hidden_quadratic,133,0.005,0.005,1,1
hidden_quadratic,134,0.005,0.005,1,1
hidden_quadratic,135,0.005,0.005,1,1
hidden_quadratic,136,0.005,0.005,1,1
hidden_quadratic,137,0.005,0.005,1,1
hidden_quadratic,138,0.005,0.005,1,1
hidden_quadratic,139,0.005,0.005,1,1
hidden_quadratic,140,0.005,0.005,1,1
hidden_quadratic,141,0.005,0.005,1,1
hidden_quadratic,142,0.005,0.005,1,1
hidden_quadratic,143,0.005,0.005,1,1
hidden_quadratic,144,0.005,0.005,1,1
hidden_quadratic,145,0.005,0.005,1,1
hidden_quadratic,146,0.005,0.005,1,1
hidden_quadratic,147,0.005,0.005,1,1
hidden_quadratic,148,0.005,0.005,1,1
hidden_quadratic,149,0.005,0.005,1,1
hidden_quadratic,150,0.005,0.005,1,1
hidden_quadratic,151,0.005,0.005,1,1
hidden_quadratic,152,0.005,0.005,1,1
hidden_quadratic,153,0.005,0.005,1,1
hidden_quadratic,154,0.005,0.005,1,1
hidden_quadratic,155,0.005,0.005,1,1
hidden_quadratic,156,0.005,0.005,1,1
hidden_quadratic,157,0.005,0.005,1,1
hidden_quadratic,158,0.005,0.005,1,1
hidden_quadratic,159,0.005,0.005,1,1
hidden_quadratic,160,0.005,0.005,1,1
hidden_quadratic,161,0.005,0.005,1,1
hidden_quadratic,162,0.005,0.005,1,1
hidden_quadratic,163,0.005,0.005,1,1
hidden_quadratic,164,0.005,0.005,1,1
hidden_quadratic,165,0.005,0.005,1,1
hidden_quadratic,166,0.005,0.005,1,1
hidden_quadratic,167,0.005,0.005,1,1
hidden_quadratic,168,0.005,0.005,1,1
hidden_quadratic,169,0.005,0.005,1,1
hidden_quadratic,170,0.005,0.005,1,1
hidden_quadratic,171,0.005,0.005,1,1
hidden_quadratic,172,0.005,0.005,1,1
hidden_quadratic,173,0.005,0.005,1,1
hidden_quadratic,174,0.005,0.005,1,1
hidden_quadratic,175,0.005,0.005,1,1
hidden_quadratic,176,0.005,0.005,1,1
hidden_quadratic,177,0.005,0.005,1,1
hidden_quadratic,178,0.005,0.005,1,1
hidden_quadratic,179,0.005,0.005,1,1
hidden_quadratic,180,0.005,0.005,1,1
hidden_quadratic,181,0.005,0.005,1,1
hidden_quadratic,182,0.005,0.005,1,1
hidden_quadratic,183,0.005,0.005,1,1
hidden_quadratic,184,0.005,0.005,1,1
hidden_quadratic,185,0.005,0.005,1,1
hidden_quadratic,186,0.005,0.005,1,1
hidden_quadratic,187,0.005,0.005,1,1
hidden_quadratic,188,0.005,0.005,1,1
hidden_quadratic,189,0.005,0.005,1,1
hidden_quadratic,190,0.005,0.005,1,1
hidden_quadratic,191,0.005,0.005,1,1
hidden_quadratic,192,0.005,0.005,1,1
hidden_quadratic,193,0.005,0.005,1,1
hidden_quadratic,194,0.005,0.005,1,1
hidden_quadratic,195,0.005,0.005,1,1
hidden_quadratic,196,0.005,0.005,1,1
hidden_quadratic,197,0.005,0.005,1,1
hidden_quadratic,198,0.005,0.005,1,1
hidden_quadratic,199,0.005,0.005,1,1
hidden_quadratic,200,0.005,0.005,1,1
hidden_quadratic,201,0.005,0.005,1,1
hidden_quadratic,202,0.005,0.005,1,1
hidden_quadratic,203,0.005,0.005,1,1
hidden_quadratic,204,0.005,0.005,1,1
hidden_quadratic,205,0.005,0.005,1,1
hidden_quadratic,206,0.005,0.005,1,1
hidden_quadratic,207,0.005,0.005,1,1
hidden_quadratic,208,0.005,0.005,1,1
hidden_quadratic,209,0.005,0.005,1,1
hidden_quadratic,210,0.005,0.005,1,1
hidden_quadratic,211,0.005,0.005,1,1
hidden_quadratic,212,0.005,0.005,1,1
hidden_quadratic,213,0.005,0.005,1,1
hidden_quadratic,214,0.005,0.005,1,1
hidden_quadratic,215,0.005,0.005,1,1
hidden_quadratic,216,0.005,0.005,1,1
hidden_quadratic,217,0.005,0.005,1,1
hidden_quadratic,218,0.005,0.005,1,1
hidden_quadratic,219,0.005,0.005,1,1
hidden_quadratic,220,0.005,0.005,1,1
hidden_quadratic,221,0.005,0.005,1,1
hidden_quadratic,222,0.005,0.005,1,1
hidden_quadratic,223,0.005,0.005,1,1
hidden_quadratic,224,0.005,0.005,1,1
hidden_quadratic,225,0.005,0.005,1,1
hidden_quadratic,226,0.005,0.005,1,1
hidden_quadratic,227,0.005,0.005,1,1
hidden_quadratic,228,0.005,0.005,1,1
hidden_quadratic,229,0.005,0.005,1,1
hidden_quadratic,230,0.005,0.005,1,1
hidden_quadratic,231,0.005,0.005,1,1
hidden_quadratic,232,0.005,0.005,1,1
hidden_quadratic,233,0.005,0.005,1,1
hidden_quadratic,234,0.005,0.005,1,1
hidden_quadratic,235,0.005,0.005,1,1
hidden_quadratic,236,0.005,0.005,1,1
hidden_quadratic,237,0.005,0.005,1,1
hidden_quadratic,238,0.005,0.005,1,1
hidden_quadratic,239,0.005,0.005,1,1
hidden_quadratic,240,0.005,0.005,1,1
hidden_quadratic,241,0.005,0.005,1,1
hidden_quadratic,242,0.005,0.005,1,1
hidden_quadratic,243,0.005,0.005,1,1
hidden_quadratic,244,0.005,0.005,1,1
hidden_quadratic,245,0.005,0.005,1,1
hidden_quadratic,246,0.005,0.005,1,1
hidden_quadratic,247,0.005,0.005,1,1
hidden_quadratic,248,0.005,0.005,1,1
hidden_quadratic,249,0.005,0.005,1,1
hidden_quadratic,250,0.005,0.005,1,1
hidden_quadratic,251,0.005,0.005,1,1
hidden_quadratic,252,0.005,0.005,1,1
hidden_quadratic,253,0.005,0.005,1,1
hidden_quadratic,254,0.005,0.005,1,1
hidden_quadratic,255,0.005,0.005,1,1
hidden_quadratic,256,0.005,0.005,1,1
hidden_quadratic,257,0.005,0.005,1,1
hidden_quadratic,258,0.005,0.005,1,1
hidden_quadratic,259,0.005,0.005,1,1
hidden_quadratic,260,0.005,0.005,1,1
hidden_quadratic,261,0.005,0.005,1,1
hidden_quadratic,262,0.005,0.005,1,1
hidden_quadratic,263,0.005,0.005,1,1
hidden_quadratic,264,0.005,0.005,1,1
hidden_quadratic,265,0.005,0.005,1,1
hidden_quadratic,266,0.005,0.005,1,1
hidden_quadratic,267,0.005,0.005,1,1
hidden_quadratic,268,0.005,0.005,1,1
hidden_quadratic,269,0.005,0.005,1,1
hidden_quadratic,270,0.005,0.005,1,1
hidden_quadratic,271,0.005,0.005,1,1
hidden_quadratic,272,0.005,0.005,1,1
hidden_quadratic,273,0.005,0.005,1,1
hidden_quadratic,274,0.005,0.005,1,1
hidden_quadratic,275,0.005,0.005,1,1
hidden_quadratic,276,0.005,0.005,1,1
hidden_quadratic,277,0.005,0.005,1,1
hidden_quadratic,278,0.005,0.005,1,1
hidden_quadratic,279,0.005,0.005,1,1
hidden_quadratic,280,0.005,0.005,1,1
hidden_quadratic,281,0.005,0.005,1,1
hidden_quadratic,282,0.005,0.005,1,1
hidden_quadratic,283,0.005,0.005,1,1
hidden_quadratic,284,0.005,0.005,1,1
hidden_quadratic,285,0.005,0.005,1,1
hidden_quadratic,286,0.005,0.005,1,1
hidden_quadratic,287,0.005,0.005,1,1
hidden_quadratic,288,0.005,0.005,1,1
hidden_quadratic,289,0.005,0.005,1,1
hidden_quadratic,290,0.005,0.005,1,1
hidden_quadratic,291,0.005,0.005,1,1
hidden_quadratic,292,0.005,0.005,1,1
hidden_quadratic,293,0.005,0.005,1,1
hidden_quadratic,294,0.005,0.005,1,1
hidden_quadratic,295,0.005,0.005,1,1
hidden_quadratic,296,0.005,0.005,1,1
hidden_quadratic,297,0.005,0.005,1,1
hidden_quadratic,298,0.005,0.005,1,1
hidden_quadratic,299,0.005,0.005,1,1
hidden_quadratic,300,0.005,0.005,1,1
hidden_quadratic,301,0.005,0.005,1,1
hidden_quadratic,302,0.005,0.005,1,1
hidden_quadratic,303,0.005,0.005,1,1
hidden_quadratic,304,0.005,0.005,1,1
hidden_quadratic,305,0.005,0.005,1,1
hidden_quadratic,306,0.005,0.005,1,1
hidden_quadratic,307,0.005,0.005,1,1
hidden_quadratic,308,0.005,0.005,1,1
hidden_quadratic,309,0.005,0.005,1,1
hidden_quadratic,310,0.005,0.005,1,1
hidden_quadratic,311,0.005,0.005,1,1
hidden_quadratic,312,0.005,0.005,1,1
hidden_quadratic,313,0.005,0.005,1,1
hidden_quadratic,314,0.005,0.005,1,1
hidden_quadratic,315,0.005,0.005,1,1
hidden_quadratic,316,0.005,0.005,1,1
hidden_quadratic,317,0.005,0.005,1,1
hidden_quadratic,318,0.005,0.005,1,1
hidden_quadratic,319,0.005,0.005,1,1
hidden_quadratic,320,0.005,0.005,1,1
hidden_quadratic,321,0.005,0.005,1,1
hidden_quadratic,322,0.005,0.005,1,1
hidden_quadratic,323,0.005,0.005,1,1
hidden_quadratic,324,0.005,0.005,1,1
hidden_quadratic,325,0.005,0.005,1,1
hidden_quadratic,326,0.005,0.005,1,1
hidden_quadratic,327,0.005,0.005,1,1
hidden_quadratic,328,0.005,0.005,1,1
hidden_quadratic,329,0.005,0.005,1,1
hidden_quadratic,330,0.005,0.005,1,1
hidden_quadratic,331,0.005,0.005,1,1
hidden_quadratic,332,0.005,0.005,1,1
hidden_quadratic,333,0.005,0.005,1,1
hidden_quadratic,334,0.005,0.005,1,1
hidden_quadratic,335,0.005,0.005,1,1
hidden_quadratic,336,0.005,0.005,1,1
hidden_quadratic,337,0.005,0.005,1,1
hidden_quadratic,338,0.005,0.005,1,1
hidden_quadratic,339,0.005,0.005,1,1
hidden_quadratic,340,0.005,0.005,1,1
hidden_quadratic,341,0.005,0.005,1,1
hidden_quadratic,342,0.005,0.005,1,1
hidden_quadratic,343,0.005,0.005,1,1
hidden_quadratic,344,0.005,0.005,1,1
hidden_quadratic,345,0.005,0.005,1,1
hidden_quadratic,346,0.005,0.005,1,1
hidden_quadratic,347,0.005,0.005,1,1
hidden_quadratic,348,0.005,0.005,1,1
hidden_quadratic,349,0.005,0.005,1,1
hidden_quadratic,350,0.005,0.005,1,1
hidden_quadratic,351,0.005,0.005,1,1
hidden_quadratic,352,0.005,0.005,1,1
hidden_quadratic,353,0.005,0.005,1,1
hidden_quadratic,354,0.005,0.005,1,1
hidden_quadratic,355,0.005,0.005,1,1
hidden_quadratic,356,0.005,0.005,1,1
hidden_quadratic,357,0.005,0.005,1,1
hidden_quadratic,358,0.005,0.005,1,1
hidden_quadratic,359,0.005,0.005,1,1
hidden_quadratic,360,0.005,0.005,1,1
hidden_quadratic,361,0.005,0.005,1,1
hidden_quadratic,362,0.005,0.005,1,1
hidden_quadratic,363,0.005,0.005,1,1
hidden_quadratic,364,0.005,0.005,1,1
hidden_quadratic,365,0.005,0.005,1,1
hidden_quadratic,366,0.005,0.005,1,1
hidden_quadratic,367,0.005,0.005,1,1
hidden_quadratic,368,0.005,0.005,1,1
hidden_quadratic,369,0.005,0.005,1,1
hidden_quadratic,370,0.005,0.005,1,1
hidden_quadratic,371,0.005,0.005,1,1
hidden_quadratic,372,0.005,0.005,1,1
hidden_quadratic,373,0.005,0.005,1,1
hidden_quadratic,374,0.005,0.005,1,1
hidden_quadratic,375,0.005,0.005,1,1
hidden_quadratic,376,0.005,0.005,1,1
hidden_quadratic,377,0.005,0.005,1,1
hidden_quadratic,378,0.005,0.005,1,1
hidden_quadratic,379,0.005,0.005,1,1
hidden_quadratic,380,0.005,0.005,1,1
hidden_quadratic,381,0.005,0.005,1,1
hidden_quadratic,382,0.005,0.005,1,1
hidden_quadratic,383,0.005,0.005,1,1
hidden_quadratic,384,0.005,0.005,1,1
hidden_quadratic,385,0.005,0.005,1,1
hidden_quadratic,386,0.005,0.005,1,1
hidden_quadratic,387,0.005,0.005,1,1
hidden_quadratic,388,0.005,0.005,1,1
hidden_quadratic,389,0.005,0.005,1,1
hidden_quadratic,390,0.005,0.005,1,1
hidden_quadratic,391,0.005,0.005,1,1
hidden_quadratic,392,0.005,0.005,1,1
hidden_quadratic,393,0.005,0.005,1,1
hidden_quadratic,394,0.005,0.005,1,1
hidden_quadratic,395,0.005,0.005,1,1
hidden_quadratic,396,0.005,0.005,1,1
hidden_quadratic,397,0.005,0.005,1,1
hidden_quadratic,398,0.005,0.005,1,1
hidden_quadratic,399,0.005,0.005,1,1
hidden_quadratic,400,0.005,0.005,1,1
hidden_quadratic,401,0.005,0.005,1,1
hidden_quadratic,402,0.005,0.005,1,1
hidden_quadratic,403,0.005,0.005,1,1
hidden_quadratic,404,0.005,0.005,1,1
hidden_quadratic,405,0.005,0.005,1,1
hidden_quadratic,406,0.005,0.005,1,1
hidden_quadratic,407,0.005,0.005,1,1
hidden_quadratic,408,0.005,0.005,1,1
hidden_quadratic,409,0.005,0.005,1,1
hidden_quadratic,410,0.005,0.005,1,1
hidden_quadratic,411,0.005,0.005,1,1
hidden_quadratic,412,0.005,0.005,1,1
hidden_quadratic,413,0.005,0.005,1,1
hidden_quadratic,414,0.005,0.005,1,1
hidden_quadratic,415,0.005,0.005,1,1
hidden_quadratic,416,0.005,0.005,1,1
hidden_quadratic,417,0.005,0.005,1,1
hidden_quadratic,418,0.005,0.005,1,1
hidden_quadratic,419,0.005,0.005,1,1
hidden_quadratic,420,0.005,0.005,1,1
hidden_quadratic,421,0.005,0.005,1,1
hidden_quadratic,422,0.005,0.005,1,1
hidden_quadratic,423,0.005,0.005,1,1
hidden_quadratic,424,0.005,0.005,1,1
hidden_quadratic,425,0.005,0.005,1,1
hidden_quadratic,426,0.005,0.005,1,1
hidden_quadratic,427,0.005,0.005,1,1
hidden_quadratic,428,0.005,0.005,1,1
hidden_quadratic,429,0.005,0.005,1,1
hidden_quadratic,430,0.005,0.005,1,1
hidden_quadratic,431,0.005,0.005,1,1
hidden_quadratic,432,0.005,0.005,1,1
hidden_quadratic,433,0.005,0.005,1,1
hidden_quadratic,434,0.005,0.005,1,1
hidden_quadratic,435,0.005,0.005,1,1
hidden_quadratic,436,0.005,0.005,1,1
hidden_quadratic,437,0.005,0.005,1,1
hidden_quadratic,438,0.005,0.005,1,1
hidden_quadratic,439,0.005,0.005,1,1
hidden_quadratic,440,0.005,0.005,1,1
hidden_quadratic,441,0.005,0.005,1,1
hidden_quadratic,442,0.005,0.005,1,1
hidden_quadratic,443,0.005,0.005,1,1
hidden_quadratic,444,0.005,0.005,1,1
hidden_quadratic,445,0.005,0.005,1,1
hidden_quadratic,446,0.005,0.005,1,1
hidden_quadratic,447,0.005,0.005,1,1
hidden_quadratic,448,0.005,0.005,1,1
hidden_quadratic,449,0.005,0.005,1,1
hidden_quadratic,450,0.005,0.005,1,1
hidden_quadratic,451,0.005,0.005,1,1
hidden_quadratic,452,0.005,0.005,1,1
hidden_quadratic,453,0.005,0.005,1,1
hidden_quadratic,454,0.005,0.005,1,1
hidden_quadratic,455,0.005,0.005,1,1
hidden_quadratic,456,0.005,0.005,1,1
hidden_quadratic,457,0.005,0.005,1,1
hidden_quadratic,458,0.005,0.005,1,1
hidden_quadratic,459,0.005,0.005,1,1
hidden_quadratic,460,0.005,0.005,1,1
hidden_quadratic,461,0.005,0.005,1,1
hidden_quadratic,462,0.005,0.005,1,1
hidden_quadratic,463,0.005,0.005,1,1
hidden_quadratic,464,0.005,0.005,1,1
hidden_quadratic,465,0.005,0.005,1,1
hidden_quadratic,466,0.005,0.005,1,1
hidden_quadratic,467,0.005,0.005,1,1
hidden_quadratic,468,0.005,0.005,1,1
hidden_quadratic,469,0.005,0.005,1,1
hidden_quadratic,470,0.005,0.005,1,1
hidden_quadratic,471,0.005,0.005,1,1
hidden_quadratic,472,0.005,0.005,1,1
hidden_quadratic,473,0.005,0.005,1,1
hidden_quadratic,474,0.005,0.005,1,1
hidden_quadratic,475,0.005,0.005,1,1
hidden_quadratic,476,0.005,0.005,1,1
hidden_quadratic,477,0.005,0.005,1,1
hidden_quadratic,478,0.005,0.005,1,1
hidden_quadratic,479,0.005,0.005,1,1
hidden_quadratic,480,0.005,0.005,1,1
hidden_quadratic,481,0.005,0.005,1,1
hidden_quadratic,482,0.005,0.005,1,1
hidden_quadratic,483,0.005,0.005,1,1
hidden_quadratic,484,0.005,0.005,1,1
hidden_quadratic,485,0.005,0.005,1,1
hidden_quadratic,486,0.005,0.005,1,1
hidden_quadratic,487,0.005,0.005,1,1
hidden_quadratic,488,0.005,0.005,1,1
hidden_quadratic,489,0.005,0.005,1,1
hidden_quadratic,490,0.005,0.005,1,1
hidden_quadratic,491,0.005,0.005,1,1
hidden_quadratic,492,0.005,0.005,1,1
hidden_quadratic,493,0.005,0.005,1,1
hidden_quadratic,494,0.005,0.005,1,1
hidden_quadratic,495,0.005,0.005,1,1
hidden_quadratic,496,0.005,0.005,1,1
hidden_quadratic,497,0.005,0.005,1,1
hidden_quadratic,498,0.005,0.005,1,1
hidden_quadratic,499,0.005,0.005,1,1
hidden_quadratic,500,0.005,0.005,1,1
hidden_quadratic,501,0.005,0.005,1,1
hidden_quadratic,502,0.005,0.005,1,1
hidden_quadratic,503,0.005,0.005,1,1
hidden_quadratic,504,0.005,0.005,1,1
hidden_quadratic,505,0.005,0.005,1,1
hidden_quadratic,506,0.005,0.005,1,1
hidden_quadratic,507,0.005,0.005,1,1
hidden_quadratic,508,0.005,0.005,1,1
hidden_quadratic,509,0.005,0.005,1,1
hidden_quadratic,510,0.005,0.005,1,1
hidden_quadratic,511,0.005,0.005,1,1
hidden_quadratic,512,0.005,0.005,1,1
hidden_quadratic,513,0.005,0.005,1,1
hidden_quadratic,514,0.005,0.005,1,1
hidden_quadratic,515,0.005,0.005,1,1
hidden_quadratic,516,0.005,0.005,1,1
hidden_quadratic,517,0.005,0.005,1,1
hidden_quadratic,518,0.005,0.005,1,1
hidden_quadratic,519,0.005,0.005,1,1
hidden_quadratic,520,0.005,0.005,1,1
hidden_quadratic,521,0.005,0.005,1,1
hidden_quadratic,522,0.005,0.005,1,1
hidden_quadratic,523,0.005,0.005,1,1
hidden_quadratic,524,0.005,0.005,1,1
hidden_quadratic,525,0.005,0.005,1,1
hidden_quadratic,526,0.005,0.005,1,1
hidden_quadratic,527,0.005,0.005,1,1
hidden_quadratic,528,0.005,0.005,1,1
hidden_quadratic,529,0.005,0.005,1,1
hidden_quadratic,530,0.005,0.005,1,1
hidden_quadratic,531,0.005,0.005,1,1
hidden_quadratic,532,0.005,0.005,1,1
hidden_quadratic,533,0.005,0.005,1,1
hidden_quadratic,534,0.005,0.005,1,1
hidden_quadratic,535,0.005,0.005,1,1
hidden_quadratic,536,0.005,0.005,1,1
hidden_quadratic,537,0.005,0.005,1,1
hidden_quadratic,538,0.005,0.005,1,1
hidden_quadratic,539,0.005,0.005,1,1
hidden_quadratic,540,0.005,0.005,1,1
hidden_quadratic,541,0.005,0.005,1,1
hidden_quadratic,542,0.005,0.005,1,1
hidden_quadratic,543,0.005,0.005,1,1
hidden_quadratic,544,0.005,0.005,1,1
hidden_quadratic,545,0.005,0.005,1,1
hidden_quadratic,546,0.005,0.005,1,1
hidden_quadratic,547,0.005,0.005,1,1
hidden_quadratic,548,0.005,0.005,1,1
hidden_quadratic,549,0.005,0.005,1,1
hidden_quadratic,550,0.005,0.005,1,1
hidden_quadratic,551,0.005,0.005,1,1
hidden_quadratic,552,0.005,0.005,1,1
hidden_quadratic,553,0.005,0.005,1,1
hidden_quadratic,554,0.005,0.005,1,1
hidden_quadratic,555,0.005,0.005,1,1
hidden_quadratic,556,0.005,0.005,1,1
hidden_quadratic,557,0.005,0.005,1,1
hidden_quadratic,558,0.005,0.005,1,1
hidden_quadratic,559,0.005,0.005,1,1
hidden_quadratic,560,0.005,0.005,1,1
hidden_quadratic,561,0.005,0.005,1,1
hidden_quadratic,562,0.005,0.005,1,1
hidden_quadratic,563,0.005,0.005,1,1
hidden_quadratic,564,0.005,0.005,1,1
hidden_quadratic,565,0.005,0.005,1,1
hidden_quadratic,566,0.005,0.005,1,1
hidden_quadratic,567,0.005,0.005,1,1
hidden_quadratic,568,0.005,0.005,1,1
hidden_quadratic,569,0.005,0.005,1,1
hidden_quadratic,570,0.005,0.005,1,1
hidden_quadratic,571,0.005,0.005,1,1
hidden_quadratic,572,0.005,0.005,1,1
hidden_quadratic,573,0.005,0.005,1,1
hidden_quadratic,574,0.005,0.005,1,1
hidden_quadratic,575,0.005,0.005,1,1
hidden_quadratic,576,0.005,0.005,1,1
hidden_quadratic,577,0.005,0.005,1,1
hidden_quadratic,578,0.005,0.005,1,1
hidden_quadratic,579,0.005,0.005,1,1
hidden_quadratic,580,0.005,0.005,1,1
hidden_quadratic,581,0.005,0.005,1,1
hidden_quadratic,582,0.005,0.005,1,1
hidden_quadratic,583,0.005,0.005,1,1
hidden_quadratic,584,0.005,0.005,1,1
hidden_quadratic,585,0.005,0.005,1,1
hidden_quadratic,586,0.005,0.005,1,1
hidden_quadratic,587,0.005,0.005,1,1
hidden_quadratic,588,0.005,0.005,1,1
hidden_quadratic,589,0.005,0.005,1,1
hidden_quadratic,590,0.005,0.005,1,1
hidden_quadratic,591,0.005,0.005,1,1
hidden_quadratic,592,0.005,0.005,1,1
hidden_quadratic,593,0.005,0.005,1,1
hidden_quadratic,594,0.005,0.005,1,1
hidden_quadratic,595,0.005,0.005,1,1
hidden_quadratic,596,0.005,0.005,1,1
hidden_quadratic,597,0.005,0.005,1,1
hidden_quadratic,598,0.005,0.005,1,1
hidden_quadratic,599,0.005,0.005,1,1
hidden_quadratic,600,0.005,0.005,1,1
hidden_quadratic,601,0.005,0.005,1,1
hidden_quadratic,602,0.005,0.005,1,1
hidden_quadratic,603,0.005,0.005,1,1
hidden_quadratic,604,0.005,0.005,1,1
hidden_quadratic,605,0.005,0.005,1,1
hidden_quadratic,606,0.005,0.005,1,1
hidden_quadratic,607,0.005,0.005,1,1
hidden_quadratic,608,0.005,0.005,1,1
hidden_quadratic,609,0.005,0.005,1,1
hidden_quadratic,610,0.005,0.005,1,1
hidden_quadratic,611,0.005,0.005,1,1
hidden_quadratic,612,0.005,0.005,1,1
hidden_quadratic,613,0.005,0.005,1,1
hidden_quadratic,614,0.005,0.005,1,1
hidden_quadratic,615,0.005,0.005,1,1
hidden_quadratic,616,0.005,0.005,1,1
hidden_quadratic,617,0.005,0.005,1,1
hidden_quadratic,618,0.005,0.005,1,1
hidden_quadratic,619,0.005,0.005,1,1
hidden_quadratic,620,0.005,0.005,1,1
hidden_quadratic,621,0.005,0.005,1,1
hidden_quadratic,622,0.005,0.005,1,1
hidden_quadratic,623,0.005,0.005,1,1
hidden_quadratic,624,0.005,0.005,1,1
hidden_quadratic,625,0.005,0.005,1,1
hidden_quadratic,626,0.005,0.005,1,1
hidden_quadratic,627,0.005,0.005,1,1
hidden_quadratic,628,0.005,0.005,1,1
hidden_quadratic,629,0.005,0.005,1,1
hidden_quadratic,630,0.005,0.005,1,1
hidden_quadratic,631,0.005,0.005,1,1
hidden_quadratic,632,0.005,0.005,1,1
hidden_quadratic,633,0.005,0.005,1,1
hidden_quadratic,634,0.005,0.005,1,1
hidden_quadratic,635,0.005,0.005,1,1
hidden_quadratic,636,0.005,0.005,1,1
hidden_quadratic,637,0.005,0.005,1,1
hidden_quadratic,638,0.005,0.005,1,1
hidden_quadratic,639,0.005,0.005,1,1
hidden_quadratic,640,0.005,0.005,1,1
hidden_quadratic,641,0.005,0.005,1,1
hidden_quadratic,642,0.005,0.005,1,1
hidden_quadratic,643,0.005,0.005,1,1
hidden_quadratic,644,0.005,0.005,1,1
hidden_quadratic,645,0.005,0.005,1,1
hidden_quadratic,646,0.005,0.005,1,1
hidden_quadratic,647,0.005,0.005,1,1
hidden_quadratic,648,0.005,0.005,1,1
hidden_quadratic,649,0.005,0.005,1,1
hidden_quadratic,650,0.005,0.005,1,1
hidden_quadratic,651,0.005,0.005,1,1
hidden_quadratic,652,0.005,0.005,1,1
hidden_quadratic,653,0.005,0.005,1,1
hidden_quadratic,654,0.005,0.005,1,1
hidden_quadratic,655,0.005,0.005,1,1
hidden_quadratic,656,0.005,0.005,1,1
hidden_quadratic,657,0.005,0.005,1,1
hidden_quadratic,658,0.005,0.005,1,1
hidden_quadratic,659,0.005,0.005,1,1
hidden_quadratic,660,0.005,0.005,1,1
hidden_quadratic,661,0.005,0.005,1,1
hidden_quadratic,662,0.005,0.005,1,1
hidden_quadratic,663,0.005,0.005,1,1
hidden_quadratic,664,0.005,0.005,1,1
hidden_quadratic,665,0.005,0.005,1,1
hidden_quadratic,666,0.005,0.005,1,1
hidden_quadratic,667,0.005,0.005,1,1
hidden_quadratic,668,0.005,0.005,1,1
hidden_quadratic,669,0.005,0.005,1,1
hidden_quadratic,670,0.005,0.005,1,1
hidden_quadratic,671,0.005,0.005,1,1
hidden_quadratic,672,0.005,0.005,1,1
hidden_quadratic,673,0.005,0.005,1,1
hidden_quadratic,674,0.005,0.005,1,1
hidden_quadratic,675,0.005,0.005,1,1
hidden_quadratic,676,0.005,0.005,1,1
hidden_quadratic,677,0.005,0.005,1,1
hidden_quadratic,678,0.005,0.005,1,1
hidden_quadratic,679,0.005,0.005,1,1
hidden_quadratic,680,0.005,0.005,1,1
hidden_quadratic,681,0.005,0.005,1,1
hidden_quadratic,682,0.005,0.005,1,1
hidden_quadratic,683,0.005,0.005,1,1
hidden_quadratic,684,0.005,0.005,1,1
hidden_quadratic,685,0.005,0.005,1,1
hidden_quadratic,686,0.005,0.005,1,1
hidden_quadratic,687,0.005,0.005,1,1
hidden_quadratic,688,0.005,0.005,1,1
hidden_quadratic,689,0.005,0.005,1,1
hidden_quadratic,690,0.005,0.005,1,1
hidden_quadratic,691,0.005,0.005,1,1
hidden_quadratic,692,0.005,0.005,1,1
hidden_quadratic,693,0.005,0.005,1,1
hidden_quadratic,694,0.005,0.005,1,1
hidden_quadratic,695,0.005,0.005,1,1
hidden_quadratic,696,0.005,0.005,1,1
hidden_quadratic,697,0.005,0.005,1,1
hidden_quadratic,698,0.005,0.005,1,1
hidden_quadratic,699,0.005,0.005,1,1
hidden_quadratic,700,0.005,0.005,1,1
hidden_quadratic,701,0.005,0.005,1,1
hidden_quadratic,702,0.005,0.005,1,1
hidden_quadratic,703,0.005,0.005,1,1
hidden_quadratic,704,0.005,0.005,1,1
hidden_quadratic,705,0.005,0.005,1,1
hidden_quadratic,706,0.005,0.005,1,1
hidden_quadratic,707,0.005,0.005,1,1
hidden_quadratic,708,0.005,0.005,1,1
hidden_quadratic,709,0.005,0.005,1,1
hidden_quadratic,710,0.005,0.005,1,1
hidden_quadratic,711,0.005,0.005,1,1
hidden_quadratic,712,0.005,0.005,1,1
hidden_quadratic,713,0.005,0.005,1,1
hidden_quadratic,714,0.005,0.005,1,1
hidden_quadratic,715,0.005,0.005,1,1
hidden_quadratic,716,0.005,0.005,1,1
hidden_quadratic,717,0.005,0.005,1,1
hidden_quadratic,718,0.005,0.005,1,1
hidden_quadratic,719,0.005,0.005,1,1
hidden_quadratic,720,0.005,0.005,1,1
hidden_quadratic,721,0.005,0.005,1,1
hidden_quadratic,722,0.005,0.005,1,1
hidden_quadratic,723,0.005,0.005,1,1
hidden_quadratic,724,0.005,0.005,1,1
hidden_quadratic,725,0.005,0.005,1,1
hidden_quadratic,726,0.005,0.005,1,1
hidden_quadratic,727,0.005,0.005,1,1
hidden_quadratic,728,0.005,0.005,1,1
hidden_quadratic,729,0.005,0.005,1,1
hidden_quadratic,730,0.005,0.005,1,1
hidden_quadratic,731,0.005,0.005,1,1
hidden_quadratic,732,0.005,0.005,1,1
hidden_quadratic,733,0.005,0.005,1,1
hidden_quadratic,734,0.005,0.005,1,1
hidden_quadratic,735,0.005,0.005,1,1
hidden_quadratic,736,0.005,0.005,1,1
hidden_quadratic,737,0.005,0.005,1,1
hidden_quadratic,738,0.005,0.005,1,1
hidden_quadratic,739,0.005,0.005,1,1
hidden_quadratic,740,0.005,0.005,1,1
hidden_quadratic,741,0.005,0.005,1,1
hidden_quadratic,742,0.005,0.005,1,1
hidden_quadratic,743,0.005,0.005,1,1
hidden_quadratic,744,0.005,0.005,1,1
hidden_quadratic,745,0.005,0.005,1,1
hidden_quadratic,746,0.005,0.005,1,1
hidden_quadratic,747,0.005,0.005,1,1
hidden_quadratic,748,0.005,0.005,1,1
hidden_quadratic,749,0.005,0.005,1,1
hidden_quadratic,750,0.005,0.005,1,1
hidden_quadratic,751,0.005,0.005,1,1
hidden_quadratic,752,0.005,0.005,1,1
hidden_quadratic,753,0.005,0.005,1,1
hidden_quadratic,754,0.005,0.005,1,1
hidden_quadratic,755,0.005,0.005,1,1
hidden_quadratic,756,0.005,0.005,1,1
hidden_quadratic,757,0.005,0.005,1,1
hidden_quadratic,758,0.005,0.005,1,1
hidden_quadratic,759,0.005,0.005,1,1
hidden_quadratic,760,0.005,0.005,1,1
hidden_quadratic,761,0.005,0.005,1,1
hidden_quadratic,762,0.005,0.005,1,1
hidden_quadratic,763,0.005,0.005,1,1
hidden_quadratic,764,0.005,0.005,1,1
hidden_quadratic,765,0.005,0.005,1,1
hidden_quadratic,766,0.005,0.005,1,1
hidden_quadratic,767,0.005,0.005,1,1
hidden_quadratic,768,0.005,0.005,1,1
hidden_quadratic,769,0.005,0.005,1,1
hidden_quadratic,770,0.005,0.005,1,1
hidden_quadratic,771,0.005,0.005,1,1
hidden_quadratic,772,0.005,0.005,1,1
hidden_quadratic,773,0.005,0.005,1,1
hidden_quadratic,774,0.005,0.005,1,1
hidden_quadratic,775,0.005,0.005,1,1
hidden_quadratic,776,0.005,0.005,1,1
hidden_quadratic,777,0.005,0.005,1,1
hidden_quadratic,778,0.005,0.005,1,1
hidden_quadratic,779,0.005,0.005,1,1
hidden_quadratic,780,0.005,0.005,1,1
hidden_quadratic,781,0.005,0.005,1,1
hidden_quadratic,782,0.005,0.005,1,1
hidden_quadratic,783,0.005,0.005,1,1
hidden_quadratic,784,0.005,0.005,1,1
hidden_quadratic,785,0.005,0.005,1,1
hidden_quadratic,786,0.005,0.005,1,1
hidden_quadratic,787,0.005,0.005,1,1
hidden_quadratic,788,0.005,0.005,1,1
hidden_quadratic,789,0.005,0.005,1,1
hidden_quadratic,790,0.005,0.005,1,1
hidden_quadratic,791,0.005,0.005,1,1
hidden_quadratic,792,0.005,0.005,1,1
hidden_quadratic,793,0.005,0.005,1,1
hidden_quadratic,794,0.005,0.005,1,1
hidden_quadratic,795,0.005,0.005,1,1
hidden_quadratic,796,0.005,0.005,1,1
hidden_quadratic,797,0.005,0.005,1,1
hidden_quadratic,798,0.005,0.005,1,1
hidden_quadratic,799,0.005,0.005,1,1
hidden_quadratic,800,0.005,0.005,1,1
hidden_quadratic,801,0.005,0.005,1,1
hidden_quadratic,802,0.005,0.005,1,1
hidden_quadratic,803,0.005,0.005,1,1
hidden_quadratic,804,0.005,0.005,1,1
hidden_quadratic,805,0.005,0.005,1,1
hidden_quadratic,806,0.005,0.005,1,1
hidden_quadratic,807,0.005,0.005,1,1
hidden_quadratic,808,0.005,0.005,1,1
hidden_quadratic,809,0.005,0.005,1,1
hidden_quadratic,810,0.005,0.005,1,1
hidden_quadratic,811,0.005,0.005,1,1
hidden_quadratic,812,0.005,0.005,1,1
hidden_quadratic,813,0.005,0.005,1,1
hidden_quadratic,814,0.005,0.005,1,1
hidden_quadratic,815,0.005,0.005,1,1
hidden_quadratic,816,0.005,0.005,1,1
hidden_quadratic,817,0.005,0.005,1,1
hidden_quadratic,818,0.005,0.005,1,1
hidden_quadratic,819,0.005,0.005,1,1
hidden_quadratic,820,0.005,0.005,1,1
hidden_quadratic,821,0.005,0.005,1,1
hidden_quadratic,822,0.005,0.005,1,1
hidden_quadratic,823,0.005,0.005,1,1
hidden_quadratic,824,0.005,0.005,1,1
hidden_quadratic,825,0.005,0.005,1,1
hidden_quadratic,826,0.005,0.005,1,1
hidden_quadratic,827,0.005,0.005,1,1
hidden_quadratic,828,0.005,0.005,1,1
hidden_quadratic,829,0.005,0.005,1,1
hidden_quadratic,830,0.005,0.005,1,1
hidden_quadratic,831,0.005,0.005,1,1
hidden_quadratic,832,0.005,0.005,1,1
hidden_quadratic,833,0.005,0.005,1,1
hidden_quadratic,834,0.005,0.005,1,1
hidden_quadratic,835,0.005,0.005,1,1
hidden_quadratic,836,0.005,0.005,1,1
hidden_quadratic,837,0.005,0.005,1,1
hidden_quadratic,838,0.005,0.005,1,1
hidden_quadratic,839,0.005,0.005,1,1
hidden_quadratic,840,0.005,0.005,1,1
hidden_quadratic,841,0.005,0.005,1,1
hidden_quadratic,842,0.005,0.005,1,1
hidden_quadratic,843,0.005,0.005,1,1
hidden_quadratic,844,0.005,0.005,1,1
hidden_quadratic,845,0.005,0.005,1,1
hidden_quadratic,846,0.005,0.005,1,1
hidden_quadratic,847,0.005,0.005,1,1
hidden_quadratic,848,0.005,0.005,1,1
hidden_quadratic,849,0.005,0.005,1,1
hidden_quadratic,850,0.005,0.005,1,1
hidden_quadratic,851,0.005,0.005,1,1
hidden_quadratic,852,0.005,0.005,1,1
hidden_quadratic,853,0.005,0.005,1,1
hidden_quadratic,854,0.005,0.005,1,1
hidden_quadratic,855,0.005,0.005,1,1
hidden_quadratic,856,0.005,0.005,1,1
hidden_quadratic,857,0.005,0.005,1,1
hidden_quadratic,858,0.005,0.005,1,1
hidden_quadratic,859,0.005,0.005,1,1
hidden_quadratic,860,0.005,0.005,1,1
hidden_quadratic,861,0.005,0.005,1,1
hidden_quadratic,862,0.005,0.005,1,1
hidden_quadratic,863,0.005,0.005,1,1
hidden_quadratic,864,0.005,0.005,1,1
hidden_quadratic,865,0.005,0.005,1,1
hidden_quadratic,866,0.005,0.005,1,1
hidden_quadratic,867,0.005,0.005,1,1
hidden_quadratic,868,0.005,0.005,1,1
hidden_quadratic,869,0.005,0.005,1,1
hidden_quadratic,870,0.005,0.005,1,1
hidden_quadratic,871,0.005,0.005,1,1
hidden_quadratic,872,0.005,0.005,1,1
hidden_quadratic,873,0.005,0.005,1,1
hidden_quadratic,874,0.005,0.005,1,1
hidden_quadratic,875,0.005,0.005,1,1
hidden_quadratic,876,0.005,0.005,1,1
hidden_quadratic,877,0.005,0.005,1,1
hidden_quadratic,878,0.005,0.005,1,1
hidden_quadratic,879,0.005,0.005,1,1
hidden_quadratic,880,0.005,0.005,1,1
hidden_quadratic,881,0.005,0.005,1,1
hidden_quadratic,882,0.005,0.005,1,1
hidden_quadratic,883,0.005,0.005,1,1
hidden_quadratic,884,0.005,0.005,1,1
hidden_quadratic,885,0.005,0.005,1,1
hidden_quadratic,886,0.005,0.005,1,1
hidden_quadratic,887,0.005,0.005,1,1
hidden_quadratic,888,0.005,0.005,1,1
hidden_quadratic,889,0.005,0.005,1,1
hidden_quadratic,890,0.005,0.005,1,1
hidden_quadratic,891,0.005,0.005,1,1
hidden_quadratic,892,0.005,0.005,1,1
hidden_quadratic,893,0.005,0.005,1,1
hidden_quadratic,894,0.005,0.005,1,1
hidden_quadratic,895,0.005,0.005,1,1
hidden_quadratic,896,0.005,0.005,1,1
hidden_quadratic,897,0.005,0.005,1,1
hidden_quadratic,898,0.005,0.005,1,1
hidden_quadratic,899,0.005,0.005,1,1
hidden_quadratic,900,0.005,0.005,1,1
hidden_quadratic,901,0.005,0.005,1,1
hidden_quadratic,902,0.005,0.005,1,1
hidden_quadratic,903,0.005,0.005,1,1
hidden_quadratic,904,0.005,0.005,1,1
hidden_quadratic,905,0.005,0.005,1,1
hidden_quadratic,906,0.005,0.005,1,1
hidden_quadratic,907,0.005,0.005,1,1
hidden_quadratic,908,0.005,0.005,1,1
hidden_quadratic,909,0.005,0.005,1,1
hidden_quadratic,910,0.005,0.005,1,1
hidden_quadratic,911,0.005,0.005,1,1
hidden_quadratic,912,0.005,0.005,1,1
hidden_quadratic,913,0.005,0.005,1,1
hidden_quadratic,914,0.005,0.005,1,1
hidden_quadratic,915,0.005,0.005,1,1
hidden_quadratic,916,0.005,0.005,1,1
hidden_quadratic,917,0.005,0.005,1,1
hidden_quadratic,918,0.005,0.005,1,1
hidden_quadratic,919,0.005,0.005,1,1
hidden_quadratic,920,0.005,0.005,1,1
hidden_quadratic,921,0.005,0.005,1,1
hidden_quadratic,922,0.005,0.005,1,1
hidden_quadratic,923,0.005,0.005,1,1
hidden_quadratic,924,0.005,0.005,1,1
hidden_quadratic,925,0.005,0.005,1,1
hidden_quadratic,926,0.005,0.005,1,1
hidden_quadratic,927,0.005,0.005,1,1
hidden_quadratic,928,0.005,0.005,1,1
hidden_quadratic,929,0.005,0.005,1,1
hidden_quadratic,930,0.005,0.005,1,1
hidden_quadratic,931,0.005,0.005,1,1
hidden_quadratic,932,0.005,0.005,1,1
hidden_quadratic,933,0.005,0.005,1,1
hidden_quadratic,934,0.005,0.005,1,1
hidden_quadratic,935,0.005,0.005,1,1
hidden_quadratic,936,0.005,0.005,1,1
hidden_quadratic,937,0.005,0.005,1,1
hidden_quadratic,938,0.005,0.005,1,1
hidden_quadratic,939,0.005,0.005,1,1
hidden_quadratic,940,0.005,0.005,1,1
hidden_quadratic,941,0.005,0.005,1,1
hidden_quadratic,942,0.005,0.005,1,1
hidden_quadratic,943,0.005,0.005,1,1
hidden_quadratic,944,0.005,0.005,1,1
hidden_quadratic,945,0.005,0.005,1,1
hidden_quadratic,946,0.005,0.005,1,1
hidden_quadratic,947,0.005,0.005,1,1
hidden_quadratic,948,0.005,0.005,1,1
hidden_quadratic,949,0.005,0.005,1,1
hidden_quadratic,950,0.005,0.005,1,1
hidden_quadratic,951,0.005,0.005,1,1
hidden_quadratic,952,0.005,0.005,1,1
hidden_quadratic,953,0.005,0.005,1,1
hidden_quadratic,954,0.005,0.005,1,1
hidden_quadratic,955,0.005,0.005,1,1
hidden_quadratic,956,0.005,0.005,1,1
hidden_quadratic,957,0.005,0.005,1,1
hidden_quadratic,958,0.005,0.005,1,1
hidden_quadratic,959,0.005,0.005,1,1
hidden_quadratic,960,0.005,0.005,1,1
hidden_quadratic,961,0.005,0.005,1,1
hidden_quadratic,962,0.005,0.005,1,1
hidden_quadratic,963,0.005,0.005,1,1
hidden_quadratic,964,0.005,0.005,1,1
hidden_quadratic,965,0.005,0.005,1,1
hidden_quadratic,966,0.005,0.005,1,1
hidden_quadratic,967,0.005,0.005,1,1
hidden_quadratic,968,0.005,0.005,1,1
hidden_quadratic,969,0.005,0.005,1,1
hidden_quadratic,970,0.005,0.005,1,1
hidden_quadratic,971,0.005,0.005,1,1
hidden_quadratic,972,0.005,0.005,1,1
hidden_quadratic,973,0.005,0.005,1,1
hidden_quadratic,974,0.005,0.005,1,1
hidden_quadratic,975,0.005,0.005,1,1
hidden_quadratic,976,0.005,0.005,1,1
hidden_quadratic,977,0.005,0.005,1,1
hidden_quadratic,978,0.005,0.005,1,1
hidden_quadratic,979,0.005,0.005,1,1
hidden_quadratic,980,0.005,0.005,1,1
hidden_quadratic,981,0.005,0.005,1,1
hidden_quadratic,982,0.005,0.005,1,1
hidden_quadratic,983,0.005,0.005,1,1
hidden_quadratic,984,0.005,0.005,1,1
hidden_quadratic,985,0.005,0.005,1,1
hidden_quadratic,986,0.005,0.005,1,1
hidden_quadratic,987,0.005,0.005,1,1
hidden_quadratic,988,0.005,0.005,1,1
hidden_quadratic,989,0.005,0.005,1,1
hidden_quadratic,990,0.005,0.005,1,1
hidden_quadratic,991,0.005,0.005,1,1
hidden_quadratic,992,0.005,0.005,1,1
hidden_quadratic,993,0.005,0.005,1,1
hidden_quadratic,994,0.005,0.005,1,1
hidden_quadratic,995,0.005,0.005,1,1
hidden_quadratic,996,0.005,0.005,1,1
hidden_quadratic,997,0.005,0.005,1,1
hidden_quadratic,998,0.005,0.005,1,1
hidden_quadratic,999,0.005,0.005,1,1
hidden_orthogonal,0,0.005,0.005,1,1
hidden_orthogonal,1,0.005,0.005,1,1
hidden_orthogonal,2,0.005,0.005,1,1
hidden_orthogonal,3,0.005,0.005,1,1
hidden_orthogonal,4,0.005,0.005,1,1
hidden_orthogonal,5,0.005,0.005,1,1
hidden_orthogonal,6,0.005,0.005,1,1
hidden_orthogonal,7,0.005,0.005,1,1
hidden_orthogonal,8,0.005,0.005,1,1
hidden_orthogonal,9,0.005,0.005,1,1
hidden_orthogonal,10,0.005,0.005,1,1
hidden_orthogonal,11,0.005,0.005,1,1
hidden_orthogonal,12,0.005,0.005,1,1
hidden_orthogonal,13,0.005,0.005,1,1
hidden_orthogonal,14,0.005,0.005,1,1
hidden_orthogonal,15,0.005,0.005,1,1
hidden_orthogonal,16,0.005,0.005,1,1
hidden_orthogonal,17,0.005,0.005,1,1
hidden_orthogonal,18,0.005,0.005,1,1
hidden_orthogonal,19,0.005,0.005,1,1
hidden_orthogonal,20,0.005,0.005,1,1
hidden_orthogonal,21,0.005,0.005,1,1
hidden_orthogonal,22,0.005,0.005,1,1
hidden_orthogonal,23,0.005,0.005,1,1
hidden_orthogonal,24,0.005,0.005,1,1
hidden_orthogonal,25,0.005,0.005,1,1
hidden_orthogonal,26,0.005,0.005,1,1
hidden_orthogonal,27,0.005,0.005,1,1
hidden_orthogonal,28,0.005,0.005,1,1
hidden_orthogonal,29,0.005,0.005,1,1
hidden_orthogonal,30,0.005,0.005,1,1
hidden_orthogonal,31,0.005,0.005,1,1
hidden_orthogonal,32,0.005,0.005,1,1
hidden_orthogonal,33,0.005,0.005,1,1
hidden_orthogonal,34,0.005,0.005,1,1
hidden_orthogonal,35,0.005,0.005,1,1
hidden_orthogonal,36,0.005,0.005,1,1
hidden_orthogonal,37,0.005,0.005,1,1
hidden_orthogonal,38,0.005,0.005,1,1
hidden_orthogonal,39,0.005,0.005,1,1
hidden_orthogonal,40,0.005,0.005,1,1
hidden_orthogonal,41,0.005,0.005,1,1
hidden_orthogonal,42,0.005,0.005,1,1
hidden_orthogonal,43,0.005,0.005,1,1
hidden_orthogonal,44,0.005,0.005,1,1
hidden_orthogonal,45,0.005,0.005,1,1
hidden_orthogonal,46,0.005,0.005,1,1
hidden_orthogonal,47,0.005,0.005,1,1
hidden_orthogonal,48,0.005,0.005,1,1
hidden_orthogonal,49,0.005,0.005,1,1
hidden_orthogonal,50,0.005,0.005,1,1
hidden_orthogonal,51,0.005,0.005,1,1
hidden_orthogonal,52,0.005,0.005,1,1
hidden_orthogonal,53,0.005,0.005,1,1
hidden_orthogonal,54,0.005,0.005,1,1
hidden_orthogonal,55,0.005,0.005,1,1
hidden_orthogonal,56,0.005,0.005,1,1
hidden_orthogonal,57,0.005,0.005,1,1
hidden_orthogonal,58,0.005,0.005,1,1
hidden_orthogonal,59,0.005,0.005,1,1
hidden_orthogonal,60,0.005,0.005,1,1
hidden_orthogonal,61,0.005,0.005,1,1
hidden_orthogonal,62,0.005,0.005,1,1
hidden_orthogonal,63,0.005,0.005,1,1
hidden_orthogonal,64,0.005,0.005,1,1
hidden_orthogonal,65,0.005,0.005,1,1
hidden_orthogonal,66,0.005,0.005,1,1
hidden_orthogonal,67,0.005,0.005,1,1
hidden_orthogonal,68,0.005,0.005,1,1
hidden_orthogonal,69,0.005,0.005,1,1
hidden_orthogonal,70,0.005,0.005,1,1
hidden_orthogonal,71,0.005,0.005,1,1
hidden_orthogonal,72,0.005,0.005,1,1
hidden_orthogonal,73,0.005,0.005,1,1
hidden_orthogonal,74,0.005,0.005,1,1
hidden_orthogonal,75,0.005,0.005,1,1
hidden_orthogonal,76,0.005,0.005,1,1
hidden_orthogonal,77,0.005,0.005,1,1
hidden_orthogonal,78,0.005,0.005,1,1
hidden_orthogonal,79,0.005,0.005,1,1
hidden_orthogonal,80,0.005,0.005,1,1
hidden_orthogonal,81,0.005,0.005,1,1
hidden_orthogonal,82,0.005,0.005,1,1
hidden_orthogonal,83,0.005,0.005,1,1
hidden_orthogonal,84,0.005,0.005,1,1
hidden_orthogonal,85,0.005,0.005,1,1
hidden_orthogonal,86,0.005,0.005,1,1
hidden_orthogonal,87,0.005,0.005,1,1
hidden_orthogonal,88,0.005,0.005,1,1
hidden_orthogonal,89,0.005,0.005,1,1
hidden_orthogonal,90,0.005,0.005,1,1
hidden_orthogonal,91,0.005,0.005,1,1
hidden_orthogonal,92,0.005,0.005,1,1
hidden_orthogonal,93,0.005,0.005,1,1
hidden_orthogonal,94,0.005,0.005,1,1
hidden_orthogonal,95,0.005,0.005,1,1
hidden_orthogonal,96,0.005,0.005,1,1
hidden_orthogonal,97,0.005,0.005,1,1
hidden_orthogonal,98,0.005,0.005,1,1
hidden_orthogonal,99,0.005,0.005,1,1
hidden_orthogonal,100,0.005,0.005,1,1
hidden_orthogonal,101,0.005,0.005,1,1
hidden_orthogonal,102,0.005,0.005,1,1
hidden_orthogonal,103,0.005,0.005,1,1
hidden_orthogonal,104,0.005,0.005,1,1
hidden_orthogonal,105,0.005,0.005,1,1
hidden_orthogonal,106,0.005,0.005,1,1
hidden_orthogonal,107,0.005,0.005,1,1
hidden_orthogonal,108,0.005,0.005,1,1
hidden_orthogonal,109,0.005,0.005,1,1
hidden_orthogonal,110,0.005,0.005,1,1
hidden_orthogonal,111,0.005,0.005,1,1
hidden_orthogonal,112,0.005,0.005,1,1
hidden_orthogonal,113,0.005,0.005,1,1
hidden_orthogonal,114,0.005,0.005,1,1
hidden_orthogonal,115,0.005,0.005,1,1
hidden_orthogonal,116,0.005,0.005,1,1
hidden_orthogonal,117,0.005,0.005,1,1
hidden_orthogonal,118,0.005,0.005,1,1
hidden_orthogonal,119,0.005,0.005,1,1
hidden_orthogonal,120,0.005,0.005,1,1
hidden_orthogonal,121,0.005,0.005,1,1
hidden_orthogonal,122,0.005,0.005,1,1
hidden_orthogonal,123,0.005,0.005,1,1
hidden_orthogonal,124,0.005,0.005,1,1
hidden_orthogonal,125,0.005,0.005,1,1
hidden_orthogonal,126,0.005,0.005,1,1
hidden_orthogonal,127,0.005,0.005,1,1
hidden_orthogonal,128,0.005,0.005,1,1
hidden_orthogonal,129,0.005,0.005,1,1
hidden_orthogonal,130,0.005,0.005,1,1
hidden_orthogonal,131,0.005,0.005,1,1
hidden_orthogonal,132,0.005,0.005,1,1
hidden_orthogonal,133,0.005,0.005,1,1
hidden_orthogonal,134,0.005,0.005,1,1
hidden_orthogonal,135,0.005,0.005,1,1
hidden_orthogonal,136,0.005,0.005,1,1
hidden_orthogonal,137,0.005,0.005,1,1
hidden_orthogonal,138,0.005,0.005,1,1
hidden_orthogonal,139,0.005,0.005,1,1
hidden_orthogonal,140,0.005,0.005,1,1
hidden_orthogonal,141,0.005,0.005,1,1
hidden_orthogonal,142,0.005,0.005,1,1
hidden_orthogonal,143,0.005,0.005,1,1
hidden_orthogonal,144,0.005,0.005,1,1
hidden_orthogonal,145,0.005,0.005,1,1
hidden_orthogonal,146,0.005,0.005,1,1
hidden_orthogonal,147,0.005,0.005,1,1
hidden_orthogonal,148,0.005,0.005,1,1
hidden_orthogonal,149,0.005,0.005,1,1
hidden_orthogonal,150,0.005,0.005,1,1
hidden_orthogonal,151,0.005,0.005,1,1
hidden_orthogonal,152,0.005,0.005,1,1
hidden_orthogonal,153,0.005,0.005,1,1
hidden_orthogonal,154,0.005,0.005,1,1
hidden_orthogonal,155,0.005,0.005,1,1
hidden_orthogonal,156,0.005,0.005,1,1
hidden_orthogonal,157,0.005,0.005,1,1
hidden_orthogonal,158,0.005,0.005,1,1
hidden_orthogonal,159,0.005,0.005,1,1
hidden_orthogonal,160,0.005,0.005,1,1
hidden_orthogonal,161,0.005,0.005,1,1
hidden_orthogonal,162,0.005,0.005,1,1
hidden_orthogonal,163,0.005,0.005,1,1
hidden_orthogonal,164,0.005,0.005,1,1
hidden_orthogonal,165,0.005,0.005,1,1
hidden_orthogonal,166,0.005,0.005,1,1
hidden_orthogonal,167,0.005,0.005,1,1
hidden_orthogonal,168,0.005,0.005,1,1
hidden_orthogonal,169,0.005,0.005,1,1
hidden_orthogonal,170,0.005,0.005,1,1
hidden_orthogonal,171,0.005,0.005,1,1
hidden_orthogonal,172,0.005,0.005,1,1
hidden_orthogonal,173,0.005,0.005,1,1
hidden_orthogonal,174,0.005,0.005,1,1
hidden_orthogonal,175,0.005,0.005,1,1
hidden_orthogonal,176,0.005,0.005,1,1
hidden_orthogonal,177,0.005,0.005,1,1
hidden_orthogonal,178,0.005,0.005,1,1
hidden_orthogonal,179,0.005,0.005,1,1
hidden_orthogonal,180,0.005,0.005,1,1
hidden_orthogonal,181,0.005,0.005,1,1
hidden_orthogonal,182,0.005,0.005,1,1
hidden_orthogonal,183,0.005,0.005,1,1
hidden_orthogonal,184,0.005,0.005,1,1
hidden_orthogonal,185,0.005,0.005,1,1
hidden_orthogonal,186,0.005,0.005,1,1
hidden_orthogonal,187,0.005,0.005,1,1
hidden_orthogonal,188,0.005,0.005,1,1
hidden_orthogonal,189,0.005,0.005,1,1
hidden_orthogonal,190,0.005,0.005,1,1
hidden_orthogonal,191,0.005,0.005,1,1
hidden_orthogonal,192,0.005,0.005,1,1
hidden_orthogonal,193,0.005,0.005,1,1
hidden_orthogonal,194,0.005,0.005,1,1
hidden_orthogonal,195,0.005,0.005,1,1
hidden_orthogonal,196,0.005,0.005,1,1
hidden_orthogonal,197,0.005,0.005,1,1
hidden_orthogonal,198,0.005,0.005,1,1
hidden_orthogonal,199,0.005,0.005,1,1
hidden_orthogonal,200,0.005,0.005,1,1
hidden_orthogonal,201,0.005,0.005,1,1
hidden_orthogonal,202,0.005,0.005,1,1
hidden_orthogonal,203,0.005,0.005,1,1
hidden_orthogonal,204,0.005,0.005,1,1
hidden_orthogonal,205,0.005,0.005,1,1
hidden_orthogonal,206,0.005,0.005,1,1
hidden_orthogonal,207,0.005,0.005,1,1
hidden_orthogonal,208,0.005,0.005,1,1
hidden_orthogonal,209,0.005,0.005,1,1
hidden_orthogonal,210,0.005,0.005,1,1
hidden_orthogonal,211,0.005,0.005,1,1
hidden_orthogonal,212,0.005,0.005,1,1
hidden_orthogonal,213,0.005,0.005,1,1
hidden_orthogonal,214,0.005,0.005,1,1
hidden_orthogonal,215,0.005,0.005,1,1
hidden_orthogonal,216,0.005,0.005,1,1
hidden_orthogonal,217,0.005,0.005,1,1
hidden_orthogonal,218,0.005,0.005,1,1
hidden_orthogonal,219,0.005,0.005,1,1
hidden_orthogonal,220,0.005,0.005,1,1
hidden_orthogonal,221,0.005,0.005,1,1
hidden_orthogonal,222,0.005,0.005,1,1
hidden_orthogonal,223,0.005,0.005,1,1
hidden_orthogonal,224,0.005,0.005,1,1
hidden_orthogonal,225,0.005,0.005,1,1
hidden_orthogonal,226,0.005,0.005,1,1
hidden_orthogonal,227,0.005,0.005,1,1
hidden_orthogonal,228,0.005,0.005,1,1
hidden_orthogonal,229,0.005,0.005,1,1
hidden_orthogonal,230,0.005,0.005,1,1
hidden_orthogonal,231,0.005,0.005,1,1
hidden_orthogonal,232,0.005,0.005,1,1
hidden_orthogonal,233,0.005,0.005,1,1
hidden_orthogonal,234,0.005,0.005,1,1
hidden_orthogonal,235,0.005,0.005,1,1
hidden_orthogonal,236,0.005,0.005,1,1
hidden_orthogonal,237,0.005,0.005,1,1
hidden_orthogonal,238,0.005,0.005,1,1
hidden_orthogonal,239,0.005,0.005,1,1
hidden_orthogonal,240,0.005,0.005,1,1
hidden_orthogonal,241,0.005,0.005,1,1
hidden_orthogonal,242,0.005,0.005,1,1
hidden_orthogonal,243,0.005,0.005,1,1
hidden_orthogonal,244,0.005,0.005,1,1
hidden_orthogonal,245,0.005,0.005,1,1
hidden_orthogonal,246,0.005,0.005,1,1
hidden_orthogonal,247,0.005,0.005,1,1
hidden_orthogonal,248,0.005,0.005,1,1
hidden_orthogonal,249,0.005,0.005,1,1
hidden_orthogonal,250,0.005,0.005,1,1
hidden_orthogonal,251,0.005,0.005,1,1
hidden_orthogonal,252,0.005,0.005,1,1
hidden_orthogonal,253,0.005,0.005,1,1
hidden_orthogonal,254,0.005,0.005,1,1
hidden_orthogonal,255,0.005,0.005,1,1
hidden_orthogonal,256,0.005,0.005,1,1
hidden_orthogonal,257,0.005,0.005,1,1
hidden_orthogonal,258,0.005,0.005,1,1
hidden_orthogonal,259,0.005,0.005,1,1
hidden_orthogonal,260,0.005,0.005,1,1
hidden_orthogonal,261,0.005,0.005,1,1
hidden_orthogonal,262,0.005,0.005,1,1
hidden_orthogonal,263,0.005,0.005,1,1
hidden_orthogonal,264,0.005,0.005,1,1
hidden_orthogonal,265,0.005,0.005,1,1
hidden_orthogonal,266,0.005,0.005,1,1
hidden_orthogonal,267,0.005,0.005,1,1
hidden_orthogonal,268,0.005,0.005,1,1
hidden_orthogonal,269,0.005,0.005,1,1
hidden_orthogonal,270,0.005,0.005,1,1
hidden_orthogonal,271,0.005,0.005,1,1
hidden_orthogonal,272,0.005,0.005,1,1
hidden_orthogonal,273,0.005,0.005,1,1
hidden_orthogonal,274,0.005,0.005,1,1
hidden_orthogonal,275,0.005,0.005,1,1
hidden_orthogonal,276,0.005,0.005,1,1
hidden_orthogonal,277,0.005,0.005,1,1
hidden_orthogonal,278,0.005,0.005,1,1
hidden_orthogonal,279,0.005,0.005,1,1
hidden_orthogonal,280,0.005,0.005,1,1
hidden_orthogonal,281,0.005,0.005,1,1
hidden_orthogonal,282,0.005,0.005,1,1
hidden_orthogonal,283,0.005,0.005,1,1
hidden_orthogonal,284,0.005,0.005,1,1
hidden_orthogonal,285,0.005,0.005,1,1
hidden_orthogonal,286,0.005,0.005,1,1
hidden_orthogonal,287,0.005,0.005,1,1
hidden_orthogonal,288,0.005,0.005,1,1
hidden_orthogonal,289,0.005,0.005,1,1
hidden_orthogonal,290,0.005,0.005,1,1
hidden_orthogonal,291,0.005,0.005,1,1
hidden_orthogonal,292,0.005,0.005,1,1
hidden_orthogonal,293,0.005,0.005,1,1
hidden_orthogonal,294,0.005,0.005,1,1
hidden_orthogonal,295,0.005,0.005,1,1
hidden_orthogonal,296,0.005,0.005,1,1
hidden_orthogonal,297,0.005,0.005,1,1
hidden_orthogonal,298,0.005,0.005,1,1
hidden_orthogonal,299,0.005,0.005,1,1
hidden_orthogonal,300,0.005,0.005,1,1
hidden_orthogonal,301,0.005,0.005,1,1
hidden_orthogonal,302,0.005,0.005,1,1
hidden_orthogonal,303,0.005,0.005,1,1
hidden_orthogonal,304,0.005,0.005,1,1
hidden_orthogonal,305,0.005,0.005,1,1
hidden_orthogonal,306,0.005,0.005,1,1
hidden_orthogonal,307,0.005,0.005,1,1
hidden_orthogonal,308,0.005,0.005,1,1
hidden_orthogonal,309,0.005,0.005,1,1
hidden_orthogonal,310,0.005,0.005,1,1
hidden_orthogonal,311,0.005,0.005,1,1
hidden_orthogonal,312,0.005,0.005,1,1
hidden_orthogonal,313,0.005,0.005,1,1
hidden_orthogonal,314,0.005,0.005,1,1
hidden_orthogonal,315,0.005,0.005,1,1
hidden_orthogonal,316,0.005,0.005,1,1
hidden_orthogonal,317,0.005,0.005,1,1
hidden_orthogonal,318,0.005,0.005,1,1
hidden_orthogonal,319,0.005,0.005,1,1
hidden_orthogonal,320,0.005,0.005,1,1
hidden_orthogonal,321,0.005,0.005,1,1
hidden_orthogonal,322,0.005,0.005,1,1
hidden_orthogonal,323,0.005,0.005,1,1
hidden_orthogonal,324,0.005,0.005,1,1
hidden_orthogonal,325,0.005,0.005,1,1
hidden_orthogonal,326,0.005,0.005,1,1
hidden_orthogonal,327,0.005,0.005,1,1
hidden_orthogonal,328,0.005,0.005,1,1
hidden_orthogonal,329,0.005,0.005,1,1
hidden_orthogonal,330,0.005,0.005,1,1
hidden_orthogonal,331,0.005,0.005,1,1
hidden_orthogonal,332,0.005,0.005,1,1
hidden_orthogonal,333,0.005,0.005,1,1
hidden_orthogonal,334,0.005,0.005,1,1
hidden_orthogonal,335,0.005,0.005,1,1
hidden_orthogonal,336,0.005,0.005,1,1
hidden_orthogonal,337,0.005,0.005,1,1
hidden_orthogonal,338,0.005,0.005,1,1
hidden_orthogonal,339,0.005,0.005,1,1
hidden_orthogonal,340,0.005,0.005,1,1
hidden_orthogonal,341,0.005,0.005,1,1
hidden_orthogonal,342,0.005,0.005,1,1
hidden_orthogonal,343,0.005,0.005,1,1
hidden_orthogonal,344,0.005,0.005,1,1
hidden_orthogonal,345,0.005,0.005,1,1
hidden_orthogonal,346,0.005,0.005,1,1
hidden_orthogonal,347,0.005,0.005,1,1
hidden_orthogonal,348,0.005,0.005,1,1
hidden_orthogonal,349,0.005,0.005,1,1
hidden_orthogonal,350,0.005,0.005,1,1
hidden_orthogonal,351,0.005,0.005,1,1
hidden_orthogonal,352,0.005,0.005,1,1
hidden_orthogonal,353,0.005,0.005,1,1
hidden_orthogonal,354,0.005,0.005,1,1
hidden_orthogonal,355,0.005,0.005,1,1
hidden_orthogonal,356,0.005,0.005,1,1
hidden_orthogonal,357,0.005,0.005,1,1
hidden_orthogonal,358,0.005,0.005,1,1
hidden_orthogonal,359,0.005,0.005,1,1
hidden_orthogonal,360,0.005,0.005,1,1
hidden_orthogonal,361,0.005,0.005,1,1
hidden_orthogonal,362,0.005,0.005,1,1
hidden_orthogonal,363,0.005,0.005,1,1
hidden_orthogonal,364,0.005,0.005,1,1
hidden_orthogonal,365,0.005,0.005,1,1
hidden_orthogonal,366,0.005,0.005,1,1
hidden_orthogonal,367,0.005,0.005,1,1
hidden_orthogonal,368,0.005,0.005,1,1
hidden_orthogonal,369,0.005,0.005,1,1
hidden_orthogonal,370,0.005,0.005,1,1
hidden_orthogonal,371,0.005,0.005,1,1
hidden_orthogonal,372,0.005,0.005,1,1
hidden_orthogonal,373,0.005,0.005,1,1
hidden_orthogonal,374,0.005,0.005,1,1
hidden_orthogonal,375,0.005,0.005,1,1
hidden_orthogonal,376,0.005,0.005,1,1
hidden_orthogonal,377,0.005,0.005,1,1
hidden_orthogonal,378,0.005,0.005,1,1
hidden_orthogonal,379,0.005,0.005,1,1
hidden_orthogonal,380,0.005,0.005,1,1
hidden_orthogonal,381,0.005,0.005,1,1
hidden_orthogonal,382,0.005,0.005,1,1
hidden_orthogonal,383,0.005,0.005,1,1
hidden_orthogonal,384,0.005,0.005,1,1
hidden_orthogonal,385,0.005,0.005,1,1
hidden_orthogonal,386,0.005,0.005,1,1
hidden_orthogonal,387,0.005,0.005,1,1
hidden_orthogonal,388,0.005,0.005,1,1
hidden_orthogonal,389,0.005,0.005,1,1
hidden_orthogonal,390,0.005,0.005,1,1
hidden_orthogonal,391,0.005,0.005,1,1
hidden_orthogonal,392,0.005,0.005,1,1
hidden_orthogonal,393,0.005,0.005,1,1
hidden_orthogonal,394,0.005,0.005,1,1
hidden_orthogonal,395,0.005,0.005,1,1
hidden_orthogonal,396,0.005,0.005,1,1
hidden_orthogonal,397,0.005,0.005,1,1
hidden_orthogonal,398,0.005,0.005,1,1
hidden_orthogonal,399,0.005,0.005,1,1
hidden_orthogonal,400,0.005,0.005,1,1
hidden_orthogonal,401,0.005,0.005,1,1
hidden_orthogonal,402,0.005,0.005,1,1
hidden_orthogonal,403,0.005,0.005,1,1
hidden_orthogonal,404,0.005,0.005,1,1
hidden_orthogonal,405,0.005,0.005,1,1
hidden_orthogonal,406,0.005,0.005,1,1
hidden_orthogonal,407,0.005,0.005,1,1
hidden_orthogonal,408,0.005,0.005,1,1
hidden_orthogonal,409,0.005,0.005,1,1
hidden_orthogonal,410,0.005,0.005,1,1
hidden_orthogonal,411,0.005,0.005,1,1
hidden_orthogonal,412,0.005,0.005,1,1
hidden_orthogonal,413,0.005,0.005,1,1
hidden_orthogonal,414,0.005,0.005,1,1
hidden_orthogonal,415,0.005,0.005,1,1
hidden_orthogonal,416,0.005,0.005,1,1
hidden_orthogonal,417,0.005,0.005,1,1
hidden_orthogonal,418,0.005,0.005,1,1
hidden_orthogonal,419,0.005,0.005,1,1
hidden_orthogonal,420,0.005,0.005,1,1
hidden_orthogonal,421,0.005,0.005,1,1
hidden_orthogonal,422,0.005,0.005,1,1
hidden_orthogonal,423,0.005,0.005,1,1
hidden_orthogonal,424,0.005,0.005,1,1
hidden_orthogonal,425,0.005,0.005,1,1
hidden_orthogonal,426,0.005,0.005,1,1
hidden_orthogonal,427,0.005,0.005,1,1
hidden_orthogonal,428,0.005,0.005,1,1
hidden_orthogonal,429,0.005,0.005,1,1
hidden_orthogonal,430,0.005,0.005,1,1
hidden_orthogonal,431,0.005,0.005,1,1
hidden_orthogonal,432,0.005,0.005,1,1
hidden_orthogonal,433,0.005,0.005,1,1
hidden_orthogonal,434,0.005,0.005,1,1
hidden_orthogonal,435,0.005,0.005,1,1
hidden_orthogonal,436,0.005,0.005,1,1
hidden_orthogonal,437,0.005,0.005,1,1
hidden_orthogonal,438,0.005,0.005,1,1
hidden_orthogonal,439,0.005,0.005,1,1
hidden_orthogonal,440,0.005,0.005,1,1
hidden_orthogonal,441,0.005,0.005,1,1
hidden_orthogonal,442,0.005,0.005,1,1
hidden_orthogonal,443,0.005,0.005,1,1
hidden_orthogonal,444,0.005,0.005,1,1
hidden_orthogonal,445,0.005,0.005,1,1
hidden_orthogonal,446,0.005,0.005,1,1
hidden_orthogonal,447,0.005,0.005,1,1
hidden_orthogonal,448,0.005,0.005,1,1
hidden_orthogonal,449,0.005,0.005,1,1
hidden_orthogonal,450,0.005,0.005,1,1
hidden_orthogonal,451,0.005,0.005,1,1
hidden_orthogonal,452,0.005,0.005,1,1
hidden_orthogonal,453,0.005,0.005,1,1
hidden_orthogonal,454,0.005,0.005,1,1
hidden_orthogonal,455,0.005,0.005,1,1
hidden_orthogonal,456,0.005,0.005,1,1
hidden_orthogonal,457,0.005,0.005,1,1
hidden_orthogonal,458,0.005,0.005,1,1
hidden_orthogonal,459,0.005,0.005,1,1
hidden_orthogonal,460,0.005,0.005,1,1
hidden_orthogonal,461,0.005,0.005,1,1
hidden_orthogonal,462,0.005,0.005,1,1
hidden_orthogonal,463,0.005,0.005,1,1
hidden_orthogonal,464,0.005,0.005,1,1
hidden_orthogonal,465,0.005,0.005,1,1
hidden_orthogonal,466,0.005,0.005,1,1
hidden_orthogonal,467,0.005,0.005,1,1
hidden_orthogonal,468,0.005,0.005,1,1
hidden_orthogonal,469,0.005,0.005,1,1
hidden_orthogonal,470,0.005,0.005,1,1
hidden_orthogonal,471,0.005,0.005,1,1
hidden_orthogonal,472,0.005,0.005,1,1
hidden_orthogonal,473,0.005,0.005,1,1
hidden_orthogonal,474,0.005,0.005,1,1
hidden_orthogonal,475,0.005,0.005,1,1
hidden_orthogonal,476,0.005,0.005,1,1
hidden_orthogonal,477,0.005,0.005,1,1
hidden_orthogonal,478,0.005,0.005,1,1
hidden_orthogonal,479,0.005,0.005,1,1
hidden_orthogonal,480,0.005,0.005,1,1
hidden_orthogonal,481,0.005,0.005,1,1
hidden_orthogonal,482,0.005,0.005,1,1
hidden_orthogonal,483,0.005,0.005,1,1
hidden_orthogonal,484,0.005,0.005,1,1
hidden_orthogonal,485,0.005,0.005,1,1
hidden_orthogonal,486,0.005,0.005,1,1
hidden_orthogonal,487,0.005,0.005,1,1
hidden_orthogonal,488,0.005,0.005,1,1
hidden_orthogonal,489,0.005,0.005,1,1
hidden_orthogonal,490,0.005,0.005,1,1
hidden_orthogonal,491,0.005,0.005,1,1
hidden_orthogonal,492,0.005,0.005,1,1
hidden_orthogonal,493,0.005,0.005,1,1
hidden_orthogonal,494,0.005,0.005,1,1
hidden_orthogonal,495,0.005,0.005,1,1
hidden_orthogonal,496,0.005,0.005,1,1
hidden_orthogonal,497,0.005,0.005,1,1
hidden_orthogonal,498,0.005,0.005,1,1
hidden_orthogonal,499,0.005,0.005,1,1
hidden_orthogonal,500,0.005,0.005,1,1
hidden_orthogonal,501,0.005,0.005,1,1
hidden_orthogonal,502,0.005,0.005,1,1
hidden_orthogonal,503,0.005,0.005,1,1
hidden_orthogonal,504,0.005,0.005,1,1
hidden_orthogonal,505,0.005,0.005,1,1
hidden_orthogonal,506,0.005,0.005,1,1
hidden_orthogonal,507,0.005,0.005,1,1
hidden_orthogonal,508,0.005,0.005,1,1
hidden_orthogonal,509,0.005,0.005,1,1
hidden_orthogonal,510,0.005,0.005,1,1
hidden_orthogonal,511,0.005,0.005,1,1
hidden_orthogonal,512,0.005,0.005,1,1
hidden_orthogonal,513,0.005,0.005,1,1
hidden_orthogonal,514,0.005,0.005,1,1
hidden_orthogonal,515,0.005,0.005,1,1
hidden_orthogonal,516,0.005,0.005,1,1
hidden_orthogonal,517,0.005,0.005,1,1
hidden_orthogonal,518,0.005,0.005,1,1
hidden_orthogonal,519,0.005,0.005,1,1
hidden_orthogonal,520,0.005,0.005,1,1
hidden_orthogonal,521,0.005,0.005,1,1
hidden_orthogonal,522,0.005,0.005,1,1
hidden_orthogonal,523,0.005,0.005,1,1
hidden_orthogonal,524,0.005,0.005,1,1
hidden_orthogonal,525,0.005,0.005,1,1
hidden_orthogonal,526,0.005,0.005,1,1
hidden_orthogonal,527,0.005,0.005,1,1
hidden_orthogonal,528,0.005,0.005,1,1
hidden_orthogonal,529,0.005,0.005,1,1
hidden_orthogonal,530,0.005,0.005,1,1
hidden_orthogonal,531,0.005,0.005,1,1
hidden_orthogonal,532,0.005,0.005,1,1
hidden_orthogonal,533,0.005,0.005,1,1
hidden_orthogonal,534,0.005,0.005,1,1
hidden_orthogonal,535,0.005,0.005,1,1
hidden_orthogonal,536,0.005,0.005,1,1
hidden_orthogonal,537,0.005,0.005,1,1
hidden_orthogonal,538,0.005,0.005,1,1
hidden_orthogonal,539,0.005,0.005,1,1
hidden_orthogonal,540,0.005,0.005,1,1
hidden_orthogonal,541,0.005,0.005,1,1
hidden_orthogonal,542,0.005,0.005,1,1
hidden_orthogonal,543,0.005,0.005,1,1
hidden_orthogonal,544,0.005,0.005,1,1
hidden_orthogonal,545,0.005,0.005,1,1
hidden_orthogonal,546,0.005,0.005,1,1
hidden_orthogonal,547,0.005,0.005,1,1
hidden_orthogonal,548,0.005,0.005,1,1
hidden_orthogonal,549,0.005,0.005,1,1
hidden_orthogonal,550,0.005,0.005,1,1
hidden_orthogonal,551,0.005,0.005,1,1
hidden_orthogonal,552,0.005,0.005,1,1
hidden_orthogonal,553,0.005,0.005,1,1
hidden_orthogonal,554,0.005,0.005,1,1
hidden_orthogonal,555,0.005,0.005,1,1
hidden_orthogonal,556,0.005,0.005,1,1
hidden_orthogonal,557,0.005,0.005,1,1
hidden_orthogonal,558,0.005,0.005,1,1
hidden_orthogonal,559,0.005,0.005,1,1
hidden_orthogonal,560,0.005,0.005,1,1
hidden_orthogonal,561,0.005,0.005,1,1
hidden_orthogonal,562,0.005,0.005,1,1
hidden_orthogonal,563,0.005,0.005,1,1
hidden_orthogonal,564,0.005,0.005,1,1
hidden_orthogonal,565,0.005,0.005,1,1
hidden_orthogonal,566,0.005,0.005,1,1
hidden_orthogonal,567,0.005,0.005,1,1
hidden_orthogonal,568,0.005,0.005,1,1
hidden_orthogonal,569,0.005,0.005,1,1
hidden_orthogonal,570,0.005,0.005,1,1
hidden_orthogonal,571,0.005,0.005,1,1
hidden_orthogonal,572,0.005,0.005,1,1
hidden_orthogonal,573,0.005,0.005,1,1
hidden_orthogonal,574,0.005,0.005,1,1
hidden_orthogonal,575,0.005,0.005,1,1
hidden_orthogonal,576,0.005,0.005,1,1
hidden_orthogonal,577,0.005,0.005,1,1
hidden_orthogonal,578,0.005,0.005,1,1
hidden_orthogonal,579,0.005,0.005,1,1
hidden_orthogonal,580,0.005,0.005,1,1
hidden_orthogonal,581,0.005,0.005,1,1
hidden_orthogonal,582,0.005,0.005,1,1
hidden_orthogonal,583,0.005,0.005,1,1
hidden_orthogonal,584,0.005,0.005,1,1
hidden_orthogonal,585,0.005,0.005,1,1
hidden_orthogonal,586,0.005,0.005,1,1
hidden_orthogonal,587,0.005,0.005,1,1
hidden_orthogonal,588,0.005,0.005,1,1
hidden_orthogonal,589,0.005,0.005,1,1
hidden_orthogonal,590,0.005,0.005,1,1
hidden_orthogonal,591,0.005,0.005,1,1
hidden_orthogonal,592,0.005,0.005,1,1
hidden_orthogonal,593,0.005,0.005,1,1
hidden_orthogonal,594,0.005,0.005,1,1
hidden_orthogonal,595,0.005,0.005,1,1
hidden_orthogonal,596,0.005,0.005,1,1
hidden_orthogonal,597,0.005,0.005,1,1
hidden_orthogonal,598,0.005,0.005,1,1
hidden_orthogonal,599,0.005,0.005,1,1
hidden_orthogonal,600,0.005,0.005,1,1
hidden_orthogonal,601,0.005,0.005,1,1
hidden_orthogonal,602,0.005,0.005,1,1
hidden_orthogonal,603,0.005,0.005,1,1
hidden_orthogonal,604,0.005,0.005,1,1
hidden_orthogonal,605,0.005,0.005,1,1
hidden_orthogonal,606,0.005,0.005,1,1
hidden_orthogonal,607,0.005,0.005,1,1
hidden_orthogonal,608,0.005,0.005,1,1
hidden_orthogonal,609,0.005,0.005,1,1
hidden_orthogonal,610,0.005,0.005,1,1
hidden_orthogonal,611,0.005,0.005,1,1
hidden_orthogonal,612,0.005,0.005,1,1
hidden_orthogonal,613,0.005,0.005,1,1
hidden_orthogonal,614,0.005,0.005,1,1
hidden_orthogonal,615,0.005,0.005,1,1
hidden_orthogonal,616,0.005,0.005,1,1
hidden_orthogonal,617,0.005,0.005,1,1
hidden_orthogonal,618,0.005,0.005,1,1
hidden_orthogonal,619,0.005,0.005,1,1
hidden_orthogonal,620,0.005,0.005,1,1
hidden_orthogonal,621,0.005,0.005,1,1
hidden_orthogonal,622,0.005,0.005,1,1
hidden_orthogonal,623,0.005,0.005,1,1
hidden_orthogonal,624,0.005,0.005,1,1
hidden_orthogonal,625,0.005,0.005,1,1
hidden_orthogonal,626,0.005,0.005,1,1
hidden_orthogonal,627,0.005,0.005,1,1
hidden_orthogonal,628,0.005,0.005,1,1
hidden_orthogonal,629,0.005,0.005,1,1
hidden_orthogonal,630,0.005,0.005,1,1
hidden_orthogonal,631,0.005,0.005,1,1
hidden_orthogonal,632,0.005,0.005,1,1
hidden_orthogonal,633,0.005,0.005,1,1
hidden_orthogonal,634,0.005,0.005,1,1
hidden_orthogonal,635,0.005,0.005,1,1
hidden_orthogonal,636,0.005,0.005,1,1
hidden_orthogonal,637,0.005,0.005,1,1
hidden_orthogonal,638,0.005,0.005,1,1
hidden_orthogonal,639,0.005,0.005,1,1
hidden_orthogonal,640,0.005,0.005,1,1
hidden_orthogonal,641,0.005,0.005,1,1
hidden_orthogonal,642,0.005,0.005,1,1
hidden_orthogonal,643,0.005,0.005,1,1
hidden_orthogonal,644,0.005,0.005,1,1
hidden_orthogonal,645,0.005,0.005,1,1
hidden_orthogonal,646,0.005,0.005,1,1
hidden_orthogonal,647,0.005,0.005,1,1
hidden_orthogonal,648,0.005,0.005,1,1
hidden_orthogonal,649,0.005,0.005,1,1
hidden_orthogonal,650,0.005,0.005,1,1
hidden_orthogonal,651,0.005,0.005,1,1
hidden_orthogonal,652,0.005,0.005,1,1
hidden_orthogonal,653,0.005,0.005,1,1
hidden_orthogonal,654,0.005,0.005,1,1
hidden_orthogonal,655,0.005,0.005,1,1
hidden_orthogonal,656,0.005,0.005,1,1
hidden_orthogonal,657,0.005,0.005,1,1
hidden_orthogonal,658,0.005,0.005,1,1
hidden_orthogonal,659,0.005,0.005,1,1
hidden_orthogonal,660,0.005,0.005,1,1
hidden_orthogonal,661,0.005,0.005,1,1
hidden_orthogonal,662,0.005,0.005,1,1
hidden_orthogonal,663,0.005,0.005,1,1
hidden_orthogonal,664,0.005,0.005,1,1
hidden_orthogonal,665,0.005,0.005,1,1
hidden_orthogonal,666,0.005,0.005,1,1
hidden_orthogonal,667,0.005,0.005,1,1
hidden_orthogonal,668,0.005,0.005,1,1
hidden_orthogonal,669,0.005,0.005,1,1
hidden_orthogonal,670,0.005,0.005,1,1
hidden_orthogonal,671,0.005,0.005,1,1
hidden_orthogonal,672,0.005,0.005,1,1
hidden_orthogonal,673,0.005,0.005,1,1
hidden_orthogonal,674,0.005,0.005,1,1
hidden_orthogonal,675,0.005,0.005,1,1
hidden_orthogonal,676,0.005,0.005,1,1
hidden_orthogonal,677,0.005,0.005,1,1
hidden_orthogonal,678,0.005,0.005,1,1
hidden_orthogonal,679,0.005,0.005,1,1
hidden_orthogonal,680,0.005,0.005,1,1
hidden_orthogonal,681,0.005,0.005,1,1
hidden_orthogonal,682,0.005,0.005,1,1
hidden_orthogonal,683,0.005,0.005,1,1
hidden_orthogonal,684,0.005,0.005,1,1
hidden_orthogonal,685,0.005,0.005,1,1
hidden_orthogonal,686,0.005,0.005,1,1
hidden_orthogonal,687,0.005,0.005,1,1
hidden_orthogonal,688,0.005,0.005,1,1
hidden_orthogonal,689,0.005,0.005,1,1
hidden_orthogonal,690,0.005,0.005,1,1
hidden_orthogonal,691,0.005,0.005,1,1
hidden_orthogonal,692,0.005,0.005,1,1
hidden_orthogonal,693,0.005,0.005,1,1
hidden_orthogonal,694,0.005,0.005,1,1
hidden_orthogonal,695,0.005,0.005,1,1
hidden_orthogonal,696,0.005,0.005,1,1
hidden_orthogonal,697,0.005,0.005,1,1
hidden_orthogonal,698,0.005,0.005,1,1
hidden_orthogonal,699,0.005,0.005,1,1
hidden_orthogonal,700,0.005,0.005,1,1
hidden_orthogonal,701,0.005,0.005,1,1
hidden_orthogonal,702,0.005,0.005,1,1
hidden_orthogonal,703,0.005,0.005,1,1
hidden_orthogonal,704,0.005,0.005,1,1
hidden_orthogonal,705,0.005,0.005,1,1
hidden_orthogonal,706,0.005,0.005,1,1
hidden_orthogonal,707,0.005,0.005,1,1
hidden_orthogonal,708,0.005,0.005,1,1
hidden_orthogonal,709,0.005,0.005,1,1
hidden_orthogonal,710,0.005,0.005,1,1
hidden_orthogonal,711,0.005,0.005,1,1
hidden_orthogonal,712,0.005,0.005,1,1
hidden_orthogonal,713,0.005,0.005,1,1
hidden_orthogonal,714,0.005,0.005,1,1
hidden_orthogonal,715,0.005,0.005,1,1
hidden_orthogonal,716,0.005,0.005,1,1
hidden_orthogonal,717,0.005,0.005,1,1
hidden_orthogonal,718,0.005,0.005,1,1
hidden_orthogonal,719,0.005,0.005,1,1
hidden_orthogonal,720,0.005,0.005,1,1
hidden_orthogonal,721,0.005,0.005,1,1
hidden_orthogonal,722,0.005,0.005,1,1
hidden_orthogonal,723,0.005,0.005,1,1
hidden_orthogonal,724,0.005,0.005,1,1
hidden_orthogonal,725,0.005,0.005,1,1
hidden_orthogonal,726,0.005,0.005,1,1
hidden_orthogonal,727,0.005,0.005,1,1
hidden_orthogonal,728,0.005,0.005,1,1
hidden_orthogonal,729,0.005,0.005,1,1
hidden_orthogonal,730,0.005,0.005,1,1
hidden_orthogonal,731,0.005,0.005,1,1
hidden_orthogonal,732,0.005,0.005,1,1
hidden_orthogonal,733,0.005,0.005,1,1
hidden_orthogonal,734,0.005,0.005,1,1
hidden_orthogonal,735,0.005,0.005,1,1
hidden_orthogonal,736,0.005,0.005,1,1
hidden_orthogonal,737,0.005,0.005,1,1
hidden_orthogonal,738,0.005,0.005,1,1
hidden_orthogonal,739,0.005,0.005,1,1
hidden_orthogonal,740,0.005,0.005,1,1
hidden_orthogonal,741,0.005,0.005,1,1
hidden_orthogonal,742,0.005,0.005,1,1
hidden_orthogonal,743,0.005,0.005,1,1
hidden_orthogonal,744,0.005,0.005,1,1
hidden_orthogonal,745,0.005,0.005,1,1
hidden_orthogonal,746,0.005,0.005,1,1
hidden_orthogonal,747,0.005,0.005,1,1
hidden_orthogonal,748,0.005,0.005,1,1
hidden_orthogonal,749,0.005,0.005,1,1
hidden_orthogonal,750,0.005,0.005,1,1
hidden_orthogonal,751,0.005,0.005,1,1
hidden_orthogonal,752,0.005,0.005,1,1
hidden_orthogonal,753,0.005,0.005,1,1
hidden_orthogonal,754,0.005,0.005,1,1
hidden_orthogonal,755,0.005,0.005,1,1
hidden_orthogonal,756,0.005,0.005,1,1
hidden_orthogonal,757,0.005,0.005,1,1
hidden_orthogonal,758,0.005,0.005,1,1
hidden_orthogonal,759,0.005,0.005,1,1
hidden_orthogonal,760,0.005,0.005,1,1
hidden_orthogonal,761,0.005,0.005,1,1
hidden_orthogonal,762,0.005,0.005,1,1
hidden_orthogonal,763,0.005,0.005,1,1
hidden_orthogonal,764,0.005,0.005,1,1
hidden_orthogonal,765,0.005,0.005,1,1
hidden_orthogonal,766,0.005,0.005,1,1
hidden_orthogonal,767,0.005,0.005,1,1
hidden_orthogonal,768,0.005,0.005,1,1
hidden_orthogonal,769,0.005,0.005,1,1
hidden_orthogonal,770,0.005,0.005,1,1
hidden_orthogonal,771,0.005,0.005,1,1
hidden_orthogonal,772,0.005,0.005,1,1
hidden_orthogonal,773,0.005,0.005,1,1
hidden_orthogonal,774,0.005,0.005,1,1
hidden_orthogonal,775,0.005,0.005,1,1
hidden_orthogonal,776,0.005,0.005,1,1
hidden_orthogonal,777,0.005,0.005,1,1
hidden_orthogonal,778,0.005,0.005,1,1
hidden_orthogonal,779,0.005,0.005,1,1
hidden_orthogonal,780,0.005,0.005,1,1
hidden_orthogonal,781,0.005,0.005,1,1
hidden_orthogonal,782,0.005,0.005,1,1
hidden_orthogonal,783,0.005,0.005,1,1
hidden_orthogonal,784,0.005,0.005,1,1
hidden_orthogonal,785,0.005,0.005,1,1
hidden_orthogonal,786,0.005,0.005,1,1
hidden_orthogonal,787,0.005,0.005,1,1
hidden_orthogonal,788,0.005,0.005,1,1
hidden_orthogonal,789,0.005,0.005,1,1
hidden_orthogonal,790,0.005,0.005,1,1
hidden_orthogonal,791,0.005,0.005,1,1
hidden_orthogonal,792,0.005,0.005,1,1
hidden_orthogonal,793,0.005,0.005,1,1
hidden_orthogonal,794,0.005,0.005,1,1
hidden_orthogonal,795,0.005,0.005,1,1
hidden_orthogonal,796,0.005,0.005,1,1
hidden_orthogonal,797,0.005,0.005,1,1
hidden_orthogonal,798,0.005,0.005,1,1
hidden_orthogonal,799,0.005,0.005,1,1
hidden_orthogonal,800,0.005,0.005,1,1
hidden_orthogonal,801,0.005,0.005,1,1
hidden_orthogonal,802,0.005,0.005,1,1
hidden_orthogonal,803,0.005,0.005,1,1
hidden_orthogonal,804,0.005,0.005,1,1
hidden_orthogonal,805,0.005,0.005,1,1
hidden_orthogonal,806,0.005,0.005,1,1
hidden_orthogonal,807,0.005,0.005,1,1
hidden_orthogonal,808,0.005,0.005,1,1
hidden_orthogonal,809,0.005,0.005,1,1
hidden_orthogonal,810,0.005,0.005,1,1
hidden_orthogonal,811,0.005,0.005,1,1
hidden_orthogonal,812,0.005,0.005,1,1
hidden_orthogonal,813,0.005,0.005,1,1
hidden_orthogonal,814,0.005,0.005,1,1
hidden_orthogonal,815,0.005,0.005,1,1
hidden_orthogonal,816,0.005,0.005,1,1
hidden_orthogonal,817,0.005,0.005,1,1
hidden_orthogonal,818,0.005,0.005,1,1
hidden_orthogonal,819,0.005,0.005,1,1
hidden_orthogonal,820,0.005,0.005,1,1
hidden_orthogonal,821,0.005,0.005,1,1
hidden_orthogonal,822,0.005,0.005,1,1
hidden_orthogonal,823,0.005,0.005,1,1
hidden_orthogonal,824,0.005,0.005,1,1
hidden_orthogonal,825,0.005,0.005,1,1
hidden_orthogonal,826,0.005,0.005,1,1
hidden_orthogonal,827,0.005,0.005,1,1
hidden_orthogonal,828,0.005,0.005,1,1
hidden_orthogonal,829,0.005,0.005,1,1
hidden_orthogonal,830,0.005,0.005,1,1
hidden_orthogonal,831,0.005,0.005,1,1
hidden_orthogonal,832,0.005,0.005,1,1
hidden_orthogonal,833,0.005,0.005,1,1
hidden_orthogonal,834,0.005,0.005,1,1
hidden_orthogonal,835,0.005,0.005,1,1
hidden_orthogonal,836,0.005,0.005,1,1
hidden_orthogonal,837,0.005,0.005,1,1
hidden_orthogonal,838,0.005,0.005,1,1
hidden_orthogonal,839,0.005,0.005,1,1
hidden_orthogonal,840,0.005,0.005,1,1
hidden_orthogonal,841,0.005,0.005,1,1
hidden_orthogonal,842,0.005,0.005,1,1
hidden_orthogonal,843,0.005,0.005,1,1
hidden_orthogonal,844,0.005,0.005,1,1
hidden_orthogonal,845,0.005,0.005,1,1
hidden_orthogonal,846,0.005,0.005,1,1
hidden_orthogonal,847,0.005,0.005,1,1
hidden_orthogonal,848,0.005,0.005,1,1
hidden_orthogonal,849,0.005,0.005,1,1
hidden_orthogonal,850,0.005,0.005,1,1
hidden_orthogonal,851,0.005,0.005,1,1
hidden_orthogonal,852,0.005,0.005,1,1
hidden_orthogonal,853,0.005,0.005,1,1
hidden_orthogonal,854,0.005,0.005,1,1
hidden_orthogonal,855,0.005,0.005,1,1
hidden_orthogonal,856,0.005,0.005,1,1
hidden_orthogonal,857,0.005,0.005,1,1
hidden_orthogonal,858,0.005,0.005,1,1
hidden_orthogonal,859,0.005,0.005,1,1
hidden_orthogonal,860,0.005,0.005,1,1
hidden_orthogonal,861,0.005,0.005,1,1
hidden_orthogonal,862,0.005,0.005,1,1
hidden_orthogonal,863,0.005,0.005,1,1
hidden_orthogonal,864,0.005,0.005,1,1
hidden_orthogonal,865,0.005,0.005,1,1
hidden_orthogonal,866,0.005,0.005,1,1
hidden_orthogonal,867,0.005,0.005,1,1
hidden_orthogonal,868,0.005,0.005,1,1
hidden_orthogonal,869,0.005,0.005,1,1
hidden_orthogonal,870,0.005,0.005,1,1
hidden_orthogonal,871,0.005,0.005,1,1
hidden_orthogonal,872,0.005,0.005,1,1
hidden_orthogonal,873,0.005,0.005,1,1
hidden_orthogonal,874,0.005,0.005,1,1
hidden_orthogonal,875,0.005,0.005,1,1
hidden_orthogonal,876,0.005,0.005,1,1
hidden_orthogonal,877,0.005,0.005,1,1
hidden_orthogonal,878,0.005,0.005,1,1
hidden_orthogonal,879,0.005,0.005,1,1
hidden_orthogonal,880,0.005,0.005,1,1
hidden_orthogonal,881,0.005,0.005,1,1
hidden_orthogonal,882,0.005,0.005,1,1
hidden_orthogonal,883,0.005,0.005,1,1
hidden_orthogonal,884,0.005,0.005,1,1
hidden_orthogonal,885,0.005,0.005,1,1
hidden_orthogonal,886,0.005,0.005,1,1
hidden_orthogonal,887,0.005,0.005,1,1
hidden_orthogonal,888,0.005,0.005,1,1
hidden_orthogonal,889,0.005,0.005,1,1
hidden_orthogonal,890,0.005,0.005,1,1
hidden_orthogonal,891,0.005,0.005,1,1
hidden_orthogonal,892,0.005,0.005,1,1
hidden_orthogonal,893,0.005,0.005,1,1
hidden_orthogonal,894,0.005,0.005,1,1
hidden_orthogonal,895,0.005,0.005,1,1
hidden_orthogonal,896,0.005,0.005,1,1
hidden_orthogonal,897,0.005,0.005,1,1
hidden_orthogonal,898,0.005,0.005,1,1
hidden_orthogonal,899,0.005,0.005,1,1
hidden_orthogonal,900,0.005,0.005,1,1
hidden_orthogonal,901,0.005,0.005,1,1
hidden_orthogonal,902,0.005,0.005,1,1
hidden_orthogonal,903,0.005,0.005,1,1
hidden_orthogonal,904,0.005,0.005,1,1
hidden_orthogonal,905,0.005,0.005,1,1
hidden_orthogonal,906,0.005,0.005,1,1
hidden_orthogonal,907,0.005,0.005,1,1
hidden_orthogonal,908,0.005,0.005,1,1
hidden_orthogonal,909,0.005,0.005,1,1
hidden_orthogonal,910,0.005,0.005,1,1
hidden_orthogonal,911,0.005,0.005,1,1
hidden_orthogonal,912,0.005,0.005,1,1
hidden_orthogonal,913,0.005,0.005,1,1
hidden_orthogonal,914,0.005,0.005,1,1
hidden_orthogonal,915,0.005,0.005,1,1
hidden_orthogonal,916,0.005,0.005,1,1
hidden_orthogonal,917,0.005,0.005,1,1
hidden_orthogonal,918,0.005,0.005,1,1
hidden_orthogonal,919,0.005,0.005,1,1
hidden_orthogonal,920,0.005,0.005,1,1
hidden_orthogonal,921,0.005,0.005,1,1
hidden_orthogonal,922,0.005,0.005,1,1
hidden_orthogonal,923,0.005,0.005,1,1
hidden_orthogonal,924,0.005,0.005,1,1
hidden_orthogonal,925,0.005,0.005,1,1
hidden_orthogonal,926,0.005,0.005,1,1
hidden_orthogonal,927,0.005,0.005,1,1
hidden_orthogonal,928,0.005,0.005,1,1
hidden_orthogonal,929,0.005,0.005,1,1
hidden_orthogonal,930,0.005,0.005,1,1
hidden_orthogonal,931,0.005,0.005,1,1
hidden_orthogonal,932,0.005,0.005,1,1
hidden_orthogonal,933,0.005,0.005,1,1
hidden_orthogonal,934,0.005,0.005,1,1
hidden_orthogonal,935,0.005,0.005,1,1
hidden_orthogonal,936,0.005,0.005,1,1
hidden_orthogonal,937,0.005,0.005,1,1
hidden_orthogonal,938,0.005,0.005,1,1
hidden_orthogonal,939,0.005,0.005,1,1
hidden_orthogonal,940,0.005,0.005,1,1
hidden_orthogonal,941,0.005,0.005,1,1
hidden_orthogonal,942,0.005,0.005,1,1
hidden_orthogonal,943,0.005,0.005,1,1
hidden_orthogonal,944,0.005,0.005,1,1
hidden_orthogonal,945,0.005,0.005,1,1
hidden_orthogonal,946,0.005,0.005,1,1
hidden_orthogonal,947,0.005,0.005,1,1
hidden_orthogonal,948,0.005,0.005,1,1
hidden_orthogonal,949,0.005,0.005,1,1
hidden_orthogonal,950,0.005,0.005,1,1
hidden_orthogonal,951,0.005,0.005,1,1
hidden_orthogonal,952,0.005,0.005,1,1
hidden_orthogonal,953,0.005,0.005,1,1
hidden_orthogonal,954,0.005,0.005,1,1
hidden_orthogonal,955,0.005,0.005,1,1
hidden_orthogonal,956,0.005,0.005,1,1
hidden_orthogonal,957,0.005,0.005,1,1
hidden_orthogonal,958,0.005,0.005,1,1
hidden_orthogonal,959,0.005,0.005,1,1
hidden_orthogonal,960,0.005,0.005,1,1
hidden_orthogonal,961,0.005,0.005,1,1
hidden_orthogonal,962,0.005,0.005,1,1
hidden_orthogonal,963,0.005,0.005,1,1
hidden_orthogonal,964,0.005,0.005,1,1
hidden_orthogonal,965,0.005,0.005,1,1
hidden_orthogonal,966,0.005,0.005,1,1
hidden_orthogonal,967,0.005,0.005,1,1
hidden_orthogonal,968,0.005,0.005,1,1
hidden_orthogonal,969,0.005,0.005,1,1
hidden_orthogonal,970,0.005,0.005,1,1
hidden_orthogonal,971,0.005,0.005,1,1
hidden_orthogonal,972,0.005,0.005,1,1
hidden_orthogonal,973,0.005,0.005,1,1
hidden_orthogonal,974,0.005,0.005,1,1
hidden_orthogonal,975,0.005,0.005,1,1
hidden_orthogonal,976,0.005,0.005,1,1
hidden_orthogonal,977,0.005,0.005,1,1
hidden_orthogonal,978,0.005,0.005,1,1
hidden_orthogonal,979,0.005,0.005,1,1
hidden_orthogonal,980,0.005,0.005,1,1
hidden_orthogonal,981,0.005,0.005,1,1
hidden_orthogonal,982,0.005,0.005,1,1
hidden_orthogonal,983,0.005,0.005,1,1
hidden_orthogonal,984,0.005,0.005,1,1
hidden_orthogonal,985,0.005,0.005,1,1
hidden_orthogonal,986,0.005,0.005,1,1
hidden_orthogonal,987,0.005,0.005,1,1
hidden_orthogonal,988,0.005,0.005,1,1
hidden_orthogonal,989,0.005,0.005,1,1
hidden_orthogonal,990,0.005,0.005,1,1
hidden_orthogonal,991,0.005,0.005,1,1
hidden_orthogonal,992,0.005,0.005,1,1
hidden_orthogonal,993,0.005,0.005,1,1
hidden_orthogonal,994,0.005,0.005,1,1
hidden_orthogonal,995,0.005,0.005,1,1
hidden_orthogonal,996,0.005,0.005,1,1
hidden_orthogonal,997,0.005,0.005,1,1
hidden_orthogonal,998,0.005,0.005,1,1
hidden_orthogonal,999,0.005,0.005,1,1
