condition,statistic,rep,respondents,eta,pvalue,reject
null,dictionary,0,400,0.45,0.006,1
null,dictionary,1,400,0.45,0.468,0
null,dictionary,2,400,0.45,0.904,0
null,dictionary,3,400,0.45,0.31,0
null,dictionary,4,400,0.45,0.488,0
null,dictionary,5,400,0.45,0.152,0
null,dictionary,6,400,0.45,0.626,0
null,dictionary,7,400,0.45,0.696,0
null,dictionary,8,400,0.45,0.384,0
null,dictionary,9,400,0.45,0.29,0
null,dictionary,10,400,0.45,0.554,0
null,dictionary,11,400,0.45,0.02,1
null,dictionary,12,400,0.45,0.512,0
null,dictionary,13,400,0.45,0.368,0
null,dictionary,14,400,0.45,0.622,0
null,dictionary,15,400,0.45,0.592,0
null,dictionary,16,400,0.45,0.044,1
null,dictionary,17,400,0.45,0.664,0
null,dictionary,18,400,0.45,0.408,0
null,dictionary,19,400,0.45,0.638,0
null,dictionary,20,400,0.45,0.984,0
null,dictionary,21,400,0.45,0.018,1
null,dictionary,22,400,0.45,0.812,0
null,dictionary,23,400,0.45,0.418,0
null,dictionary,24,400,0.45,0.458,0
null,dictionary,25,400,0.45,0.426,0
null,dictionary,26,400,0.45,0.376,0
null,dictionary,27,400,0.45,0.182,0
null,dictionary,28,400,0.45,0.928,0
null,dictionary,29,400,0.45,0.19,0
null,dictionary,30,400,0.45,0.75,0
null,dictionary,31,400,0.45,0.872,0
null,dictionary,32,400,0.45,0.734,0
null,dictionary,33,400,0.45,0.598,0
null,dictionary,34,400,0.45,0.28,0
null,dictionary,35,400,0.45,0.97,0
null,dictionary,36,400,0.45,0.53,0
null,dictionary,37,400,0.45,0.808,0
null,dictionary,38,400,0.45,0.974,0
null,dictionary,39,400,0.45,0.404,0
null,dictionary,40,400,0.45,0.258,0
null,dictionary,41,400,0.45,0.058,0
null,dictionary,42,400,0.45,0.606,0
null,dictionary,43,400,0.45,0.222,0
null,dictionary,44,400,0.45,0.334,0
null,dictionary,45,400,0.45,0.382,0
null,dictionary,46,400,0.45,0.356,0
null,dictionary,47,400,0.45,0.772,0
null,dictionary,48,400,0.45,0.276,0
null,dictionary,49,400,0.45,0.976,0
null,dictionary,50,400,0.45,0.216,0
null,dictionary,51,400,0.45,0.684,0
null,dictionary,52,400,0.45,0.166,0
null,dictionary,53,400,0.45,0.218,0
null,dictionary,54,400,0.45,0.964,0
null,dictionary,55,400,0.45,0.884,0
null,dictionary,56,400,0.45,0.586,0
null,dictionary,57,400,0.45,0.048,1
null,dictionary,58,400,0.45,0.5,0
null,dictionary,59,400,0.45,0.228,0
null,dictionary,60,400,0.45,0.266,0
null,dictionary,61,400,0.45,0.716,0
null,dictionary,62,400,0.45,0.484,0
null,dictionary,63,400,0.45,0.168,0
null,dictionary,64,400,0.45,0.442,0
null,dictionary,65,400,0.45,0.14,0
null,dictionary,66,400,0.45,0.522,0
null,dictionary,67,400,0.45,0.346,0
null,dictionary,68,400,0.45,0.1,0
null,dictionary,69,400,0.45,0.626,0
null,dictionary,70,400,0.45,0.576,0
null,dictionary,71,400,0.45,0.142,0
null,dictionary,72,400,0.45,0.2,0
null,dictionary,73,400,0.45,0.84,0
null,dictionary,74,400,0.45,0.802,0
null,dictionary,75,400,0.45,0.744,0
null,dictionary,76,400,0.45,0.33,0
null,dictionary,77,400,0.45,0.054,0
null,dictionary,78,400,0.45,0.332,0
null,dictionary,79,400,0.45,0.498,0
null,dictionary,80,400,0.45,0.94,0
null,dictionary,81,400,0.45,0.25,0
null,dictionary,82,400,0.45,0.586,0
null,dictionary,83,400,0.45,0.112,0
null,dictionary,84,400,0.45,0.264,0
null,dictionary,85,400,0.45,0.088,0
null,dictionary,86,400,0.45,0.488,0
null,dictionary,87,400,0.45,0.826,0
null,dictionary,88,400,0.45,0.928,0
null,dictionary,89,400,0.45,0.832,0
null,dictionary,90,400,0.45,0.69,0
null,dictionary,91,400,0.45,0.158,0
null,dictionary,92,400,0.45,0.512,0
null,dictionary,93,400,0.45,0.106,0
null,dictionary,94,400,0.45,0.508,0
null,dictionary,95,400,0.45,0.074,0
null,dictionary,96,400,0.45,0.526,0
null,dictionary,97,400,0.45,0.75,0
null,dictionary,98,400,0.45,0.996,0
null,dictionary,99,400,0.45,0.766,0
null,dictionary,100,400,0.45,0.696,0
null,dictionary,101,400,0.45,0.796,0
null,dictionary,102,400,0.45,0.098,0
null,dictionary,103,400,0.45,0.242,0
null,dictionary,104,400,0.45,0.65,0
null,dictionary,105,400,0.45,0.562,0
null,dictionary,106,400,0.45,0.14,0
null,dictionary,107,400,0.45,0.312,0
null,dictionary,108,400,0.45,0.424,0
null,dictionary,109,400,0.45,0.6,0
null,dictionary,110,400,0.45,0.46,0
null,dictionary,111,400,0.45,0.424,0
null,dictionary,112,400,0.45,0.14,0
null,dictionary,113,400,0.45,0.458,0
null,dictionary,114,400,0.45,0.304,0
null,dictionary,115,400,0.45,0.59,0
null,dictionary,116,400,0.45,0.256,0
null,dictionary,117,400,0.45,0.846,0
null,dictionary,118,400,0.45,0.304,0
null,dictionary,119,400,0.45,0.408,0
null,dictionary,120,400,0.45,0.256,0
null,dictionary,121,400,0.45,0.216,0
null,dictionary,122,400,0.45,0.724,0
null,dictionary,123,400,0.45,0.762,0
null,dictionary,124,400,0.45,0.08,0
null,dictionary,125,400,0.45,0.85,0
null,dictionary,126,400,0.45,0.516,0
null,dictionary,127,400,0.45,0.752,0
null,dictionary,128,400,0.45,0.816,0
null,dictionary,129,400,0.45,0.278,0
null,dictionary,130,400,0.45,0.464,0
null,dictionary,131,400,0.45,0.14,0
null,dictionary,132,400,0.45,0.254,0
null,dictionary,133,400,0.45,0.556,0
null,dictionary,134,400,0.45,0.688,0
null,dictionary,135,400,0.45,0.01,1
null,dictionary,136,400,0.45,0.094,0
null,dictionary,137,400,0.45,0.342,0
null,dictionary,138,400,0.45,0.024,1
null,dictionary,139,400,0.45,0.338,0
null,dictionary,140,400,0.45,0.054,0
null,dictionary,141,400,0.45,0.408,0
null,dictionary,142,400,0.45,0.118,0
null,dictionary,143,400,0.45,0.78,0
null,dictionary,144,400,0.45,0.906,0
null,dictionary,145,400,0.45,0.322,0
null,dictionary,146,400,0.45,0.958,0
null,dictionary,147,400,0.45,0.952,0
null,dictionary,148,400,0.45,0.57,0
null,dictionary,149,400,0.45,0.594,0
null,dictionary,150,400,0.45,0.58,0
null,dictionary,151,400,0.45,0.97,0
null,dictionary,152,400,0.45,0.936,0
null,dictionary,153,400,0.45,0.336,0
null,dictionary,154,400,0.45,0.518,0
null,dictionary,155,400,0.45,0.346,0
null,dictionary,156,400,0.45,0.564,0
null,dictionary,157,400,0.45,0.738,0
null,dictionary,158,400,0.45,0.662,0
null,dictionary,159,400,0.45,0.148,0
null,dictionary,160,400,0.45,0.244,0
null,dictionary,161,400,0.45,0.88,0
null,dictionary,162,400,0.45,0.636,0
null,dictionary,163,400,0.45,0.838,0
null,dictionary,164,400,0.45,0.942,0
null,dictionary,165,400,0.45,0.902,0
null,dictionary,166,400,0.45,0.02,1
null,dictionary,167,400,0.45,0.928,0
null,dictionary,168,400,0.45,0.536,0
null,dictionary,169,400,0.45,0.768,0
null,dictionary,170,400,0.45,0.628,0
null,dictionary,171,400,0.45,0.936,0
null,dictionary,172,400,0.45,0.104,0
null,dictionary,173,400,0.45,0.972,0
null,dictionary,174,400,0.45,0.762,0
null,dictionary,175,400,0.45,0.296,0
null,dictionary,176,400,0.45,0.876,0
null,dictionary,177,400,0.45,0.366,0
null,dictionary,178,400,0.45,0.638,0
null,dictionary,179,400,0.45,0.58,0
null,dictionary,180,400,0.45,0.732,0
null,dictionary,181,400,0.45,0.128,0
null,dictionary,182,400,0.45,0.846,0
null,dictionary,183,400,0.45,0.074,0
null,dictionary,184,400,0.45,0.312,0
null,dictionary,185,400,0.45,0.516,0
null,dictionary,186,400,0.45,0.574,0
null,dictionary,187,400,0.45,0.68,0
null,dictionary,188,400,0.45,0.574,0
null,dictionary,189,400,0.45,0.72,0
null,dictionary,190,400,0.45,0.954,0
null,dictionary,191,400,0.45,0.648,0
null,dictionary,192,400,0.45,0.962,0
null,dictionary,193,400,0.45,0.276,0
null,dictionary,194,400,0.45,0.45,0
null,dictionary,195,400,0.45,0.202,0
null,dictionary,196,400,0.45,0.398,0
null,dictionary,197,400,0.45,0.964,0
null,dictionary,198,400,0.45,0.54,0
null,dictionary,199,400,0.45,0.456,0
null,dictionary,200,400,0.45,0.614,0
null,dictionary,201,400,0.45,0.108,0
null,dictionary,202,400,0.45,0.902,0
null,dictionary,203,400,0.45,0.136,0
null,dictionary,204,400,0.45,0.104,0
null,dictionary,205,400,0.45,0.632,0
null,dictionary,206,400,0.45,0.242,0
null,dictionary,207,400,0.45,0.178,0
null,dictionary,208,400,0.45,0.526,0
null,dictionary,209,400,0.45,0.526,0
null,dictionary,210,400,0.45,0.346,0
null,dictionary,211,400,0.45,0.162,0
null,dictionary,212,400,0.45,0.686,0
null,dictionary,213,400,0.45,0.996,0
null,dictionary,214,400,0.45,0.262,0
null,dictionary,215,400,0.45,0.64,0
null,dictionary,216,400,0.45,0.542,0
null,dictionary,217,400,0.45,0.336,0
null,dictionary,218,400,0.45,0.956,0
null,dictionary,219,400,0.45,0.662,0
null,dictionary,220,400,0.45,0.694,0
null,dictionary,221,400,0.45,0.534,0
null,dictionary,222,400,0.45,0.368,0
null,dictionary,223,400,0.45,0.544,0
null,dictionary,224,400,0.45,0.996,0
null,dictionary,225,400,0.45,0.256,0
null,dictionary,226,400,0.45,0.71,0
null,dictionary,227,400,0.45,0.954,0
null,dictionary,228,400,0.45,0.484,0
null,dictionary,229,400,0.45,0.498,0
null,dictionary,230,400,0.45,0.354,0
null,dictionary,231,400,0.45,0.148,0
null,dictionary,232,400,0.45,0.702,0
null,dictionary,233,400,0.45,0.372,0
null,dictionary,234,400,0.45,0.166,0
null,dictionary,235,400,0.45,0.524,0
null,dictionary,236,400,0.45,0.992,0
null,dictionary,237,400,0.45,0.78,0
null,dictionary,238,400,0.45,0.49,0
null,dictionary,239,400,0.45,0.796,0
null,dictionary,240,400,0.45,0.316,0
null,dictionary,241,400,0.45,0.402,0
null,dictionary,242,400,0.45,0.36,0
null,dictionary,243,400,0.45,0.306,0
null,dictionary,244,400,0.45,0.756,0
null,dictionary,245,400,0.45,0.584,0
null,dictionary,246,400,0.45,1.0,0
null,dictionary,247,400,0.45,0.728,0
null,dictionary,248,400,0.45,0.408,0
null,dictionary,249,400,0.45,0.25,0
null,dictionary,250,400,0.45,0.666,0
null,dictionary,251,400,0.45,0.594,0
null,dictionary,252,400,0.45,0.132,0
null,dictionary,253,400,0.45,0.048,1
null,dictionary,254,400,0.45,0.028,1
null,dictionary,255,400,0.45,0.322,0
null,dictionary,256,400,0.45,0.338,0
null,dictionary,257,400,0.45,0.414,0
null,dictionary,258,400,0.45,0.414,0
null,dictionary,259,400,0.45,0.018,1
null,dictionary,260,400,0.45,0.93,0
null,dictionary,261,400,0.45,0.686,0
null,dictionary,262,400,0.45,0.25,0
null,dictionary,263,400,0.45,0.526,0
null,dictionary,264,400,0.45,0.058,0
null,dictionary,265,400,0.45,0.046,1
null,dictionary,266,400,0.45,0.452,0
null,dictionary,267,400,0.45,0.26,0
null,dictionary,268,400,0.45,0.724,0
null,dictionary,269,400,0.45,0.934,0
null,dictionary,270,400,0.45,0.736,0
null,dictionary,271,400,0.45,0.28,0
null,dictionary,272,400,0.45,0.286,0
null,dictionary,273,400,0.45,0.5,0
null,dictionary,274,400,0.45,0.526,0
null,dictionary,275,400,0.45,0.092,0
null,dictionary,276,400,0.45,0.47,0
null,dictionary,277,400,0.45,0.75,0
null,dictionary,278,400,0.45,0.85,0
null,dictionary,279,400,0.45,0.326,0
null,dictionary,280,400,0.45,0.156,0
null,dictionary,281,400,0.45,0.282,0
null,dictionary,282,400,0.45,0.432,0
null,dictionary,283,400,0.45,0.016,1
null,dictionary,284,400,0.45,0.37,0
null,dictionary,285,400,0.45,0.936,0
null,dictionary,286,400,0.45,0.586,0
null,dictionary,287,400,0.45,0.526,0
null,dictionary,288,400,0.45,0.924,0
null,dictionary,289,400,0.45,0.626,0
null,dictionary,290,400,0.45,0.366,0
null,dictionary,291,400,0.45,0.294,0
null,dictionary,292,400,0.45,0.072,0
null,dictionary,293,400,0.45,0.558,0
null,dictionary,294,400,0.45,0.854,0
null,dictionary,295,400,0.45,0.686,0
null,dictionary,296,400,0.45,0.47,0
null,dictionary,297,400,0.45,0.51,0
null,dictionary,298,400,0.45,0.338,0
null,dictionary,299,400,0.45,0.434,0
null,dictionary,300,400,0.45,0.71,0
null,dictionary,301,400,0.45,0.08,0
null,dictionary,302,400,0.45,0.372,0
null,dictionary,303,400,0.45,0.624,0
null,dictionary,304,400,0.45,0.254,0
null,dictionary,305,400,0.45,0.438,0
null,dictionary,306,400,0.45,0.75,0
null,dictionary,307,400,0.45,0.438,0
null,dictionary,308,400,0.45,0.458,0
null,dictionary,309,400,0.45,0.552,0
null,dictionary,310,400,0.45,0.912,0
null,dictionary,311,400,0.45,0.03,1
null,dictionary,312,400,0.45,0.646,0
null,dictionary,313,400,0.45,0.422,0
null,dictionary,314,400,0.45,0.79,0
null,dictionary,315,400,0.45,0.186,0
null,dictionary,316,400,0.45,0.316,0
null,dictionary,317,400,0.45,0.378,0
null,dictionary,318,400,0.45,0.82,0
null,dictionary,319,400,0.45,0.832,0
null,dictionary,320,400,0.45,0.748,0
null,dictionary,321,400,0.45,0.634,0
null,dictionary,322,400,0.45,0.516,0
null,dictionary,323,400,0.45,0.416,0
null,dictionary,324,400,0.45,0.058,0
null,dictionary,325,400,0.45,0.838,0
null,dictionary,326,400,0.45,0.96,0
null,dictionary,327,400,0.45,0.54,0
null,dictionary,328,400,0.45,0.866,0
null,dictionary,329,400,0.45,0.674,0
null,dictionary,330,400,0.45,0.172,0
null,dictionary,331,400,0.45,0.46,0
null,dictionary,332,400,0.45,0.486,0
null,dictionary,333,400,0.45,0.09,0
null,dictionary,334,400,0.45,0.742,0
null,dictionary,335,400,0.45,0.508,0
null,dictionary,336,400,0.45,0.752,0
null,dictionary,337,400,0.45,0.294,0
null,dictionary,338,400,0.45,0.332,0
null,dictionary,339,400,0.45,0.154,0
null,dictionary,340,400,0.45,0.606,0
null,dictionary,341,400,0.45,0.48,0
null,dictionary,342,400,0.45,0.396,0
null,dictionary,343,400,0.45,0.018,1
null,dictionary,344,400,0.45,0.176,0
null,dictionary,345,400,0.45,0.082,0
null,dictionary,346,400,0.45,0.048,1
null,dictionary,347,400,0.45,0.792,0
null,dictionary,348,400,0.45,0.324,0
null,dictionary,349,400,0.45,0.462,0
null,dictionary,350,400,0.45,0.344,0
null,dictionary,351,400,0.45,0.682,0
null,dictionary,352,400,0.45,0.212,0
null,dictionary,353,400,0.45,0.286,0
null,dictionary,354,400,0.45,0.16,0
null,dictionary,355,400,0.45,0.218,0
null,dictionary,356,400,0.45,0.41,0
null,dictionary,357,400,0.45,0.804,0
null,dictionary,358,400,0.45,0.698,0
null,dictionary,359,400,0.45,0.954,0
null,dictionary,360,400,0.45,0.252,0
null,dictionary,361,400,0.45,0.944,0
null,dictionary,362,400,0.45,0.406,0
null,dictionary,363,400,0.45,0.928,0
null,dictionary,364,400,0.45,0.314,0
null,dictionary,365,400,0.45,0.654,0
null,dictionary,366,400,0.45,0.964,0
null,dictionary,367,400,0.45,0.582,0
null,dictionary,368,400,0.45,0.208,0
null,dictionary,369,400,0.45,1.0,0
null,dictionary,370,400,0.45,0.976,0
null,dictionary,371,400,0.45,0.342,0
null,dictionary,372,400,0.45,0.6,0
null,dictionary,373,400,0.45,0.35,0
null,dictionary,374,400,0.45,0.87,0
null,dictionary,375,400,0.45,0.674,0
null,dictionary,376,400,0.45,0.128,0
null,dictionary,377,400,0.45,0.344,0
null,dictionary,378,400,0.45,0.892,0
null,dictionary,379,400,0.45,0.436,0
null,dictionary,380,400,0.45,0.004,1
null,dictionary,381,400,0.45,0.194,0
null,dictionary,382,400,0.45,0.07,0
null,dictionary,383,400,0.45,0.608,0
null,dictionary,384,400,0.45,0.702,0
null,dictionary,385,400,0.45,0.378,0
null,dictionary,386,400,0.45,0.738,0
null,dictionary,387,400,0.45,0.446,0
null,dictionary,388,400,0.45,0.716,0
null,dictionary,389,400,0.45,0.568,0
null,dictionary,390,400,0.45,0.588,0
null,dictionary,391,400,0.45,0.186,0
null,dictionary,392,400,0.45,0.788,0
null,dictionary,393,400,0.45,0.086,0
null,dictionary,394,400,0.45,0.912,0
null,dictionary,395,400,0.45,0.962,0
null,dictionary,396,400,0.45,0.392,0
null,dictionary,397,400,0.45,0.354,0
null,dictionary,398,400,0.45,0.586,0
null,dictionary,399,400,0.45,0.034,1
null,dictionary,400,400,0.45,0.632,0
null,dictionary,401,400,0.45,0.018,1
null,dictionary,402,400,0.45,0.842,0
null,dictionary,403,400,0.45,0.11,0
null,dictionary,404,400,0.45,0.304,0
null,dictionary,405,400,0.45,0.92,0
null,dictionary,406,400,0.45,0.358,0
null,dictionary,407,400,0.45,0.584,0
null,dictionary,408,400,0.45,0.652,0
null,dictionary,409,400,0.45,0.498,0
null,dictionary,410,400,0.45,0.216,0
null,dictionary,411,400,0.45,0.736,0
null,dictionary,412,400,0.45,0.716,0
null,dictionary,413,400,0.45,0.748,0
null,dictionary,414,400,0.45,0.852,0
null,dictionary,415,400,0.45,0.584,0
null,dictionary,416,400,0.45,0.218,0
null,dictionary,417,400,0.45,0.742,0
null,dictionary,418,400,0.45,0.796,0
null,dictionary,419,400,0.45,0.416,0
null,dictionary,420,400,0.45,0.38,0
null,dictionary,421,400,0.45,0.924,0
null,dictionary,422,400,0.45,0.15,0
null,dictionary,423,400,0.45,1.0,0
null,dictionary,424,400,0.45,0.976,0
null,dictionary,425,400,0.45,0.554,0
null,dictionary,426,400,0.45,0.192,0
null,dictionary,427,400,0.45,0.112,0
null,dictionary,428,400,0.45,0.412,0
null,dictionary,429,400,0.45,0.35,0
null,dictionary,430,400,0.45,0.514,0
null,dictionary,431,400,0.45,0.636,0
null,dictionary,432,400,0.45,0.052,0
null,dictionary,433,400,0.45,0.358,0
null,dictionary,434,400,0.45,0.236,0
null,dictionary,435,400,0.45,0.966,0
null,dictionary,436,400,0.45,0.612,0
null,dictionary,437,400,0.45,0.734,0
null,dictionary,438,400,0.45,0.188,0
null,dictionary,439,400,0.45,0.988,0
null,dictionary,440,400,0.45,0.122,0
null,dictionary,441,400,0.45,0.558,0
null,dictionary,442,400,0.45,0.898,0
null,dictionary,443,400,0.45,0.606,0
null,dictionary,444,400,0.45,0.928,0
null,dictionary,445,400,0.45,0.008,1
null,dictionary,446,400,0.45,0.684,0
null,dictionary,447,400,0.45,0.078,0
null,dictionary,448,400,0.45,0.01,1
null,dictionary,449,400,0.45,0.746,0
null,dictionary,450,400,0.45,0.43,0
null,dictionary,451,400,0.45,0.976,0
null,dictionary,452,400,0.45,0.464,0
null,dictionary,453,400,0.45,0.96,0
null,dictionary,454,400,0.45,0.358,0
null,dictionary,455,400,0.45,0.982,0
null,dictionary,456,400,0.45,0.65,0
null,dictionary,457,400,0.45,0.07,0
null,dictionary,458,400,0.45,0.59,0
null,dictionary,459,400,0.45,0.864,0
null,dictionary,460,400,0.45,0.19,0
null,dictionary,461,400,0.45,0.158,0
null,dictionary,462,400,0.45,0.02,1
null,dictionary,463,400,0.45,0.824,0
null,dictionary,464,400,0.45,0.59,0
null,dictionary,465,400,0.45,0.392,0
null,dictionary,466,400,0.45,0.032,1
null,dictionary,467,400,0.45,0.806,0
null,dictionary,468,400,0.45,0.746,0
null,dictionary,469,400,0.45,0.73,0
null,dictionary,470,400,0.45,0.14,0
null,dictionary,471,400,0.45,0.506,0
null,dictionary,472,400,0.45,0.064,0
null,dictionary,473,400,0.45,0.49,0
null,dictionary,474,400,0.45,0.666,0
null,dictionary,475,400,0.45,0.468,0
null,dictionary,476,400,0.45,0.762,0
null,dictionary,477,400,0.45,0.316,0
null,dictionary,478,400,0.45,0.082,0
null,dictionary,479,400,0.45,0.186,0
null,dictionary,480,400,0.45,0.758,0
null,dictionary,481,400,0.45,0.132,0
null,dictionary,482,400,0.45,0.366,0
null,dictionary,483,400,0.45,0.556,0
null,dictionary,484,400,0.45,0.994,0
null,dictionary,485,400,0.45,0.914,0
null,dictionary,486,400,0.45,0.81,0
null,dictionary,487,400,0.45,0.938,0
null,dictionary,488,400,0.45,0.794,0
null,dictionary,489,400,0.45,0.522,0
null,dictionary,490,400,0.45,0.422,0
null,dictionary,491,400,0.45,0.756,0
null,dictionary,492,400,0.45,0.384,0
null,dictionary,493,400,0.45,0.71,0
null,dictionary,494,400,0.45,0.192,0
null,dictionary,495,400,0.45,0.242,0
null,dictionary,496,400,0.45,0.692,0
null,dictionary,497,400,0.45,0.632,0
null,dictionary,498,400,0.45,0.548,0
null,dictionary,499,400,0.45,0.844,0
null,support_complete,0,400,0.45,0.024,1
null,support_complete,1,400,0.45,0.772,0
null,support_complete,2,400,0.45,0.038,1
null,support_complete,3,400,0.45,0.318,0
null,support_complete,4,400,0.45,0.602,0
null,support_complete,5,400,0.45,0.418,0
null,support_complete,6,400,0.45,0.3,0
null,support_complete,7,400,0.45,0.876,0
null,support_complete,8,400,0.45,0.526,0
null,support_complete,9,400,0.45,0.146,0
null,support_complete,10,400,0.45,0.314,0
null,support_complete,11,400,0.45,0.104,0
null,support_complete,12,400,0.45,0.816,0
null,support_complete,13,400,0.45,0.722,0
null,support_complete,14,400,0.45,0.352,0
null,support_complete,15,400,0.45,0.566,0
null,support_complete,16,400,0.45,0.136,0
null,support_complete,17,400,0.45,0.61,0
null,support_complete,18,400,0.45,0.708,0
null,support_complete,19,400,0.45,0.864,0
null,support_complete,20,400,0.45,0.994,0
null,support_complete,21,400,0.45,0.074,0
null,support_complete,22,400,0.45,0.902,0
null,support_complete,23,400,0.45,0.284,0
null,support_complete,24,400,0.45,0.254,0
null,support_complete,25,400,0.45,0.608,0
null,support_complete,26,400,0.45,0.404,0
null,support_complete,27,400,0.45,0.112,0
null,support_complete,28,400,0.45,0.222,0
null,support_complete,29,400,0.45,0.464,0
null,support_complete,30,400,0.45,0.932,0
null,support_complete,31,400,0.45,0.734,0
null,support_complete,32,400,0.45,0.424,0
null,support_complete,33,400,0.45,0.188,0
null,support_complete,34,400,0.45,0.098,0
null,support_complete,35,400,0.45,0.9,0
null,support_complete,36,400,0.45,0.534,0
null,support_complete,37,400,0.45,0.746,0
null,support_complete,38,400,0.45,0.906,0
null,support_complete,39,400,0.45,0.204,0
null,support_complete,40,400,0.45,0.588,0
null,support_complete,41,400,0.45,0.046,1
null,support_complete,42,400,0.45,0.904,0
null,support_complete,43,400,0.45,0.22,0
null,support_complete,44,400,0.45,0.28,0
null,support_complete,45,400,0.45,0.284,0
null,support_complete,46,400,0.45,0.444,0
null,support_complete,47,400,0.45,0.836,0
null,support_complete,48,400,0.45,0.2,0
null,support_complete,49,400,0.45,0.176,0
null,support_complete,50,400,0.45,0.12,0
null,support_complete,51,400,0.45,0.922,0
null,support_complete,52,400,0.45,0.038,1
null,support_complete,53,400,0.45,0.332,0
null,support_complete,54,400,0.45,0.66,0
null,support_complete,55,400,0.45,0.758,0
null,support_complete,56,400,0.45,0.772,0
null,support_complete,57,400,0.45,0.21,0
null,support_complete,58,400,0.45,0.134,0
null,support_complete,59,400,0.45,0.376,0
null,support_complete,60,400,0.45,0.358,0
null,support_complete,61,400,0.45,0.54,0
null,support_complete,62,400,0.45,0.626,0
null,support_complete,63,400,0.45,0.288,0
null,support_complete,64,400,0.45,0.714,0
null,support_complete,65,400,0.45,0.414,0
null,support_complete,66,400,0.45,0.546,0
null,support_complete,67,400,0.45,0.392,0
null,support_complete,68,400,0.45,0.114,0
null,support_complete,69,400,0.45,0.912,0
null,support_complete,70,400,0.45,0.046,1
null,support_complete,71,400,0.45,0.238,0
null,support_complete,72,400,0.45,0.488,0
null,support_complete,73,400,0.45,0.966,0
null,support_complete,74,400,0.45,0.766,0
null,support_complete,75,400,0.45,0.744,0
null,support_complete,76,400,0.45,0.676,0
null,support_complete,77,400,0.45,0.154,0
null,support_complete,78,400,0.45,0.208,0
null,support_complete,79,400,0.45,0.088,0
null,support_complete,80,400,0.45,0.838,0
null,support_complete,81,400,0.45,0.266,0
null,support_complete,82,400,0.45,0.706,0
null,support_complete,83,400,0.45,0.13,0
null,support_complete,84,400,0.45,0.438,0
null,support_complete,85,400,0.45,0.212,0
null,support_complete,86,400,0.45,0.562,0
null,support_complete,87,400,0.45,0.674,0
null,support_complete,88,400,0.45,0.374,0
null,support_complete,89,400,0.45,0.658,0
null,support_complete,90,400,0.45,0.832,0
null,support_complete,91,400,0.45,0.218,0
null,support_complete,92,400,0.45,0.692,0
null,support_complete,93,400,0.45,0.084,0
null,support_complete,94,400,0.45,0.668,0
null,support_complete,95,400,0.45,0.154,0
null,support_complete,96,400,0.45,0.808,0
null,support_complete,97,400,0.45,0.208,0
null,support_complete,98,400,0.45,1.0,0
null,support_complete,99,400,0.45,0.98,0
null,support_complete,100,400,0.45,0.85,0
null,support_complete,101,400,0.45,0.814,0
null,support_complete,102,400,0.45,0.318,0
null,support_complete,103,400,0.45,0.2,0
null,support_complete,104,400,0.45,0.864,0
null,support_complete,105,400,0.45,0.164,0
null,support_complete,106,400,0.45,0.162,0
null,support_complete,107,400,0.45,0.376,0
null,support_complete,108,400,0.45,0.032,1
null,support_complete,109,400,0.45,0.496,0
null,support_complete,110,400,0.45,0.096,0
null,support_complete,111,400,0.45,0.502,0
null,support_complete,112,400,0.45,0.25,0
null,support_complete,113,400,0.45,0.118,0
null,support_complete,114,400,0.45,0.528,0
null,support_complete,115,400,0.45,0.886,0
null,support_complete,116,400,0.45,0.37,0
null,support_complete,117,400,0.45,0.312,0
null,support_complete,118,400,0.45,0.032,1
null,support_complete,119,400,0.45,0.688,0
null,support_complete,120,400,0.45,0.496,0
null,support_complete,121,400,0.45,0.508,0
null,support_complete,122,400,0.45,0.402,0
null,support_complete,123,400,0.45,0.722,0
null,support_complete,124,400,0.45,0.11,0
null,support_complete,125,400,0.45,0.964,0
null,support_complete,126,400,0.45,0.506,0
null,support_complete,127,400,0.45,0.922,0
null,support_complete,128,400,0.45,0.886,0
null,support_complete,129,400,0.45,0.53,0
null,support_complete,130,400,0.45,0.68,0
null,support_complete,131,400,0.45,0.46,0
null,support_complete,132,400,0.45,0.506,0
null,support_complete,133,400,0.45,0.864,0
null,support_complete,134,400,0.45,0.37,0
null,support_complete,135,400,0.45,0.038,1
null,support_complete,136,400,0.45,0.29,0
null,support_complete,137,400,0.45,0.59,0
null,support_complete,138,400,0.45,0.008,1
null,support_complete,139,400,0.45,0.674,0
null,support_complete,140,400,0.45,0.04,1
null,support_complete,141,400,0.45,0.182,0
null,support_complete,142,400,0.45,0.174,0
null,support_complete,143,400,0.45,0.634,0
null,support_complete,144,400,0.45,0.352,0
null,support_complete,145,400,0.45,0.488,0
null,support_complete,146,400,0.45,0.974,0
null,support_complete,147,400,0.45,0.57,0
null,support_complete,148,400,0.45,0.654,0
null,support_complete,149,400,0.45,0.782,0
null,support_complete,150,400,0.45,0.536,0
null,support_complete,151,400,0.45,0.778,0
null,support_complete,152,400,0.45,0.748,0
null,support_complete,153,400,0.45,0.382,0
null,support_complete,154,400,0.45,0.646,0
null,support_complete,155,400,0.45,0.598,0
null,support_complete,156,400,0.45,0.538,0
null,support_complete,157,400,0.45,0.146,0
null,support_complete,158,400,0.45,0.864,0
null,support_complete,159,400,0.45,0.046,1
null,support_complete,160,400,0.45,0.118,0
null,support_complete,161,400,0.45,0.98,0
null,support_complete,162,400,0.45,0.894,0
null,support_complete,163,400,0.45,0.498,0
null,support_complete,164,400,0.45,0.454,0
null,support_complete,165,400,0.45,0.996,0
null,support_complete,166,400,0.45,0.044,1
null,support_complete,167,400,0.45,0.29,0
null,support_complete,168,400,0.45,0.758,0
null,support_complete,169,400,0.45,0.16,0
null,support_complete,170,400,0.45,0.094,0
null,support_complete,171,400,0.45,0.982,0
null,support_complete,172,400,0.45,0.332,0
null,support_complete,173,400,0.45,0.724,0
null,support_complete,174,400,0.45,0.758,0
null,support_complete,175,400,0.45,0.244,0
null,support_complete,176,400,0.45,0.66,0
null,support_complete,177,400,0.45,0.706,0
null,support_complete,178,400,0.45,0.394,0
null,support_complete,179,400,0.45,0.826,0
null,support_complete,180,400,0.45,0.362,0
null,support_complete,181,400,0.45,0.236,0
null,support_complete,182,400,0.45,0.798,0
null,support_complete,183,400,0.45,0.076,0
null,support_complete,184,400,0.45,0.096,0
null,support_complete,185,400,0.45,0.556,0
null,support_complete,186,400,0.45,0.286,0
null,support_complete,187,400,0.45,0.732,0
null,support_complete,188,400,0.45,0.864,0
null,support_complete,189,400,0.45,0.606,0
null,support_complete,190,400,0.45,0.974,0
null,support_complete,191,400,0.45,0.594,0
null,support_complete,192,400,0.45,0.296,0
null,support_complete,193,400,0.45,0.032,1
null,support_complete,194,400,0.45,0.712,0
null,support_complete,195,400,0.45,0.31,0
null,support_complete,196,400,0.45,0.768,0
null,support_complete,197,400,0.45,0.87,0
null,support_complete,198,400,0.45,0.27,0
null,support_complete,199,400,0.45,0.56,0
null,support_complete,200,400,0.45,0.878,0
null,support_complete,201,400,0.45,0.308,0
null,support_complete,202,400,0.45,0.992,0
null,support_complete,203,400,0.45,0.292,0
null,support_complete,204,400,0.45,0.146,0
null,support_complete,205,400,0.45,0.668,0
null,support_complete,206,400,0.45,0.052,0
null,support_complete,207,400,0.45,0.32,0
null,support_complete,208,400,0.45,0.834,0
null,support_complete,209,400,0.45,0.196,0
null,support_complete,210,400,0.45,0.478,0
null,support_complete,211,400,0.45,0.466,0
null,support_complete,212,400,0.45,0.928,0
null,support_complete,213,400,0.45,0.924,0
null,support_complete,214,400,0.45,0.428,0
null,support_complete,215,400,0.45,0.706,0
null,support_complete,216,400,0.45,0.82,0
null,support_complete,217,400,0.45,0.534,0
null,support_complete,218,400,0.45,0.83,0
null,support_complete,219,400,0.45,0.498,0
null,support_complete,220,400,0.45,0.748,0
null,support_complete,221,400,0.45,0.456,0
null,support_complete,222,400,0.45,0.024,1
null,support_complete,223,400,0.45,0.178,0
null,support_complete,224,400,0.45,0.614,0
null,support_complete,225,400,0.45,0.204,0
null,support_complete,226,400,0.45,0.75,0
null,support_complete,227,400,0.45,0.936,0
null,support_complete,228,400,0.45,0.77,0
null,support_complete,229,400,0.45,0.792,0
null,support_complete,230,400,0.45,0.672,0
null,support_complete,231,400,0.45,0.276,0
null,support_complete,232,400,0.45,0.904,0
null,support_complete,233,400,0.45,0.406,0
null,support_complete,234,400,0.45,0.456,0
null,support_complete,235,400,0.45,0.744,0
null,support_complete,236,400,0.45,0.954,0
null,support_complete,237,400,0.45,0.858,0
null,support_complete,238,400,0.45,0.732,0
null,support_complete,239,400,0.45,0.938,0
null,support_complete,240,400,0.45,0.432,0
null,support_complete,241,400,0.45,0.778,0
null,support_complete,242,400,0.45,0.202,0
null,support_complete,243,400,0.45,0.38,0
null,support_complete,244,400,0.45,0.88,0
null,support_complete,245,400,0.45,0.88,0
null,support_complete,246,400,0.45,0.57,0
null,support_complete,247,400,0.45,0.76,0
null,support_complete,248,400,0.45,0.284,0
null,support_complete,249,400,0.45,0.446,0
null,support_complete,250,400,0.45,0.806,0
null,support_complete,251,400,0.45,0.77,0
null,support_complete,252,400,0.45,0.372,0
null,support_complete,253,400,0.45,0.206,0
null,support_complete,254,400,0.45,0.092,0
null,support_complete,255,400,0.45,0.088,0
null,support_complete,256,400,0.45,0.05,0
null,support_complete,257,400,0.45,0.722,0
null,support_complete,258,400,0.45,0.542,0
null,support_complete,259,400,0.45,0.078,0
null,support_complete,260,400,0.45,0.982,0
null,support_complete,261,400,0.45,0.674,0
null,support_complete,262,400,0.45,0.344,0
null,support_complete,263,400,0.45,0.496,0
null,support_complete,264,400,0.45,0.108,0
null,support_complete,265,400,0.45,0.122,0
null,support_complete,266,400,0.45,0.7,0
null,support_complete,267,400,0.45,0.518,0
null,support_complete,268,400,0.45,0.616,0
null,support_complete,269,400,0.45,0.502,0
null,support_complete,270,400,0.45,0.882,0
null,support_complete,271,400,0.45,0.496,0
null,support_complete,272,400,0.45,0.264,0
null,support_complete,273,400,0.45,0.406,0
null,support_complete,274,400,0.45,0.702,0
null,support_complete,275,400,0.45,0.056,0
null,support_complete,276,400,0.45,0.752,0
null,support_complete,277,400,0.45,0.02,1
null,support_complete,278,400,0.45,0.984,0
null,support_complete,279,400,0.45,0.6,0
null,support_complete,280,400,0.45,0.26,0
null,support_complete,281,400,0.45,0.106,0
null,support_complete,282,400,0.45,0.216,0
null,support_complete,283,400,0.45,0.076,0
null,support_complete,284,400,0.45,0.484,0
null,support_complete,285,400,0.45,0.63,0
null,support_complete,286,400,0.45,0.332,0
null,support_complete,287,400,0.45,0.62,0
null,support_complete,288,400,0.45,0.118,0
null,support_complete,289,400,0.45,0.498,0
null,support_complete,290,400,0.45,0.634,0
null,support_complete,291,400,0.45,0.636,0
null,support_complete,292,400,0.45,0.082,0
null,support_complete,293,400,0.45,0.574,0
null,support_complete,294,400,0.45,0.388,0
null,support_complete,295,400,0.45,0.89,0
null,support_complete,296,400,0.45,0.488,0
null,support_complete,297,400,0.45,0.848,0
null,support_complete,298,400,0.45,0.188,0
null,support_complete,299,400,0.45,0.636,0
null,support_complete,300,400,0.45,0.966,0
null,support_complete,301,400,0.45,0.148,0
null,support_complete,302,400,0.45,0.63,0
null,support_complete,303,400,0.45,0.924,0
null,support_complete,304,400,0.45,0.116,0
null,support_complete,305,400,0.45,0.704,0
null,support_complete,306,400,0.45,0.402,0
null,support_complete,307,400,0.45,0.332,0
null,support_complete,308,400,0.45,0.556,0
null,support_complete,309,400,0.45,0.38,0
null,support_complete,310,400,0.45,0.95,0
null,support_complete,311,400,0.45,0.04,1
null,support_complete,312,400,0.45,0.41,0
null,support_complete,313,400,0.45,0.474,0
null,support_complete,314,400,0.45,0.972,0
null,support_complete,315,400,0.45,0.194,0
null,support_complete,316,400,0.45,0.148,0
null,support_complete,317,400,0.45,0.468,0
null,support_complete,318,400,0.45,0.904,0
null,support_complete,319,400,0.45,0.734,0
null,support_complete,320,400,0.45,0.386,0
null,support_complete,321,400,0.45,0.696,0
null,support_complete,322,400,0.45,0.616,0
null,support_complete,323,400,0.45,0.04,1
null,support_complete,324,400,0.45,0.018,1
null,support_complete,325,400,0.45,0.976,0
null,support_complete,326,400,0.45,0.88,0
null,support_complete,327,400,0.45,0.74,0
null,support_complete,328,400,0.45,0.696,0
null,support_complete,329,400,0.45,0.298,0
null,support_complete,330,400,0.45,0.154,0
null,support_complete,331,400,0.45,0.754,0
null,support_complete,332,400,0.45,0.396,0
null,support_complete,333,400,0.45,0.248,0
null,support_complete,334,400,0.45,0.27,0
null,support_complete,335,400,0.45,0.838,0
null,support_complete,336,400,0.45,0.688,0
null,support_complete,337,400,0.45,0.376,0
null,support_complete,338,400,0.45,0.624,0
null,support_complete,339,400,0.45,0.388,0
null,support_complete,340,400,0.45,0.552,0
null,support_complete,341,400,0.45,0.056,0
null,support_complete,342,400,0.45,0.742,0
null,support_complete,343,400,0.45,0.06,0
null,support_complete,344,400,0.45,0.442,0
null,support_complete,345,400,0.45,0.184,0
null,support_complete,346,400,0.45,0.07,0
null,support_complete,347,400,0.45,0.702,0
null,support_complete,348,400,0.45,0.46,0
null,support_complete,349,400,0.45,0.5,0
null,support_complete,350,400,0.45,0.012,1
null,support_complete,351,400,0.45,0.928,0
null,support_complete,352,400,0.45,0.052,0
null,support_complete,353,400,0.45,0.104,0
null,support_complete,354,400,0.45,0.198,0
null,support_complete,355,400,0.45,0.518,0
null,support_complete,356,400,0.45,0.382,0
null,support_complete,357,400,0.45,0.976,0
null,support_complete,358,400,0.45,0.892,0
null,support_complete,359,400,0.45,1.0,0
null,support_complete,360,400,0.45,0.426,0
null,support_complete,361,400,0.45,0.974,0
null,support_complete,362,400,0.45,0.418,0
null,support_complete,363,400,0.45,0.788,0
null,support_complete,364,400,0.45,0.52,0
null,support_complete,365,400,0.45,0.692,0
null,support_complete,366,400,0.45,0.998,0
null,support_complete,367,400,0.45,0.406,0
null,support_complete,368,400,0.45,0.288,0
null,support_complete,369,400,0.45,0.478,0
null,support_complete,370,400,0.45,0.34,0
null,support_complete,371,400,0.45,0.634,0
null,support_complete,372,400,0.45,0.556,0
null,support_complete,373,400,0.45,0.158,0
null,support_complete,374,400,0.45,0.85,0
null,support_complete,375,400,0.45,0.642,0
null,support_complete,376,400,0.45,0.15,0
null,support_complete,377,400,0.45,0.424,0
null,support_complete,378,400,0.45,0.982,0
null,support_complete,379,400,0.45,0.464,0
null,support_complete,380,400,0.45,0.04,1
null,support_complete,381,400,0.45,0.308,0
null,support_complete,382,400,0.45,0.098,0
null,support_complete,383,400,0.45,0.278,0
null,support_complete,384,400,0.45,0.382,0
null,support_complete,385,400,0.45,0.186,0
null,support_complete,386,400,0.45,0.104,0
null,support_complete,387,400,0.45,0.31,0
null,support_complete,388,400,0.45,0.844,0
null,support_complete,389,400,0.45,0.286,0
null,support_complete,390,400,0.45,0.41,0
null,support_complete,391,400,0.45,0.488,0
null,support_complete,392,400,0.45,0.752,0
null,support_complete,393,400,0.45,0.224,0
null,support_complete,394,400,0.45,0.742,0
null,support_complete,395,400,0.45,0.9,0
null,support_complete,396,400,0.45,0.068,0
null,support_complete,397,400,0.45,0.086,0
null,support_complete,398,400,0.45,0.356,0
null,support_complete,399,400,0.45,0.056,0
null,support_complete,400,400,0.45,0.318,0
null,support_complete,401,400,0.45,0.052,0
null,support_complete,402,400,0.45,0.406,0
null,support_complete,403,400,0.45,0.22,0
null,support_complete,404,400,0.45,0.536,0
null,support_complete,405,400,0.45,0.904,0
null,support_complete,406,400,0.45,0.696,0
null,support_complete,407,400,0.45,0.76,0
null,support_complete,408,400,0.45,0.242,0
null,support_complete,409,400,0.45,0.048,1
null,support_complete,410,400,0.45,0.536,0
null,support_complete,411,400,0.45,0.58,0
null,support_complete,412,400,0.45,0.858,0
null,support_complete,413,400,0.45,0.862,0
null,support_complete,414,400,0.45,0.97,0
null,support_complete,415,400,0.45,0.788,0
null,support_complete,416,400,0.45,0.05,0
null,support_complete,417,400,0.45,0.486,0
null,support_complete,418,400,0.45,0.838,0
null,support_complete,419,400,0.45,0.45,0
null,support_complete,420,400,0.45,0.13,0
null,support_complete,421,400,0.45,0.996,0
null,support_complete,422,400,0.45,0.272,0
null,support_complete,423,400,0.45,0.662,0
null,support_complete,424,400,0.45,0.976,0
null,support_complete,425,400,0.45,0.87,0
null,support_complete,426,400,0.45,0.426,0
null,support_complete,427,400,0.45,0.116,0
null,support_complete,428,400,0.45,0.43,0
null,support_complete,429,400,0.45,0.182,0
null,support_complete,430,400,0.45,0.702,0
null,support_complete,431,400,0.45,0.874,0
null,support_complete,432,400,0.45,0.044,1
null,support_complete,433,400,0.45,0.368,0
null,support_complete,434,400,0.45,0.18,0
null,support_complete,435,400,0.45,0.838,0
null,support_complete,436,400,0.45,0.168,0
null,support_complete,437,400,0.45,0.208,0
null,support_complete,438,400,0.45,0.384,0
null,support_complete,439,400,0.45,0.378,0
null,support_complete,440,400,0.45,0.402,0
null,support_complete,441,400,0.45,0.66,0
null,support_complete,442,400,0.45,0.874,0
null,support_complete,443,400,0.45,0.904,0
null,support_complete,444,400,0.45,0.53,0
null,support_complete,445,400,0.45,0.004,1
null,support_complete,446,400,0.45,0.37,0
null,support_complete,447,400,0.45,0.168,0
null,support_complete,448,400,0.45,0.002,1
null,support_complete,449,400,0.45,0.934,0
null,support_complete,450,400,0.45,0.662,0
null,support_complete,451,400,0.45,0.984,0
null,support_complete,452,400,0.45,0.46,0
null,support_complete,453,400,0.45,0.978,0
null,support_complete,454,400,0.45,0.452,0
null,support_complete,455,400,0.45,0.132,0
null,support_complete,456,400,0.45,0.078,0
null,support_complete,457,400,0.45,0.144,0
null,support_complete,458,400,0.45,0.694,0
null,support_complete,459,400,0.45,0.922,0
null,support_complete,460,400,0.45,0.314,0
null,support_complete,461,400,0.45,0.066,0
null,support_complete,462,400,0.45,0.006,1
null,support_complete,463,400,0.45,0.732,0
null,support_complete,464,400,0.45,0.808,0
null,support_complete,465,400,0.45,0.428,0
null,support_complete,466,400,0.45,0.086,0
null,support_complete,467,400,0.45,0.672,0
null,support_complete,468,400,0.45,0.8,0
null,support_complete,469,400,0.45,0.166,0
null,support_complete,470,400,0.45,0.07,0
null,support_complete,471,400,0.45,0.842,0
null,support_complete,472,400,0.45,0.194,0
null,support_complete,473,400,0.45,0.022,1
null,support_complete,474,400,0.45,0.63,0
null,support_complete,475,400,0.45,0.308,0
null,support_complete,476,400,0.45,0.506,0
null,support_complete,477,400,0.45,0.468,0
null,support_complete,478,400,0.45,0.178,0
null,support_complete,479,400,0.45,0.298,0
null,support_complete,480,400,0.45,0.434,0
null,support_complete,481,400,0.45,0.334,0
null,support_complete,482,400,0.45,0.598,0
null,support_complete,483,400,0.45,0.142,0
null,support_complete,484,400,0.45,0.922,0
null,support_complete,485,400,0.45,0.952,0
null,support_complete,486,400,0.45,0.978,0
null,support_complete,487,400,0.45,0.188,0
null,support_complete,488,400,0.45,0.184,0
null,support_complete,489,400,0.45,0.552,0
null,support_complete,490,400,0.45,0.688,0
null,support_complete,491,400,0.45,0.756,0
null,support_complete,492,400,0.45,0.486,0
null,support_complete,493,400,0.45,0.256,0
null,support_complete,494,400,0.45,0.256,0
null,support_complete,495,400,0.45,0.216,0
null,support_complete,496,400,0.45,0.544,0
null,support_complete,497,400,0.45,0.748,0
null,support_complete,498,400,0.45,0.856,0
null,support_complete,499,400,0.45,0.522,0
aligned,dictionary,0,400,0.45,0.002,1
aligned,dictionary,1,400,0.45,0.002,1
aligned,dictionary,2,400,0.45,0.002,1
aligned,dictionary,3,400,0.45,0.002,1
aligned,dictionary,4,400,0.45,0.002,1
aligned,dictionary,5,400,0.45,0.002,1
aligned,dictionary,6,400,0.45,0.002,1
aligned,dictionary,7,400,0.45,0.002,1
aligned,dictionary,8,400,0.45,0.002,1
aligned,dictionary,9,400,0.45,0.002,1
aligned,dictionary,10,400,0.45,0.002,1
aligned,dictionary,11,400,0.45,0.002,1
aligned,dictionary,12,400,0.45,0.002,1
aligned,dictionary,13,400,0.45,0.002,1
aligned,dictionary,14,400,0.45,0.002,1
aligned,dictionary,15,400,0.45,0.002,1
aligned,dictionary,16,400,0.45,0.002,1
aligned,dictionary,17,400,0.45,0.002,1
aligned,dictionary,18,400,0.45,0.002,1
aligned,dictionary,19,400,0.45,0.002,1
aligned,dictionary,20,400,0.45,0.002,1
aligned,dictionary,21,400,0.45,0.002,1
aligned,dictionary,22,400,0.45,0.002,1
aligned,dictionary,23,400,0.45,0.002,1
aligned,dictionary,24,400,0.45,0.002,1
aligned,dictionary,25,400,0.45,0.002,1
aligned,dictionary,26,400,0.45,0.002,1
aligned,dictionary,27,400,0.45,0.002,1
aligned,dictionary,28,400,0.45,0.002,1
aligned,dictionary,29,400,0.45,0.002,1
aligned,dictionary,30,400,0.45,0.002,1
aligned,dictionary,31,400,0.45,0.002,1
aligned,dictionary,32,400,0.45,0.002,1
aligned,dictionary,33,400,0.45,0.002,1
aligned,dictionary,34,400,0.45,0.002,1
aligned,dictionary,35,400,0.45,0.002,1
aligned,dictionary,36,400,0.45,0.002,1
aligned,dictionary,37,400,0.45,0.002,1
aligned,dictionary,38,400,0.45,0.002,1
aligned,dictionary,39,400,0.45,0.002,1
aligned,dictionary,40,400,0.45,0.002,1
aligned,dictionary,41,400,0.45,0.002,1
aligned,dictionary,42,400,0.45,0.002,1
aligned,dictionary,43,400,0.45,0.002,1
aligned,dictionary,44,400,0.45,0.002,1
aligned,dictionary,45,400,0.45,0.002,1
aligned,dictionary,46,400,0.45,0.002,1
aligned,dictionary,47,400,0.45,0.002,1
aligned,dictionary,48,400,0.45,0.002,1
aligned,dictionary,49,400,0.45,0.002,1
aligned,dictionary,50,400,0.45,0.002,1
aligned,dictionary,51,400,0.45,0.002,1
aligned,dictionary,52,400,0.45,0.002,1
aligned,dictionary,53,400,0.45,0.002,1
aligned,dictionary,54,400,0.45,0.002,1
aligned,dictionary,55,400,0.45,0.002,1
aligned,dictionary,56,400,0.45,0.002,1
aligned,dictionary,57,400,0.45,0.002,1
aligned,dictionary,58,400,0.45,0.002,1
aligned,dictionary,59,400,0.45,0.002,1
aligned,dictionary,60,400,0.45,0.002,1
aligned,dictionary,61,400,0.45,0.002,1
aligned,dictionary,62,400,0.45,0.002,1
aligned,dictionary,63,400,0.45,0.002,1
aligned,dictionary,64,400,0.45,0.002,1
aligned,dictionary,65,400,0.45,0.002,1
aligned,dictionary,66,400,0.45,0.002,1
aligned,dictionary,67,400,0.45,0.002,1
aligned,dictionary,68,400,0.45,0.002,1
aligned,dictionary,69,400,0.45,0.002,1
aligned,dictionary,70,400,0.45,0.002,1
aligned,dictionary,71,400,0.45,0.002,1
aligned,dictionary,72,400,0.45,0.002,1
aligned,dictionary,73,400,0.45,0.002,1
aligned,dictionary,74,400,0.45,0.002,1
aligned,dictionary,75,400,0.45,0.002,1
aligned,dictionary,76,400,0.45,0.002,1
aligned,dictionary,77,400,0.45,0.002,1
aligned,dictionary,78,400,0.45,0.002,1
aligned,dictionary,79,400,0.45,0.002,1
aligned,dictionary,80,400,0.45,0.002,1
aligned,dictionary,81,400,0.45,0.002,1
aligned,dictionary,82,400,0.45,0.002,1
aligned,dictionary,83,400,0.45,0.002,1
aligned,dictionary,84,400,0.45,0.002,1
aligned,dictionary,85,400,0.45,0.002,1
aligned,dictionary,86,400,0.45,0.002,1
aligned,dictionary,87,400,0.45,0.002,1
aligned,dictionary,88,400,0.45,0.002,1
aligned,dictionary,89,400,0.45,0.002,1
aligned,dictionary,90,400,0.45,0.002,1
aligned,dictionary,91,400,0.45,0.002,1
aligned,dictionary,92,400,0.45,0.002,1
aligned,dictionary,93,400,0.45,0.002,1
aligned,dictionary,94,400,0.45,0.002,1
aligned,dictionary,95,400,0.45,0.002,1
aligned,dictionary,96,400,0.45,0.002,1
aligned,dictionary,97,400,0.45,0.002,1
aligned,dictionary,98,400,0.45,0.002,1
aligned,dictionary,99,400,0.45,0.002,1
aligned,dictionary,100,400,0.45,0.002,1
aligned,dictionary,101,400,0.45,0.002,1
aligned,dictionary,102,400,0.45,0.002,1
aligned,dictionary,103,400,0.45,0.002,1
aligned,dictionary,104,400,0.45,0.002,1
aligned,dictionary,105,400,0.45,0.002,1
aligned,dictionary,106,400,0.45,0.002,1
aligned,dictionary,107,400,0.45,0.002,1
aligned,dictionary,108,400,0.45,0.002,1
aligned,dictionary,109,400,0.45,0.002,1
aligned,dictionary,110,400,0.45,0.002,1
aligned,dictionary,111,400,0.45,0.002,1
aligned,dictionary,112,400,0.45,0.002,1
aligned,dictionary,113,400,0.45,0.002,1
aligned,dictionary,114,400,0.45,0.002,1
aligned,dictionary,115,400,0.45,0.002,1
aligned,dictionary,116,400,0.45,0.002,1
aligned,dictionary,117,400,0.45,0.002,1
aligned,dictionary,118,400,0.45,0.002,1
aligned,dictionary,119,400,0.45,0.002,1
aligned,dictionary,120,400,0.45,0.002,1
aligned,dictionary,121,400,0.45,0.002,1
aligned,dictionary,122,400,0.45,0.002,1
aligned,dictionary,123,400,0.45,0.002,1
aligned,dictionary,124,400,0.45,0.002,1
aligned,dictionary,125,400,0.45,0.002,1
aligned,dictionary,126,400,0.45,0.002,1
aligned,dictionary,127,400,0.45,0.002,1
aligned,dictionary,128,400,0.45,0.002,1
aligned,dictionary,129,400,0.45,0.002,1
aligned,dictionary,130,400,0.45,0.002,1
aligned,dictionary,131,400,0.45,0.002,1
aligned,dictionary,132,400,0.45,0.002,1
aligned,dictionary,133,400,0.45,0.002,1
aligned,dictionary,134,400,0.45,0.002,1
aligned,dictionary,135,400,0.45,0.002,1
aligned,dictionary,136,400,0.45,0.002,1
aligned,dictionary,137,400,0.45,0.002,1
aligned,dictionary,138,400,0.45,0.002,1
aligned,dictionary,139,400,0.45,0.002,1
aligned,dictionary,140,400,0.45,0.002,1
aligned,dictionary,141,400,0.45,0.002,1
aligned,dictionary,142,400,0.45,0.002,1
aligned,dictionary,143,400,0.45,0.002,1
aligned,dictionary,144,400,0.45,0.002,1
aligned,dictionary,145,400,0.45,0.002,1
aligned,dictionary,146,400,0.45,0.002,1
aligned,dictionary,147,400,0.45,0.002,1
aligned,dictionary,148,400,0.45,0.002,1
aligned,dictionary,149,400,0.45,0.002,1
aligned,dictionary,150,400,0.45,0.002,1
aligned,dictionary,151,400,0.45,0.002,1
aligned,dictionary,152,400,0.45,0.002,1
aligned,dictionary,153,400,0.45,0.002,1
aligned,dictionary,154,400,0.45,0.002,1
aligned,dictionary,155,400,0.45,0.002,1
aligned,dictionary,156,400,0.45,0.002,1
aligned,dictionary,157,400,0.45,0.002,1
aligned,dictionary,158,400,0.45,0.002,1
aligned,dictionary,159,400,0.45,0.002,1
aligned,dictionary,160,400,0.45,0.002,1
aligned,dictionary,161,400,0.45,0.002,1
aligned,dictionary,162,400,0.45,0.002,1
aligned,dictionary,163,400,0.45,0.002,1
aligned,dictionary,164,400,0.45,0.002,1
aligned,dictionary,165,400,0.45,0.002,1
aligned,dictionary,166,400,0.45,0.002,1
aligned,dictionary,167,400,0.45,0.002,1
aligned,dictionary,168,400,0.45,0.002,1
aligned,dictionary,169,400,0.45,0.002,1
aligned,dictionary,170,400,0.45,0.002,1
aligned,dictionary,171,400,0.45,0.002,1
aligned,dictionary,172,400,0.45,0.002,1
aligned,dictionary,173,400,0.45,0.002,1
aligned,dictionary,174,400,0.45,0.002,1
aligned,dictionary,175,400,0.45,0.002,1
aligned,dictionary,176,400,0.45,0.002,1
aligned,dictionary,177,400,0.45,0.002,1
aligned,dictionary,178,400,0.45,0.002,1
aligned,dictionary,179,400,0.45,0.002,1
aligned,dictionary,180,400,0.45,0.002,1
aligned,dictionary,181,400,0.45,0.002,1
aligned,dictionary,182,400,0.45,0.002,1
aligned,dictionary,183,400,0.45,0.002,1
aligned,dictionary,184,400,0.45,0.002,1
aligned,dictionary,185,400,0.45,0.002,1
aligned,dictionary,186,400,0.45,0.002,1
aligned,dictionary,187,400,0.45,0.002,1
aligned,dictionary,188,400,0.45,0.002,1
aligned,dictionary,189,400,0.45,0.002,1
aligned,dictionary,190,400,0.45,0.002,1
aligned,dictionary,191,400,0.45,0.002,1
aligned,dictionary,192,400,0.45,0.002,1
aligned,dictionary,193,400,0.45,0.002,1
aligned,dictionary,194,400,0.45,0.002,1
aligned,dictionary,195,400,0.45,0.002,1
aligned,dictionary,196,400,0.45,0.002,1
aligned,dictionary,197,400,0.45,0.002,1
aligned,dictionary,198,400,0.45,0.002,1
aligned,dictionary,199,400,0.45,0.002,1
aligned,dictionary,200,400,0.45,0.002,1
aligned,dictionary,201,400,0.45,0.002,1
aligned,dictionary,202,400,0.45,0.002,1
aligned,dictionary,203,400,0.45,0.002,1
aligned,dictionary,204,400,0.45,0.002,1
aligned,dictionary,205,400,0.45,0.002,1
aligned,dictionary,206,400,0.45,0.002,1
aligned,dictionary,207,400,0.45,0.002,1
aligned,dictionary,208,400,0.45,0.002,1
aligned,dictionary,209,400,0.45,0.002,1
aligned,dictionary,210,400,0.45,0.002,1
aligned,dictionary,211,400,0.45,0.002,1
aligned,dictionary,212,400,0.45,0.002,1
aligned,dictionary,213,400,0.45,0.002,1
aligned,dictionary,214,400,0.45,0.002,1
aligned,dictionary,215,400,0.45,0.002,1
aligned,dictionary,216,400,0.45,0.002,1
aligned,dictionary,217,400,0.45,0.002,1
aligned,dictionary,218,400,0.45,0.002,1
aligned,dictionary,219,400,0.45,0.002,1
aligned,dictionary,220,400,0.45,0.002,1
aligned,dictionary,221,400,0.45,0.002,1
aligned,dictionary,222,400,0.45,0.002,1
aligned,dictionary,223,400,0.45,0.002,1
aligned,dictionary,224,400,0.45,0.002,1
aligned,dictionary,225,400,0.45,0.002,1
aligned,dictionary,226,400,0.45,0.002,1
aligned,dictionary,227,400,0.45,0.002,1
aligned,dictionary,228,400,0.45,0.002,1
aligned,dictionary,229,400,0.45,0.002,1
aligned,dictionary,230,400,0.45,0.002,1
aligned,dictionary,231,400,0.45,0.002,1
aligned,dictionary,232,400,0.45,0.002,1
aligned,dictionary,233,400,0.45,0.002,1
aligned,dictionary,234,400,0.45,0.002,1
aligned,dictionary,235,400,0.45,0.002,1
aligned,dictionary,236,400,0.45,0.002,1
aligned,dictionary,237,400,0.45,0.002,1
aligned,dictionary,238,400,0.45,0.002,1
aligned,dictionary,239,400,0.45,0.002,1
aligned,dictionary,240,400,0.45,0.002,1
aligned,dictionary,241,400,0.45,0.002,1
aligned,dictionary,242,400,0.45,0.002,1
aligned,dictionary,243,400,0.45,0.002,1
aligned,dictionary,244,400,0.45,0.002,1
aligned,dictionary,245,400,0.45,0.002,1
aligned,dictionary,246,400,0.45,0.002,1
aligned,dictionary,247,400,0.45,0.002,1
aligned,dictionary,248,400,0.45,0.002,1
aligned,dictionary,249,400,0.45,0.002,1
aligned,dictionary,250,400,0.45,0.002,1
aligned,dictionary,251,400,0.45,0.002,1
aligned,dictionary,252,400,0.45,0.002,1
aligned,dictionary,253,400,0.45,0.002,1
aligned,dictionary,254,400,0.45,0.002,1
aligned,dictionary,255,400,0.45,0.002,1
aligned,dictionary,256,400,0.45,0.002,1
aligned,dictionary,257,400,0.45,0.002,1
aligned,dictionary,258,400,0.45,0.002,1
aligned,dictionary,259,400,0.45,0.002,1
aligned,dictionary,260,400,0.45,0.002,1
aligned,dictionary,261,400,0.45,0.002,1
aligned,dictionary,262,400,0.45,0.002,1
aligned,dictionary,263,400,0.45,0.002,1
aligned,dictionary,264,400,0.45,0.002,1
aligned,dictionary,265,400,0.45,0.002,1
aligned,dictionary,266,400,0.45,0.002,1
aligned,dictionary,267,400,0.45,0.002,1
aligned,dictionary,268,400,0.45,0.002,1
aligned,dictionary,269,400,0.45,0.002,1
aligned,dictionary,270,400,0.45,0.002,1
aligned,dictionary,271,400,0.45,0.002,1
aligned,dictionary,272,400,0.45,0.002,1
aligned,dictionary,273,400,0.45,0.002,1
aligned,dictionary,274,400,0.45,0.002,1
aligned,dictionary,275,400,0.45,0.002,1
aligned,dictionary,276,400,0.45,0.002,1
aligned,dictionary,277,400,0.45,0.002,1
aligned,dictionary,278,400,0.45,0.002,1
aligned,dictionary,279,400,0.45,0.002,1
aligned,dictionary,280,400,0.45,0.002,1
aligned,dictionary,281,400,0.45,0.002,1
aligned,dictionary,282,400,0.45,0.002,1
aligned,dictionary,283,400,0.45,0.002,1
aligned,dictionary,284,400,0.45,0.002,1
aligned,dictionary,285,400,0.45,0.002,1
aligned,dictionary,286,400,0.45,0.002,1
aligned,dictionary,287,400,0.45,0.002,1
aligned,dictionary,288,400,0.45,0.002,1
aligned,dictionary,289,400,0.45,0.002,1
aligned,dictionary,290,400,0.45,0.002,1
aligned,dictionary,291,400,0.45,0.002,1
aligned,dictionary,292,400,0.45,0.002,1
aligned,dictionary,293,400,0.45,0.002,1
aligned,dictionary,294,400,0.45,0.002,1
aligned,dictionary,295,400,0.45,0.002,1
aligned,dictionary,296,400,0.45,0.002,1
aligned,dictionary,297,400,0.45,0.002,1
aligned,dictionary,298,400,0.45,0.002,1
aligned,dictionary,299,400,0.45,0.002,1
aligned,dictionary,300,400,0.45,0.002,1
aligned,dictionary,301,400,0.45,0.002,1
aligned,dictionary,302,400,0.45,0.002,1
aligned,dictionary,303,400,0.45,0.002,1
aligned,dictionary,304,400,0.45,0.002,1
aligned,dictionary,305,400,0.45,0.002,1
aligned,dictionary,306,400,0.45,0.002,1
aligned,dictionary,307,400,0.45,0.002,1
aligned,dictionary,308,400,0.45,0.002,1
aligned,dictionary,309,400,0.45,0.002,1
aligned,dictionary,310,400,0.45,0.002,1
aligned,dictionary,311,400,0.45,0.002,1
aligned,dictionary,312,400,0.45,0.002,1
aligned,dictionary,313,400,0.45,0.002,1
aligned,dictionary,314,400,0.45,0.002,1
aligned,dictionary,315,400,0.45,0.002,1
aligned,dictionary,316,400,0.45,0.002,1
aligned,dictionary,317,400,0.45,0.002,1
aligned,dictionary,318,400,0.45,0.002,1
aligned,dictionary,319,400,0.45,0.002,1
aligned,dictionary,320,400,0.45,0.002,1
aligned,dictionary,321,400,0.45,0.002,1
aligned,dictionary,322,400,0.45,0.002,1
aligned,dictionary,323,400,0.45,0.002,1
aligned,dictionary,324,400,0.45,0.002,1
aligned,dictionary,325,400,0.45,0.002,1
aligned,dictionary,326,400,0.45,0.002,1
aligned,dictionary,327,400,0.45,0.002,1
aligned,dictionary,328,400,0.45,0.002,1
aligned,dictionary,329,400,0.45,0.002,1
aligned,dictionary,330,400,0.45,0.002,1
aligned,dictionary,331,400,0.45,0.002,1
aligned,dictionary,332,400,0.45,0.002,1
aligned,dictionary,333,400,0.45,0.002,1
aligned,dictionary,334,400,0.45,0.002,1
aligned,dictionary,335,400,0.45,0.002,1
aligned,dictionary,336,400,0.45,0.002,1
aligned,dictionary,337,400,0.45,0.002,1
aligned,dictionary,338,400,0.45,0.002,1
aligned,dictionary,339,400,0.45,0.002,1
aligned,dictionary,340,400,0.45,0.002,1
aligned,dictionary,341,400,0.45,0.002,1
aligned,dictionary,342,400,0.45,0.002,1
aligned,dictionary,343,400,0.45,0.002,1
aligned,dictionary,344,400,0.45,0.002,1
aligned,dictionary,345,400,0.45,0.002,1
aligned,dictionary,346,400,0.45,0.002,1
aligned,dictionary,347,400,0.45,0.002,1
aligned,dictionary,348,400,0.45,0.002,1
aligned,dictionary,349,400,0.45,0.002,1
aligned,dictionary,350,400,0.45,0.002,1
aligned,dictionary,351,400,0.45,0.002,1
aligned,dictionary,352,400,0.45,0.002,1
aligned,dictionary,353,400,0.45,0.002,1
aligned,dictionary,354,400,0.45,0.002,1
aligned,dictionary,355,400,0.45,0.002,1
aligned,dictionary,356,400,0.45,0.002,1
aligned,dictionary,357,400,0.45,0.002,1
aligned,dictionary,358,400,0.45,0.002,1
aligned,dictionary,359,400,0.45,0.002,1
aligned,dictionary,360,400,0.45,0.002,1
aligned,dictionary,361,400,0.45,0.002,1
aligned,dictionary,362,400,0.45,0.002,1
aligned,dictionary,363,400,0.45,0.002,1
aligned,dictionary,364,400,0.45,0.002,1
aligned,dictionary,365,400,0.45,0.002,1
aligned,dictionary,366,400,0.45,0.002,1
aligned,dictionary,367,400,0.45,0.002,1
aligned,dictionary,368,400,0.45,0.002,1
aligned,dictionary,369,400,0.45,0.002,1
aligned,dictionary,370,400,0.45,0.002,1
aligned,dictionary,371,400,0.45,0.002,1
aligned,dictionary,372,400,0.45,0.002,1
aligned,dictionary,373,400,0.45,0.002,1
aligned,dictionary,374,400,0.45,0.002,1
aligned,dictionary,375,400,0.45,0.002,1
aligned,dictionary,376,400,0.45,0.002,1
aligned,dictionary,377,400,0.45,0.002,1
aligned,dictionary,378,400,0.45,0.002,1
aligned,dictionary,379,400,0.45,0.002,1
aligned,dictionary,380,400,0.45,0.002,1
aligned,dictionary,381,400,0.45,0.002,1
aligned,dictionary,382,400,0.45,0.002,1
aligned,dictionary,383,400,0.45,0.002,1
aligned,dictionary,384,400,0.45,0.002,1
aligned,dictionary,385,400,0.45,0.002,1
aligned,dictionary,386,400,0.45,0.002,1
aligned,dictionary,387,400,0.45,0.002,1
aligned,dictionary,388,400,0.45,0.002,1
aligned,dictionary,389,400,0.45,0.002,1
aligned,dictionary,390,400,0.45,0.002,1
aligned,dictionary,391,400,0.45,0.002,1
aligned,dictionary,392,400,0.45,0.002,1
aligned,dictionary,393,400,0.45,0.002,1
aligned,dictionary,394,400,0.45,0.002,1
aligned,dictionary,395,400,0.45,0.002,1
aligned,dictionary,396,400,0.45,0.002,1
aligned,dictionary,397,400,0.45,0.002,1
aligned,dictionary,398,400,0.45,0.002,1
aligned,dictionary,399,400,0.45,0.002,1
aligned,dictionary,400,400,0.45,0.002,1
aligned,dictionary,401,400,0.45,0.002,1
aligned,dictionary,402,400,0.45,0.002,1
aligned,dictionary,403,400,0.45,0.002,1
aligned,dictionary,404,400,0.45,0.002,1
aligned,dictionary,405,400,0.45,0.002,1
aligned,dictionary,406,400,0.45,0.002,1
aligned,dictionary,407,400,0.45,0.002,1
aligned,dictionary,408,400,0.45,0.002,1
aligned,dictionary,409,400,0.45,0.002,1
aligned,dictionary,410,400,0.45,0.002,1
aligned,dictionary,411,400,0.45,0.002,1
aligned,dictionary,412,400,0.45,0.002,1
aligned,dictionary,413,400,0.45,0.002,1
aligned,dictionary,414,400,0.45,0.002,1
aligned,dictionary,415,400,0.45,0.002,1
aligned,dictionary,416,400,0.45,0.002,1
aligned,dictionary,417,400,0.45,0.002,1
aligned,dictionary,418,400,0.45,0.002,1
aligned,dictionary,419,400,0.45,0.002,1
aligned,dictionary,420,400,0.45,0.002,1
aligned,dictionary,421,400,0.45,0.002,1
aligned,dictionary,422,400,0.45,0.002,1
aligned,dictionary,423,400,0.45,0.002,1
aligned,dictionary,424,400,0.45,0.002,1
aligned,dictionary,425,400,0.45,0.002,1
aligned,dictionary,426,400,0.45,0.002,1
aligned,dictionary,427,400,0.45,0.002,1
aligned,dictionary,428,400,0.45,0.002,1
aligned,dictionary,429,400,0.45,0.002,1
aligned,dictionary,430,400,0.45,0.002,1
aligned,dictionary,431,400,0.45,0.002,1
aligned,dictionary,432,400,0.45,0.002,1
aligned,dictionary,433,400,0.45,0.002,1
aligned,dictionary,434,400,0.45,0.002,1
aligned,dictionary,435,400,0.45,0.002,1
aligned,dictionary,436,400,0.45,0.002,1
aligned,dictionary,437,400,0.45,0.002,1
aligned,dictionary,438,400,0.45,0.002,1
aligned,dictionary,439,400,0.45,0.002,1
aligned,dictionary,440,400,0.45,0.002,1
aligned,dictionary,441,400,0.45,0.002,1
aligned,dictionary,442,400,0.45,0.002,1
aligned,dictionary,443,400,0.45,0.002,1
aligned,dictionary,444,400,0.45,0.002,1
aligned,dictionary,445,400,0.45,0.002,1
aligned,dictionary,446,400,0.45,0.002,1
aligned,dictionary,447,400,0.45,0.002,1
aligned,dictionary,448,400,0.45,0.002,1
aligned,dictionary,449,400,0.45,0.002,1
aligned,dictionary,450,400,0.45,0.002,1
aligned,dictionary,451,400,0.45,0.002,1
aligned,dictionary,452,400,0.45,0.002,1
aligned,dictionary,453,400,0.45,0.002,1
aligned,dictionary,454,400,0.45,0.002,1
aligned,dictionary,455,400,0.45,0.002,1
aligned,dictionary,456,400,0.45,0.002,1
aligned,dictionary,457,400,0.45,0.002,1
aligned,dictionary,458,400,0.45,0.002,1
aligned,dictionary,459,400,0.45,0.002,1
aligned,dictionary,460,400,0.45,0.002,1
aligned,dictionary,461,400,0.45,0.002,1
aligned,dictionary,462,400,0.45,0.002,1
aligned,dictionary,463,400,0.45,0.002,1
aligned,dictionary,464,400,0.45,0.002,1
aligned,dictionary,465,400,0.45,0.002,1
aligned,dictionary,466,400,0.45,0.002,1
aligned,dictionary,467,400,0.45,0.002,1
aligned,dictionary,468,400,0.45,0.002,1
aligned,dictionary,469,400,0.45,0.002,1
aligned,dictionary,470,400,0.45,0.002,1
aligned,dictionary,471,400,0.45,0.002,1
aligned,dictionary,472,400,0.45,0.002,1
aligned,dictionary,473,400,0.45,0.002,1
aligned,dictionary,474,400,0.45,0.002,1
aligned,dictionary,475,400,0.45,0.002,1
aligned,dictionary,476,400,0.45,0.002,1
aligned,dictionary,477,400,0.45,0.002,1
aligned,dictionary,478,400,0.45,0.002,1
aligned,dictionary,479,400,0.45,0.002,1
aligned,dictionary,480,400,0.45,0.002,1
aligned,dictionary,481,400,0.45,0.002,1
aligned,dictionary,482,400,0.45,0.002,1
aligned,dictionary,483,400,0.45,0.002,1
aligned,dictionary,484,400,0.45,0.002,1
aligned,dictionary,485,400,0.45,0.002,1
aligned,dictionary,486,400,0.45,0.002,1
aligned,dictionary,487,400,0.45,0.002,1
aligned,dictionary,488,400,0.45,0.002,1
aligned,dictionary,489,400,0.45,0.002,1
aligned,dictionary,490,400,0.45,0.002,1
aligned,dictionary,491,400,0.45,0.002,1
aligned,dictionary,492,400,0.45,0.002,1
aligned,dictionary,493,400,0.45,0.002,1
aligned,dictionary,494,400,0.45,0.002,1
aligned,dictionary,495,400,0.45,0.002,1
aligned,dictionary,496,400,0.45,0.002,1
aligned,dictionary,497,400,0.45,0.002,1
aligned,dictionary,498,400,0.45,0.002,1
aligned,dictionary,499,400,0.45,0.002,1
aligned,support_complete,0,400,0.45,0.002,1
aligned,support_complete,1,400,0.45,0.002,1
aligned,support_complete,2,400,0.45,0.002,1
aligned,support_complete,3,400,0.45,0.002,1
aligned,support_complete,4,400,0.45,0.002,1
aligned,support_complete,5,400,0.45,0.002,1
aligned,support_complete,6,400,0.45,0.002,1
aligned,support_complete,7,400,0.45,0.002,1
aligned,support_complete,8,400,0.45,0.002,1
aligned,support_complete,9,400,0.45,0.002,1
aligned,support_complete,10,400,0.45,0.002,1
aligned,support_complete,11,400,0.45,0.002,1
aligned,support_complete,12,400,0.45,0.002,1
aligned,support_complete,13,400,0.45,0.002,1
aligned,support_complete,14,400,0.45,0.002,1
aligned,support_complete,15,400,0.45,0.002,1
aligned,support_complete,16,400,0.45,0.002,1
aligned,support_complete,17,400,0.45,0.002,1
aligned,support_complete,18,400,0.45,0.002,1
aligned,support_complete,19,400,0.45,0.002,1
aligned,support_complete,20,400,0.45,0.002,1
aligned,support_complete,21,400,0.45,0.002,1
aligned,support_complete,22,400,0.45,0.002,1
aligned,support_complete,23,400,0.45,0.002,1
aligned,support_complete,24,400,0.45,0.002,1
aligned,support_complete,25,400,0.45,0.002,1
aligned,support_complete,26,400,0.45,0.002,1
aligned,support_complete,27,400,0.45,0.002,1
aligned,support_complete,28,400,0.45,0.002,1
aligned,support_complete,29,400,0.45,0.002,1
aligned,support_complete,30,400,0.45,0.002,1
aligned,support_complete,31,400,0.45,0.002,1
aligned,support_complete,32,400,0.45,0.002,1
aligned,support_complete,33,400,0.45,0.002,1
aligned,support_complete,34,400,0.45,0.002,1
aligned,support_complete,35,400,0.45,0.002,1
aligned,support_complete,36,400,0.45,0.002,1
aligned,support_complete,37,400,0.45,0.002,1
aligned,support_complete,38,400,0.45,0.002,1
aligned,support_complete,39,400,0.45,0.002,1
aligned,support_complete,40,400,0.45,0.002,1
aligned,support_complete,41,400,0.45,0.002,1
aligned,support_complete,42,400,0.45,0.002,1
aligned,support_complete,43,400,0.45,0.002,1
aligned,support_complete,44,400,0.45,0.002,1
aligned,support_complete,45,400,0.45,0.002,1
aligned,support_complete,46,400,0.45,0.002,1
aligned,support_complete,47,400,0.45,0.002,1
aligned,support_complete,48,400,0.45,0.002,1
aligned,support_complete,49,400,0.45,0.002,1
aligned,support_complete,50,400,0.45,0.002,1
aligned,support_complete,51,400,0.45,0.002,1
aligned,support_complete,52,400,0.45,0.002,1
aligned,support_complete,53,400,0.45,0.002,1
aligned,support_complete,54,400,0.45,0.002,1
aligned,support_complete,55,400,0.45,0.002,1
aligned,support_complete,56,400,0.45,0.002,1
aligned,support_complete,57,400,0.45,0.002,1
aligned,support_complete,58,400,0.45,0.002,1
aligned,support_complete,59,400,0.45,0.002,1
aligned,support_complete,60,400,0.45,0.002,1
aligned,support_complete,61,400,0.45,0.002,1
aligned,support_complete,62,400,0.45,0.002,1
aligned,support_complete,63,400,0.45,0.002,1
aligned,support_complete,64,400,0.45,0.002,1
aligned,support_complete,65,400,0.45,0.002,1
aligned,support_complete,66,400,0.45,0.002,1
aligned,support_complete,67,400,0.45,0.002,1
aligned,support_complete,68,400,0.45,0.002,1
aligned,support_complete,69,400,0.45,0.002,1
aligned,support_complete,70,400,0.45,0.002,1
aligned,support_complete,71,400,0.45,0.002,1
aligned,support_complete,72,400,0.45,0.002,1
aligned,support_complete,73,400,0.45,0.002,1
aligned,support_complete,74,400,0.45,0.002,1
aligned,support_complete,75,400,0.45,0.002,1
aligned,support_complete,76,400,0.45,0.002,1
aligned,support_complete,77,400,0.45,0.002,1
aligned,support_complete,78,400,0.45,0.002,1
aligned,support_complete,79,400,0.45,0.002,1
aligned,support_complete,80,400,0.45,0.002,1
aligned,support_complete,81,400,0.45,0.002,1
aligned,support_complete,82,400,0.45,0.002,1
aligned,support_complete,83,400,0.45,0.002,1
aligned,support_complete,84,400,0.45,0.002,1
aligned,support_complete,85,400,0.45,0.002,1
aligned,support_complete,86,400,0.45,0.002,1
aligned,support_complete,87,400,0.45,0.002,1
aligned,support_complete,88,400,0.45,0.002,1
aligned,support_complete,89,400,0.45,0.002,1
aligned,support_complete,90,400,0.45,0.002,1
aligned,support_complete,91,400,0.45,0.002,1
aligned,support_complete,92,400,0.45,0.002,1
aligned,support_complete,93,400,0.45,0.002,1
aligned,support_complete,94,400,0.45,0.002,1
aligned,support_complete,95,400,0.45,0.002,1
aligned,support_complete,96,400,0.45,0.002,1
aligned,support_complete,97,400,0.45,0.002,1
aligned,support_complete,98,400,0.45,0.002,1
aligned,support_complete,99,400,0.45,0.002,1
aligned,support_complete,100,400,0.45,0.002,1
aligned,support_complete,101,400,0.45,0.002,1
aligned,support_complete,102,400,0.45,0.002,1
aligned,support_complete,103,400,0.45,0.002,1
aligned,support_complete,104,400,0.45,0.002,1
aligned,support_complete,105,400,0.45,0.002,1
aligned,support_complete,106,400,0.45,0.002,1
aligned,support_complete,107,400,0.45,0.002,1
aligned,support_complete,108,400,0.45,0.002,1
aligned,support_complete,109,400,0.45,0.002,1
aligned,support_complete,110,400,0.45,0.002,1
aligned,support_complete,111,400,0.45,0.002,1
aligned,support_complete,112,400,0.45,0.002,1
aligned,support_complete,113,400,0.45,0.002,1
aligned,support_complete,114,400,0.45,0.002,1
aligned,support_complete,115,400,0.45,0.002,1
aligned,support_complete,116,400,0.45,0.002,1
aligned,support_complete,117,400,0.45,0.002,1
aligned,support_complete,118,400,0.45,0.002,1
aligned,support_complete,119,400,0.45,0.002,1
aligned,support_complete,120,400,0.45,0.002,1
aligned,support_complete,121,400,0.45,0.002,1
aligned,support_complete,122,400,0.45,0.002,1
aligned,support_complete,123,400,0.45,0.002,1
aligned,support_complete,124,400,0.45,0.002,1
aligned,support_complete,125,400,0.45,0.002,1
aligned,support_complete,126,400,0.45,0.002,1
aligned,support_complete,127,400,0.45,0.002,1
aligned,support_complete,128,400,0.45,0.002,1
aligned,support_complete,129,400,0.45,0.002,1
aligned,support_complete,130,400,0.45,0.002,1
aligned,support_complete,131,400,0.45,0.002,1
aligned,support_complete,132,400,0.45,0.002,1
aligned,support_complete,133,400,0.45,0.002,1
aligned,support_complete,134,400,0.45,0.002,1
aligned,support_complete,135,400,0.45,0.002,1
aligned,support_complete,136,400,0.45,0.002,1
aligned,support_complete,137,400,0.45,0.002,1
aligned,support_complete,138,400,0.45,0.002,1
aligned,support_complete,139,400,0.45,0.002,1
aligned,support_complete,140,400,0.45,0.002,1
aligned,support_complete,141,400,0.45,0.002,1
aligned,support_complete,142,400,0.45,0.002,1
aligned,support_complete,143,400,0.45,0.002,1
aligned,support_complete,144,400,0.45,0.002,1
aligned,support_complete,145,400,0.45,0.002,1
aligned,support_complete,146,400,0.45,0.002,1
aligned,support_complete,147,400,0.45,0.002,1
aligned,support_complete,148,400,0.45,0.002,1
aligned,support_complete,149,400,0.45,0.002,1
aligned,support_complete,150,400,0.45,0.002,1
aligned,support_complete,151,400,0.45,0.002,1
aligned,support_complete,152,400,0.45,0.002,1
aligned,support_complete,153,400,0.45,0.002,1
aligned,support_complete,154,400,0.45,0.002,1
aligned,support_complete,155,400,0.45,0.002,1
aligned,support_complete,156,400,0.45,0.002,1
aligned,support_complete,157,400,0.45,0.002,1
aligned,support_complete,158,400,0.45,0.002,1
aligned,support_complete,159,400,0.45,0.002,1
aligned,support_complete,160,400,0.45,0.002,1
aligned,support_complete,161,400,0.45,0.002,1
aligned,support_complete,162,400,0.45,0.002,1
aligned,support_complete,163,400,0.45,0.002,1
aligned,support_complete,164,400,0.45,0.002,1
aligned,support_complete,165,400,0.45,0.002,1
aligned,support_complete,166,400,0.45,0.002,1
aligned,support_complete,167,400,0.45,0.002,1
aligned,support_complete,168,400,0.45,0.002,1
aligned,support_complete,169,400,0.45,0.002,1
aligned,support_complete,170,400,0.45,0.002,1
aligned,support_complete,171,400,0.45,0.002,1
aligned,support_complete,172,400,0.45,0.002,1
aligned,support_complete,173,400,0.45,0.002,1
aligned,support_complete,174,400,0.45,0.002,1
aligned,support_complete,175,400,0.45,0.002,1
aligned,support_complete,176,400,0.45,0.002,1
aligned,support_complete,177,400,0.45,0.002,1
aligned,support_complete,178,400,0.45,0.002,1
aligned,support_complete,179,400,0.45,0.002,1
aligned,support_complete,180,400,0.45,0.002,1
aligned,support_complete,181,400,0.45,0.002,1
aligned,support_complete,182,400,0.45,0.002,1
aligned,support_complete,183,400,0.45,0.002,1
aligned,support_complete,184,400,0.45,0.002,1
aligned,support_complete,185,400,0.45,0.002,1
aligned,support_complete,186,400,0.45,0.002,1
aligned,support_complete,187,400,0.45,0.002,1
aligned,support_complete,188,400,0.45,0.002,1
aligned,support_complete,189,400,0.45,0.002,1
aligned,support_complete,190,400,0.45,0.002,1
aligned,support_complete,191,400,0.45,0.002,1
aligned,support_complete,192,400,0.45,0.002,1
aligned,support_complete,193,400,0.45,0.002,1
aligned,support_complete,194,400,0.45,0.002,1
aligned,support_complete,195,400,0.45,0.002,1
aligned,support_complete,196,400,0.45,0.002,1
aligned,support_complete,197,400,0.45,0.002,1
aligned,support_complete,198,400,0.45,0.002,1
aligned,support_complete,199,400,0.45,0.002,1
aligned,support_complete,200,400,0.45,0.002,1
aligned,support_complete,201,400,0.45,0.002,1
aligned,support_complete,202,400,0.45,0.002,1
aligned,support_complete,203,400,0.45,0.002,1
aligned,support_complete,204,400,0.45,0.002,1
aligned,support_complete,205,400,0.45,0.002,1
aligned,support_complete,206,400,0.45,0.002,1
aligned,support_complete,207,400,0.45,0.002,1
aligned,support_complete,208,400,0.45,0.002,1
aligned,support_complete,209,400,0.45,0.002,1
aligned,support_complete,210,400,0.45,0.002,1
aligned,support_complete,211,400,0.45,0.002,1
aligned,support_complete,212,400,0.45,0.002,1
aligned,support_complete,213,400,0.45,0.002,1
aligned,support_complete,214,400,0.45,0.002,1
aligned,support_complete,215,400,0.45,0.002,1
aligned,support_complete,216,400,0.45,0.002,1
aligned,support_complete,217,400,0.45,0.002,1
aligned,support_complete,218,400,0.45,0.002,1
aligned,support_complete,219,400,0.45,0.002,1
aligned,support_complete,220,400,0.45,0.002,1
aligned,support_complete,221,400,0.45,0.002,1
aligned,support_complete,222,400,0.45,0.002,1
aligned,support_complete,223,400,0.45,0.002,1
aligned,support_complete,224,400,0.45,0.002,1
aligned,support_complete,225,400,0.45,0.002,1
aligned,support_complete,226,400,0.45,0.002,1
aligned,support_complete,227,400,0.45,0.002,1
aligned,support_complete,228,400,0.45,0.002,1
aligned,support_complete,229,400,0.45,0.002,1
aligned,support_complete,230,400,0.45,0.002,1
aligned,support_complete,231,400,0.45,0.002,1
aligned,support_complete,232,400,0.45,0.002,1
aligned,support_complete,233,400,0.45,0.002,1
aligned,support_complete,234,400,0.45,0.002,1
aligned,support_complete,235,400,0.45,0.002,1
aligned,support_complete,236,400,0.45,0.002,1
aligned,support_complete,237,400,0.45,0.002,1
aligned,support_complete,238,400,0.45,0.002,1
aligned,support_complete,239,400,0.45,0.002,1
aligned,support_complete,240,400,0.45,0.002,1
aligned,support_complete,241,400,0.45,0.002,1
aligned,support_complete,242,400,0.45,0.002,1
aligned,support_complete,243,400,0.45,0.002,1
aligned,support_complete,244,400,0.45,0.002,1
aligned,support_complete,245,400,0.45,0.002,1
aligned,support_complete,246,400,0.45,0.002,1
aligned,support_complete,247,400,0.45,0.002,1
aligned,support_complete,248,400,0.45,0.002,1
aligned,support_complete,249,400,0.45,0.002,1
aligned,support_complete,250,400,0.45,0.002,1
aligned,support_complete,251,400,0.45,0.002,1
aligned,support_complete,252,400,0.45,0.002,1
aligned,support_complete,253,400,0.45,0.002,1
aligned,support_complete,254,400,0.45,0.002,1
aligned,support_complete,255,400,0.45,0.002,1
aligned,support_complete,256,400,0.45,0.002,1
aligned,support_complete,257,400,0.45,0.002,1
aligned,support_complete,258,400,0.45,0.002,1
aligned,support_complete,259,400,0.45,0.002,1
aligned,support_complete,260,400,0.45,0.002,1
aligned,support_complete,261,400,0.45,0.002,1
aligned,support_complete,262,400,0.45,0.002,1
aligned,support_complete,263,400,0.45,0.002,1
aligned,support_complete,264,400,0.45,0.002,1
aligned,support_complete,265,400,0.45,0.002,1
aligned,support_complete,266,400,0.45,0.002,1
aligned,support_complete,267,400,0.45,0.002,1
aligned,support_complete,268,400,0.45,0.002,1
aligned,support_complete,269,400,0.45,0.002,1
aligned,support_complete,270,400,0.45,0.002,1
aligned,support_complete,271,400,0.45,0.002,1
aligned,support_complete,272,400,0.45,0.002,1
aligned,support_complete,273,400,0.45,0.002,1
aligned,support_complete,274,400,0.45,0.002,1
aligned,support_complete,275,400,0.45,0.002,1
aligned,support_complete,276,400,0.45,0.002,1
aligned,support_complete,277,400,0.45,0.002,1
aligned,support_complete,278,400,0.45,0.002,1
aligned,support_complete,279,400,0.45,0.002,1
aligned,support_complete,280,400,0.45,0.002,1
aligned,support_complete,281,400,0.45,0.002,1
aligned,support_complete,282,400,0.45,0.002,1
aligned,support_complete,283,400,0.45,0.002,1
aligned,support_complete,284,400,0.45,0.002,1
aligned,support_complete,285,400,0.45,0.002,1
aligned,support_complete,286,400,0.45,0.002,1
aligned,support_complete,287,400,0.45,0.002,1
aligned,support_complete,288,400,0.45,0.002,1
aligned,support_complete,289,400,0.45,0.002,1
aligned,support_complete,290,400,0.45,0.002,1
aligned,support_complete,291,400,0.45,0.002,1
aligned,support_complete,292,400,0.45,0.002,1
aligned,support_complete,293,400,0.45,0.002,1
aligned,support_complete,294,400,0.45,0.002,1
aligned,support_complete,295,400,0.45,0.002,1
aligned,support_complete,296,400,0.45,0.002,1
aligned,support_complete,297,400,0.45,0.002,1
aligned,support_complete,298,400,0.45,0.002,1
aligned,support_complete,299,400,0.45,0.002,1
aligned,support_complete,300,400,0.45,0.002,1
aligned,support_complete,301,400,0.45,0.002,1
aligned,support_complete,302,400,0.45,0.002,1
aligned,support_complete,303,400,0.45,0.002,1
aligned,support_complete,304,400,0.45,0.002,1
aligned,support_complete,305,400,0.45,0.002,1
aligned,support_complete,306,400,0.45,0.002,1
aligned,support_complete,307,400,0.45,0.002,1
aligned,support_complete,308,400,0.45,0.002,1
aligned,support_complete,309,400,0.45,0.002,1
aligned,support_complete,310,400,0.45,0.002,1
aligned,support_complete,311,400,0.45,0.002,1
aligned,support_complete,312,400,0.45,0.002,1
aligned,support_complete,313,400,0.45,0.002,1
aligned,support_complete,314,400,0.45,0.002,1
aligned,support_complete,315,400,0.45,0.002,1
aligned,support_complete,316,400,0.45,0.002,1
aligned,support_complete,317,400,0.45,0.002,1
aligned,support_complete,318,400,0.45,0.002,1
aligned,support_complete,319,400,0.45,0.002,1
aligned,support_complete,320,400,0.45,0.002,1
aligned,support_complete,321,400,0.45,0.002,1
aligned,support_complete,322,400,0.45,0.002,1
aligned,support_complete,323,400,0.45,0.002,1
aligned,support_complete,324,400,0.45,0.002,1
aligned,support_complete,325,400,0.45,0.002,1
aligned,support_complete,326,400,0.45,0.002,1
aligned,support_complete,327,400,0.45,0.002,1
aligned,support_complete,328,400,0.45,0.002,1
aligned,support_complete,329,400,0.45,0.002,1
aligned,support_complete,330,400,0.45,0.002,1
aligned,support_complete,331,400,0.45,0.002,1
aligned,support_complete,332,400,0.45,0.002,1
aligned,support_complete,333,400,0.45,0.002,1
aligned,support_complete,334,400,0.45,0.002,1
aligned,support_complete,335,400,0.45,0.002,1
aligned,support_complete,336,400,0.45,0.002,1
aligned,support_complete,337,400,0.45,0.002,1
aligned,support_complete,338,400,0.45,0.002,1
aligned,support_complete,339,400,0.45,0.002,1
aligned,support_complete,340,400,0.45,0.002,1
aligned,support_complete,341,400,0.45,0.002,1
aligned,support_complete,342,400,0.45,0.002,1
aligned,support_complete,343,400,0.45,0.002,1
aligned,support_complete,344,400,0.45,0.002,1
aligned,support_complete,345,400,0.45,0.002,1
aligned,support_complete,346,400,0.45,0.002,1
aligned,support_complete,347,400,0.45,0.002,1
aligned,support_complete,348,400,0.45,0.002,1
aligned,support_complete,349,400,0.45,0.002,1
aligned,support_complete,350,400,0.45,0.002,1
aligned,support_complete,351,400,0.45,0.002,1
aligned,support_complete,352,400,0.45,0.002,1
aligned,support_complete,353,400,0.45,0.002,1
aligned,support_complete,354,400,0.45,0.002,1
aligned,support_complete,355,400,0.45,0.002,1
aligned,support_complete,356,400,0.45,0.002,1
aligned,support_complete,357,400,0.45,0.002,1
aligned,support_complete,358,400,0.45,0.002,1
aligned,support_complete,359,400,0.45,0.002,1
aligned,support_complete,360,400,0.45,0.002,1
aligned,support_complete,361,400,0.45,0.002,1
aligned,support_complete,362,400,0.45,0.002,1
aligned,support_complete,363,400,0.45,0.002,1
aligned,support_complete,364,400,0.45,0.002,1
aligned,support_complete,365,400,0.45,0.002,1
aligned,support_complete,366,400,0.45,0.002,1
aligned,support_complete,367,400,0.45,0.002,1
aligned,support_complete,368,400,0.45,0.002,1
aligned,support_complete,369,400,0.45,0.002,1
aligned,support_complete,370,400,0.45,0.002,1
aligned,support_complete,371,400,0.45,0.002,1
aligned,support_complete,372,400,0.45,0.002,1
aligned,support_complete,373,400,0.45,0.002,1
aligned,support_complete,374,400,0.45,0.002,1
aligned,support_complete,375,400,0.45,0.002,1
aligned,support_complete,376,400,0.45,0.002,1
aligned,support_complete,377,400,0.45,0.002,1
aligned,support_complete,378,400,0.45,0.002,1
aligned,support_complete,379,400,0.45,0.002,1
aligned,support_complete,380,400,0.45,0.002,1
aligned,support_complete,381,400,0.45,0.002,1
aligned,support_complete,382,400,0.45,0.002,1
aligned,support_complete,383,400,0.45,0.002,1
aligned,support_complete,384,400,0.45,0.002,1
aligned,support_complete,385,400,0.45,0.002,1
aligned,support_complete,386,400,0.45,0.002,1
aligned,support_complete,387,400,0.45,0.002,1
aligned,support_complete,388,400,0.45,0.002,1
aligned,support_complete,389,400,0.45,0.002,1
aligned,support_complete,390,400,0.45,0.002,1
aligned,support_complete,391,400,0.45,0.002,1
aligned,support_complete,392,400,0.45,0.002,1
aligned,support_complete,393,400,0.45,0.002,1
aligned,support_complete,394,400,0.45,0.002,1
aligned,support_complete,395,400,0.45,0.002,1
aligned,support_complete,396,400,0.45,0.002,1
aligned,support_complete,397,400,0.45,0.002,1
aligned,support_complete,398,400,0.45,0.002,1
aligned,support_complete,399,400,0.45,0.002,1
aligned,support_complete,400,400,0.45,0.002,1
aligned,support_complete,401,400,0.45,0.002,1
aligned,support_complete,402,400,0.45,0.002,1
aligned,support_complete,403,400,0.45,0.002,1
aligned,support_complete,404,400,0.45,0.002,1
aligned,support_complete,405,400,0.45,0.002,1
aligned,support_complete,406,400,0.45,0.002,1
aligned,support_complete,407,400,0.45,0.002,1
aligned,support_complete,408,400,0.45,0.002,1
aligned,support_complete,409,400,0.45,0.002,1
aligned,support_complete,410,400,0.45,0.002,1
aligned,support_complete,411,400,0.45,0.002,1
aligned,support_complete,412,400,0.45,0.002,1
aligned,support_complete,413,400,0.45,0.002,1
aligned,support_complete,414,400,0.45,0.002,1
aligned,support_complete,415,400,0.45,0.002,1
aligned,support_complete,416,400,0.45,0.002,1
aligned,support_complete,417,400,0.45,0.002,1
aligned,support_complete,418,400,0.45,0.002,1
aligned,support_complete,419,400,0.45,0.002,1
aligned,support_complete,420,400,0.45,0.002,1
aligned,support_complete,421,400,0.45,0.002,1
aligned,support_complete,422,400,0.45,0.002,1
aligned,support_complete,423,400,0.45,0.002,1
aligned,support_complete,424,400,0.45,0.002,1
aligned,support_complete,425,400,0.45,0.002,1
aligned,support_complete,426,400,0.45,0.002,1
aligned,support_complete,427,400,0.45,0.002,1
aligned,support_complete,428,400,0.45,0.002,1
aligned,support_complete,429,400,0.45,0.002,1
aligned,support_complete,430,400,0.45,0.002,1
aligned,support_complete,431,400,0.45,0.002,1
aligned,support_complete,432,400,0.45,0.002,1
aligned,support_complete,433,400,0.45,0.002,1
aligned,support_complete,434,400,0.45,0.002,1
aligned,support_complete,435,400,0.45,0.002,1
aligned,support_complete,436,400,0.45,0.002,1
aligned,support_complete,437,400,0.45,0.002,1
aligned,support_complete,438,400,0.45,0.002,1
aligned,support_complete,439,400,0.45,0.002,1
aligned,support_complete,440,400,0.45,0.002,1
aligned,support_complete,441,400,0.45,0.002,1
aligned,support_complete,442,400,0.45,0.002,1
aligned,support_complete,443,400,0.45,0.002,1
aligned,support_complete,444,400,0.45,0.002,1
aligned,support_complete,445,400,0.45,0.002,1
aligned,support_complete,446,400,0.45,0.002,1
aligned,support_complete,447,400,0.45,0.002,1
aligned,support_complete,448,400,0.45,0.002,1
aligned,support_complete,449,400,0.45,0.002,1
aligned,support_complete,450,400,0.45,0.002,1
aligned,support_complete,451,400,0.45,0.002,1
aligned,support_complete,452,400,0.45,0.002,1
aligned,support_complete,453,400,0.45,0.002,1
aligned,support_complete,454,400,0.45,0.002,1
aligned,support_complete,455,400,0.45,0.002,1
aligned,support_complete,456,400,0.45,0.002,1
aligned,support_complete,457,400,0.45,0.002,1
aligned,support_complete,458,400,0.45,0.002,1
aligned,support_complete,459,400,0.45,0.002,1
aligned,support_complete,460,400,0.45,0.002,1
aligned,support_complete,461,400,0.45,0.002,1
aligned,support_complete,462,400,0.45,0.002,1
aligned,support_complete,463,400,0.45,0.002,1
aligned,support_complete,464,400,0.45,0.002,1
aligned,support_complete,465,400,0.45,0.002,1
aligned,support_complete,466,400,0.45,0.002,1
aligned,support_complete,467,400,0.45,0.002,1
aligned,support_complete,468,400,0.45,0.002,1
aligned,support_complete,469,400,0.45,0.002,1
aligned,support_complete,470,400,0.45,0.002,1
aligned,support_complete,471,400,0.45,0.002,1
aligned,support_complete,472,400,0.45,0.002,1
aligned,support_complete,473,400,0.45,0.002,1
aligned,support_complete,474,400,0.45,0.002,1
aligned,support_complete,475,400,0.45,0.002,1
aligned,support_complete,476,400,0.45,0.002,1
aligned,support_complete,477,400,0.45,0.002,1
aligned,support_complete,478,400,0.45,0.002,1
aligned,support_complete,479,400,0.45,0.002,1
aligned,support_complete,480,400,0.45,0.002,1
aligned,support_complete,481,400,0.45,0.002,1
aligned,support_complete,482,400,0.45,0.002,1
aligned,support_complete,483,400,0.45,0.002,1
aligned,support_complete,484,400,0.45,0.002,1
aligned,support_complete,485,400,0.45,0.002,1
aligned,support_complete,486,400,0.45,0.002,1
aligned,support_complete,487,400,0.45,0.002,1
aligned,support_complete,488,400,0.45,0.002,1
aligned,support_complete,489,400,0.45,0.002,1
aligned,support_complete,490,400,0.45,0.002,1
aligned,support_complete,491,400,0.45,0.002,1
aligned,support_complete,492,400,0.45,0.002,1
aligned,support_complete,493,400,0.45,0.002,1
aligned,support_complete,494,400,0.45,0.002,1
aligned,support_complete,495,400,0.45,0.002,1
aligned,support_complete,496,400,0.45,0.002,1
aligned,support_complete,497,400,0.45,0.002,1
aligned,support_complete,498,400,0.45,0.002,1
aligned,support_complete,499,400,0.45,0.002,1
interaction,dictionary,0,400,0.45,0.002,1
interaction,dictionary,1,400,0.45,0.002,1
interaction,dictionary,2,400,0.45,0.002,1
interaction,dictionary,3,400,0.45,0.002,1
interaction,dictionary,4,400,0.45,0.002,1
interaction,dictionary,5,400,0.45,0.002,1
interaction,dictionary,6,400,0.45,0.002,1
interaction,dictionary,7,400,0.45,0.002,1
interaction,dictionary,8,400,0.45,0.002,1
interaction,dictionary,9,400,0.45,0.002,1
interaction,dictionary,10,400,0.45,0.002,1
interaction,dictionary,11,400,0.45,0.002,1
interaction,dictionary,12,400,0.45,0.002,1
interaction,dictionary,13,400,0.45,0.002,1
interaction,dictionary,14,400,0.45,0.002,1
interaction,dictionary,15,400,0.45,0.002,1
interaction,dictionary,16,400,0.45,0.002,1
interaction,dictionary,17,400,0.45,0.002,1
interaction,dictionary,18,400,0.45,0.002,1
interaction,dictionary,19,400,0.45,0.002,1
interaction,dictionary,20,400,0.45,0.002,1
interaction,dictionary,21,400,0.45,0.002,1
interaction,dictionary,22,400,0.45,0.002,1
interaction,dictionary,23,400,0.45,0.002,1
interaction,dictionary,24,400,0.45,0.002,1
interaction,dictionary,25,400,0.45,0.002,1
interaction,dictionary,26,400,0.45,0.002,1
interaction,dictionary,27,400,0.45,0.002,1
interaction,dictionary,28,400,0.45,0.002,1
interaction,dictionary,29,400,0.45,0.002,1
interaction,dictionary,30,400,0.45,0.002,1
interaction,dictionary,31,400,0.45,0.002,1
interaction,dictionary,32,400,0.45,0.002,1
interaction,dictionary,33,400,0.45,0.002,1
interaction,dictionary,34,400,0.45,0.002,1
interaction,dictionary,35,400,0.45,0.002,1
interaction,dictionary,36,400,0.45,0.002,1
interaction,dictionary,37,400,0.45,0.002,1
interaction,dictionary,38,400,0.45,0.002,1
interaction,dictionary,39,400,0.45,0.002,1
interaction,dictionary,40,400,0.45,0.002,1
interaction,dictionary,41,400,0.45,0.002,1
interaction,dictionary,42,400,0.45,0.002,1
interaction,dictionary,43,400,0.45,0.002,1
interaction,dictionary,44,400,0.45,0.002,1
interaction,dictionary,45,400,0.45,0.002,1
interaction,dictionary,46,400,0.45,0.002,1
interaction,dictionary,47,400,0.45,0.002,1
interaction,dictionary,48,400,0.45,0.002,1
interaction,dictionary,49,400,0.45,0.002,1
interaction,dictionary,50,400,0.45,0.002,1
interaction,dictionary,51,400,0.45,0.002,1
interaction,dictionary,52,400,0.45,0.002,1
interaction,dictionary,53,400,0.45,0.002,1
interaction,dictionary,54,400,0.45,0.002,1
interaction,dictionary,55,400,0.45,0.002,1
interaction,dictionary,56,400,0.45,0.002,1
interaction,dictionary,57,400,0.45,0.002,1
interaction,dictionary,58,400,0.45,0.002,1
interaction,dictionary,59,400,0.45,0.002,1
interaction,dictionary,60,400,0.45,0.002,1
interaction,dictionary,61,400,0.45,0.002,1
interaction,dictionary,62,400,0.45,0.002,1
interaction,dictionary,63,400,0.45,0.002,1
interaction,dictionary,64,400,0.45,0.002,1
interaction,dictionary,65,400,0.45,0.002,1
interaction,dictionary,66,400,0.45,0.002,1
interaction,dictionary,67,400,0.45,0.002,1
interaction,dictionary,68,400,0.45,0.002,1
interaction,dictionary,69,400,0.45,0.002,1
interaction,dictionary,70,400,0.45,0.002,1
interaction,dictionary,71,400,0.45,0.002,1
interaction,dictionary,72,400,0.45,0.002,1
interaction,dictionary,73,400,0.45,0.002,1
interaction,dictionary,74,400,0.45,0.002,1
interaction,dictionary,75,400,0.45,0.002,1
interaction,dictionary,76,400,0.45,0.002,1
interaction,dictionary,77,400,0.45,0.002,1
interaction,dictionary,78,400,0.45,0.002,1
interaction,dictionary,79,400,0.45,0.002,1
interaction,dictionary,80,400,0.45,0.002,1
interaction,dictionary,81,400,0.45,0.002,1
interaction,dictionary,82,400,0.45,0.002,1
interaction,dictionary,83,400,0.45,0.002,1
interaction,dictionary,84,400,0.45,0.002,1
interaction,dictionary,85,400,0.45,0.002,1
interaction,dictionary,86,400,0.45,0.002,1
interaction,dictionary,87,400,0.45,0.002,1
interaction,dictionary,88,400,0.45,0.002,1
interaction,dictionary,89,400,0.45,0.002,1
interaction,dictionary,90,400,0.45,0.002,1
interaction,dictionary,91,400,0.45,0.002,1
interaction,dictionary,92,400,0.45,0.002,1
interaction,dictionary,93,400,0.45,0.002,1
interaction,dictionary,94,400,0.45,0.002,1
interaction,dictionary,95,400,0.45,0.002,1
interaction,dictionary,96,400,0.45,0.002,1
interaction,dictionary,97,400,0.45,0.002,1
interaction,dictionary,98,400,0.45,0.002,1
interaction,dictionary,99,400,0.45,0.002,1
interaction,dictionary,100,400,0.45,0.002,1
interaction,dictionary,101,400,0.45,0.002,1
interaction,dictionary,102,400,0.45,0.002,1
interaction,dictionary,103,400,0.45,0.002,1
interaction,dictionary,104,400,0.45,0.002,1
interaction,dictionary,105,400,0.45,0.002,1
interaction,dictionary,106,400,0.45,0.002,1
interaction,dictionary,107,400,0.45,0.002,1
interaction,dictionary,108,400,0.45,0.002,1
interaction,dictionary,109,400,0.45,0.002,1
interaction,dictionary,110,400,0.45,0.002,1
interaction,dictionary,111,400,0.45,0.002,1
interaction,dictionary,112,400,0.45,0.002,1
interaction,dictionary,113,400,0.45,0.002,1
interaction,dictionary,114,400,0.45,0.002,1
interaction,dictionary,115,400,0.45,0.002,1
interaction,dictionary,116,400,0.45,0.002,1
interaction,dictionary,117,400,0.45,0.002,1
interaction,dictionary,118,400,0.45,0.002,1
interaction,dictionary,119,400,0.45,0.002,1
interaction,dictionary,120,400,0.45,0.002,1
interaction,dictionary,121,400,0.45,0.002,1
interaction,dictionary,122,400,0.45,0.002,1
interaction,dictionary,123,400,0.45,0.002,1
interaction,dictionary,124,400,0.45,0.002,1
interaction,dictionary,125,400,0.45,0.002,1
interaction,dictionary,126,400,0.45,0.002,1
interaction,dictionary,127,400,0.45,0.002,1
interaction,dictionary,128,400,0.45,0.002,1
interaction,dictionary,129,400,0.45,0.002,1
interaction,dictionary,130,400,0.45,0.002,1
interaction,dictionary,131,400,0.45,0.002,1
interaction,dictionary,132,400,0.45,0.002,1
interaction,dictionary,133,400,0.45,0.002,1
interaction,dictionary,134,400,0.45,0.002,1
interaction,dictionary,135,400,0.45,0.002,1
interaction,dictionary,136,400,0.45,0.002,1
interaction,dictionary,137,400,0.45,0.002,1
interaction,dictionary,138,400,0.45,0.002,1
interaction,dictionary,139,400,0.45,0.002,1
interaction,dictionary,140,400,0.45,0.002,1
interaction,dictionary,141,400,0.45,0.002,1
interaction,dictionary,142,400,0.45,0.002,1
interaction,dictionary,143,400,0.45,0.002,1
interaction,dictionary,144,400,0.45,0.002,1
interaction,dictionary,145,400,0.45,0.002,1
interaction,dictionary,146,400,0.45,0.002,1
interaction,dictionary,147,400,0.45,0.002,1
interaction,dictionary,148,400,0.45,0.002,1
interaction,dictionary,149,400,0.45,0.002,1
interaction,dictionary,150,400,0.45,0.002,1
interaction,dictionary,151,400,0.45,0.002,1
interaction,dictionary,152,400,0.45,0.002,1
interaction,dictionary,153,400,0.45,0.002,1
interaction,dictionary,154,400,0.45,0.002,1
interaction,dictionary,155,400,0.45,0.002,1
interaction,dictionary,156,400,0.45,0.002,1
interaction,dictionary,157,400,0.45,0.002,1
interaction,dictionary,158,400,0.45,0.002,1
interaction,dictionary,159,400,0.45,0.002,1
interaction,dictionary,160,400,0.45,0.002,1
interaction,dictionary,161,400,0.45,0.002,1
interaction,dictionary,162,400,0.45,0.002,1
interaction,dictionary,163,400,0.45,0.002,1
interaction,dictionary,164,400,0.45,0.002,1
interaction,dictionary,165,400,0.45,0.002,1
interaction,dictionary,166,400,0.45,0.002,1
interaction,dictionary,167,400,0.45,0.002,1
interaction,dictionary,168,400,0.45,0.002,1
interaction,dictionary,169,400,0.45,0.002,1
interaction,dictionary,170,400,0.45,0.002,1
interaction,dictionary,171,400,0.45,0.002,1
interaction,dictionary,172,400,0.45,0.002,1
interaction,dictionary,173,400,0.45,0.002,1
interaction,dictionary,174,400,0.45,0.002,1
interaction,dictionary,175,400,0.45,0.002,1
interaction,dictionary,176,400,0.45,0.002,1
interaction,dictionary,177,400,0.45,0.002,1
interaction,dictionary,178,400,0.45,0.002,1
interaction,dictionary,179,400,0.45,0.002,1
interaction,dictionary,180,400,0.45,0.002,1
interaction,dictionary,181,400,0.45,0.002,1
interaction,dictionary,182,400,0.45,0.002,1
interaction,dictionary,183,400,0.45,0.002,1
interaction,dictionary,184,400,0.45,0.002,1
interaction,dictionary,185,400,0.45,0.002,1
interaction,dictionary,186,400,0.45,0.002,1
interaction,dictionary,187,400,0.45,0.002,1
interaction,dictionary,188,400,0.45,0.002,1
interaction,dictionary,189,400,0.45,0.002,1
interaction,dictionary,190,400,0.45,0.002,1
interaction,dictionary,191,400,0.45,0.002,1
interaction,dictionary,192,400,0.45,0.002,1
interaction,dictionary,193,400,0.45,0.002,1
interaction,dictionary,194,400,0.45,0.002,1
interaction,dictionary,195,400,0.45,0.002,1
interaction,dictionary,196,400,0.45,0.002,1
interaction,dictionary,197,400,0.45,0.002,1
interaction,dictionary,198,400,0.45,0.002,1
interaction,dictionary,199,400,0.45,0.002,1
interaction,dictionary,200,400,0.45,0.002,1
interaction,dictionary,201,400,0.45,0.002,1
interaction,dictionary,202,400,0.45,0.002,1
interaction,dictionary,203,400,0.45,0.002,1
interaction,dictionary,204,400,0.45,0.002,1
interaction,dictionary,205,400,0.45,0.002,1
interaction,dictionary,206,400,0.45,0.002,1
interaction,dictionary,207,400,0.45,0.002,1
interaction,dictionary,208,400,0.45,0.002,1
interaction,dictionary,209,400,0.45,0.002,1
interaction,dictionary,210,400,0.45,0.002,1
interaction,dictionary,211,400,0.45,0.002,1
interaction,dictionary,212,400,0.45,0.002,1
interaction,dictionary,213,400,0.45,0.002,1
interaction,dictionary,214,400,0.45,0.002,1
interaction,dictionary,215,400,0.45,0.002,1
interaction,dictionary,216,400,0.45,0.002,1
interaction,dictionary,217,400,0.45,0.002,1
interaction,dictionary,218,400,0.45,0.002,1
interaction,dictionary,219,400,0.45,0.002,1
interaction,dictionary,220,400,0.45,0.002,1
interaction,dictionary,221,400,0.45,0.002,1
interaction,dictionary,222,400,0.45,0.002,1
interaction,dictionary,223,400,0.45,0.002,1
interaction,dictionary,224,400,0.45,0.002,1
interaction,dictionary,225,400,0.45,0.002,1
interaction,dictionary,226,400,0.45,0.002,1
interaction,dictionary,227,400,0.45,0.002,1
interaction,dictionary,228,400,0.45,0.002,1
interaction,dictionary,229,400,0.45,0.002,1
interaction,dictionary,230,400,0.45,0.002,1
interaction,dictionary,231,400,0.45,0.002,1
interaction,dictionary,232,400,0.45,0.002,1
interaction,dictionary,233,400,0.45,0.002,1
interaction,dictionary,234,400,0.45,0.002,1
interaction,dictionary,235,400,0.45,0.002,1
interaction,dictionary,236,400,0.45,0.002,1
interaction,dictionary,237,400,0.45,0.002,1
interaction,dictionary,238,400,0.45,0.002,1
interaction,dictionary,239,400,0.45,0.002,1
interaction,dictionary,240,400,0.45,0.002,1
interaction,dictionary,241,400,0.45,0.002,1
interaction,dictionary,242,400,0.45,0.002,1
interaction,dictionary,243,400,0.45,0.002,1
interaction,dictionary,244,400,0.45,0.002,1
interaction,dictionary,245,400,0.45,0.002,1
interaction,dictionary,246,400,0.45,0.002,1
interaction,dictionary,247,400,0.45,0.002,1
interaction,dictionary,248,400,0.45,0.002,1
interaction,dictionary,249,400,0.45,0.002,1
interaction,dictionary,250,400,0.45,0.002,1
interaction,dictionary,251,400,0.45,0.002,1
interaction,dictionary,252,400,0.45,0.002,1
interaction,dictionary,253,400,0.45,0.002,1
interaction,dictionary,254,400,0.45,0.002,1
interaction,dictionary,255,400,0.45,0.002,1
interaction,dictionary,256,400,0.45,0.002,1
interaction,dictionary,257,400,0.45,0.002,1
interaction,dictionary,258,400,0.45,0.002,1
interaction,dictionary,259,400,0.45,0.002,1
interaction,dictionary,260,400,0.45,0.002,1
interaction,dictionary,261,400,0.45,0.002,1
interaction,dictionary,262,400,0.45,0.002,1
interaction,dictionary,263,400,0.45,0.002,1
interaction,dictionary,264,400,0.45,0.002,1
interaction,dictionary,265,400,0.45,0.002,1
interaction,dictionary,266,400,0.45,0.002,1
interaction,dictionary,267,400,0.45,0.002,1
interaction,dictionary,268,400,0.45,0.002,1
interaction,dictionary,269,400,0.45,0.002,1
interaction,dictionary,270,400,0.45,0.002,1
interaction,dictionary,271,400,0.45,0.002,1
interaction,dictionary,272,400,0.45,0.002,1
interaction,dictionary,273,400,0.45,0.002,1
interaction,dictionary,274,400,0.45,0.002,1
interaction,dictionary,275,400,0.45,0.002,1
interaction,dictionary,276,400,0.45,0.002,1
interaction,dictionary,277,400,0.45,0.002,1
interaction,dictionary,278,400,0.45,0.002,1
interaction,dictionary,279,400,0.45,0.002,1
interaction,dictionary,280,400,0.45,0.002,1
interaction,dictionary,281,400,0.45,0.002,1
interaction,dictionary,282,400,0.45,0.002,1
interaction,dictionary,283,400,0.45,0.002,1
interaction,dictionary,284,400,0.45,0.002,1
interaction,dictionary,285,400,0.45,0.002,1
interaction,dictionary,286,400,0.45,0.002,1
interaction,dictionary,287,400,0.45,0.002,1
interaction,dictionary,288,400,0.45,0.002,1
interaction,dictionary,289,400,0.45,0.002,1
interaction,dictionary,290,400,0.45,0.002,1
interaction,dictionary,291,400,0.45,0.002,1
interaction,dictionary,292,400,0.45,0.002,1
interaction,dictionary,293,400,0.45,0.002,1
interaction,dictionary,294,400,0.45,0.002,1
interaction,dictionary,295,400,0.45,0.002,1
interaction,dictionary,296,400,0.45,0.002,1
interaction,dictionary,297,400,0.45,0.002,1
interaction,dictionary,298,400,0.45,0.002,1
interaction,dictionary,299,400,0.45,0.002,1
interaction,dictionary,300,400,0.45,0.002,1
interaction,dictionary,301,400,0.45,0.002,1
interaction,dictionary,302,400,0.45,0.002,1
interaction,dictionary,303,400,0.45,0.002,1
interaction,dictionary,304,400,0.45,0.002,1
interaction,dictionary,305,400,0.45,0.002,1
interaction,dictionary,306,400,0.45,0.002,1
interaction,dictionary,307,400,0.45,0.002,1
interaction,dictionary,308,400,0.45,0.002,1
interaction,dictionary,309,400,0.45,0.002,1
interaction,dictionary,310,400,0.45,0.002,1
interaction,dictionary,311,400,0.45,0.002,1
interaction,dictionary,312,400,0.45,0.002,1
interaction,dictionary,313,400,0.45,0.002,1
interaction,dictionary,314,400,0.45,0.002,1
interaction,dictionary,315,400,0.45,0.002,1
interaction,dictionary,316,400,0.45,0.002,1
interaction,dictionary,317,400,0.45,0.002,1
interaction,dictionary,318,400,0.45,0.002,1
interaction,dictionary,319,400,0.45,0.002,1
interaction,dictionary,320,400,0.45,0.002,1
interaction,dictionary,321,400,0.45,0.002,1
interaction,dictionary,322,400,0.45,0.002,1
interaction,dictionary,323,400,0.45,0.002,1
interaction,dictionary,324,400,0.45,0.002,1
interaction,dictionary,325,400,0.45,0.002,1
interaction,dictionary,326,400,0.45,0.002,1
interaction,dictionary,327,400,0.45,0.002,1
interaction,dictionary,328,400,0.45,0.002,1
interaction,dictionary,329,400,0.45,0.002,1
interaction,dictionary,330,400,0.45,0.002,1
interaction,dictionary,331,400,0.45,0.002,1
interaction,dictionary,332,400,0.45,0.002,1
interaction,dictionary,333,400,0.45,0.002,1
interaction,dictionary,334,400,0.45,0.002,1
interaction,dictionary,335,400,0.45,0.002,1
interaction,dictionary,336,400,0.45,0.002,1
interaction,dictionary,337,400,0.45,0.002,1
interaction,dictionary,338,400,0.45,0.002,1
interaction,dictionary,339,400,0.45,0.002,1
interaction,dictionary,340,400,0.45,0.002,1
interaction,dictionary,341,400,0.45,0.002,1
interaction,dictionary,342,400,0.45,0.002,1
interaction,dictionary,343,400,0.45,0.002,1
interaction,dictionary,344,400,0.45,0.002,1
interaction,dictionary,345,400,0.45,0.002,1
interaction,dictionary,346,400,0.45,0.002,1
interaction,dictionary,347,400,0.45,0.002,1
interaction,dictionary,348,400,0.45,0.002,1
interaction,dictionary,349,400,0.45,0.002,1
interaction,dictionary,350,400,0.45,0.002,1
interaction,dictionary,351,400,0.45,0.002,1
interaction,dictionary,352,400,0.45,0.002,1
interaction,dictionary,353,400,0.45,0.002,1
interaction,dictionary,354,400,0.45,0.002,1
interaction,dictionary,355,400,0.45,0.002,1
interaction,dictionary,356,400,0.45,0.002,1
interaction,dictionary,357,400,0.45,0.002,1
interaction,dictionary,358,400,0.45,0.002,1
interaction,dictionary,359,400,0.45,0.002,1
interaction,dictionary,360,400,0.45,0.002,1
interaction,dictionary,361,400,0.45,0.002,1
interaction,dictionary,362,400,0.45,0.002,1
interaction,dictionary,363,400,0.45,0.002,1
interaction,dictionary,364,400,0.45,0.002,1
interaction,dictionary,365,400,0.45,0.002,1
interaction,dictionary,366,400,0.45,0.002,1
interaction,dictionary,367,400,0.45,0.002,1
interaction,dictionary,368,400,0.45,0.002,1
interaction,dictionary,369,400,0.45,0.002,1
interaction,dictionary,370,400,0.45,0.002,1
interaction,dictionary,371,400,0.45,0.002,1
interaction,dictionary,372,400,0.45,0.002,1
interaction,dictionary,373,400,0.45,0.002,1
interaction,dictionary,374,400,0.45,0.002,1
interaction,dictionary,375,400,0.45,0.002,1
interaction,dictionary,376,400,0.45,0.002,1
interaction,dictionary,377,400,0.45,0.002,1
interaction,dictionary,378,400,0.45,0.002,1
interaction,dictionary,379,400,0.45,0.002,1
interaction,dictionary,380,400,0.45,0.002,1
interaction,dictionary,381,400,0.45,0.002,1
interaction,dictionary,382,400,0.45,0.002,1
interaction,dictionary,383,400,0.45,0.002,1
interaction,dictionary,384,400,0.45,0.002,1
interaction,dictionary,385,400,0.45,0.002,1
interaction,dictionary,386,400,0.45,0.002,1
interaction,dictionary,387,400,0.45,0.002,1
interaction,dictionary,388,400,0.45,0.002,1
interaction,dictionary,389,400,0.45,0.002,1
interaction,dictionary,390,400,0.45,0.002,1
interaction,dictionary,391,400,0.45,0.002,1
interaction,dictionary,392,400,0.45,0.002,1
interaction,dictionary,393,400,0.45,0.002,1
interaction,dictionary,394,400,0.45,0.002,1
interaction,dictionary,395,400,0.45,0.002,1
interaction,dictionary,396,400,0.45,0.002,1
interaction,dictionary,397,400,0.45,0.002,1
interaction,dictionary,398,400,0.45,0.002,1
interaction,dictionary,399,400,0.45,0.002,1
interaction,dictionary,400,400,0.45,0.002,1
interaction,dictionary,401,400,0.45,0.002,1
interaction,dictionary,402,400,0.45,0.002,1
interaction,dictionary,403,400,0.45,0.002,1
interaction,dictionary,404,400,0.45,0.002,1
interaction,dictionary,405,400,0.45,0.002,1
interaction,dictionary,406,400,0.45,0.002,1
interaction,dictionary,407,400,0.45,0.002,1
interaction,dictionary,408,400,0.45,0.002,1
interaction,dictionary,409,400,0.45,0.002,1
interaction,dictionary,410,400,0.45,0.002,1
interaction,dictionary,411,400,0.45,0.002,1
interaction,dictionary,412,400,0.45,0.002,1
interaction,dictionary,413,400,0.45,0.002,1
interaction,dictionary,414,400,0.45,0.002,1
interaction,dictionary,415,400,0.45,0.002,1
interaction,dictionary,416,400,0.45,0.002,1
interaction,dictionary,417,400,0.45,0.002,1
interaction,dictionary,418,400,0.45,0.002,1
interaction,dictionary,419,400,0.45,0.002,1
interaction,dictionary,420,400,0.45,0.002,1
interaction,dictionary,421,400,0.45,0.002,1
interaction,dictionary,422,400,0.45,0.002,1
interaction,dictionary,423,400,0.45,0.002,1
interaction,dictionary,424,400,0.45,0.002,1
interaction,dictionary,425,400,0.45,0.002,1
interaction,dictionary,426,400,0.45,0.002,1
interaction,dictionary,427,400,0.45,0.002,1
interaction,dictionary,428,400,0.45,0.002,1
interaction,dictionary,429,400,0.45,0.002,1
interaction,dictionary,430,400,0.45,0.002,1
interaction,dictionary,431,400,0.45,0.002,1
interaction,dictionary,432,400,0.45,0.002,1
interaction,dictionary,433,400,0.45,0.002,1
interaction,dictionary,434,400,0.45,0.002,1
interaction,dictionary,435,400,0.45,0.002,1
interaction,dictionary,436,400,0.45,0.002,1
interaction,dictionary,437,400,0.45,0.002,1
interaction,dictionary,438,400,0.45,0.002,1
interaction,dictionary,439,400,0.45,0.002,1
interaction,dictionary,440,400,0.45,0.002,1
interaction,dictionary,441,400,0.45,0.002,1
interaction,dictionary,442,400,0.45,0.002,1
interaction,dictionary,443,400,0.45,0.002,1
interaction,dictionary,444,400,0.45,0.002,1
interaction,dictionary,445,400,0.45,0.002,1
interaction,dictionary,446,400,0.45,0.002,1
interaction,dictionary,447,400,0.45,0.002,1
interaction,dictionary,448,400,0.45,0.002,1
interaction,dictionary,449,400,0.45,0.002,1
interaction,dictionary,450,400,0.45,0.002,1
interaction,dictionary,451,400,0.45,0.002,1
interaction,dictionary,452,400,0.45,0.002,1
interaction,dictionary,453,400,0.45,0.002,1
interaction,dictionary,454,400,0.45,0.002,1
interaction,dictionary,455,400,0.45,0.002,1
interaction,dictionary,456,400,0.45,0.002,1
interaction,dictionary,457,400,0.45,0.002,1
interaction,dictionary,458,400,0.45,0.002,1
interaction,dictionary,459,400,0.45,0.002,1
interaction,dictionary,460,400,0.45,0.002,1
interaction,dictionary,461,400,0.45,0.002,1
interaction,dictionary,462,400,0.45,0.002,1
interaction,dictionary,463,400,0.45,0.002,1
interaction,dictionary,464,400,0.45,0.002,1
interaction,dictionary,465,400,0.45,0.002,1
interaction,dictionary,466,400,0.45,0.002,1
interaction,dictionary,467,400,0.45,0.002,1
interaction,dictionary,468,400,0.45,0.002,1
interaction,dictionary,469,400,0.45,0.002,1
interaction,dictionary,470,400,0.45,0.002,1
interaction,dictionary,471,400,0.45,0.002,1
interaction,dictionary,472,400,0.45,0.002,1
interaction,dictionary,473,400,0.45,0.002,1
interaction,dictionary,474,400,0.45,0.002,1
interaction,dictionary,475,400,0.45,0.002,1
interaction,dictionary,476,400,0.45,0.002,1
interaction,dictionary,477,400,0.45,0.002,1
interaction,dictionary,478,400,0.45,0.002,1
interaction,dictionary,479,400,0.45,0.002,1
interaction,dictionary,480,400,0.45,0.002,1
interaction,dictionary,481,400,0.45,0.002,1
interaction,dictionary,482,400,0.45,0.002,1
interaction,dictionary,483,400,0.45,0.002,1
interaction,dictionary,484,400,0.45,0.002,1
interaction,dictionary,485,400,0.45,0.002,1
interaction,dictionary,486,400,0.45,0.002,1
interaction,dictionary,487,400,0.45,0.002,1
interaction,dictionary,488,400,0.45,0.002,1
interaction,dictionary,489,400,0.45,0.002,1
interaction,dictionary,490,400,0.45,0.002,1
interaction,dictionary,491,400,0.45,0.002,1
interaction,dictionary,492,400,0.45,0.002,1
interaction,dictionary,493,400,0.45,0.002,1
interaction,dictionary,494,400,0.45,0.002,1
interaction,dictionary,495,400,0.45,0.002,1
interaction,dictionary,496,400,0.45,0.002,1
interaction,dictionary,497,400,0.45,0.002,1
interaction,dictionary,498,400,0.45,0.002,1
interaction,dictionary,499,400,0.45,0.002,1
interaction,support_complete,0,400,0.45,0.002,1
interaction,support_complete,1,400,0.45,0.002,1
interaction,support_complete,2,400,0.45,0.002,1
interaction,support_complete,3,400,0.45,0.002,1
interaction,support_complete,4,400,0.45,0.002,1
interaction,support_complete,5,400,0.45,0.002,1
interaction,support_complete,6,400,0.45,0.002,1
interaction,support_complete,7,400,0.45,0.002,1
interaction,support_complete,8,400,0.45,0.002,1
interaction,support_complete,9,400,0.45,0.002,1
interaction,support_complete,10,400,0.45,0.002,1
interaction,support_complete,11,400,0.45,0.002,1
interaction,support_complete,12,400,0.45,0.002,1
interaction,support_complete,13,400,0.45,0.002,1
interaction,support_complete,14,400,0.45,0.002,1
interaction,support_complete,15,400,0.45,0.002,1
interaction,support_complete,16,400,0.45,0.002,1
interaction,support_complete,17,400,0.45,0.002,1
interaction,support_complete,18,400,0.45,0.002,1
interaction,support_complete,19,400,0.45,0.002,1
interaction,support_complete,20,400,0.45,0.002,1
interaction,support_complete,21,400,0.45,0.002,1
interaction,support_complete,22,400,0.45,0.002,1
interaction,support_complete,23,400,0.45,0.002,1
interaction,support_complete,24,400,0.45,0.002,1
interaction,support_complete,25,400,0.45,0.002,1
interaction,support_complete,26,400,0.45,0.002,1
interaction,support_complete,27,400,0.45,0.002,1
interaction,support_complete,28,400,0.45,0.002,1
interaction,support_complete,29,400,0.45,0.002,1
interaction,support_complete,30,400,0.45,0.002,1
interaction,support_complete,31,400,0.45,0.002,1
interaction,support_complete,32,400,0.45,0.002,1
interaction,support_complete,33,400,0.45,0.002,1
interaction,support_complete,34,400,0.45,0.002,1
interaction,support_complete,35,400,0.45,0.002,1
interaction,support_complete,36,400,0.45,0.002,1
interaction,support_complete,37,400,0.45,0.002,1
interaction,support_complete,38,400,0.45,0.002,1
interaction,support_complete,39,400,0.45,0.002,1
interaction,support_complete,40,400,0.45,0.002,1
interaction,support_complete,41,400,0.45,0.002,1
interaction,support_complete,42,400,0.45,0.002,1
interaction,support_complete,43,400,0.45,0.002,1
interaction,support_complete,44,400,0.45,0.002,1
interaction,support_complete,45,400,0.45,0.002,1
interaction,support_complete,46,400,0.45,0.002,1
interaction,support_complete,47,400,0.45,0.002,1
interaction,support_complete,48,400,0.45,0.002,1
interaction,support_complete,49,400,0.45,0.002,1
interaction,support_complete,50,400,0.45,0.002,1
interaction,support_complete,51,400,0.45,0.002,1
interaction,support_complete,52,400,0.45,0.002,1
interaction,support_complete,53,400,0.45,0.002,1
interaction,support_complete,54,400,0.45,0.002,1
interaction,support_complete,55,400,0.45,0.002,1
interaction,support_complete,56,400,0.45,0.002,1
interaction,support_complete,57,400,0.45,0.002,1
interaction,support_complete,58,400,0.45,0.002,1
interaction,support_complete,59,400,0.45,0.002,1
interaction,support_complete,60,400,0.45,0.002,1
interaction,support_complete,61,400,0.45,0.002,1
interaction,support_complete,62,400,0.45,0.002,1
interaction,support_complete,63,400,0.45,0.002,1
interaction,support_complete,64,400,0.45,0.002,1
interaction,support_complete,65,400,0.45,0.002,1
interaction,support_complete,66,400,0.45,0.002,1
interaction,support_complete,67,400,0.45,0.002,1
interaction,support_complete,68,400,0.45,0.002,1
interaction,support_complete,69,400,0.45,0.002,1
interaction,support_complete,70,400,0.45,0.002,1
interaction,support_complete,71,400,0.45,0.002,1
interaction,support_complete,72,400,0.45,0.002,1
interaction,support_complete,73,400,0.45,0.002,1
interaction,support_complete,74,400,0.45,0.002,1
interaction,support_complete,75,400,0.45,0.002,1
interaction,support_complete,76,400,0.45,0.002,1
interaction,support_complete,77,400,0.45,0.002,1
interaction,support_complete,78,400,0.45,0.002,1
interaction,support_complete,79,400,0.45,0.002,1
interaction,support_complete,80,400,0.45,0.002,1
interaction,support_complete,81,400,0.45,0.002,1
interaction,support_complete,82,400,0.45,0.002,1
interaction,support_complete,83,400,0.45,0.002,1
interaction,support_complete,84,400,0.45,0.002,1
interaction,support_complete,85,400,0.45,0.002,1
interaction,support_complete,86,400,0.45,0.002,1
interaction,support_complete,87,400,0.45,0.002,1
interaction,support_complete,88,400,0.45,0.002,1
interaction,support_complete,89,400,0.45,0.002,1
interaction,support_complete,90,400,0.45,0.002,1
interaction,support_complete,91,400,0.45,0.002,1
interaction,support_complete,92,400,0.45,0.002,1
interaction,support_complete,93,400,0.45,0.002,1
interaction,support_complete,94,400,0.45,0.002,1
interaction,support_complete,95,400,0.45,0.002,1
interaction,support_complete,96,400,0.45,0.002,1
interaction,support_complete,97,400,0.45,0.002,1
interaction,support_complete,98,400,0.45,0.002,1
interaction,support_complete,99,400,0.45,0.002,1
interaction,support_complete,100,400,0.45,0.002,1
interaction,support_complete,101,400,0.45,0.002,1
interaction,support_complete,102,400,0.45,0.002,1
interaction,support_complete,103,400,0.45,0.002,1
interaction,support_complete,104,400,0.45,0.002,1
interaction,support_complete,105,400,0.45,0.002,1
interaction,support_complete,106,400,0.45,0.002,1
interaction,support_complete,107,400,0.45,0.002,1
interaction,support_complete,108,400,0.45,0.002,1
interaction,support_complete,109,400,0.45,0.002,1
interaction,support_complete,110,400,0.45,0.002,1
interaction,support_complete,111,400,0.45,0.002,1
interaction,support_complete,112,400,0.45,0.002,1
interaction,support_complete,113,400,0.45,0.002,1
interaction,support_complete,114,400,0.45,0.002,1
interaction,support_complete,115,400,0.45,0.002,1
interaction,support_complete,116,400,0.45,0.002,1
interaction,support_complete,117,400,0.45,0.002,1
interaction,support_complete,118,400,0.45,0.002,1
interaction,support_complete,119,400,0.45,0.002,1
interaction,support_complete,120,400,0.45,0.002,1
interaction,support_complete,121,400,0.45,0.002,1
interaction,support_complete,122,400,0.45,0.002,1
interaction,support_complete,123,400,0.45,0.002,1
interaction,support_complete,124,400,0.45,0.002,1
interaction,support_complete,125,400,0.45,0.002,1
interaction,support_complete,126,400,0.45,0.002,1
interaction,support_complete,127,400,0.45,0.002,1
interaction,support_complete,128,400,0.45,0.002,1
interaction,support_complete,129,400,0.45,0.002,1
interaction,support_complete,130,400,0.45,0.002,1
interaction,support_complete,131,400,0.45,0.002,1
interaction,support_complete,132,400,0.45,0.002,1
interaction,support_complete,133,400,0.45,0.002,1
interaction,support_complete,134,400,0.45,0.002,1
interaction,support_complete,135,400,0.45,0.002,1
interaction,support_complete,136,400,0.45,0.002,1
interaction,support_complete,137,400,0.45,0.002,1
interaction,support_complete,138,400,0.45,0.002,1
interaction,support_complete,139,400,0.45,0.002,1
interaction,support_complete,140,400,0.45,0.002,1
interaction,support_complete,141,400,0.45,0.002,1
interaction,support_complete,142,400,0.45,0.002,1
interaction,support_complete,143,400,0.45,0.002,1
interaction,support_complete,144,400,0.45,0.002,1
interaction,support_complete,145,400,0.45,0.002,1
interaction,support_complete,146,400,0.45,0.002,1
interaction,support_complete,147,400,0.45,0.002,1
interaction,support_complete,148,400,0.45,0.002,1
interaction,support_complete,149,400,0.45,0.002,1
interaction,support_complete,150,400,0.45,0.002,1
interaction,support_complete,151,400,0.45,0.002,1
interaction,support_complete,152,400,0.45,0.002,1
interaction,support_complete,153,400,0.45,0.002,1
interaction,support_complete,154,400,0.45,0.002,1
interaction,support_complete,155,400,0.45,0.002,1
interaction,support_complete,156,400,0.45,0.002,1
interaction,support_complete,157,400,0.45,0.002,1
interaction,support_complete,158,400,0.45,0.002,1
interaction,support_complete,159,400,0.45,0.002,1
interaction,support_complete,160,400,0.45,0.002,1
interaction,support_complete,161,400,0.45,0.002,1
interaction,support_complete,162,400,0.45,0.002,1
interaction,support_complete,163,400,0.45,0.002,1
interaction,support_complete,164,400,0.45,0.002,1
interaction,support_complete,165,400,0.45,0.002,1
interaction,support_complete,166,400,0.45,0.002,1
interaction,support_complete,167,400,0.45,0.002,1
interaction,support_complete,168,400,0.45,0.002,1
interaction,support_complete,169,400,0.45,0.002,1
interaction,support_complete,170,400,0.45,0.002,1
interaction,support_complete,171,400,0.45,0.002,1
interaction,support_complete,172,400,0.45,0.002,1
interaction,support_complete,173,400,0.45,0.002,1
interaction,support_complete,174,400,0.45,0.002,1
interaction,support_complete,175,400,0.45,0.002,1
interaction,support_complete,176,400,0.45,0.002,1
interaction,support_complete,177,400,0.45,0.002,1
interaction,support_complete,178,400,0.45,0.002,1
interaction,support_complete,179,400,0.45,0.002,1
interaction,support_complete,180,400,0.45,0.002,1
interaction,support_complete,181,400,0.45,0.002,1
interaction,support_complete,182,400,0.45,0.002,1
interaction,support_complete,183,400,0.45,0.002,1
interaction,support_complete,184,400,0.45,0.002,1
interaction,support_complete,185,400,0.45,0.002,1
interaction,support_complete,186,400,0.45,0.002,1
interaction,support_complete,187,400,0.45,0.002,1
interaction,support_complete,188,400,0.45,0.002,1
interaction,support_complete,189,400,0.45,0.002,1
interaction,support_complete,190,400,0.45,0.002,1
interaction,support_complete,191,400,0.45,0.002,1
interaction,support_complete,192,400,0.45,0.002,1
interaction,support_complete,193,400,0.45,0.002,1
interaction,support_complete,194,400,0.45,0.002,1
interaction,support_complete,195,400,0.45,0.002,1
interaction,support_complete,196,400,0.45,0.002,1
interaction,support_complete,197,400,0.45,0.002,1
interaction,support_complete,198,400,0.45,0.002,1
interaction,support_complete,199,400,0.45,0.002,1
interaction,support_complete,200,400,0.45,0.002,1
interaction,support_complete,201,400,0.45,0.002,1
interaction,support_complete,202,400,0.45,0.002,1
interaction,support_complete,203,400,0.45,0.002,1
interaction,support_complete,204,400,0.45,0.002,1
interaction,support_complete,205,400,0.45,0.002,1
interaction,support_complete,206,400,0.45,0.002,1
interaction,support_complete,207,400,0.45,0.002,1
interaction,support_complete,208,400,0.45,0.002,1
interaction,support_complete,209,400,0.45,0.002,1
interaction,support_complete,210,400,0.45,0.002,1
interaction,support_complete,211,400,0.45,0.002,1
interaction,support_complete,212,400,0.45,0.002,1
interaction,support_complete,213,400,0.45,0.002,1
interaction,support_complete,214,400,0.45,0.002,1
interaction,support_complete,215,400,0.45,0.002,1
interaction,support_complete,216,400,0.45,0.002,1
interaction,support_complete,217,400,0.45,0.002,1
interaction,support_complete,218,400,0.45,0.002,1
interaction,support_complete,219,400,0.45,0.002,1
interaction,support_complete,220,400,0.45,0.002,1
interaction,support_complete,221,400,0.45,0.002,1
interaction,support_complete,222,400,0.45,0.002,1
interaction,support_complete,223,400,0.45,0.002,1
interaction,support_complete,224,400,0.45,0.002,1
interaction,support_complete,225,400,0.45,0.002,1
interaction,support_complete,226,400,0.45,0.002,1
interaction,support_complete,227,400,0.45,0.002,1
interaction,support_complete,228,400,0.45,0.002,1
interaction,support_complete,229,400,0.45,0.002,1
interaction,support_complete,230,400,0.45,0.002,1
interaction,support_complete,231,400,0.45,0.002,1
interaction,support_complete,232,400,0.45,0.002,1
interaction,support_complete,233,400,0.45,0.002,1
interaction,support_complete,234,400,0.45,0.002,1
interaction,support_complete,235,400,0.45,0.002,1
interaction,support_complete,236,400,0.45,0.002,1
interaction,support_complete,237,400,0.45,0.002,1
interaction,support_complete,238,400,0.45,0.002,1
interaction,support_complete,239,400,0.45,0.002,1
interaction,support_complete,240,400,0.45,0.002,1
interaction,support_complete,241,400,0.45,0.002,1
interaction,support_complete,242,400,0.45,0.002,1
interaction,support_complete,243,400,0.45,0.002,1
interaction,support_complete,244,400,0.45,0.002,1
interaction,support_complete,245,400,0.45,0.002,1
interaction,support_complete,246,400,0.45,0.002,1
interaction,support_complete,247,400,0.45,0.002,1
interaction,support_complete,248,400,0.45,0.002,1
interaction,support_complete,249,400,0.45,0.002,1
interaction,support_complete,250,400,0.45,0.002,1
interaction,support_complete,251,400,0.45,0.002,1
interaction,support_complete,252,400,0.45,0.002,1
interaction,support_complete,253,400,0.45,0.002,1
interaction,support_complete,254,400,0.45,0.002,1
interaction,support_complete,255,400,0.45,0.002,1
interaction,support_complete,256,400,0.45,0.002,1
interaction,support_complete,257,400,0.45,0.002,1
interaction,support_complete,258,400,0.45,0.002,1
interaction,support_complete,259,400,0.45,0.002,1
interaction,support_complete,260,400,0.45,0.002,1
interaction,support_complete,261,400,0.45,0.002,1
interaction,support_complete,262,400,0.45,0.002,1
interaction,support_complete,263,400,0.45,0.002,1
interaction,support_complete,264,400,0.45,0.002,1
interaction,support_complete,265,400,0.45,0.002,1
interaction,support_complete,266,400,0.45,0.002,1
interaction,support_complete,267,400,0.45,0.002,1
interaction,support_complete,268,400,0.45,0.002,1
interaction,support_complete,269,400,0.45,0.002,1
interaction,support_complete,270,400,0.45,0.002,1
interaction,support_complete,271,400,0.45,0.002,1
interaction,support_complete,272,400,0.45,0.002,1
interaction,support_complete,273,400,0.45,0.002,1
interaction,support_complete,274,400,0.45,0.002,1
interaction,support_complete,275,400,0.45,0.002,1
interaction,support_complete,276,400,0.45,0.002,1
interaction,support_complete,277,400,0.45,0.002,1
interaction,support_complete,278,400,0.45,0.002,1
interaction,support_complete,279,400,0.45,0.002,1
interaction,support_complete,280,400,0.45,0.002,1
interaction,support_complete,281,400,0.45,0.002,1
interaction,support_complete,282,400,0.45,0.002,1
interaction,support_complete,283,400,0.45,0.002,1
interaction,support_complete,284,400,0.45,0.002,1
interaction,support_complete,285,400,0.45,0.002,1
interaction,support_complete,286,400,0.45,0.002,1
interaction,support_complete,287,400,0.45,0.002,1
interaction,support_complete,288,400,0.45,0.002,1
interaction,support_complete,289,400,0.45,0.002,1
interaction,support_complete,290,400,0.45,0.002,1
interaction,support_complete,291,400,0.45,0.002,1
interaction,support_complete,292,400,0.45,0.002,1
interaction,support_complete,293,400,0.45,0.002,1
interaction,support_complete,294,400,0.45,0.002,1
interaction,support_complete,295,400,0.45,0.002,1
interaction,support_complete,296,400,0.45,0.002,1
interaction,support_complete,297,400,0.45,0.002,1
interaction,support_complete,298,400,0.45,0.002,1
interaction,support_complete,299,400,0.45,0.002,1
interaction,support_complete,300,400,0.45,0.002,1
interaction,support_complete,301,400,0.45,0.004,1
interaction,support_complete,302,400,0.45,0.002,1
interaction,support_complete,303,400,0.45,0.002,1
interaction,support_complete,304,400,0.45,0.002,1
interaction,support_complete,305,400,0.45,0.002,1
interaction,support_complete,306,400,0.45,0.002,1
interaction,support_complete,307,400,0.45,0.002,1
interaction,support_complete,308,400,0.45,0.002,1
interaction,support_complete,309,400,0.45,0.002,1
interaction,support_complete,310,400,0.45,0.002,1
interaction,support_complete,311,400,0.45,0.002,1
interaction,support_complete,312,400,0.45,0.002,1
interaction,support_complete,313,400,0.45,0.002,1
interaction,support_complete,314,400,0.45,0.002,1
interaction,support_complete,315,400,0.45,0.002,1
interaction,support_complete,316,400,0.45,0.002,1
interaction,support_complete,317,400,0.45,0.002,1
interaction,support_complete,318,400,0.45,0.002,1
interaction,support_complete,319,400,0.45,0.002,1
interaction,support_complete,320,400,0.45,0.002,1
interaction,support_complete,321,400,0.45,0.002,1
interaction,support_complete,322,400,0.45,0.002,1
interaction,support_complete,323,400,0.45,0.002,1
interaction,support_complete,324,400,0.45,0.002,1
interaction,support_complete,325,400,0.45,0.002,1
interaction,support_complete,326,400,0.45,0.002,1
interaction,support_complete,327,400,0.45,0.002,1
interaction,support_complete,328,400,0.45,0.002,1
interaction,support_complete,329,400,0.45,0.002,1
interaction,support_complete,330,400,0.45,0.002,1
interaction,support_complete,331,400,0.45,0.002,1
interaction,support_complete,332,400,0.45,0.002,1
interaction,support_complete,333,400,0.45,0.002,1
interaction,support_complete,334,400,0.45,0.002,1
interaction,support_complete,335,400,0.45,0.002,1
interaction,support_complete,336,400,0.45,0.002,1
interaction,support_complete,337,400,0.45,0.002,1
interaction,support_complete,338,400,0.45,0.002,1
interaction,support_complete,339,400,0.45,0.002,1
interaction,support_complete,340,400,0.45,0.002,1
interaction,support_complete,341,400,0.45,0.002,1
interaction,support_complete,342,400,0.45,0.002,1
interaction,support_complete,343,400,0.45,0.002,1
interaction,support_complete,344,400,0.45,0.002,1
interaction,support_complete,345,400,0.45,0.002,1
interaction,support_complete,346,400,0.45,0.002,1
interaction,support_complete,347,400,0.45,0.002,1
interaction,support_complete,348,400,0.45,0.002,1
interaction,support_complete,349,400,0.45,0.002,1
interaction,support_complete,350,400,0.45,0.002,1
interaction,support_complete,351,400,0.45,0.002,1
interaction,support_complete,352,400,0.45,0.002,1
interaction,support_complete,353,400,0.45,0.002,1
interaction,support_complete,354,400,0.45,0.002,1
interaction,support_complete,355,400,0.45,0.002,1
interaction,support_complete,356,400,0.45,0.002,1
interaction,support_complete,357,400,0.45,0.002,1
interaction,support_complete,358,400,0.45,0.002,1
interaction,support_complete,359,400,0.45,0.002,1
interaction,support_complete,360,400,0.45,0.002,1
interaction,support_complete,361,400,0.45,0.002,1
interaction,support_complete,362,400,0.45,0.002,1
interaction,support_complete,363,400,0.45,0.002,1
interaction,support_complete,364,400,0.45,0.002,1
interaction,support_complete,365,400,0.45,0.002,1
interaction,support_complete,366,400,0.45,0.002,1
interaction,support_complete,367,400,0.45,0.002,1
interaction,support_complete,368,400,0.45,0.002,1
interaction,support_complete,369,400,0.45,0.002,1
interaction,support_complete,370,400,0.45,0.002,1
interaction,support_complete,371,400,0.45,0.002,1
interaction,support_complete,372,400,0.45,0.002,1
interaction,support_complete,373,400,0.45,0.002,1
interaction,support_complete,374,400,0.45,0.002,1
interaction,support_complete,375,400,0.45,0.002,1
interaction,support_complete,376,400,0.45,0.002,1
interaction,support_complete,377,400,0.45,0.002,1
interaction,support_complete,378,400,0.45,0.002,1
interaction,support_complete,379,400,0.45,0.002,1
interaction,support_complete,380,400,0.45,0.002,1
interaction,support_complete,381,400,0.45,0.002,1
interaction,support_complete,382,400,0.45,0.002,1
interaction,support_complete,383,400,0.45,0.002,1
interaction,support_complete,384,400,0.45,0.002,1
interaction,support_complete,385,400,0.45,0.002,1
interaction,support_complete,386,400,0.45,0.002,1
interaction,support_complete,387,400,0.45,0.002,1
interaction,support_complete,388,400,0.45,0.002,1
interaction,support_complete,389,400,0.45,0.002,1
interaction,support_complete,390,400,0.45,0.002,1
interaction,support_complete,391,400,0.45,0.002,1
interaction,support_complete,392,400,0.45,0.002,1
interaction,support_complete,393,400,0.45,0.002,1
interaction,support_complete,394,400,0.45,0.002,1
interaction,support_complete,395,400,0.45,0.002,1
interaction,support_complete,396,400,0.45,0.002,1
interaction,support_complete,397,400,0.45,0.002,1
interaction,support_complete,398,400,0.45,0.002,1
interaction,support_complete,399,400,0.45,0.002,1
interaction,support_complete,400,400,0.45,0.002,1
interaction,support_complete,401,400,0.45,0.002,1
interaction,support_complete,402,400,0.45,0.002,1
interaction,support_complete,403,400,0.45,0.002,1
interaction,support_complete,404,400,0.45,0.002,1
interaction,support_complete,405,400,0.45,0.002,1
interaction,support_complete,406,400,0.45,0.002,1
interaction,support_complete,407,400,0.45,0.002,1
interaction,support_complete,408,400,0.45,0.002,1
interaction,support_complete,409,400,0.45,0.002,1
interaction,support_complete,410,400,0.45,0.002,1
interaction,support_complete,411,400,0.45,0.002,1
interaction,support_complete,412,400,0.45,0.002,1
interaction,support_complete,413,400,0.45,0.002,1
interaction,support_complete,414,400,0.45,0.002,1
interaction,support_complete,415,400,0.45,0.002,1
interaction,support_complete,416,400,0.45,0.002,1
interaction,support_complete,417,400,0.45,0.002,1
interaction,support_complete,418,400,0.45,0.002,1
interaction,support_complete,419,400,0.45,0.002,1
interaction,support_complete,420,400,0.45,0.002,1
interaction,support_complete,421,400,0.45,0.002,1
interaction,support_complete,422,400,0.45,0.002,1
interaction,support_complete,423,400,0.45,0.002,1
interaction,support_complete,424,400,0.45,0.002,1
interaction,support_complete,425,400,0.45,0.002,1
interaction,support_complete,426,400,0.45,0.002,1
interaction,support_complete,427,400,0.45,0.002,1
interaction,support_complete,428,400,0.45,0.002,1
interaction,support_complete,429,400,0.45,0.002,1
interaction,support_complete,430,400,0.45,0.002,1
interaction,support_complete,431,400,0.45,0.002,1
interaction,support_complete,432,400,0.45,0.002,1
interaction,support_complete,433,400,0.45,0.002,1
interaction,support_complete,434,400,0.45,0.002,1
interaction,support_complete,435,400,0.45,0.002,1
interaction,support_complete,436,400,0.45,0.002,1
interaction,support_complete,437,400,0.45,0.002,1
interaction,support_complete,438,400,0.45,0.002,1
interaction,support_complete,439,400,0.45,0.002,1
interaction,support_complete,440,400,0.45,0.002,1
interaction,support_complete,441,400,0.45,0.002,1
interaction,support_complete,442,400,0.45,0.002,1
interaction,support_complete,443,400,0.45,0.002,1
interaction,support_complete,444,400,0.45,0.002,1
interaction,support_complete,445,400,0.45,0.002,1
interaction,support_complete,446,400,0.45,0.002,1
interaction,support_complete,447,400,0.45,0.002,1
interaction,support_complete,448,400,0.45,0.002,1
interaction,support_complete,449,400,0.45,0.002,1
interaction,support_complete,450,400,0.45,0.002,1
interaction,support_complete,451,400,0.45,0.002,1
interaction,support_complete,452,400,0.45,0.002,1
interaction,support_complete,453,400,0.45,0.002,1
interaction,support_complete,454,400,0.45,0.002,1
interaction,support_complete,455,400,0.45,0.002,1
interaction,support_complete,456,400,0.45,0.002,1
interaction,support_complete,457,400,0.45,0.002,1
interaction,support_complete,458,400,0.45,0.002,1
interaction,support_complete,459,400,0.45,0.002,1
interaction,support_complete,460,400,0.45,0.002,1
interaction,support_complete,461,400,0.45,0.002,1
interaction,support_complete,462,400,0.45,0.002,1
interaction,support_complete,463,400,0.45,0.002,1
interaction,support_complete,464,400,0.45,0.002,1
interaction,support_complete,465,400,0.45,0.002,1
interaction,support_complete,466,400,0.45,0.002,1
interaction,support_complete,467,400,0.45,0.002,1
interaction,support_complete,468,400,0.45,0.002,1
interaction,support_complete,469,400,0.45,0.002,1
interaction,support_complete,470,400,0.45,0.002,1
interaction,support_complete,471,400,0.45,0.002,1
interaction,support_complete,472,400,0.45,0.002,1
interaction,support_complete,473,400,0.45,0.002,1
interaction,support_complete,474,400,0.45,0.002,1
interaction,support_complete,475,400,0.45,0.002,1
interaction,support_complete,476,400,0.45,0.002,1
interaction,support_complete,477,400,0.45,0.002,1
interaction,support_complete,478,400,0.45,0.002,1
interaction,support_complete,479,400,0.45,0.002,1
interaction,support_complete,480,400,0.45,0.002,1
interaction,support_complete,481,400,0.45,0.002,1
interaction,support_complete,482,400,0.45,0.002,1
interaction,support_complete,483,400,0.45,0.002,1
interaction,support_complete,484,400,0.45,0.002,1
interaction,support_complete,485,400,0.45,0.002,1
interaction,support_complete,486,400,0.45,0.002,1
interaction,support_complete,487,400,0.45,0.002,1
interaction,support_complete,488,400,0.45,0.002,1
interaction,support_complete,489,400,0.45,0.002,1
interaction,support_complete,490,400,0.45,0.002,1
interaction,support_complete,491,400,0.45,0.002,1
interaction,support_complete,492,400,0.45,0.002,1
interaction,support_complete,493,400,0.45,0.002,1
interaction,support_complete,494,400,0.45,0.002,1
interaction,support_complete,495,400,0.45,0.002,1
interaction,support_complete,496,400,0.45,0.002,1
interaction,support_complete,497,400,0.45,0.002,1
interaction,support_complete,498,400,0.45,0.002,1
interaction,support_complete,499,400,0.45,0.002,1
hidden_quadratic,dictionary,0,400,0.45,0.002,1
hidden_quadratic,dictionary,1,400,0.45,0.002,1
hidden_quadratic,dictionary,2,400,0.45,0.002,1
hidden_quadratic,dictionary,3,400,0.45,0.002,1
hidden_quadratic,dictionary,4,400,0.45,0.002,1
hidden_quadratic,dictionary,5,400,0.45,0.002,1
hidden_quadratic,dictionary,6,400,0.45,0.002,1
hidden_quadratic,dictionary,7,400,0.45,0.002,1
hidden_quadratic,dictionary,8,400,0.45,0.002,1
hidden_quadratic,dictionary,9,400,0.45,0.002,1
hidden_quadratic,dictionary,10,400,0.45,0.002,1
hidden_quadratic,dictionary,11,400,0.45,0.002,1
hidden_quadratic,dictionary,12,400,0.45,0.002,1
hidden_quadratic,dictionary,13,400,0.45,0.002,1
hidden_quadratic,dictionary,14,400,0.45,0.002,1
hidden_quadratic,dictionary,15,400,0.45,0.002,1
hidden_quadratic,dictionary,16,400,0.45,0.002,1
hidden_quadratic,dictionary,17,400,0.45,0.002,1
hidden_quadratic,dictionary,18,400,0.45,0.002,1
hidden_quadratic,dictionary,19,400,0.45,0.002,1
hidden_quadratic,dictionary,20,400,0.45,0.002,1
hidden_quadratic,dictionary,21,400,0.45,0.002,1
hidden_quadratic,dictionary,22,400,0.45,0.002,1
hidden_quadratic,dictionary,23,400,0.45,0.002,1
hidden_quadratic,dictionary,24,400,0.45,0.002,1
hidden_quadratic,dictionary,25,400,0.45,0.002,1
hidden_quadratic,dictionary,26,400,0.45,0.002,1
hidden_quadratic,dictionary,27,400,0.45,0.002,1
hidden_quadratic,dictionary,28,400,0.45,0.002,1
hidden_quadratic,dictionary,29,400,0.45,0.002,1
hidden_quadratic,dictionary,30,400,0.45,0.002,1
hidden_quadratic,dictionary,31,400,0.45,0.002,1
hidden_quadratic,dictionary,32,400,0.45,0.002,1
hidden_quadratic,dictionary,33,400,0.45,0.002,1
hidden_quadratic,dictionary,34,400,0.45,0.002,1
hidden_quadratic,dictionary,35,400,0.45,0.002,1
hidden_quadratic,dictionary,36,400,0.45,0.002,1
hidden_quadratic,dictionary,37,400,0.45,0.002,1
hidden_quadratic,dictionary,38,400,0.45,0.002,1
hidden_quadratic,dictionary,39,400,0.45,0.002,1
hidden_quadratic,dictionary,40,400,0.45,0.002,1
hidden_quadratic,dictionary,41,400,0.45,0.002,1
hidden_quadratic,dictionary,42,400,0.45,0.002,1
hidden_quadratic,dictionary,43,400,0.45,0.002,1
hidden_quadratic,dictionary,44,400,0.45,0.002,1
hidden_quadratic,dictionary,45,400,0.45,0.002,1
hidden_quadratic,dictionary,46,400,0.45,0.002,1
hidden_quadratic,dictionary,47,400,0.45,0.002,1
hidden_quadratic,dictionary,48,400,0.45,0.002,1
hidden_quadratic,dictionary,49,400,0.45,0.002,1
hidden_quadratic,dictionary,50,400,0.45,0.002,1
hidden_quadratic,dictionary,51,400,0.45,0.002,1
hidden_quadratic,dictionary,52,400,0.45,0.002,1
hidden_quadratic,dictionary,53,400,0.45,0.002,1
hidden_quadratic,dictionary,54,400,0.45,0.002,1
hidden_quadratic,dictionary,55,400,0.45,0.002,1
hidden_quadratic,dictionary,56,400,0.45,0.002,1
hidden_quadratic,dictionary,57,400,0.45,0.002,1
hidden_quadratic,dictionary,58,400,0.45,0.002,1
hidden_quadratic,dictionary,59,400,0.45,0.002,1
hidden_quadratic,dictionary,60,400,0.45,0.002,1
hidden_quadratic,dictionary,61,400,0.45,0.002,1
hidden_quadratic,dictionary,62,400,0.45,0.002,1
hidden_quadratic,dictionary,63,400,0.45,0.002,1
hidden_quadratic,dictionary,64,400,0.45,0.002,1
hidden_quadratic,dictionary,65,400,0.45,0.002,1
hidden_quadratic,dictionary,66,400,0.45,0.002,1
hidden_quadratic,dictionary,67,400,0.45,0.002,1
hidden_quadratic,dictionary,68,400,0.45,0.002,1
hidden_quadratic,dictionary,69,400,0.45,0.002,1
hidden_quadratic,dictionary,70,400,0.45,0.002,1
hidden_quadratic,dictionary,71,400,0.45,0.002,1
hidden_quadratic,dictionary,72,400,0.45,0.002,1
hidden_quadratic,dictionary,73,400,0.45,0.002,1
hidden_quadratic,dictionary,74,400,0.45,0.002,1
hidden_quadratic,dictionary,75,400,0.45,0.002,1
hidden_quadratic,dictionary,76,400,0.45,0.002,1
hidden_quadratic,dictionary,77,400,0.45,0.002,1
hidden_quadratic,dictionary,78,400,0.45,0.002,1
hidden_quadratic,dictionary,79,400,0.45,0.002,1
hidden_quadratic,dictionary,80,400,0.45,0.002,1
hidden_quadratic,dictionary,81,400,0.45,0.002,1
hidden_quadratic,dictionary,82,400,0.45,0.002,1
hidden_quadratic,dictionary,83,400,0.45,0.002,1
hidden_quadratic,dictionary,84,400,0.45,0.002,1
hidden_quadratic,dictionary,85,400,0.45,0.002,1
hidden_quadratic,dictionary,86,400,0.45,0.002,1
hidden_quadratic,dictionary,87,400,0.45,0.002,1
hidden_quadratic,dictionary,88,400,0.45,0.002,1
hidden_quadratic,dictionary,89,400,0.45,0.002,1
hidden_quadratic,dictionary,90,400,0.45,0.002,1
hidden_quadratic,dictionary,91,400,0.45,0.002,1
hidden_quadratic,dictionary,92,400,0.45,0.002,1
hidden_quadratic,dictionary,93,400,0.45,0.002,1
hidden_quadratic,dictionary,94,400,0.45,0.002,1
hidden_quadratic,dictionary,95,400,0.45,0.002,1
hidden_quadratic,dictionary,96,400,0.45,0.002,1
hidden_quadratic,dictionary,97,400,0.45,0.002,1
hidden_quadratic,dictionary,98,400,0.45,0.002,1
hidden_quadratic,dictionary,99,400,0.45,0.002,1
hidden_quadratic,dictionary,100,400,0.45,0.002,1
hidden_quadratic,dictionary,101,400,0.45,0.002,1
hidden_quadratic,dictionary,102,400,0.45,0.002,1
hidden_quadratic,dictionary,103,400,0.45,0.002,1
hidden_quadratic,dictionary,104,400,0.45,0.002,1
hidden_quadratic,dictionary,105,400,0.45,0.002,1
hidden_quadratic,dictionary,106,400,0.45,0.002,1
hidden_quadratic,dictionary,107,400,0.45,0.002,1
hidden_quadratic,dictionary,108,400,0.45,0.002,1
hidden_quadratic,dictionary,109,400,0.45,0.002,1
hidden_quadratic,dictionary,110,400,0.45,0.002,1
hidden_quadratic,dictionary,111,400,0.45,0.002,1
hidden_quadratic,dictionary,112,400,0.45,0.002,1
hidden_quadratic,dictionary,113,400,0.45,0.002,1
hidden_quadratic,dictionary,114,400,0.45,0.002,1
hidden_quadratic,dictionary,115,400,0.45,0.002,1
hidden_quadratic,dictionary,116,400,0.45,0.002,1
hidden_quadratic,dictionary,117,400,0.45,0.002,1
hidden_quadratic,dictionary,118,400,0.45,0.002,1
hidden_quadratic,dictionary,119,400,0.45,0.002,1
hidden_quadratic,dictionary,120,400,0.45,0.002,1
hidden_quadratic,dictionary,121,400,0.45,0.002,1
hidden_quadratic,dictionary,122,400,0.45,0.002,1
hidden_quadratic,dictionary,123,400,0.45,0.002,1
hidden_quadratic,dictionary,124,400,0.45,0.002,1
hidden_quadratic,dictionary,125,400,0.45,0.002,1
hidden_quadratic,dictionary,126,400,0.45,0.002,1
hidden_quadratic,dictionary,127,400,0.45,0.002,1
hidden_quadratic,dictionary,128,400,0.45,0.002,1
hidden_quadratic,dictionary,129,400,0.45,0.002,1
hidden_quadratic,dictionary,130,400,0.45,0.002,1
hidden_quadratic,dictionary,131,400,0.45,0.002,1
hidden_quadratic,dictionary,132,400,0.45,0.002,1
hidden_quadratic,dictionary,133,400,0.45,0.002,1
hidden_quadratic,dictionary,134,400,0.45,0.002,1
hidden_quadratic,dictionary,135,400,0.45,0.002,1
hidden_quadratic,dictionary,136,400,0.45,0.002,1
hidden_quadratic,dictionary,137,400,0.45,0.002,1
hidden_quadratic,dictionary,138,400,0.45,0.002,1
hidden_quadratic,dictionary,139,400,0.45,0.002,1
hidden_quadratic,dictionary,140,400,0.45,0.002,1
hidden_quadratic,dictionary,141,400,0.45,0.002,1
hidden_quadratic,dictionary,142,400,0.45,0.002,1
hidden_quadratic,dictionary,143,400,0.45,0.002,1
hidden_quadratic,dictionary,144,400,0.45,0.002,1
hidden_quadratic,dictionary,145,400,0.45,0.002,1
hidden_quadratic,dictionary,146,400,0.45,0.002,1
hidden_quadratic,dictionary,147,400,0.45,0.002,1
hidden_quadratic,dictionary,148,400,0.45,0.002,1
hidden_quadratic,dictionary,149,400,0.45,0.002,1
hidden_quadratic,dictionary,150,400,0.45,0.002,1
hidden_quadratic,dictionary,151,400,0.45,0.002,1
hidden_quadratic,dictionary,152,400,0.45,0.002,1
hidden_quadratic,dictionary,153,400,0.45,0.002,1
hidden_quadratic,dictionary,154,400,0.45,0.002,1
hidden_quadratic,dictionary,155,400,0.45,0.002,1
hidden_quadratic,dictionary,156,400,0.45,0.002,1
hidden_quadratic,dictionary,157,400,0.45,0.002,1
hidden_quadratic,dictionary,158,400,0.45,0.002,1
hidden_quadratic,dictionary,159,400,0.45,0.002,1
hidden_quadratic,dictionary,160,400,0.45,0.002,1
hidden_quadratic,dictionary,161,400,0.45,0.002,1
hidden_quadratic,dictionary,162,400,0.45,0.002,1
hidden_quadratic,dictionary,163,400,0.45,0.002,1
hidden_quadratic,dictionary,164,400,0.45,0.002,1
hidden_quadratic,dictionary,165,400,0.45,0.002,1
hidden_quadratic,dictionary,166,400,0.45,0.002,1
hidden_quadratic,dictionary,167,400,0.45,0.002,1
hidden_quadratic,dictionary,168,400,0.45,0.002,1
hidden_quadratic,dictionary,169,400,0.45,0.002,1
hidden_quadratic,dictionary,170,400,0.45,0.002,1
hidden_quadratic,dictionary,171,400,0.45,0.002,1
hidden_quadratic,dictionary,172,400,0.45,0.002,1
hidden_quadratic,dictionary,173,400,0.45,0.002,1
hidden_quadratic,dictionary,174,400,0.45,0.002,1
hidden_quadratic,dictionary,175,400,0.45,0.002,1
hidden_quadratic,dictionary,176,400,0.45,0.002,1
hidden_quadratic,dictionary,177,400,0.45,0.002,1
hidden_quadratic,dictionary,178,400,0.45,0.002,1
hidden_quadratic,dictionary,179,400,0.45,0.002,1
hidden_quadratic,dictionary,180,400,0.45,0.002,1
hidden_quadratic,dictionary,181,400,0.45,0.002,1
hidden_quadratic,dictionary,182,400,0.45,0.002,1
hidden_quadratic,dictionary,183,400,0.45,0.002,1
hidden_quadratic,dictionary,184,400,0.45,0.002,1
hidden_quadratic,dictionary,185,400,0.45,0.002,1
hidden_quadratic,dictionary,186,400,0.45,0.002,1
hidden_quadratic,dictionary,187,400,0.45,0.002,1
hidden_quadratic,dictionary,188,400,0.45,0.002,1
hidden_quadratic,dictionary,189,400,0.45,0.002,1
hidden_quadratic,dictionary,190,400,0.45,0.002,1
hidden_quadratic,dictionary,191,400,0.45,0.002,1
hidden_quadratic,dictionary,192,400,0.45,0.002,1
hidden_quadratic,dictionary,193,400,0.45,0.002,1
hidden_quadratic,dictionary,194,400,0.45,0.002,1
hidden_quadratic,dictionary,195,400,0.45,0.002,1
hidden_quadratic,dictionary,196,400,0.45,0.002,1
hidden_quadratic,dictionary,197,400,0.45,0.002,1
hidden_quadratic,dictionary,198,400,0.45,0.002,1
hidden_quadratic,dictionary,199,400,0.45,0.002,1
hidden_quadratic,dictionary,200,400,0.45,0.002,1
hidden_quadratic,dictionary,201,400,0.45,0.002,1
hidden_quadratic,dictionary,202,400,0.45,0.002,1
hidden_quadratic,dictionary,203,400,0.45,0.002,1
hidden_quadratic,dictionary,204,400,0.45,0.002,1
hidden_quadratic,dictionary,205,400,0.45,0.002,1
hidden_quadratic,dictionary,206,400,0.45,0.002,1
hidden_quadratic,dictionary,207,400,0.45,0.002,1
hidden_quadratic,dictionary,208,400,0.45,0.002,1
hidden_quadratic,dictionary,209,400,0.45,0.002,1
hidden_quadratic,dictionary,210,400,0.45,0.002,1
hidden_quadratic,dictionary,211,400,0.45,0.002,1
hidden_quadratic,dictionary,212,400,0.45,0.002,1
hidden_quadratic,dictionary,213,400,0.45,0.002,1
hidden_quadratic,dictionary,214,400,0.45,0.002,1
hidden_quadratic,dictionary,215,400,0.45,0.002,1
hidden_quadratic,dictionary,216,400,0.45,0.002,1
hidden_quadratic,dictionary,217,400,0.45,0.002,1
hidden_quadratic,dictionary,218,400,0.45,0.002,1
hidden_quadratic,dictionary,219,400,0.45,0.002,1
hidden_quadratic,dictionary,220,400,0.45,0.002,1
hidden_quadratic,dictionary,221,400,0.45,0.002,1
hidden_quadratic,dictionary,222,400,0.45,0.002,1
hidden_quadratic,dictionary,223,400,0.45,0.002,1
hidden_quadratic,dictionary,224,400,0.45,0.002,1
hidden_quadratic,dictionary,225,400,0.45,0.002,1
hidden_quadratic,dictionary,226,400,0.45,0.002,1
hidden_quadratic,dictionary,227,400,0.45,0.002,1
hidden_quadratic,dictionary,228,400,0.45,0.002,1
hidden_quadratic,dictionary,229,400,0.45,0.002,1
hidden_quadratic,dictionary,230,400,0.45,0.002,1
hidden_quadratic,dictionary,231,400,0.45,0.002,1
hidden_quadratic,dictionary,232,400,0.45,0.002,1
hidden_quadratic,dictionary,233,400,0.45,0.002,1
hidden_quadratic,dictionary,234,400,0.45,0.002,1
hidden_quadratic,dictionary,235,400,0.45,0.002,1
hidden_quadratic,dictionary,236,400,0.45,0.002,1
hidden_quadratic,dictionary,237,400,0.45,0.002,1
hidden_quadratic,dictionary,238,400,0.45,0.002,1
hidden_quadratic,dictionary,239,400,0.45,0.002,1
hidden_quadratic,dictionary,240,400,0.45,0.002,1
hidden_quadratic,dictionary,241,400,0.45,0.002,1
hidden_quadratic,dictionary,242,400,0.45,0.002,1
hidden_quadratic,dictionary,243,400,0.45,0.002,1
hidden_quadratic,dictionary,244,400,0.45,0.002,1
hidden_quadratic,dictionary,245,400,0.45,0.002,1
hidden_quadratic,dictionary,246,400,0.45,0.002,1
hidden_quadratic,dictionary,247,400,0.45,0.002,1
hidden_quadratic,dictionary,248,400,0.45,0.002,1
hidden_quadratic,dictionary,249,400,0.45,0.002,1
hidden_quadratic,dictionary,250,400,0.45,0.002,1
hidden_quadratic,dictionary,251,400,0.45,0.002,1
hidden_quadratic,dictionary,252,400,0.45,0.002,1
hidden_quadratic,dictionary,253,400,0.45,0.002,1
hidden_quadratic,dictionary,254,400,0.45,0.002,1
hidden_quadratic,dictionary,255,400,0.45,0.002,1
hidden_quadratic,dictionary,256,400,0.45,0.002,1
hidden_quadratic,dictionary,257,400,0.45,0.002,1
hidden_quadratic,dictionary,258,400,0.45,0.002,1
hidden_quadratic,dictionary,259,400,0.45,0.002,1
hidden_quadratic,dictionary,260,400,0.45,0.002,1
hidden_quadratic,dictionary,261,400,0.45,0.002,1
hidden_quadratic,dictionary,262,400,0.45,0.002,1
hidden_quadratic,dictionary,263,400,0.45,0.002,1
hidden_quadratic,dictionary,264,400,0.45,0.002,1
hidden_quadratic,dictionary,265,400,0.45,0.002,1
hidden_quadratic,dictionary,266,400,0.45,0.002,1
hidden_quadratic,dictionary,267,400,0.45,0.002,1
hidden_quadratic,dictionary,268,400,0.45,0.002,1
hidden_quadratic,dictionary,269,400,0.45,0.002,1
hidden_quadratic,dictionary,270,400,0.45,0.002,1
hidden_quadratic,dictionary,271,400,0.45,0.002,1
hidden_quadratic,dictionary,272,400,0.45,0.002,1
hidden_quadratic,dictionary,273,400,0.45,0.002,1
hidden_quadratic,dictionary,274,400,0.45,0.002,1
hidden_quadratic,dictionary,275,400,0.45,0.002,1
hidden_quadratic,dictionary,276,400,0.45,0.002,1
hidden_quadratic,dictionary,277,400,0.45,0.002,1
hidden_quadratic,dictionary,278,400,0.45,0.002,1
hidden_quadratic,dictionary,279,400,0.45,0.002,1
hidden_quadratic,dictionary,280,400,0.45,0.002,1
hidden_quadratic,dictionary,281,400,0.45,0.002,1
hidden_quadratic,dictionary,282,400,0.45,0.002,1
hidden_quadratic,dictionary,283,400,0.45,0.002,1
hidden_quadratic,dictionary,284,400,0.45,0.002,1
hidden_quadratic,dictionary,285,400,0.45,0.002,1
hidden_quadratic,dictionary,286,400,0.45,0.002,1
hidden_quadratic,dictionary,287,400,0.45,0.002,1
hidden_quadratic,dictionary,288,400,0.45,0.002,1
hidden_quadratic,dictionary,289,400,0.45,0.002,1
hidden_quadratic,dictionary,290,400,0.45,0.002,1
hidden_quadratic,dictionary,291,400,0.45,0.002,1
hidden_quadratic,dictionary,292,400,0.45,0.002,1
hidden_quadratic,dictionary,293,400,0.45,0.002,1
hidden_quadratic,dictionary,294,400,0.45,0.002,1
hidden_quadratic,dictionary,295,400,0.45,0.002,1
hidden_quadratic,dictionary,296,400,0.45,0.002,1
hidden_quadratic,dictionary,297,400,0.45,0.002,1
hidden_quadratic,dictionary,298,400,0.45,0.002,1
hidden_quadratic,dictionary,299,400,0.45,0.002,1
hidden_quadratic,dictionary,300,400,0.45,0.002,1
hidden_quadratic,dictionary,301,400,0.45,0.002,1
hidden_quadratic,dictionary,302,400,0.45,0.002,1
hidden_quadratic,dictionary,303,400,0.45,0.002,1
hidden_quadratic,dictionary,304,400,0.45,0.002,1
hidden_quadratic,dictionary,305,400,0.45,0.002,1
hidden_quadratic,dictionary,306,400,0.45,0.002,1
hidden_quadratic,dictionary,307,400,0.45,0.002,1
hidden_quadratic,dictionary,308,400,0.45,0.002,1
hidden_quadratic,dictionary,309,400,0.45,0.002,1
hidden_quadratic,dictionary,310,400,0.45,0.002,1
hidden_quadratic,dictionary,311,400,0.45,0.002,1
hidden_quadratic,dictionary,312,400,0.45,0.002,1
hidden_quadratic,dictionary,313,400,0.45,0.002,1
hidden_quadratic,dictionary,314,400,0.45,0.002,1
hidden_quadratic,dictionary,315,400,0.45,0.002,1
hidden_quadratic,dictionary,316,400,0.45,0.002,1
hidden_quadratic,dictionary,317,400,0.45,0.002,1
hidden_quadratic,dictionary,318,400,0.45,0.002,1
hidden_quadratic,dictionary,319,400,0.45,0.002,1
hidden_quadratic,dictionary,320,400,0.45,0.002,1
hidden_quadratic,dictionary,321,400,0.45,0.002,1
hidden_quadratic,dictionary,322,400,0.45,0.002,1
hidden_quadratic,dictionary,323,400,0.45,0.002,1
hidden_quadratic,dictionary,324,400,0.45,0.002,1
hidden_quadratic,dictionary,325,400,0.45,0.002,1
hidden_quadratic,dictionary,326,400,0.45,0.002,1
hidden_quadratic,dictionary,327,400,0.45,0.002,1
hidden_quadratic,dictionary,328,400,0.45,0.002,1
hidden_quadratic,dictionary,329,400,0.45,0.002,1
hidden_quadratic,dictionary,330,400,0.45,0.002,1
hidden_quadratic,dictionary,331,400,0.45,0.002,1
hidden_quadratic,dictionary,332,400,0.45,0.002,1
hidden_quadratic,dictionary,333,400,0.45,0.002,1
hidden_quadratic,dictionary,334,400,0.45,0.002,1
hidden_quadratic,dictionary,335,400,0.45,0.002,1
hidden_quadratic,dictionary,336,400,0.45,0.002,1
hidden_quadratic,dictionary,337,400,0.45,0.002,1
hidden_quadratic,dictionary,338,400,0.45,0.002,1
hidden_quadratic,dictionary,339,400,0.45,0.002,1
hidden_quadratic,dictionary,340,400,0.45,0.002,1
hidden_quadratic,dictionary,341,400,0.45,0.002,1
hidden_quadratic,dictionary,342,400,0.45,0.002,1
hidden_quadratic,dictionary,343,400,0.45,0.002,1
hidden_quadratic,dictionary,344,400,0.45,0.002,1
hidden_quadratic,dictionary,345,400,0.45,0.002,1
hidden_quadratic,dictionary,346,400,0.45,0.002,1
hidden_quadratic,dictionary,347,400,0.45,0.002,1
hidden_quadratic,dictionary,348,400,0.45,0.002,1
hidden_quadratic,dictionary,349,400,0.45,0.002,1
hidden_quadratic,dictionary,350,400,0.45,0.002,1
hidden_quadratic,dictionary,351,400,0.45,0.002,1
hidden_quadratic,dictionary,352,400,0.45,0.002,1
hidden_quadratic,dictionary,353,400,0.45,0.002,1
hidden_quadratic,dictionary,354,400,0.45,0.002,1
hidden_quadratic,dictionary,355,400,0.45,0.002,1
hidden_quadratic,dictionary,356,400,0.45,0.002,1
hidden_quadratic,dictionary,357,400,0.45,0.002,1
hidden_quadratic,dictionary,358,400,0.45,0.002,1
hidden_quadratic,dictionary,359,400,0.45,0.002,1
hidden_quadratic,dictionary,360,400,0.45,0.002,1
hidden_quadratic,dictionary,361,400,0.45,0.002,1
hidden_quadratic,dictionary,362,400,0.45,0.002,1
hidden_quadratic,dictionary,363,400,0.45,0.002,1
hidden_quadratic,dictionary,364,400,0.45,0.002,1
hidden_quadratic,dictionary,365,400,0.45,0.002,1
hidden_quadratic,dictionary,366,400,0.45,0.002,1
hidden_quadratic,dictionary,367,400,0.45,0.002,1
hidden_quadratic,dictionary,368,400,0.45,0.002,1
hidden_quadratic,dictionary,369,400,0.45,0.002,1
hidden_quadratic,dictionary,370,400,0.45,0.002,1
hidden_quadratic,dictionary,371,400,0.45,0.002,1
hidden_quadratic,dictionary,372,400,0.45,0.002,1
hidden_quadratic,dictionary,373,400,0.45,0.002,1
hidden_quadratic,dictionary,374,400,0.45,0.002,1
hidden_quadratic,dictionary,375,400,0.45,0.002,1
hidden_quadratic,dictionary,376,400,0.45,0.002,1
hidden_quadratic,dictionary,377,400,0.45,0.002,1
hidden_quadratic,dictionary,378,400,0.45,0.002,1
hidden_quadratic,dictionary,379,400,0.45,0.002,1
hidden_quadratic,dictionary,380,400,0.45,0.002,1
hidden_quadratic,dictionary,381,400,0.45,0.002,1
hidden_quadratic,dictionary,382,400,0.45,0.002,1
hidden_quadratic,dictionary,383,400,0.45,0.002,1
hidden_quadratic,dictionary,384,400,0.45,0.002,1
hidden_quadratic,dictionary,385,400,0.45,0.002,1
hidden_quadratic,dictionary,386,400,0.45,0.002,1
hidden_quadratic,dictionary,387,400,0.45,0.002,1
hidden_quadratic,dictionary,388,400,0.45,0.002,1
hidden_quadratic,dictionary,389,400,0.45,0.002,1
hidden_quadratic,dictionary,390,400,0.45,0.002,1
hidden_quadratic,dictionary,391,400,0.45,0.002,1
hidden_quadratic,dictionary,392,400,0.45,0.002,1
hidden_quadratic,dictionary,393,400,0.45,0.002,1
hidden_quadratic,dictionary,394,400,0.45,0.002,1
hidden_quadratic,dictionary,395,400,0.45,0.002,1
hidden_quadratic,dictionary,396,400,0.45,0.002,1
hidden_quadratic,dictionary,397,400,0.45,0.002,1
hidden_quadratic,dictionary,398,400,0.45,0.002,1
hidden_quadratic,dictionary,399,400,0.45,0.002,1
hidden_quadratic,dictionary,400,400,0.45,0.002,1
hidden_quadratic,dictionary,401,400,0.45,0.002,1
hidden_quadratic,dictionary,402,400,0.45,0.002,1
hidden_quadratic,dictionary,403,400,0.45,0.002,1
hidden_quadratic,dictionary,404,400,0.45,0.002,1
hidden_quadratic,dictionary,405,400,0.45,0.002,1
hidden_quadratic,dictionary,406,400,0.45,0.002,1
hidden_quadratic,dictionary,407,400,0.45,0.002,1
hidden_quadratic,dictionary,408,400,0.45,0.002,1
hidden_quadratic,dictionary,409,400,0.45,0.002,1
hidden_quadratic,dictionary,410,400,0.45,0.002,1
hidden_quadratic,dictionary,411,400,0.45,0.002,1
hidden_quadratic,dictionary,412,400,0.45,0.002,1
hidden_quadratic,dictionary,413,400,0.45,0.002,1
hidden_quadratic,dictionary,414,400,0.45,0.002,1
hidden_quadratic,dictionary,415,400,0.45,0.002,1
hidden_quadratic,dictionary,416,400,0.45,0.002,1
hidden_quadratic,dictionary,417,400,0.45,0.002,1
hidden_quadratic,dictionary,418,400,0.45,0.002,1
hidden_quadratic,dictionary,419,400,0.45,0.002,1
hidden_quadratic,dictionary,420,400,0.45,0.002,1
hidden_quadratic,dictionary,421,400,0.45,0.002,1
hidden_quadratic,dictionary,422,400,0.45,0.002,1
hidden_quadratic,dictionary,423,400,0.45,0.002,1
hidden_quadratic,dictionary,424,400,0.45,0.002,1
hidden_quadratic,dictionary,425,400,0.45,0.002,1
hidden_quadratic,dictionary,426,400,0.45,0.002,1
hidden_quadratic,dictionary,427,400,0.45,0.002,1
hidden_quadratic,dictionary,428,400,0.45,0.002,1
hidden_quadratic,dictionary,429,400,0.45,0.002,1
hidden_quadratic,dictionary,430,400,0.45,0.002,1
hidden_quadratic,dictionary,431,400,0.45,0.002,1
hidden_quadratic,dictionary,432,400,0.45,0.002,1
hidden_quadratic,dictionary,433,400,0.45,0.002,1
hidden_quadratic,dictionary,434,400,0.45,0.002,1
hidden_quadratic,dictionary,435,400,0.45,0.002,1
hidden_quadratic,dictionary,436,400,0.45,0.002,1
hidden_quadratic,dictionary,437,400,0.45,0.002,1
hidden_quadratic,dictionary,438,400,0.45,0.002,1
hidden_quadratic,dictionary,439,400,0.45,0.002,1
hidden_quadratic,dictionary,440,400,0.45,0.002,1
hidden_quadratic,dictionary,441,400,0.45,0.002,1
hidden_quadratic,dictionary,442,400,0.45,0.002,1
hidden_quadratic,dictionary,443,400,0.45,0.002,1
hidden_quadratic,dictionary,444,400,0.45,0.002,1
hidden_quadratic,dictionary,445,400,0.45,0.002,1
hidden_quadratic,dictionary,446,400,0.45,0.002,1
hidden_quadratic,dictionary,447,400,0.45,0.002,1
hidden_quadratic,dictionary,448,400,0.45,0.002,1
hidden_quadratic,dictionary,449,400,0.45,0.002,1
hidden_quadratic,dictionary,450,400,0.45,0.002,1
hidden_quadratic,dictionary,451,400,0.45,0.002,1
hidden_quadratic,dictionary,452,400,0.45,0.002,1
hidden_quadratic,dictionary,453,400,0.45,0.002,1
hidden_quadratic,dictionary,454,400,0.45,0.002,1
hidden_quadratic,dictionary,455,400,0.45,0.002,1
hidden_quadratic,dictionary,456,400,0.45,0.002,1
hidden_quadratic,dictionary,457,400,0.45,0.002,1
hidden_quadratic,dictionary,458,400,0.45,0.002,1
hidden_quadratic,dictionary,459,400,0.45,0.002,1
hidden_quadratic,dictionary,460,400,0.45,0.002,1
hidden_quadratic,dictionary,461,400,0.45,0.002,1
hidden_quadratic,dictionary,462,400,0.45,0.002,1
hidden_quadratic,dictionary,463,400,0.45,0.002,1
hidden_quadratic,dictionary,464,400,0.45,0.002,1
hidden_quadratic,dictionary,465,400,0.45,0.002,1
hidden_quadratic,dictionary,466,400,0.45,0.002,1
hidden_quadratic,dictionary,467,400,0.45,0.002,1
hidden_quadratic,dictionary,468,400,0.45,0.002,1
hidden_quadratic,dictionary,469,400,0.45,0.002,1
hidden_quadratic,dictionary,470,400,0.45,0.002,1
hidden_quadratic,dictionary,471,400,0.45,0.002,1
hidden_quadratic,dictionary,472,400,0.45,0.002,1
hidden_quadratic,dictionary,473,400,0.45,0.002,1
hidden_quadratic,dictionary,474,400,0.45,0.002,1
hidden_quadratic,dictionary,475,400,0.45,0.002,1
hidden_quadratic,dictionary,476,400,0.45,0.002,1
hidden_quadratic,dictionary,477,400,0.45,0.002,1
hidden_quadratic,dictionary,478,400,0.45,0.002,1
hidden_quadratic,dictionary,479,400,0.45,0.002,1
hidden_quadratic,dictionary,480,400,0.45,0.002,1
hidden_quadratic,dictionary,481,400,0.45,0.002,1
hidden_quadratic,dictionary,482,400,0.45,0.002,1
hidden_quadratic,dictionary,483,400,0.45,0.002,1
hidden_quadratic,dictionary,484,400,0.45,0.002,1
hidden_quadratic,dictionary,485,400,0.45,0.002,1
hidden_quadratic,dictionary,486,400,0.45,0.002,1
hidden_quadratic,dictionary,487,400,0.45,0.002,1
hidden_quadratic,dictionary,488,400,0.45,0.002,1
hidden_quadratic,dictionary,489,400,0.45,0.002,1
hidden_quadratic,dictionary,490,400,0.45,0.002,1
hidden_quadratic,dictionary,491,400,0.45,0.002,1
hidden_quadratic,dictionary,492,400,0.45,0.002,1
hidden_quadratic,dictionary,493,400,0.45,0.002,1
hidden_quadratic,dictionary,494,400,0.45,0.002,1
hidden_quadratic,dictionary,495,400,0.45,0.002,1
hidden_quadratic,dictionary,496,400,0.45,0.002,1
hidden_quadratic,dictionary,497,400,0.45,0.002,1
hidden_quadratic,dictionary,498,400,0.45,0.002,1
hidden_quadratic,dictionary,499,400,0.45,0.002,1
hidden_quadratic,support_complete,0,400,0.45,0.002,1
hidden_quadratic,support_complete,1,400,0.45,0.002,1
hidden_quadratic,support_complete,2,400,0.45,0.002,1
hidden_quadratic,support_complete,3,400,0.45,0.002,1
hidden_quadratic,support_complete,4,400,0.45,0.002,1
hidden_quadratic,support_complete,5,400,0.45,0.002,1
hidden_quadratic,support_complete,6,400,0.45,0.002,1
hidden_quadratic,support_complete,7,400,0.45,0.002,1
hidden_quadratic,support_complete,8,400,0.45,0.002,1
hidden_quadratic,support_complete,9,400,0.45,0.002,1
hidden_quadratic,support_complete,10,400,0.45,0.002,1
hidden_quadratic,support_complete,11,400,0.45,0.002,1
hidden_quadratic,support_complete,12,400,0.45,0.002,1
hidden_quadratic,support_complete,13,400,0.45,0.002,1
hidden_quadratic,support_complete,14,400,0.45,0.002,1
hidden_quadratic,support_complete,15,400,0.45,0.002,1
hidden_quadratic,support_complete,16,400,0.45,0.002,1
hidden_quadratic,support_complete,17,400,0.45,0.002,1
hidden_quadratic,support_complete,18,400,0.45,0.002,1
hidden_quadratic,support_complete,19,400,0.45,0.002,1
hidden_quadratic,support_complete,20,400,0.45,0.002,1
hidden_quadratic,support_complete,21,400,0.45,0.002,1
hidden_quadratic,support_complete,22,400,0.45,0.002,1
hidden_quadratic,support_complete,23,400,0.45,0.002,1
hidden_quadratic,support_complete,24,400,0.45,0.002,1
hidden_quadratic,support_complete,25,400,0.45,0.002,1
hidden_quadratic,support_complete,26,400,0.45,0.002,1
hidden_quadratic,support_complete,27,400,0.45,0.002,1
hidden_quadratic,support_complete,28,400,0.45,0.002,1
hidden_quadratic,support_complete,29,400,0.45,0.002,1
hidden_quadratic,support_complete,30,400,0.45,0.002,1
hidden_quadratic,support_complete,31,400,0.45,0.002,1
hidden_quadratic,support_complete,32,400,0.45,0.002,1
hidden_quadratic,support_complete,33,400,0.45,0.002,1
hidden_quadratic,support_complete,34,400,0.45,0.002,1
hidden_quadratic,support_complete,35,400,0.45,0.002,1
hidden_quadratic,support_complete,36,400,0.45,0.002,1
hidden_quadratic,support_complete,37,400,0.45,0.002,1
hidden_quadratic,support_complete,38,400,0.45,0.002,1
hidden_quadratic,support_complete,39,400,0.45,0.002,1
hidden_quadratic,support_complete,40,400,0.45,0.002,1
hidden_quadratic,support_complete,41,400,0.45,0.002,1
hidden_quadratic,support_complete,42,400,0.45,0.002,1
hidden_quadratic,support_complete,43,400,0.45,0.002,1
hidden_quadratic,support_complete,44,400,0.45,0.002,1
hidden_quadratic,support_complete,45,400,0.45,0.002,1
hidden_quadratic,support_complete,46,400,0.45,0.002,1
hidden_quadratic,support_complete,47,400,0.45,0.002,1
hidden_quadratic,support_complete,48,400,0.45,0.002,1
hidden_quadratic,support_complete,49,400,0.45,0.002,1
hidden_quadratic,support_complete,50,400,0.45,0.002,1
hidden_quadratic,support_complete,51,400,0.45,0.002,1
hidden_quadratic,support_complete,52,400,0.45,0.002,1
hidden_quadratic,support_complete,53,400,0.45,0.002,1
hidden_quadratic,support_complete,54,400,0.45,0.002,1
hidden_quadratic,support_complete,55,400,0.45,0.002,1
hidden_quadratic,support_complete,56,400,0.45,0.002,1
hidden_quadratic,support_complete,57,400,0.45,0.002,1
hidden_quadratic,support_complete,58,400,0.45,0.002,1
hidden_quadratic,support_complete,59,400,0.45,0.002,1
hidden_quadratic,support_complete,60,400,0.45,0.002,1
hidden_quadratic,support_complete,61,400,0.45,0.002,1
hidden_quadratic,support_complete,62,400,0.45,0.002,1
hidden_quadratic,support_complete,63,400,0.45,0.002,1
hidden_quadratic,support_complete,64,400,0.45,0.002,1
hidden_quadratic,support_complete,65,400,0.45,0.002,1
hidden_quadratic,support_complete,66,400,0.45,0.002,1
hidden_quadratic,support_complete,67,400,0.45,0.002,1
hidden_quadratic,support_complete,68,400,0.45,0.002,1
hidden_quadratic,support_complete,69,400,0.45,0.002,1
hidden_quadratic,support_complete,70,400,0.45,0.002,1
hidden_quadratic,support_complete,71,400,0.45,0.002,1
hidden_quadratic,support_complete,72,400,0.45,0.002,1
hidden_quadratic,support_complete,73,400,0.45,0.002,1
hidden_quadratic,support_complete,74,400,0.45,0.002,1
hidden_quadratic,support_complete,75,400,0.45,0.002,1
hidden_quadratic,support_complete,76,400,0.45,0.002,1
hidden_quadratic,support_complete,77,400,0.45,0.002,1
hidden_quadratic,support_complete,78,400,0.45,0.002,1
hidden_quadratic,support_complete,79,400,0.45,0.002,1
hidden_quadratic,support_complete,80,400,0.45,0.002,1
hidden_quadratic,support_complete,81,400,0.45,0.002,1
hidden_quadratic,support_complete,82,400,0.45,0.002,1
hidden_quadratic,support_complete,83,400,0.45,0.002,1
hidden_quadratic,support_complete,84,400,0.45,0.002,1
hidden_quadratic,support_complete,85,400,0.45,0.002,1
hidden_quadratic,support_complete,86,400,0.45,0.002,1
hidden_quadratic,support_complete,87,400,0.45,0.002,1
hidden_quadratic,support_complete,88,400,0.45,0.002,1
hidden_quadratic,support_complete,89,400,0.45,0.002,1
hidden_quadratic,support_complete,90,400,0.45,0.002,1
hidden_quadratic,support_complete,91,400,0.45,0.002,1
hidden_quadratic,support_complete,92,400,0.45,0.002,1
hidden_quadratic,support_complete,93,400,0.45,0.002,1
hidden_quadratic,support_complete,94,400,0.45,0.002,1
hidden_quadratic,support_complete,95,400,0.45,0.002,1
hidden_quadratic,support_complete,96,400,0.45,0.002,1
hidden_quadratic,support_complete,97,400,0.45,0.002,1
hidden_quadratic,support_complete,98,400,0.45,0.002,1
hidden_quadratic,support_complete,99,400,0.45,0.002,1
hidden_quadratic,support_complete,100,400,0.45,0.002,1
hidden_quadratic,support_complete,101,400,0.45,0.002,1
hidden_quadratic,support_complete,102,400,0.45,0.002,1
hidden_quadratic,support_complete,103,400,0.45,0.002,1
hidden_quadratic,support_complete,104,400,0.45,0.002,1
hidden_quadratic,support_complete,105,400,0.45,0.002,1
hidden_quadratic,support_complete,106,400,0.45,0.002,1
hidden_quadratic,support_complete,107,400,0.45,0.002,1
hidden_quadratic,support_complete,108,400,0.45,0.002,1
hidden_quadratic,support_complete,109,400,0.45,0.002,1
hidden_quadratic,support_complete,110,400,0.45,0.002,1
hidden_quadratic,support_complete,111,400,0.45,0.002,1
hidden_quadratic,support_complete,112,400,0.45,0.002,1
hidden_quadratic,support_complete,113,400,0.45,0.002,1
hidden_quadratic,support_complete,114,400,0.45,0.002,1
hidden_quadratic,support_complete,115,400,0.45,0.002,1
hidden_quadratic,support_complete,116,400,0.45,0.002,1
hidden_quadratic,support_complete,117,400,0.45,0.002,1
hidden_quadratic,support_complete,118,400,0.45,0.002,1
hidden_quadratic,support_complete,119,400,0.45,0.002,1
hidden_quadratic,support_complete,120,400,0.45,0.002,1
hidden_quadratic,support_complete,121,400,0.45,0.002,1
hidden_quadratic,support_complete,122,400,0.45,0.002,1
hidden_quadratic,support_complete,123,400,0.45,0.002,1
hidden_quadratic,support_complete,124,400,0.45,0.002,1
hidden_quadratic,support_complete,125,400,0.45,0.002,1
hidden_quadratic,support_complete,126,400,0.45,0.002,1
hidden_quadratic,support_complete,127,400,0.45,0.002,1
hidden_quadratic,support_complete,128,400,0.45,0.002,1
hidden_quadratic,support_complete,129,400,0.45,0.002,1
hidden_quadratic,support_complete,130,400,0.45,0.002,1
hidden_quadratic,support_complete,131,400,0.45,0.002,1
hidden_quadratic,support_complete,132,400,0.45,0.002,1
hidden_quadratic,support_complete,133,400,0.45,0.002,1
hidden_quadratic,support_complete,134,400,0.45,0.002,1
hidden_quadratic,support_complete,135,400,0.45,0.002,1
hidden_quadratic,support_complete,136,400,0.45,0.002,1
hidden_quadratic,support_complete,137,400,0.45,0.002,1
hidden_quadratic,support_complete,138,400,0.45,0.002,1
hidden_quadratic,support_complete,139,400,0.45,0.002,1
hidden_quadratic,support_complete,140,400,0.45,0.002,1
hidden_quadratic,support_complete,141,400,0.45,0.002,1
hidden_quadratic,support_complete,142,400,0.45,0.002,1
hidden_quadratic,support_complete,143,400,0.45,0.002,1
hidden_quadratic,support_complete,144,400,0.45,0.002,1
hidden_quadratic,support_complete,145,400,0.45,0.002,1
hidden_quadratic,support_complete,146,400,0.45,0.002,1
hidden_quadratic,support_complete,147,400,0.45,0.002,1
hidden_quadratic,support_complete,148,400,0.45,0.002,1
hidden_quadratic,support_complete,149,400,0.45,0.002,1
hidden_quadratic,support_complete,150,400,0.45,0.002,1
hidden_quadratic,support_complete,151,400,0.45,0.002,1
hidden_quadratic,support_complete,152,400,0.45,0.002,1
hidden_quadratic,support_complete,153,400,0.45,0.002,1
hidden_quadratic,support_complete,154,400,0.45,0.002,1
hidden_quadratic,support_complete,155,400,0.45,0.002,1
hidden_quadratic,support_complete,156,400,0.45,0.002,1
hidden_quadratic,support_complete,157,400,0.45,0.002,1
hidden_quadratic,support_complete,158,400,0.45,0.002,1
hidden_quadratic,support_complete,159,400,0.45,0.002,1
hidden_quadratic,support_complete,160,400,0.45,0.002,1
hidden_quadratic,support_complete,161,400,0.45,0.002,1
hidden_quadratic,support_complete,162,400,0.45,0.002,1
hidden_quadratic,support_complete,163,400,0.45,0.002,1
hidden_quadratic,support_complete,164,400,0.45,0.002,1
hidden_quadratic,support_complete,165,400,0.45,0.002,1
hidden_quadratic,support_complete,166,400,0.45,0.002,1
hidden_quadratic,support_complete,167,400,0.45,0.002,1
hidden_quadratic,support_complete,168,400,0.45,0.002,1
hidden_quadratic,support_complete,169,400,0.45,0.002,1
hidden_quadratic,support_complete,170,400,0.45,0.002,1
hidden_quadratic,support_complete,171,400,0.45,0.002,1
hidden_quadratic,support_complete,172,400,0.45,0.002,1
hidden_quadratic,support_complete,173,400,0.45,0.002,1
hidden_quadratic,support_complete,174,400,0.45,0.002,1
hidden_quadratic,support_complete,175,400,0.45,0.002,1
hidden_quadratic,support_complete,176,400,0.45,0.002,1
hidden_quadratic,support_complete,177,400,0.45,0.002,1
hidden_quadratic,support_complete,178,400,0.45,0.002,1
hidden_quadratic,support_complete,179,400,0.45,0.002,1
hidden_quadratic,support_complete,180,400,0.45,0.002,1
hidden_quadratic,support_complete,181,400,0.45,0.002,1
hidden_quadratic,support_complete,182,400,0.45,0.002,1
hidden_quadratic,support_complete,183,400,0.45,0.002,1
hidden_quadratic,support_complete,184,400,0.45,0.002,1
hidden_quadratic,support_complete,185,400,0.45,0.002,1
hidden_quadratic,support_complete,186,400,0.45,0.002,1
hidden_quadratic,support_complete,187,400,0.45,0.002,1
hidden_quadratic,support_complete,188,400,0.45,0.002,1
hidden_quadratic,support_complete,189,400,0.45,0.002,1
hidden_quadratic,support_complete,190,400,0.45,0.002,1
hidden_quadratic,support_complete,191,400,0.45,0.002,1
hidden_quadratic,support_complete,192,400,0.45,0.002,1
hidden_quadratic,support_complete,193,400,0.45,0.002,1
hidden_quadratic,support_complete,194,400,0.45,0.002,1
hidden_quadratic,support_complete,195,400,0.45,0.002,1
hidden_quadratic,support_complete,196,400,0.45,0.002,1
hidden_quadratic,support_complete,197,400,0.45,0.002,1
hidden_quadratic,support_complete,198,400,0.45,0.002,1
hidden_quadratic,support_complete,199,400,0.45,0.002,1
hidden_quadratic,support_complete,200,400,0.45,0.002,1
hidden_quadratic,support_complete,201,400,0.45,0.002,1
hidden_quadratic,support_complete,202,400,0.45,0.002,1
hidden_quadratic,support_complete,203,400,0.45,0.002,1
hidden_quadratic,support_complete,204,400,0.45,0.002,1
hidden_quadratic,support_complete,205,400,0.45,0.002,1
hidden_quadratic,support_complete,206,400,0.45,0.002,1
hidden_quadratic,support_complete,207,400,0.45,0.002,1
hidden_quadratic,support_complete,208,400,0.45,0.002,1
hidden_quadratic,support_complete,209,400,0.45,0.002,1
hidden_quadratic,support_complete,210,400,0.45,0.002,1
hidden_quadratic,support_complete,211,400,0.45,0.002,1
hidden_quadratic,support_complete,212,400,0.45,0.002,1
hidden_quadratic,support_complete,213,400,0.45,0.002,1
hidden_quadratic,support_complete,214,400,0.45,0.002,1
hidden_quadratic,support_complete,215,400,0.45,0.002,1
hidden_quadratic,support_complete,216,400,0.45,0.002,1
hidden_quadratic,support_complete,217,400,0.45,0.002,1
hidden_quadratic,support_complete,218,400,0.45,0.002,1
hidden_quadratic,support_complete,219,400,0.45,0.002,1
hidden_quadratic,support_complete,220,400,0.45,0.002,1
hidden_quadratic,support_complete,221,400,0.45,0.002,1
hidden_quadratic,support_complete,222,400,0.45,0.002,1
hidden_quadratic,support_complete,223,400,0.45,0.002,1
hidden_quadratic,support_complete,224,400,0.45,0.002,1
hidden_quadratic,support_complete,225,400,0.45,0.002,1
hidden_quadratic,support_complete,226,400,0.45,0.002,1
hidden_quadratic,support_complete,227,400,0.45,0.002,1
hidden_quadratic,support_complete,228,400,0.45,0.002,1
hidden_quadratic,support_complete,229,400,0.45,0.002,1
hidden_quadratic,support_complete,230,400,0.45,0.002,1
hidden_quadratic,support_complete,231,400,0.45,0.002,1
hidden_quadratic,support_complete,232,400,0.45,0.002,1
hidden_quadratic,support_complete,233,400,0.45,0.002,1
hidden_quadratic,support_complete,234,400,0.45,0.002,1
hidden_quadratic,support_complete,235,400,0.45,0.002,1
hidden_quadratic,support_complete,236,400,0.45,0.002,1
hidden_quadratic,support_complete,237,400,0.45,0.002,1
hidden_quadratic,support_complete,238,400,0.45,0.002,1
hidden_quadratic,support_complete,239,400,0.45,0.002,1
hidden_quadratic,support_complete,240,400,0.45,0.002,1
hidden_quadratic,support_complete,241,400,0.45,0.002,1
hidden_quadratic,support_complete,242,400,0.45,0.002,1
hidden_quadratic,support_complete,243,400,0.45,0.002,1
hidden_quadratic,support_complete,244,400,0.45,0.002,1
hidden_quadratic,support_complete,245,400,0.45,0.002,1
hidden_quadratic,support_complete,246,400,0.45,0.002,1
hidden_quadratic,support_complete,247,400,0.45,0.002,1
hidden_quadratic,support_complete,248,400,0.45,0.002,1
hidden_quadratic,support_complete,249,400,0.45,0.002,1
hidden_quadratic,support_complete,250,400,0.45,0.002,1
hidden_quadratic,support_complete,251,400,0.45,0.002,1
hidden_quadratic,support_complete,252,400,0.45,0.002,1
hidden_quadratic,support_complete,253,400,0.45,0.002,1
hidden_quadratic,support_complete,254,400,0.45,0.002,1
hidden_quadratic,support_complete,255,400,0.45,0.002,1
hidden_quadratic,support_complete,256,400,0.45,0.002,1
hidden_quadratic,support_complete,257,400,0.45,0.002,1
hidden_quadratic,support_complete,258,400,0.45,0.002,1
hidden_quadratic,support_complete,259,400,0.45,0.002,1
hidden_quadratic,support_complete,260,400,0.45,0.002,1
hidden_quadratic,support_complete,261,400,0.45,0.002,1
hidden_quadratic,support_complete,262,400,0.45,0.002,1
hidden_quadratic,support_complete,263,400,0.45,0.002,1
hidden_quadratic,support_complete,264,400,0.45,0.002,1
hidden_quadratic,support_complete,265,400,0.45,0.002,1
hidden_quadratic,support_complete,266,400,0.45,0.002,1
hidden_quadratic,support_complete,267,400,0.45,0.002,1
hidden_quadratic,support_complete,268,400,0.45,0.002,1
hidden_quadratic,support_complete,269,400,0.45,0.002,1
hidden_quadratic,support_complete,270,400,0.45,0.002,1
hidden_quadratic,support_complete,271,400,0.45,0.002,1
hidden_quadratic,support_complete,272,400,0.45,0.002,1
hidden_quadratic,support_complete,273,400,0.45,0.002,1
hidden_quadratic,support_complete,274,400,0.45,0.002,1
hidden_quadratic,support_complete,275,400,0.45,0.002,1
hidden_quadratic,support_complete,276,400,0.45,0.002,1
hidden_quadratic,support_complete,277,400,0.45,0.002,1
hidden_quadratic,support_complete,278,400,0.45,0.002,1
hidden_quadratic,support_complete,279,400,0.45,0.002,1
hidden_quadratic,support_complete,280,400,0.45,0.002,1
hidden_quadratic,support_complete,281,400,0.45,0.002,1
hidden_quadratic,support_complete,282,400,0.45,0.002,1
hidden_quadratic,support_complete,283,400,0.45,0.002,1
hidden_quadratic,support_complete,284,400,0.45,0.002,1
hidden_quadratic,support_complete,285,400,0.45,0.002,1
hidden_quadratic,support_complete,286,400,0.45,0.002,1
hidden_quadratic,support_complete,287,400,0.45,0.002,1
hidden_quadratic,support_complete,288,400,0.45,0.002,1
hidden_quadratic,support_complete,289,400,0.45,0.002,1
hidden_quadratic,support_complete,290,400,0.45,0.002,1
hidden_quadratic,support_complete,291,400,0.45,0.002,1
hidden_quadratic,support_complete,292,400,0.45,0.002,1
hidden_quadratic,support_complete,293,400,0.45,0.002,1
hidden_quadratic,support_complete,294,400,0.45,0.002,1
hidden_quadratic,support_complete,295,400,0.45,0.002,1
hidden_quadratic,support_complete,296,400,0.45,0.002,1
hidden_quadratic,support_complete,297,400,0.45,0.002,1
hidden_quadratic,support_complete,298,400,0.45,0.002,1
hidden_quadratic,support_complete,299,400,0.45,0.002,1
hidden_quadratic,support_complete,300,400,0.45,0.002,1
hidden_quadratic,support_complete,301,400,0.45,0.002,1
hidden_quadratic,support_complete,302,400,0.45,0.002,1
hidden_quadratic,support_complete,303,400,0.45,0.002,1
hidden_quadratic,support_complete,304,400,0.45,0.002,1
hidden_quadratic,support_complete,305,400,0.45,0.002,1
hidden_quadratic,support_complete,306,400,0.45,0.002,1
hidden_quadratic,support_complete,307,400,0.45,0.002,1
hidden_quadratic,support_complete,308,400,0.45,0.002,1
hidden_quadratic,support_complete,309,400,0.45,0.002,1
hidden_quadratic,support_complete,310,400,0.45,0.002,1
hidden_quadratic,support_complete,311,400,0.45,0.002,1
hidden_quadratic,support_complete,312,400,0.45,0.002,1
hidden_quadratic,support_complete,313,400,0.45,0.002,1
hidden_quadratic,support_complete,314,400,0.45,0.002,1
hidden_quadratic,support_complete,315,400,0.45,0.002,1
hidden_quadratic,support_complete,316,400,0.45,0.002,1
hidden_quadratic,support_complete,317,400,0.45,0.002,1
hidden_quadratic,support_complete,318,400,0.45,0.002,1
hidden_quadratic,support_complete,319,400,0.45,0.002,1
hidden_quadratic,support_complete,320,400,0.45,0.002,1
hidden_quadratic,support_complete,321,400,0.45,0.002,1
hidden_quadratic,support_complete,322,400,0.45,0.002,1
hidden_quadratic,support_complete,323,400,0.45,0.002,1
hidden_quadratic,support_complete,324,400,0.45,0.002,1
hidden_quadratic,support_complete,325,400,0.45,0.002,1
hidden_quadratic,support_complete,326,400,0.45,0.002,1
hidden_quadratic,support_complete,327,400,0.45,0.002,1
hidden_quadratic,support_complete,328,400,0.45,0.002,1
hidden_quadratic,support_complete,329,400,0.45,0.002,1
hidden_quadratic,support_complete,330,400,0.45,0.002,1
hidden_quadratic,support_complete,331,400,0.45,0.002,1
hidden_quadratic,support_complete,332,400,0.45,0.002,1
hidden_quadratic,support_complete,333,400,0.45,0.002,1
hidden_quadratic,support_complete,334,400,0.45,0.002,1
hidden_quadratic,support_complete,335,400,0.45,0.002,1
hidden_quadratic,support_complete,336,400,0.45,0.002,1
hidden_quadratic,support_complete,337,400,0.45,0.002,1
hidden_quadratic,support_complete,338,400,0.45,0.002,1
hidden_quadratic,support_complete,339,400,0.45,0.002,1
hidden_quadratic,support_complete,340,400,0.45,0.002,1
hidden_quadratic,support_complete,341,400,0.45,0.002,1
hidden_quadratic,support_complete,342,400,0.45,0.002,1
hidden_quadratic,support_complete,343,400,0.45,0.002,1
hidden_quadratic,support_complete,344,400,0.45,0.002,1
hidden_quadratic,support_complete,345,400,0.45,0.002,1
hidden_quadratic,support_complete,346,400,0.45,0.002,1
hidden_quadratic,support_complete,347,400,0.45,0.002,1
hidden_quadratic,support_complete,348,400,0.45,0.002,1
hidden_quadratic,support_complete,349,400,0.45,0.002,1
hidden_quadratic,support_complete,350,400,0.45,0.002,1
hidden_quadratic,support_complete,351,400,0.45,0.002,1
hidden_quadratic,support_complete,352,400,0.45,0.002,1
hidden_quadratic,support_complete,353,400,0.45,0.002,1
hidden_quadratic,support_complete,354,400,0.45,0.002,1
hidden_quadratic,support_complete,355,400,0.45,0.002,1
hidden_quadratic,support_complete,356,400,0.45,0.002,1
hidden_quadratic,support_complete,357,400,0.45,0.002,1
hidden_quadratic,support_complete,358,400,0.45,0.002,1
hidden_quadratic,support_complete,359,400,0.45,0.002,1
hidden_quadratic,support_complete,360,400,0.45,0.002,1
hidden_quadratic,support_complete,361,400,0.45,0.002,1
hidden_quadratic,support_complete,362,400,0.45,0.002,1
hidden_quadratic,support_complete,363,400,0.45,0.002,1
hidden_quadratic,support_complete,364,400,0.45,0.002,1
hidden_quadratic,support_complete,365,400,0.45,0.002,1
hidden_quadratic,support_complete,366,400,0.45,0.002,1
hidden_quadratic,support_complete,367,400,0.45,0.002,1
hidden_quadratic,support_complete,368,400,0.45,0.002,1
hidden_quadratic,support_complete,369,400,0.45,0.002,1
hidden_quadratic,support_complete,370,400,0.45,0.002,1
hidden_quadratic,support_complete,371,400,0.45,0.002,1
hidden_quadratic,support_complete,372,400,0.45,0.002,1
hidden_quadratic,support_complete,373,400,0.45,0.002,1
hidden_quadratic,support_complete,374,400,0.45,0.002,1
hidden_quadratic,support_complete,375,400,0.45,0.002,1
hidden_quadratic,support_complete,376,400,0.45,0.002,1
hidden_quadratic,support_complete,377,400,0.45,0.002,1
hidden_quadratic,support_complete,378,400,0.45,0.002,1
hidden_quadratic,support_complete,379,400,0.45,0.002,1
hidden_quadratic,support_complete,380,400,0.45,0.002,1
hidden_quadratic,support_complete,381,400,0.45,0.002,1
hidden_quadratic,support_complete,382,400,0.45,0.002,1
hidden_quadratic,support_complete,383,400,0.45,0.002,1
hidden_quadratic,support_complete,384,400,0.45,0.002,1
hidden_quadratic,support_complete,385,400,0.45,0.002,1
hidden_quadratic,support_complete,386,400,0.45,0.002,1
hidden_quadratic,support_complete,387,400,0.45,0.002,1
hidden_quadratic,support_complete,388,400,0.45,0.002,1
hidden_quadratic,support_complete,389,400,0.45,0.002,1
hidden_quadratic,support_complete,390,400,0.45,0.002,1
hidden_quadratic,support_complete,391,400,0.45,0.002,1
hidden_quadratic,support_complete,392,400,0.45,0.002,1
hidden_quadratic,support_complete,393,400,0.45,0.002,1
hidden_quadratic,support_complete,394,400,0.45,0.002,1
hidden_quadratic,support_complete,395,400,0.45,0.002,1
hidden_quadratic,support_complete,396,400,0.45,0.002,1
hidden_quadratic,support_complete,397,400,0.45,0.002,1
hidden_quadratic,support_complete,398,400,0.45,0.002,1
hidden_quadratic,support_complete,399,400,0.45,0.002,1
hidden_quadratic,support_complete,400,400,0.45,0.002,1
hidden_quadratic,support_complete,401,400,0.45,0.002,1
hidden_quadratic,support_complete,402,400,0.45,0.002,1
hidden_quadratic,support_complete,403,400,0.45,0.002,1
hidden_quadratic,support_complete,404,400,0.45,0.002,1
hidden_quadratic,support_complete,405,400,0.45,0.002,1
hidden_quadratic,support_complete,406,400,0.45,0.002,1
hidden_quadratic,support_complete,407,400,0.45,0.002,1
hidden_quadratic,support_complete,408,400,0.45,0.002,1
hidden_quadratic,support_complete,409,400,0.45,0.002,1
hidden_quadratic,support_complete,410,400,0.45,0.002,1
hidden_quadratic,support_complete,411,400,0.45,0.002,1
hidden_quadratic,support_complete,412,400,0.45,0.002,1
hidden_quadratic,support_complete,413,400,0.45,0.002,1
hidden_quadratic,support_complete,414,400,0.45,0.002,1
hidden_quadratic,support_complete,415,400,0.45,0.002,1
hidden_quadratic,support_complete,416,400,0.45,0.002,1
hidden_quadratic,support_complete,417,400,0.45,0.002,1
hidden_quadratic,support_complete,418,400,0.45,0.002,1
hidden_quadratic,support_complete,419,400,0.45,0.002,1
hidden_quadratic,support_complete,420,400,0.45,0.002,1
hidden_quadratic,support_complete,421,400,0.45,0.002,1
hidden_quadratic,support_complete,422,400,0.45,0.002,1
hidden_quadratic,support_complete,423,400,0.45,0.002,1
hidden_quadratic,support_complete,424,400,0.45,0.002,1
hidden_quadratic,support_complete,425,400,0.45,0.002,1
hidden_quadratic,support_complete,426,400,0.45,0.002,1
hidden_quadratic,support_complete,427,400,0.45,0.002,1
hidden_quadratic,support_complete,428,400,0.45,0.002,1
hidden_quadratic,support_complete,429,400,0.45,0.002,1
hidden_quadratic,support_complete,430,400,0.45,0.002,1
hidden_quadratic,support_complete,431,400,0.45,0.002,1
hidden_quadratic,support_complete,432,400,0.45,0.002,1
hidden_quadratic,support_complete,433,400,0.45,0.002,1
hidden_quadratic,support_complete,434,400,0.45,0.002,1
hidden_quadratic,support_complete,435,400,0.45,0.002,1
hidden_quadratic,support_complete,436,400,0.45,0.002,1
hidden_quadratic,support_complete,437,400,0.45,0.002,1
hidden_quadratic,support_complete,438,400,0.45,0.002,1
hidden_quadratic,support_complete,439,400,0.45,0.002,1
hidden_quadratic,support_complete,440,400,0.45,0.002,1
hidden_quadratic,support_complete,441,400,0.45,0.002,1
hidden_quadratic,support_complete,442,400,0.45,0.002,1
hidden_quadratic,support_complete,443,400,0.45,0.002,1
hidden_quadratic,support_complete,444,400,0.45,0.002,1
hidden_quadratic,support_complete,445,400,0.45,0.002,1
hidden_quadratic,support_complete,446,400,0.45,0.002,1
hidden_quadratic,support_complete,447,400,0.45,0.002,1
hidden_quadratic,support_complete,448,400,0.45,0.002,1
hidden_quadratic,support_complete,449,400,0.45,0.002,1
hidden_quadratic,support_complete,450,400,0.45,0.002,1
hidden_quadratic,support_complete,451,400,0.45,0.002,1
hidden_quadratic,support_complete,452,400,0.45,0.002,1
hidden_quadratic,support_complete,453,400,0.45,0.002,1
hidden_quadratic,support_complete,454,400,0.45,0.002,1
hidden_quadratic,support_complete,455,400,0.45,0.002,1
hidden_quadratic,support_complete,456,400,0.45,0.002,1
hidden_quadratic,support_complete,457,400,0.45,0.002,1
hidden_quadratic,support_complete,458,400,0.45,0.002,1
hidden_quadratic,support_complete,459,400,0.45,0.002,1
hidden_quadratic,support_complete,460,400,0.45,0.002,1
hidden_quadratic,support_complete,461,400,0.45,0.002,1
hidden_quadratic,support_complete,462,400,0.45,0.002,1
hidden_quadratic,support_complete,463,400,0.45,0.002,1
hidden_quadratic,support_complete,464,400,0.45,0.002,1
hidden_quadratic,support_complete,465,400,0.45,0.002,1
hidden_quadratic,support_complete,466,400,0.45,0.002,1
hidden_quadratic,support_complete,467,400,0.45,0.002,1
hidden_quadratic,support_complete,468,400,0.45,0.002,1
hidden_quadratic,support_complete,469,400,0.45,0.002,1
hidden_quadratic,support_complete,470,400,0.45,0.002,1
hidden_quadratic,support_complete,471,400,0.45,0.002,1
hidden_quadratic,support_complete,472,400,0.45,0.002,1
hidden_quadratic,support_complete,473,400,0.45,0.002,1
hidden_quadratic,support_complete,474,400,0.45,0.002,1
hidden_quadratic,support_complete,475,400,0.45,0.002,1
hidden_quadratic,support_complete,476,400,0.45,0.002,1
hidden_quadratic,support_complete,477,400,0.45,0.002,1
hidden_quadratic,support_complete,478,400,0.45,0.002,1
hidden_quadratic,support_complete,479,400,0.45,0.002,1
hidden_quadratic,support_complete,480,400,0.45,0.002,1
hidden_quadratic,support_complete,481,400,0.45,0.002,1
hidden_quadratic,support_complete,482,400,0.45,0.002,1
hidden_quadratic,support_complete,483,400,0.45,0.002,1
hidden_quadratic,support_complete,484,400,0.45,0.002,1
hidden_quadratic,support_complete,485,400,0.45,0.002,1
hidden_quadratic,support_complete,486,400,0.45,0.002,1
hidden_quadratic,support_complete,487,400,0.45,0.002,1
hidden_quadratic,support_complete,488,400,0.45,0.002,1
hidden_quadratic,support_complete,489,400,0.45,0.002,1
hidden_quadratic,support_complete,490,400,0.45,0.002,1
hidden_quadratic,support_complete,491,400,0.45,0.002,1
hidden_quadratic,support_complete,492,400,0.45,0.002,1
hidden_quadratic,support_complete,493,400,0.45,0.002,1
hidden_quadratic,support_complete,494,400,0.45,0.002,1
hidden_quadratic,support_complete,495,400,0.45,0.002,1
hidden_quadratic,support_complete,496,400,0.45,0.002,1
hidden_quadratic,support_complete,497,400,0.45,0.002,1
hidden_quadratic,support_complete,498,400,0.45,0.002,1
hidden_quadratic,support_complete,499,400,0.45,0.002,1
hidden_orthogonal,dictionary,0,400,0.45,0.008,1
hidden_orthogonal,dictionary,1,400,0.45,0.668,0
hidden_orthogonal,dictionary,2,400,0.45,0.216,0
hidden_orthogonal,dictionary,3,400,0.45,0.478,0
hidden_orthogonal,dictionary,4,400,0.45,0.658,0
hidden_orthogonal,dictionary,5,400,0.45,0.248,0
hidden_orthogonal,dictionary,6,400,0.45,0.726,0
hidden_orthogonal,dictionary,7,400,0.45,0.268,0
hidden_orthogonal,dictionary,8,400,0.45,0.748,0
hidden_orthogonal,dictionary,9,400,0.45,0.818,0
hidden_orthogonal,dictionary,10,400,0.45,0.686,0
hidden_orthogonal,dictionary,11,400,0.45,0.004,1
hidden_orthogonal,dictionary,12,400,0.45,0.704,0
hidden_orthogonal,dictionary,13,400,0.45,0.03,1
hidden_orthogonal,dictionary,14,400,0.45,0.662,0
hidden_orthogonal,dictionary,15,400,0.45,0.174,0
hidden_orthogonal,dictionary,16,400,0.45,0.508,0
hidden_orthogonal,dictionary,17,400,0.45,0.58,0
hidden_orthogonal,dictionary,18,400,0.45,0.518,0
hidden_orthogonal,dictionary,19,400,0.45,0.312,0
hidden_orthogonal,dictionary,20,400,0.45,0.406,0
hidden_orthogonal,dictionary,21,400,0.45,0.056,0
hidden_orthogonal,dictionary,22,400,0.45,0.698,0
hidden_orthogonal,dictionary,23,400,0.45,0.71,0
hidden_orthogonal,dictionary,24,400,0.45,0.816,0
hidden_orthogonal,dictionary,25,400,0.45,0.27,0
hidden_orthogonal,dictionary,26,400,0.45,0.65,0
hidden_orthogonal,dictionary,27,400,0.45,0.372,0
hidden_orthogonal,dictionary,28,400,0.45,0.686,0
hidden_orthogonal,dictionary,29,400,0.45,0.154,0
hidden_orthogonal,dictionary,30,400,0.45,0.768,0
hidden_orthogonal,dictionary,31,400,0.45,0.788,0
hidden_orthogonal,dictionary,32,400,0.45,0.12,0
hidden_orthogonal,dictionary,33,400,0.45,0.512,0
hidden_orthogonal,dictionary,34,400,0.45,0.042,1
hidden_orthogonal,dictionary,35,400,0.45,0.41,0
hidden_orthogonal,dictionary,36,400,0.45,0.032,1
hidden_orthogonal,dictionary,37,400,0.45,0.476,0
hidden_orthogonal,dictionary,38,400,0.45,0.11,0
hidden_orthogonal,dictionary,39,400,0.45,0.352,0
hidden_orthogonal,dictionary,40,400,0.45,0.26,0
hidden_orthogonal,dictionary,41,400,0.45,0.104,0
hidden_orthogonal,dictionary,42,400,0.45,0.804,0
hidden_orthogonal,dictionary,43,400,0.45,0.394,0
hidden_orthogonal,dictionary,44,400,0.45,0.902,0
hidden_orthogonal,dictionary,45,400,0.45,0.004,1
hidden_orthogonal,dictionary,46,400,0.45,0.806,0
hidden_orthogonal,dictionary,47,400,0.45,0.42,0
hidden_orthogonal,dictionary,48,400,0.45,0.188,0
hidden_orthogonal,dictionary,49,400,0.45,0.71,0
hidden_orthogonal,dictionary,50,400,0.45,0.446,0
hidden_orthogonal,dictionary,51,400,0.45,0.932,0
hidden_orthogonal,dictionary,52,400,0.45,0.08,0
hidden_orthogonal,dictionary,53,400,0.45,0.508,0
hidden_orthogonal,dictionary,54,400,0.45,0.462,0
hidden_orthogonal,dictionary,55,400,0.45,0.232,0
hidden_orthogonal,dictionary,56,400,0.45,0.37,0
hidden_orthogonal,dictionary,57,400,0.45,0.012,1
hidden_orthogonal,dictionary,58,400,0.45,0.064,0
hidden_orthogonal,dictionary,59,400,0.45,0.442,0
hidden_orthogonal,dictionary,60,400,0.45,0.064,0
hidden_orthogonal,dictionary,61,400,0.45,0.702,0
hidden_orthogonal,dictionary,62,400,0.45,0.104,0
hidden_orthogonal,dictionary,63,400,0.45,0.194,0
hidden_orthogonal,dictionary,64,400,0.45,0.084,0
hidden_orthogonal,dictionary,65,400,0.45,0.824,0
hidden_orthogonal,dictionary,66,400,0.45,0.77,0
hidden_orthogonal,dictionary,67,400,0.45,0.312,0
hidden_orthogonal,dictionary,68,400,0.45,0.44,0
hidden_orthogonal,dictionary,69,400,0.45,0.186,0
hidden_orthogonal,dictionary,70,400,0.45,0.046,1
hidden_orthogonal,dictionary,71,400,0.45,0.632,0
hidden_orthogonal,dictionary,72,400,0.45,0.114,0
hidden_orthogonal,dictionary,73,400,0.45,0.996,0
hidden_orthogonal,dictionary,74,400,0.45,0.67,0
hidden_orthogonal,dictionary,75,400,0.45,0.682,0
hidden_orthogonal,dictionary,76,400,0.45,0.126,0
hidden_orthogonal,dictionary,77,400,0.45,0.24,0
hidden_orthogonal,dictionary,78,400,0.45,0.976,0
hidden_orthogonal,dictionary,79,400,0.45,0.592,0
hidden_orthogonal,dictionary,80,400,0.45,0.432,0
hidden_orthogonal,dictionary,81,400,0.45,0.092,0
hidden_orthogonal,dictionary,82,400,0.45,0.97,0
hidden_orthogonal,dictionary,83,400,0.45,0.24,0
hidden_orthogonal,dictionary,84,400,0.45,0.884,0
hidden_orthogonal,dictionary,85,400,0.45,0.324,0
hidden_orthogonal,dictionary,86,400,0.45,0.946,0
hidden_orthogonal,dictionary,87,400,0.45,0.392,0
hidden_orthogonal,dictionary,88,400,0.45,0.342,0
hidden_orthogonal,dictionary,89,400,0.45,0.692,0
hidden_orthogonal,dictionary,90,400,0.45,0.756,0
hidden_orthogonal,dictionary,91,400,0.45,0.774,0
hidden_orthogonal,dictionary,92,400,0.45,0.094,0
hidden_orthogonal,dictionary,93,400,0.45,0.636,0
hidden_orthogonal,dictionary,94,400,0.45,0.972,0
hidden_orthogonal,dictionary,95,400,0.45,0.426,0
hidden_orthogonal,dictionary,96,400,0.45,0.736,0
hidden_orthogonal,dictionary,97,400,0.45,0.594,0
hidden_orthogonal,dictionary,98,400,0.45,0.874,0
hidden_orthogonal,dictionary,99,400,0.45,0.55,0
hidden_orthogonal,dictionary,100,400,0.45,0.25,0
hidden_orthogonal,dictionary,101,400,0.45,0.542,0
hidden_orthogonal,dictionary,102,400,0.45,0.28,0
hidden_orthogonal,dictionary,103,400,0.45,0.48,0
hidden_orthogonal,dictionary,104,400,0.45,0.838,0
hidden_orthogonal,dictionary,105,400,0.45,0.536,0
hidden_orthogonal,dictionary,106,400,0.45,0.102,0
hidden_orthogonal,dictionary,107,400,0.45,0.148,0
hidden_orthogonal,dictionary,108,400,0.45,0.74,0
hidden_orthogonal,dictionary,109,400,0.45,0.644,0
hidden_orthogonal,dictionary,110,400,0.45,0.376,0
hidden_orthogonal,dictionary,111,400,0.45,0.046,1
hidden_orthogonal,dictionary,112,400,0.45,0.414,0
hidden_orthogonal,dictionary,113,400,0.45,0.612,0
hidden_orthogonal,dictionary,114,400,0.45,0.446,0
hidden_orthogonal,dictionary,115,400,0.45,0.6,0
hidden_orthogonal,dictionary,116,400,0.45,0.61,0
hidden_orthogonal,dictionary,117,400,0.45,0.548,0
hidden_orthogonal,dictionary,118,400,0.45,0.312,0
hidden_orthogonal,dictionary,119,400,0.45,0.742,0
hidden_orthogonal,dictionary,120,400,0.45,0.672,0
hidden_orthogonal,dictionary,121,400,0.45,0.456,0
hidden_orthogonal,dictionary,122,400,0.45,0.094,0
hidden_orthogonal,dictionary,123,400,0.45,0.058,0
hidden_orthogonal,dictionary,124,400,0.45,0.004,1
hidden_orthogonal,dictionary,125,400,0.45,0.59,0
hidden_orthogonal,dictionary,126,400,0.45,0.144,0
hidden_orthogonal,dictionary,127,400,0.45,0.208,0
hidden_orthogonal,dictionary,128,400,0.45,0.884,0
hidden_orthogonal,dictionary,129,400,0.45,0.368,0
hidden_orthogonal,dictionary,130,400,0.45,0.688,0
hidden_orthogonal,dictionary,131,400,0.45,0.922,0
hidden_orthogonal,dictionary,132,400,0.45,0.792,0
hidden_orthogonal,dictionary,133,400,0.45,0.64,0
hidden_orthogonal,dictionary,134,400,0.45,0.904,0
hidden_orthogonal,dictionary,135,400,0.45,0.082,0
hidden_orthogonal,dictionary,136,400,0.45,0.44,0
hidden_orthogonal,dictionary,137,400,0.45,0.088,0
hidden_orthogonal,dictionary,138,400,0.45,0.032,1
hidden_orthogonal,dictionary,139,400,0.45,0.686,0
hidden_orthogonal,dictionary,140,400,0.45,0.368,0
hidden_orthogonal,dictionary,141,400,0.45,0.77,0
hidden_orthogonal,dictionary,142,400,0.45,0.822,0
hidden_orthogonal,dictionary,143,400,0.45,0.982,0
hidden_orthogonal,dictionary,144,400,0.45,0.156,0
hidden_orthogonal,dictionary,145,400,0.45,0.352,0
hidden_orthogonal,dictionary,146,400,0.45,0.55,0
hidden_orthogonal,dictionary,147,400,0.45,0.332,0
hidden_orthogonal,dictionary,148,400,0.45,0.004,1
hidden_orthogonal,dictionary,149,400,0.45,0.806,0
hidden_orthogonal,dictionary,150,400,0.45,0.722,0
hidden_orthogonal,dictionary,151,400,0.45,0.704,0
hidden_orthogonal,dictionary,152,400,0.45,0.682,0
hidden_orthogonal,dictionary,153,400,0.45,0.928,0
hidden_orthogonal,dictionary,154,400,0.45,0.938,0
hidden_orthogonal,dictionary,155,400,0.45,0.234,0
hidden_orthogonal,dictionary,156,400,0.45,0.89,0
hidden_orthogonal,dictionary,157,400,0.45,0.162,0
hidden_orthogonal,dictionary,158,400,0.45,0.96,0
hidden_orthogonal,dictionary,159,400,0.45,0.142,0
hidden_orthogonal,dictionary,160,400,0.45,0.576,0
hidden_orthogonal,dictionary,161,400,0.45,0.524,0
hidden_orthogonal,dictionary,162,400,0.45,0.712,0
hidden_orthogonal,dictionary,163,400,0.45,0.736,0
hidden_orthogonal,dictionary,164,400,0.45,0.666,0
hidden_orthogonal,dictionary,165,400,0.45,0.152,0
hidden_orthogonal,dictionary,166,400,0.45,0.722,0
hidden_orthogonal,dictionary,167,400,0.45,0.464,0
hidden_orthogonal,dictionary,168,400,0.45,0.468,0
hidden_orthogonal,dictionary,169,400,0.45,0.828,0
hidden_orthogonal,dictionary,170,400,0.45,0.27,0
hidden_orthogonal,dictionary,171,400,0.45,0.554,0
hidden_orthogonal,dictionary,172,400,0.45,0.552,0
hidden_orthogonal,dictionary,173,400,0.45,0.348,0
hidden_orthogonal,dictionary,174,400,0.45,0.958,0
hidden_orthogonal,dictionary,175,400,0.45,0.01,1
hidden_orthogonal,dictionary,176,400,0.45,0.788,0
hidden_orthogonal,dictionary,177,400,0.45,0.534,0
hidden_orthogonal,dictionary,178,400,0.45,0.392,0
hidden_orthogonal,dictionary,179,400,0.45,0.806,0
hidden_orthogonal,dictionary,180,400,0.45,0.514,0
hidden_orthogonal,dictionary,181,400,0.45,0.888,0
hidden_orthogonal,dictionary,182,400,0.45,0.472,0
hidden_orthogonal,dictionary,183,400,0.45,0.396,0
hidden_orthogonal,dictionary,184,400,0.45,0.714,0
hidden_orthogonal,dictionary,185,400,0.45,0.746,0
hidden_orthogonal,dictionary,186,400,0.45,0.334,0
hidden_orthogonal,dictionary,187,400,0.45,0.806,0
hidden_orthogonal,dictionary,188,400,0.45,0.336,0
hidden_orthogonal,dictionary,189,400,0.45,0.498,0
hidden_orthogonal,dictionary,190,400,0.45,0.754,0
hidden_orthogonal,dictionary,191,400,0.45,0.704,0
hidden_orthogonal,dictionary,192,400,0.45,0.486,0
hidden_orthogonal,dictionary,193,400,0.45,0.774,0
hidden_orthogonal,dictionary,194,400,0.45,0.378,0
hidden_orthogonal,dictionary,195,400,0.45,0.27,0
hidden_orthogonal,dictionary,196,400,0.45,0.06,0
hidden_orthogonal,dictionary,197,400,0.45,0.65,0
hidden_orthogonal,dictionary,198,400,0.45,0.06,0
hidden_orthogonal,dictionary,199,400,0.45,0.778,0
hidden_orthogonal,dictionary,200,400,0.45,0.438,0
hidden_orthogonal,dictionary,201,400,0.45,0.33,0
hidden_orthogonal,dictionary,202,400,0.45,0.81,0
hidden_orthogonal,dictionary,203,400,0.45,0.906,0
hidden_orthogonal,dictionary,204,400,0.45,0.52,0
hidden_orthogonal,dictionary,205,400,0.45,0.506,0
hidden_orthogonal,dictionary,206,400,0.45,0.676,0
hidden_orthogonal,dictionary,207,400,0.45,0.23,0
hidden_orthogonal,dictionary,208,400,0.45,0.68,0
hidden_orthogonal,dictionary,209,400,0.45,0.054,0
hidden_orthogonal,dictionary,210,400,0.45,0.448,0
hidden_orthogonal,dictionary,211,400,0.45,0.558,0
hidden_orthogonal,dictionary,212,400,0.45,0.958,0
hidden_orthogonal,dictionary,213,400,0.45,0.916,0
hidden_orthogonal,dictionary,214,400,0.45,0.098,0
hidden_orthogonal,dictionary,215,400,0.45,0.972,0
hidden_orthogonal,dictionary,216,400,0.45,0.998,0
hidden_orthogonal,dictionary,217,400,0.45,0.296,0
hidden_orthogonal,dictionary,218,400,0.45,0.924,0
hidden_orthogonal,dictionary,219,400,0.45,0.152,0
hidden_orthogonal,dictionary,220,400,0.45,0.562,0
hidden_orthogonal,dictionary,221,400,0.45,0.452,0
hidden_orthogonal,dictionary,222,400,0.45,0.378,0
hidden_orthogonal,dictionary,223,400,0.45,0.618,0
hidden_orthogonal,dictionary,224,400,0.45,0.038,1
hidden_orthogonal,dictionary,225,400,0.45,0.904,0
hidden_orthogonal,dictionary,226,400,0.45,0.216,0
hidden_orthogonal,dictionary,227,400,0.45,0.822,0
hidden_orthogonal,dictionary,228,400,0.45,0.206,0
hidden_orthogonal,dictionary,229,400,0.45,0.482,0
hidden_orthogonal,dictionary,230,400,0.45,0.3,0
hidden_orthogonal,dictionary,231,400,0.45,0.144,0
hidden_orthogonal,dictionary,232,400,0.45,0.918,0
hidden_orthogonal,dictionary,233,400,0.45,0.288,0
hidden_orthogonal,dictionary,234,400,0.45,0.926,0
hidden_orthogonal,dictionary,235,400,0.45,0.47,0
hidden_orthogonal,dictionary,236,400,0.45,0.932,0
hidden_orthogonal,dictionary,237,400,0.45,0.786,0
hidden_orthogonal,dictionary,238,400,0.45,0.186,0
hidden_orthogonal,dictionary,239,400,0.45,0.106,0
hidden_orthogonal,dictionary,240,400,0.45,0.576,0
hidden_orthogonal,dictionary,241,400,0.45,0.16,0
hidden_orthogonal,dictionary,242,400,0.45,0.986,0
hidden_orthogonal,dictionary,243,400,0.45,0.132,0
hidden_orthogonal,dictionary,244,400,0.45,0.388,0
hidden_orthogonal,dictionary,245,400,0.45,0.318,0
hidden_orthogonal,dictionary,246,400,0.45,0.624,0
hidden_orthogonal,dictionary,247,400,0.45,0.648,0
hidden_orthogonal,dictionary,248,400,0.45,0.846,0
hidden_orthogonal,dictionary,249,400,0.45,0.718,0
hidden_orthogonal,dictionary,250,400,0.45,0.958,0
hidden_orthogonal,dictionary,251,400,0.45,0.064,0
hidden_orthogonal,dictionary,252,400,0.45,0.352,0
hidden_orthogonal,dictionary,253,400,0.45,0.75,0
hidden_orthogonal,dictionary,254,400,0.45,0.256,0
hidden_orthogonal,dictionary,255,400,0.45,0.696,0
hidden_orthogonal,dictionary,256,400,0.45,0.04,1
hidden_orthogonal,dictionary,257,400,0.45,0.504,0
hidden_orthogonal,dictionary,258,400,0.45,0.104,0
hidden_orthogonal,dictionary,259,400,0.45,0.928,0
hidden_orthogonal,dictionary,260,400,0.45,0.71,0
hidden_orthogonal,dictionary,261,400,0.45,0.744,0
hidden_orthogonal,dictionary,262,400,0.45,0.21,0
hidden_orthogonal,dictionary,263,400,0.45,0.76,0
hidden_orthogonal,dictionary,264,400,0.45,0.408,0
hidden_orthogonal,dictionary,265,400,0.45,0.302,0
hidden_orthogonal,dictionary,266,400,0.45,0.636,0
hidden_orthogonal,dictionary,267,400,0.45,0.496,0
hidden_orthogonal,dictionary,268,400,0.45,0.832,0
hidden_orthogonal,dictionary,269,400,0.45,0.978,0
hidden_orthogonal,dictionary,270,400,0.45,0.924,0
hidden_orthogonal,dictionary,271,400,0.45,0.342,0
hidden_orthogonal,dictionary,272,400,0.45,0.456,0
hidden_orthogonal,dictionary,273,400,0.45,0.132,0
hidden_orthogonal,dictionary,274,400,0.45,0.014,1
hidden_orthogonal,dictionary,275,400,0.45,0.546,0
hidden_orthogonal,dictionary,276,400,0.45,0.948,0
hidden_orthogonal,dictionary,277,400,0.45,0.346,0
hidden_orthogonal,dictionary,278,400,0.45,0.608,0
hidden_orthogonal,dictionary,279,400,0.45,0.252,0
hidden_orthogonal,dictionary,280,400,0.45,0.45,0
hidden_orthogonal,dictionary,281,400,0.45,0.002,1
hidden_orthogonal,dictionary,282,400,0.45,0.326,0
hidden_orthogonal,dictionary,283,400,0.45,0.332,0
hidden_orthogonal,dictionary,284,400,0.45,0.028,1
hidden_orthogonal,dictionary,285,400,0.45,0.528,0
hidden_orthogonal,dictionary,286,400,0.45,0.224,0
hidden_orthogonal,dictionary,287,400,0.45,0.748,0
hidden_orthogonal,dictionary,288,400,0.45,0.43,0
hidden_orthogonal,dictionary,289,400,0.45,0.518,0
hidden_orthogonal,dictionary,290,400,0.45,0.196,0
hidden_orthogonal,dictionary,291,400,0.45,0.56,0
hidden_orthogonal,dictionary,292,400,0.45,0.992,0
hidden_orthogonal,dictionary,293,400,0.45,0.676,0
hidden_orthogonal,dictionary,294,400,0.45,0.414,0
hidden_orthogonal,dictionary,295,400,0.45,0.75,0
hidden_orthogonal,dictionary,296,400,0.45,0.266,0
hidden_orthogonal,dictionary,297,400,0.45,0.502,0
hidden_orthogonal,dictionary,298,400,0.45,0.256,0
hidden_orthogonal,dictionary,299,400,0.45,0.934,0
hidden_orthogonal,dictionary,300,400,0.45,0.276,0
hidden_orthogonal,dictionary,301,400,0.45,0.432,0
hidden_orthogonal,dictionary,302,400,0.45,0.928,0
hidden_orthogonal,dictionary,303,400,0.45,0.93,0
hidden_orthogonal,dictionary,304,400,0.45,0.46,0
hidden_orthogonal,dictionary,305,400,0.45,0.136,0
hidden_orthogonal,dictionary,306,400,0.45,0.284,0
hidden_orthogonal,dictionary,307,400,0.45,0.64,0
hidden_orthogonal,dictionary,308,400,0.45,0.068,0
hidden_orthogonal,dictionary,309,400,0.45,0.08,0
hidden_orthogonal,dictionary,310,400,0.45,0.632,0
hidden_orthogonal,dictionary,311,400,0.45,0.028,1
hidden_orthogonal,dictionary,312,400,0.45,0.552,0
hidden_orthogonal,dictionary,313,400,0.45,0.696,0
hidden_orthogonal,dictionary,314,400,0.45,0.984,0
hidden_orthogonal,dictionary,315,400,0.45,0.214,0
hidden_orthogonal,dictionary,316,400,0.45,0.064,0
hidden_orthogonal,dictionary,317,400,0.45,0.538,0
hidden_orthogonal,dictionary,318,400,0.45,0.85,0
hidden_orthogonal,dictionary,319,400,0.45,0.776,0
hidden_orthogonal,dictionary,320,400,0.45,0.35,0
hidden_orthogonal,dictionary,321,400,0.45,0.55,0
hidden_orthogonal,dictionary,322,400,0.45,0.204,0
hidden_orthogonal,dictionary,323,400,0.45,0.722,0
hidden_orthogonal,dictionary,324,400,0.45,0.318,0
hidden_orthogonal,dictionary,325,400,0.45,0.424,0
hidden_orthogonal,dictionary,326,400,0.45,0.948,0
hidden_orthogonal,dictionary,327,400,0.45,0.186,0
hidden_orthogonal,dictionary,328,400,0.45,0.856,0
hidden_orthogonal,dictionary,329,400,0.45,0.792,0
hidden_orthogonal,dictionary,330,400,0.45,0.064,0
hidden_orthogonal,dictionary,331,400,0.45,0.99,0
hidden_orthogonal,dictionary,332,400,0.45,0.066,0
hidden_orthogonal,dictionary,333,400,0.45,0.01,1
hidden_orthogonal,dictionary,334,400,0.45,0.858,0
hidden_orthogonal,dictionary,335,400,0.45,0.396,0
hidden_orthogonal,dictionary,336,400,0.45,0.258,0
hidden_orthogonal,dictionary,337,400,0.45,0.798,0
hidden_orthogonal,dictionary,338,400,0.45,0.528,0
hidden_orthogonal,dictionary,339,400,0.45,0.742,0
hidden_orthogonal,dictionary,340,400,0.45,0.822,0
hidden_orthogonal,dictionary,341,400,0.45,0.024,1
hidden_orthogonal,dictionary,342,400,0.45,0.242,0
hidden_orthogonal,dictionary,343,400,0.45,0.16,0
hidden_orthogonal,dictionary,344,400,0.45,0.092,0
hidden_orthogonal,dictionary,345,400,0.45,0.884,0
hidden_orthogonal,dictionary,346,400,0.45,0.136,0
hidden_orthogonal,dictionary,347,400,0.45,0.48,0
hidden_orthogonal,dictionary,348,400,0.45,0.31,0
hidden_orthogonal,dictionary,349,400,0.45,0.372,0
hidden_orthogonal,dictionary,350,400,0.45,0.622,0
hidden_orthogonal,dictionary,351,400,0.45,0.414,0
hidden_orthogonal,dictionary,352,400,0.45,0.024,1
hidden_orthogonal,dictionary,353,400,0.45,0.488,0
hidden_orthogonal,dictionary,354,400,0.45,0.82,0
hidden_orthogonal,dictionary,355,400,0.45,0.026,1
hidden_orthogonal,dictionary,356,400,0.45,0.472,0
hidden_orthogonal,dictionary,357,400,0.45,0.49,0
hidden_orthogonal,dictionary,358,400,0.45,0.04,1
hidden_orthogonal,dictionary,359,400,0.45,0.38,0
hidden_orthogonal,dictionary,360,400,0.45,0.788,0
hidden_orthogonal,dictionary,361,400,0.45,0.506,0
hidden_orthogonal,dictionary,362,400,0.45,0.628,0
hidden_orthogonal,dictionary,363,400,0.45,0.776,0
hidden_orthogonal,dictionary,364,400,0.45,0.372,0
hidden_orthogonal,dictionary,365,400,0.45,0.514,0
hidden_orthogonal,dictionary,366,400,0.45,0.56,0
hidden_orthogonal,dictionary,367,400,0.45,0.15,0
hidden_orthogonal,dictionary,368,400,0.45,0.426,0
hidden_orthogonal,dictionary,369,400,0.45,0.706,0
hidden_orthogonal,dictionary,370,400,0.45,0.916,0
hidden_orthogonal,dictionary,371,400,0.45,0.448,0
hidden_orthogonal,dictionary,372,400,0.45,0.528,0
hidden_orthogonal,dictionary,373,400,0.45,0.264,0
hidden_orthogonal,dictionary,374,400,0.45,0.404,0
hidden_orthogonal,dictionary,375,400,0.45,0.83,0
hidden_orthogonal,dictionary,376,400,0.45,0.234,0
hidden_orthogonal,dictionary,377,400,0.45,0.378,0
hidden_orthogonal,dictionary,378,400,0.45,0.878,0
hidden_orthogonal,dictionary,379,400,0.45,0.86,0
hidden_orthogonal,dictionary,380,400,0.45,0.042,1
hidden_orthogonal,dictionary,381,400,0.45,0.136,0
hidden_orthogonal,dictionary,382,400,0.45,0.522,0
hidden_orthogonal,dictionary,383,400,0.45,0.66,0
hidden_orthogonal,dictionary,384,400,0.45,0.168,0
hidden_orthogonal,dictionary,385,400,0.45,0.832,0
hidden_orthogonal,dictionary,386,400,0.45,0.298,0
hidden_orthogonal,dictionary,387,400,0.45,0.622,0
hidden_orthogonal,dictionary,388,400,0.45,0.222,0
hidden_orthogonal,dictionary,389,400,0.45,0.882,0
hidden_orthogonal,dictionary,390,400,0.45,0.998,0
hidden_orthogonal,dictionary,391,400,0.45,0.272,0
hidden_orthogonal,dictionary,392,400,0.45,0.296,0
hidden_orthogonal,dictionary,393,400,0.45,0.352,0
hidden_orthogonal,dictionary,394,400,0.45,0.394,0
hidden_orthogonal,dictionary,395,400,0.45,0.73,0
hidden_orthogonal,dictionary,396,400,0.45,0.036,1
hidden_orthogonal,dictionary,397,400,0.45,0.162,0
hidden_orthogonal,dictionary,398,400,0.45,0.67,0
hidden_orthogonal,dictionary,399,400,0.45,0.468,0
hidden_orthogonal,dictionary,400,400,0.45,0.952,0
hidden_orthogonal,dictionary,401,400,0.45,0.266,0
hidden_orthogonal,dictionary,402,400,0.45,0.59,0
hidden_orthogonal,dictionary,403,400,0.45,0.526,0
hidden_orthogonal,dictionary,404,400,0.45,0.21,0
hidden_orthogonal,dictionary,405,400,0.45,0.306,0
hidden_orthogonal,dictionary,406,400,0.45,0.366,0
hidden_orthogonal,dictionary,407,400,0.45,0.676,0
hidden_orthogonal,dictionary,408,400,0.45,0.636,0
hidden_orthogonal,dictionary,409,400,0.45,0.172,0
hidden_orthogonal,dictionary,410,400,0.45,0.182,0
hidden_orthogonal,dictionary,411,400,0.45,0.706,0
hidden_orthogonal,dictionary,412,400,0.45,0.516,0
hidden_orthogonal,dictionary,413,400,0.45,0.192,0
hidden_orthogonal,dictionary,414,400,0.45,0.558,0
hidden_orthogonal,dictionary,415,400,0.45,0.47,0
hidden_orthogonal,dictionary,416,400,0.45,0.03,1
hidden_orthogonal,dictionary,417,400,0.45,0.2,0
hidden_orthogonal,dictionary,418,400,0.45,0.408,0
hidden_orthogonal,dictionary,419,400,0.45,0.654,0
hidden_orthogonal,dictionary,420,400,0.45,0.912,0
hidden_orthogonal,dictionary,421,400,0.45,0.494,0
hidden_orthogonal,dictionary,422,400,0.45,0.772,0
hidden_orthogonal,dictionary,423,400,0.45,0.198,0
hidden_orthogonal,dictionary,424,400,0.45,0.326,0
hidden_orthogonal,dictionary,425,400,0.45,0.986,0
hidden_orthogonal,dictionary,426,400,0.45,0.108,0
hidden_orthogonal,dictionary,427,400,0.45,0.156,0
hidden_orthogonal,dictionary,428,400,0.45,0.418,0
hidden_orthogonal,dictionary,429,400,0.45,0.342,0
hidden_orthogonal,dictionary,430,400,0.45,0.62,0
hidden_orthogonal,dictionary,431,400,0.45,0.102,0
hidden_orthogonal,dictionary,432,400,0.45,0.704,0
hidden_orthogonal,dictionary,433,400,0.45,0.778,0
hidden_orthogonal,dictionary,434,400,0.45,0.164,0
hidden_orthogonal,dictionary,435,400,0.45,0.586,0
hidden_orthogonal,dictionary,436,400,0.45,0.166,0
hidden_orthogonal,dictionary,437,400,0.45,0.144,0
hidden_orthogonal,dictionary,438,400,0.45,0.494,0
hidden_orthogonal,dictionary,439,400,0.45,0.67,0
hidden_orthogonal,dictionary,440,400,0.45,0.598,0
hidden_orthogonal,dictionary,441,400,0.45,0.41,0
hidden_orthogonal,dictionary,442,400,0.45,0.688,0
hidden_orthogonal,dictionary,443,400,0.45,0.892,0
hidden_orthogonal,dictionary,444,400,0.45,0.7,0
hidden_orthogonal,dictionary,445,400,0.45,0.916,0
hidden_orthogonal,dictionary,446,400,0.45,0.328,0
hidden_orthogonal,dictionary,447,400,0.45,0.698,0
hidden_orthogonal,dictionary,448,400,0.45,0.076,0
hidden_orthogonal,dictionary,449,400,0.45,0.756,0
hidden_orthogonal,dictionary,450,400,0.45,0.014,1
hidden_orthogonal,dictionary,451,400,0.45,0.396,0
hidden_orthogonal,dictionary,452,400,0.45,0.842,0
hidden_orthogonal,dictionary,453,400,0.45,0.968,0
hidden_orthogonal,dictionary,454,400,0.45,0.892,0
hidden_orthogonal,dictionary,455,400,0.45,0.706,0
hidden_orthogonal,dictionary,456,400,0.45,0.71,0
hidden_orthogonal,dictionary,457,400,0.45,0.198,0
hidden_orthogonal,dictionary,458,400,0.45,0.482,0
hidden_orthogonal,dictionary,459,400,0.45,0.444,0
hidden_orthogonal,dictionary,460,400,0.45,0.392,0
hidden_orthogonal,dictionary,461,400,0.45,0.054,0
hidden_orthogonal,dictionary,462,400,0.45,0.01,1
hidden_orthogonal,dictionary,463,400,0.45,0.188,0
hidden_orthogonal,dictionary,464,400,0.45,0.708,0
hidden_orthogonal,dictionary,465,400,0.45,0.008,1
hidden_orthogonal,dictionary,466,400,0.45,0.094,0
hidden_orthogonal,dictionary,467,400,0.45,0.85,0
hidden_orthogonal,dictionary,468,400,0.45,0.184,0
hidden_orthogonal,dictionary,469,400,0.45,0.394,0
hidden_orthogonal,dictionary,470,400,0.45,0.452,0
hidden_orthogonal,dictionary,471,400,0.45,0.522,0
hidden_orthogonal,dictionary,472,400,0.45,0.416,0
hidden_orthogonal,dictionary,473,400,0.45,0.544,0
hidden_orthogonal,dictionary,474,400,0.45,0.822,0
hidden_orthogonal,dictionary,475,400,0.45,0.012,1
hidden_orthogonal,dictionary,476,400,0.45,0.898,0
hidden_orthogonal,dictionary,477,400,0.45,0.132,0
hidden_orthogonal,dictionary,478,400,0.45,0.796,0
hidden_orthogonal,dictionary,479,400,0.45,0.51,0
hidden_orthogonal,dictionary,480,400,0.45,0.316,0
hidden_orthogonal,dictionary,481,400,0.45,0.962,0
hidden_orthogonal,dictionary,482,400,0.45,0.082,0
hidden_orthogonal,dictionary,483,400,0.45,0.68,0
hidden_orthogonal,dictionary,484,400,0.45,0.018,1
hidden_orthogonal,dictionary,485,400,0.45,0.74,0
hidden_orthogonal,dictionary,486,400,0.45,0.56,0
hidden_orthogonal,dictionary,487,400,0.45,0.058,0
hidden_orthogonal,dictionary,488,400,0.45,0.968,0
hidden_orthogonal,dictionary,489,400,0.45,0.43,0
hidden_orthogonal,dictionary,490,400,0.45,0.946,0
hidden_orthogonal,dictionary,491,400,0.45,0.236,0
hidden_orthogonal,dictionary,492,400,0.45,0.362,0
hidden_orthogonal,dictionary,493,400,0.45,0.756,0
hidden_orthogonal,dictionary,494,400,0.45,0.094,0
hidden_orthogonal,dictionary,495,400,0.45,0.586,0
hidden_orthogonal,dictionary,496,400,0.45,0.594,0
hidden_orthogonal,dictionary,497,400,0.45,0.856,0
hidden_orthogonal,dictionary,498,400,0.45,0.534,0
hidden_orthogonal,dictionary,499,400,0.45,0.73,0
hidden_orthogonal,support_complete,0,400,0.45,0.002,1
hidden_orthogonal,support_complete,1,400,0.45,0.002,1
hidden_orthogonal,support_complete,2,400,0.45,0.002,1
hidden_orthogonal,support_complete,3,400,0.45,0.002,1
hidden_orthogonal,support_complete,4,400,0.45,0.002,1
hidden_orthogonal,support_complete,5,400,0.45,0.002,1
hidden_orthogonal,support_complete,6,400,0.45,0.002,1
hidden_orthogonal,support_complete,7,400,0.45,0.002,1
hidden_orthogonal,support_complete,8,400,0.45,0.002,1
hidden_orthogonal,support_complete,9,400,0.45,0.002,1
hidden_orthogonal,support_complete,10,400,0.45,0.002,1
hidden_orthogonal,support_complete,11,400,0.45,0.002,1
hidden_orthogonal,support_complete,12,400,0.45,0.002,1
hidden_orthogonal,support_complete,13,400,0.45,0.002,1
hidden_orthogonal,support_complete,14,400,0.45,0.002,1
hidden_orthogonal,support_complete,15,400,0.45,0.002,1
hidden_orthogonal,support_complete,16,400,0.45,0.002,1
hidden_orthogonal,support_complete,17,400,0.45,0.002,1
hidden_orthogonal,support_complete,18,400,0.45,0.002,1
hidden_orthogonal,support_complete,19,400,0.45,0.002,1
hidden_orthogonal,support_complete,20,400,0.45,0.002,1
hidden_orthogonal,support_complete,21,400,0.45,0.002,1
hidden_orthogonal,support_complete,22,400,0.45,0.002,1
hidden_orthogonal,support_complete,23,400,0.45,0.002,1
hidden_orthogonal,support_complete,24,400,0.45,0.002,1
hidden_orthogonal,support_complete,25,400,0.45,0.002,1
hidden_orthogonal,support_complete,26,400,0.45,0.002,1
hidden_orthogonal,support_complete,27,400,0.45,0.002,1
hidden_orthogonal,support_complete,28,400,0.45,0.002,1
hidden_orthogonal,support_complete,29,400,0.45,0.002,1
hidden_orthogonal,support_complete,30,400,0.45,0.002,1
hidden_orthogonal,support_complete,31,400,0.45,0.002,1
hidden_orthogonal,support_complete,32,400,0.45,0.002,1
hidden_orthogonal,support_complete,33,400,0.45,0.002,1
hidden_orthogonal,support_complete,34,400,0.45,0.002,1
hidden_orthogonal,support_complete,35,400,0.45,0.002,1
hidden_orthogonal,support_complete,36,400,0.45,0.002,1
hidden_orthogonal,support_complete,37,400,0.45,0.002,1
hidden_orthogonal,support_complete,38,400,0.45,0.002,1
hidden_orthogonal,support_complete,39,400,0.45,0.002,1
hidden_orthogonal,support_complete,40,400,0.45,0.002,1
hidden_orthogonal,support_complete,41,400,0.45,0.002,1
hidden_orthogonal,support_complete,42,400,0.45,0.002,1
hidden_orthogonal,support_complete,43,400,0.45,0.002,1
hidden_orthogonal,support_complete,44,400,0.45,0.002,1
hidden_orthogonal,support_complete,45,400,0.45,0.002,1
hidden_orthogonal,support_complete,46,400,0.45,0.002,1
hidden_orthogonal,support_complete,47,400,0.45,0.002,1
hidden_orthogonal,support_complete,48,400,0.45,0.002,1
hidden_orthogonal,support_complete,49,400,0.45,0.002,1
hidden_orthogonal,support_complete,50,400,0.45,0.002,1
hidden_orthogonal,support_complete,51,400,0.45,0.002,1
hidden_orthogonal,support_complete,52,400,0.45,0.002,1
hidden_orthogonal,support_complete,53,400,0.45,0.002,1
hidden_orthogonal,support_complete,54,400,0.45,0.002,1
hidden_orthogonal,support_complete,55,400,0.45,0.002,1
hidden_orthogonal,support_complete,56,400,0.45,0.002,1
hidden_orthogonal,support_complete,57,400,0.45,0.002,1
hidden_orthogonal,support_complete,58,400,0.45,0.002,1
hidden_orthogonal,support_complete,59,400,0.45,0.002,1
hidden_orthogonal,support_complete,60,400,0.45,0.002,1
hidden_orthogonal,support_complete,61,400,0.45,0.002,1
hidden_orthogonal,support_complete,62,400,0.45,0.002,1
hidden_orthogonal,support_complete,63,400,0.45,0.002,1
hidden_orthogonal,support_complete,64,400,0.45,0.002,1
hidden_orthogonal,support_complete,65,400,0.45,0.002,1
hidden_orthogonal,support_complete,66,400,0.45,0.002,1
hidden_orthogonal,support_complete,67,400,0.45,0.002,1
hidden_orthogonal,support_complete,68,400,0.45,0.002,1
hidden_orthogonal,support_complete,69,400,0.45,0.002,1
hidden_orthogonal,support_complete,70,400,0.45,0.002,1
hidden_orthogonal,support_complete,71,400,0.45,0.002,1
hidden_orthogonal,support_complete,72,400,0.45,0.002,1
hidden_orthogonal,support_complete,73,400,0.45,0.002,1
hidden_orthogonal,support_complete,74,400,0.45,0.002,1
hidden_orthogonal,support_complete,75,400,0.45,0.002,1
hidden_orthogonal,support_complete,76,400,0.45,0.002,1
hidden_orthogonal,support_complete,77,400,0.45,0.002,1
hidden_orthogonal,support_complete,78,400,0.45,0.002,1
hidden_orthogonal,support_complete,79,400,0.45,0.002,1
hidden_orthogonal,support_complete,80,400,0.45,0.002,1
hidden_orthogonal,support_complete,81,400,0.45,0.002,1
hidden_orthogonal,support_complete,82,400,0.45,0.002,1
hidden_orthogonal,support_complete,83,400,0.45,0.002,1
hidden_orthogonal,support_complete,84,400,0.45,0.002,1
hidden_orthogonal,support_complete,85,400,0.45,0.002,1
hidden_orthogonal,support_complete,86,400,0.45,0.002,1
hidden_orthogonal,support_complete,87,400,0.45,0.002,1
hidden_orthogonal,support_complete,88,400,0.45,0.002,1
hidden_orthogonal,support_complete,89,400,0.45,0.002,1
hidden_orthogonal,support_complete,90,400,0.45,0.002,1
hidden_orthogonal,support_complete,91,400,0.45,0.002,1
hidden_orthogonal,support_complete,92,400,0.45,0.002,1
hidden_orthogonal,support_complete,93,400,0.45,0.002,1
hidden_orthogonal,support_complete,94,400,0.45,0.002,1
hidden_orthogonal,support_complete,95,400,0.45,0.002,1
hidden_orthogonal,support_complete,96,400,0.45,0.002,1
hidden_orthogonal,support_complete,97,400,0.45,0.002,1
hidden_orthogonal,support_complete,98,400,0.45,0.002,1
hidden_orthogonal,support_complete,99,400,0.45,0.002,1
hidden_orthogonal,support_complete,100,400,0.45,0.002,1
hidden_orthogonal,support_complete,101,400,0.45,0.002,1
hidden_orthogonal,support_complete,102,400,0.45,0.002,1
hidden_orthogonal,support_complete,103,400,0.45,0.002,1
hidden_orthogonal,support_complete,104,400,0.45,0.002,1
hidden_orthogonal,support_complete,105,400,0.45,0.002,1
hidden_orthogonal,support_complete,106,400,0.45,0.002,1
hidden_orthogonal,support_complete,107,400,0.45,0.002,1
hidden_orthogonal,support_complete,108,400,0.45,0.002,1
hidden_orthogonal,support_complete,109,400,0.45,0.002,1
hidden_orthogonal,support_complete,110,400,0.45,0.002,1
hidden_orthogonal,support_complete,111,400,0.45,0.002,1
hidden_orthogonal,support_complete,112,400,0.45,0.002,1
hidden_orthogonal,support_complete,113,400,0.45,0.002,1
hidden_orthogonal,support_complete,114,400,0.45,0.002,1
hidden_orthogonal,support_complete,115,400,0.45,0.002,1
hidden_orthogonal,support_complete,116,400,0.45,0.002,1
hidden_orthogonal,support_complete,117,400,0.45,0.002,1
hidden_orthogonal,support_complete,118,400,0.45,0.002,1
hidden_orthogonal,support_complete,119,400,0.45,0.002,1
hidden_orthogonal,support_complete,120,400,0.45,0.002,1
hidden_orthogonal,support_complete,121,400,0.45,0.002,1
hidden_orthogonal,support_complete,122,400,0.45,0.002,1
hidden_orthogonal,support_complete,123,400,0.45,0.002,1
hidden_orthogonal,support_complete,124,400,0.45,0.002,1
hidden_orthogonal,support_complete,125,400,0.45,0.002,1
hidden_orthogonal,support_complete,126,400,0.45,0.002,1
hidden_orthogonal,support_complete,127,400,0.45,0.002,1
hidden_orthogonal,support_complete,128,400,0.45,0.002,1
hidden_orthogonal,support_complete,129,400,0.45,0.002,1
hidden_orthogonal,support_complete,130,400,0.45,0.002,1
hidden_orthogonal,support_complete,131,400,0.45,0.002,1
hidden_orthogonal,support_complete,132,400,0.45,0.002,1
hidden_orthogonal,support_complete,133,400,0.45,0.002,1
hidden_orthogonal,support_complete,134,400,0.45,0.002,1
hidden_orthogonal,support_complete,135,400,0.45,0.002,1
hidden_orthogonal,support_complete,136,400,0.45,0.002,1
hidden_orthogonal,support_complete,137,400,0.45,0.002,1
hidden_orthogonal,support_complete,138,400,0.45,0.002,1
hidden_orthogonal,support_complete,139,400,0.45,0.002,1
hidden_orthogonal,support_complete,140,400,0.45,0.002,1
hidden_orthogonal,support_complete,141,400,0.45,0.002,1
hidden_orthogonal,support_complete,142,400,0.45,0.002,1
hidden_orthogonal,support_complete,143,400,0.45,0.002,1
hidden_orthogonal,support_complete,144,400,0.45,0.002,1
hidden_orthogonal,support_complete,145,400,0.45,0.002,1
hidden_orthogonal,support_complete,146,400,0.45,0.002,1
hidden_orthogonal,support_complete,147,400,0.45,0.002,1
hidden_orthogonal,support_complete,148,400,0.45,0.002,1
hidden_orthogonal,support_complete,149,400,0.45,0.002,1
hidden_orthogonal,support_complete,150,400,0.45,0.002,1
hidden_orthogonal,support_complete,151,400,0.45,0.002,1
hidden_orthogonal,support_complete,152,400,0.45,0.002,1
hidden_orthogonal,support_complete,153,400,0.45,0.002,1
hidden_orthogonal,support_complete,154,400,0.45,0.002,1
hidden_orthogonal,support_complete,155,400,0.45,0.002,1
hidden_orthogonal,support_complete,156,400,0.45,0.002,1
hidden_orthogonal,support_complete,157,400,0.45,0.002,1
hidden_orthogonal,support_complete,158,400,0.45,0.002,1
hidden_orthogonal,support_complete,159,400,0.45,0.002,1
hidden_orthogonal,support_complete,160,400,0.45,0.002,1
hidden_orthogonal,support_complete,161,400,0.45,0.002,1
hidden_orthogonal,support_complete,162,400,0.45,0.002,1
hidden_orthogonal,support_complete,163,400,0.45,0.002,1
hidden_orthogonal,support_complete,164,400,0.45,0.002,1
hidden_orthogonal,support_complete,165,400,0.45,0.002,1
hidden_orthogonal,support_complete,166,400,0.45,0.002,1
hidden_orthogonal,support_complete,167,400,0.45,0.002,1
hidden_orthogonal,support_complete,168,400,0.45,0.002,1
hidden_orthogonal,support_complete,169,400,0.45,0.002,1
hidden_orthogonal,support_complete,170,400,0.45,0.002,1
hidden_orthogonal,support_complete,171,400,0.45,0.002,1
hidden_orthogonal,support_complete,172,400,0.45,0.002,1
hidden_orthogonal,support_complete,173,400,0.45,0.002,1
hidden_orthogonal,support_complete,174,400,0.45,0.002,1
hidden_orthogonal,support_complete,175,400,0.45,0.002,1
hidden_orthogonal,support_complete,176,400,0.45,0.002,1
hidden_orthogonal,support_complete,177,400,0.45,0.002,1
hidden_orthogonal,support_complete,178,400,0.45,0.002,1
hidden_orthogonal,support_complete,179,400,0.45,0.002,1
hidden_orthogonal,support_complete,180,400,0.45,0.002,1
hidden_orthogonal,support_complete,181,400,0.45,0.002,1
hidden_orthogonal,support_complete,182,400,0.45,0.002,1
hidden_orthogonal,support_complete,183,400,0.45,0.002,1
hidden_orthogonal,support_complete,184,400,0.45,0.002,1
hidden_orthogonal,support_complete,185,400,0.45,0.002,1
hidden_orthogonal,support_complete,186,400,0.45,0.002,1
hidden_orthogonal,support_complete,187,400,0.45,0.002,1
hidden_orthogonal,support_complete,188,400,0.45,0.002,1
hidden_orthogonal,support_complete,189,400,0.45,0.002,1
hidden_orthogonal,support_complete,190,400,0.45,0.002,1
hidden_orthogonal,support_complete,191,400,0.45,0.002,1
hidden_orthogonal,support_complete,192,400,0.45,0.002,1
hidden_orthogonal,support_complete,193,400,0.45,0.002,1
hidden_orthogonal,support_complete,194,400,0.45,0.002,1
hidden_orthogonal,support_complete,195,400,0.45,0.002,1
hidden_orthogonal,support_complete,196,400,0.45,0.002,1
hidden_orthogonal,support_complete,197,400,0.45,0.002,1
hidden_orthogonal,support_complete,198,400,0.45,0.002,1
hidden_orthogonal,support_complete,199,400,0.45,0.002,1
hidden_orthogonal,support_complete,200,400,0.45,0.002,1
hidden_orthogonal,support_complete,201,400,0.45,0.002,1
hidden_orthogonal,support_complete,202,400,0.45,0.002,1
hidden_orthogonal,support_complete,203,400,0.45,0.002,1
hidden_orthogonal,support_complete,204,400,0.45,0.002,1
hidden_orthogonal,support_complete,205,400,0.45,0.002,1
hidden_orthogonal,support_complete,206,400,0.45,0.002,1
hidden_orthogonal,support_complete,207,400,0.45,0.002,1
hidden_orthogonal,support_complete,208,400,0.45,0.002,1
hidden_orthogonal,support_complete,209,400,0.45,0.002,1
hidden_orthogonal,support_complete,210,400,0.45,0.002,1
hidden_orthogonal,support_complete,211,400,0.45,0.002,1
hidden_orthogonal,support_complete,212,400,0.45,0.002,1
hidden_orthogonal,support_complete,213,400,0.45,0.002,1
hidden_orthogonal,support_complete,214,400,0.45,0.002,1
hidden_orthogonal,support_complete,215,400,0.45,0.002,1
hidden_orthogonal,support_complete,216,400,0.45,0.002,1
hidden_orthogonal,support_complete,217,400,0.45,0.002,1
hidden_orthogonal,support_complete,218,400,0.45,0.002,1
hidden_orthogonal,support_complete,219,400,0.45,0.002,1
hidden_orthogonal,support_complete,220,400,0.45,0.002,1
hidden_orthogonal,support_complete,221,400,0.45,0.002,1
hidden_orthogonal,support_complete,222,400,0.45,0.002,1
hidden_orthogonal,support_complete,223,400,0.45,0.002,1
hidden_orthogonal,support_complete,224,400,0.45,0.002,1
hidden_orthogonal,support_complete,225,400,0.45,0.002,1
hidden_orthogonal,support_complete,226,400,0.45,0.002,1
hidden_orthogonal,support_complete,227,400,0.45,0.002,1
hidden_orthogonal,support_complete,228,400,0.45,0.002,1
hidden_orthogonal,support_complete,229,400,0.45,0.002,1
hidden_orthogonal,support_complete,230,400,0.45,0.002,1
hidden_orthogonal,support_complete,231,400,0.45,0.002,1
hidden_orthogonal,support_complete,232,400,0.45,0.002,1
hidden_orthogonal,support_complete,233,400,0.45,0.002,1
hidden_orthogonal,support_complete,234,400,0.45,0.002,1
hidden_orthogonal,support_complete,235,400,0.45,0.002,1
hidden_orthogonal,support_complete,236,400,0.45,0.002,1
hidden_orthogonal,support_complete,237,400,0.45,0.002,1
hidden_orthogonal,support_complete,238,400,0.45,0.002,1
hidden_orthogonal,support_complete,239,400,0.45,0.002,1
hidden_orthogonal,support_complete,240,400,0.45,0.002,1
hidden_orthogonal,support_complete,241,400,0.45,0.002,1
hidden_orthogonal,support_complete,242,400,0.45,0.002,1
hidden_orthogonal,support_complete,243,400,0.45,0.002,1
hidden_orthogonal,support_complete,244,400,0.45,0.002,1
hidden_orthogonal,support_complete,245,400,0.45,0.002,1
hidden_orthogonal,support_complete,246,400,0.45,0.002,1
hidden_orthogonal,support_complete,247,400,0.45,0.002,1
hidden_orthogonal,support_complete,248,400,0.45,0.002,1
hidden_orthogonal,support_complete,249,400,0.45,0.002,1
hidden_orthogonal,support_complete,250,400,0.45,0.002,1
hidden_orthogonal,support_complete,251,400,0.45,0.002,1
hidden_orthogonal,support_complete,252,400,0.45,0.002,1
hidden_orthogonal,support_complete,253,400,0.45,0.002,1
hidden_orthogonal,support_complete,254,400,0.45,0.002,1
hidden_orthogonal,support_complete,255,400,0.45,0.002,1
hidden_orthogonal,support_complete,256,400,0.45,0.002,1
hidden_orthogonal,support_complete,257,400,0.45,0.002,1
hidden_orthogonal,support_complete,258,400,0.45,0.002,1
hidden_orthogonal,support_complete,259,400,0.45,0.002,1
hidden_orthogonal,support_complete,260,400,0.45,0.002,1
hidden_orthogonal,support_complete,261,400,0.45,0.002,1
hidden_orthogonal,support_complete,262,400,0.45,0.002,1
hidden_orthogonal,support_complete,263,400,0.45,0.002,1
hidden_orthogonal,support_complete,264,400,0.45,0.002,1
hidden_orthogonal,support_complete,265,400,0.45,0.002,1
hidden_orthogonal,support_complete,266,400,0.45,0.002,1
hidden_orthogonal,support_complete,267,400,0.45,0.002,1
hidden_orthogonal,support_complete,268,400,0.45,0.002,1
hidden_orthogonal,support_complete,269,400,0.45,0.002,1
hidden_orthogonal,support_complete,270,400,0.45,0.002,1
hidden_orthogonal,support_complete,271,400,0.45,0.002,1
hidden_orthogonal,support_complete,272,400,0.45,0.002,1
hidden_orthogonal,support_complete,273,400,0.45,0.002,1
hidden_orthogonal,support_complete,274,400,0.45,0.002,1
hidden_orthogonal,support_complete,275,400,0.45,0.002,1
hidden_orthogonal,support_complete,276,400,0.45,0.002,1
hidden_orthogonal,support_complete,277,400,0.45,0.002,1
hidden_orthogonal,support_complete,278,400,0.45,0.002,1
hidden_orthogonal,support_complete,279,400,0.45,0.002,1
hidden_orthogonal,support_complete,280,400,0.45,0.002,1
hidden_orthogonal,support_complete,281,400,0.45,0.002,1
hidden_orthogonal,support_complete,282,400,0.45,0.002,1
hidden_orthogonal,support_complete,283,400,0.45,0.002,1
hidden_orthogonal,support_complete,284,400,0.45,0.002,1
hidden_orthogonal,support_complete,285,400,0.45,0.002,1
hidden_orthogonal,support_complete,286,400,0.45,0.002,1
hidden_orthogonal,support_complete,287,400,0.45,0.002,1
hidden_orthogonal,support_complete,288,400,0.45,0.002,1
hidden_orthogonal,support_complete,289,400,0.45,0.002,1
hidden_orthogonal,support_complete,290,400,0.45,0.002,1
hidden_orthogonal,support_complete,291,400,0.45,0.002,1
hidden_orthogonal,support_complete,292,400,0.45,0.002,1
hidden_orthogonal,support_complete,293,400,0.45,0.002,1
hidden_orthogonal,support_complete,294,400,0.45,0.002,1
hidden_orthogonal,support_complete,295,400,0.45,0.002,1
hidden_orthogonal,support_complete,296,400,0.45,0.002,1
hidden_orthogonal,support_complete,297,400,0.45,0.002,1
hidden_orthogonal,support_complete,298,400,0.45,0.002,1
hidden_orthogonal,support_complete,299,400,0.45,0.002,1
hidden_orthogonal,support_complete,300,400,0.45,0.002,1
hidden_orthogonal,support_complete,301,400,0.45,0.002,1
hidden_orthogonal,support_complete,302,400,0.45,0.002,1
hidden_orthogonal,support_complete,303,400,0.45,0.002,1
hidden_orthogonal,support_complete,304,400,0.45,0.002,1
hidden_orthogonal,support_complete,305,400,0.45,0.002,1
hidden_orthogonal,support_complete,306,400,0.45,0.002,1
hidden_orthogonal,support_complete,307,400,0.45,0.002,1
hidden_orthogonal,support_complete,308,400,0.45,0.002,1
hidden_orthogonal,support_complete,309,400,0.45,0.002,1
hidden_orthogonal,support_complete,310,400,0.45,0.002,1
hidden_orthogonal,support_complete,311,400,0.45,0.002,1
hidden_orthogonal,support_complete,312,400,0.45,0.002,1
hidden_orthogonal,support_complete,313,400,0.45,0.002,1
hidden_orthogonal,support_complete,314,400,0.45,0.002,1
hidden_orthogonal,support_complete,315,400,0.45,0.002,1
hidden_orthogonal,support_complete,316,400,0.45,0.002,1
hidden_orthogonal,support_complete,317,400,0.45,0.002,1
hidden_orthogonal,support_complete,318,400,0.45,0.002,1
hidden_orthogonal,support_complete,319,400,0.45,0.002,1
hidden_orthogonal,support_complete,320,400,0.45,0.002,1
hidden_orthogonal,support_complete,321,400,0.45,0.002,1
hidden_orthogonal,support_complete,322,400,0.45,0.002,1
hidden_orthogonal,support_complete,323,400,0.45,0.002,1
hidden_orthogonal,support_complete,324,400,0.45,0.002,1
hidden_orthogonal,support_complete,325,400,0.45,0.002,1
hidden_orthogonal,support_complete,326,400,0.45,0.002,1
hidden_orthogonal,support_complete,327,400,0.45,0.002,1
hidden_orthogonal,support_complete,328,400,0.45,0.002,1
hidden_orthogonal,support_complete,329,400,0.45,0.002,1
hidden_orthogonal,support_complete,330,400,0.45,0.002,1
hidden_orthogonal,support_complete,331,400,0.45,0.002,1
hidden_orthogonal,support_complete,332,400,0.45,0.002,1
hidden_orthogonal,support_complete,333,400,0.45,0.002,1
hidden_orthogonal,support_complete,334,400,0.45,0.002,1
hidden_orthogonal,support_complete,335,400,0.45,0.002,1
hidden_orthogonal,support_complete,336,400,0.45,0.002,1
hidden_orthogonal,support_complete,337,400,0.45,0.002,1
hidden_orthogonal,support_complete,338,400,0.45,0.002,1
hidden_orthogonal,support_complete,339,400,0.45,0.002,1
hidden_orthogonal,support_complete,340,400,0.45,0.002,1
hidden_orthogonal,support_complete,341,400,0.45,0.002,1
hidden_orthogonal,support_complete,342,400,0.45,0.002,1
hidden_orthogonal,support_complete,343,400,0.45,0.002,1
hidden_orthogonal,support_complete,344,400,0.45,0.002,1
hidden_orthogonal,support_complete,345,400,0.45,0.002,1
hidden_orthogonal,support_complete,346,400,0.45,0.002,1
hidden_orthogonal,support_complete,347,400,0.45,0.002,1
hidden_orthogonal,support_complete,348,400,0.45,0.002,1
hidden_orthogonal,support_complete,349,400,0.45,0.002,1
hidden_orthogonal,support_complete,350,400,0.45,0.002,1
hidden_orthogonal,support_complete,351,400,0.45,0.002,1
hidden_orthogonal,support_complete,352,400,0.45,0.002,1
hidden_orthogonal,support_complete,353,400,0.45,0.002,1
hidden_orthogonal,support_complete,354,400,0.45,0.002,1
hidden_orthogonal,support_complete,355,400,0.45,0.002,1
hidden_orthogonal,support_complete,356,400,0.45,0.002,1
hidden_orthogonal,support_complete,357,400,0.45,0.002,1
hidden_orthogonal,support_complete,358,400,0.45,0.002,1
hidden_orthogonal,support_complete,359,400,0.45,0.002,1
hidden_orthogonal,support_complete,360,400,0.45,0.002,1
hidden_orthogonal,support_complete,361,400,0.45,0.002,1
hidden_orthogonal,support_complete,362,400,0.45,0.002,1
hidden_orthogonal,support_complete,363,400,0.45,0.002,1
hidden_orthogonal,support_complete,364,400,0.45,0.002,1
hidden_orthogonal,support_complete,365,400,0.45,0.002,1
hidden_orthogonal,support_complete,366,400,0.45,0.002,1
hidden_orthogonal,support_complete,367,400,0.45,0.002,1
hidden_orthogonal,support_complete,368,400,0.45,0.002,1
hidden_orthogonal,support_complete,369,400,0.45,0.002,1
hidden_orthogonal,support_complete,370,400,0.45,0.002,1
hidden_orthogonal,support_complete,371,400,0.45,0.002,1
hidden_orthogonal,support_complete,372,400,0.45,0.002,1
hidden_orthogonal,support_complete,373,400,0.45,0.002,1
hidden_orthogonal,support_complete,374,400,0.45,0.002,1
hidden_orthogonal,support_complete,375,400,0.45,0.002,1
hidden_orthogonal,support_complete,376,400,0.45,0.002,1
hidden_orthogonal,support_complete,377,400,0.45,0.002,1
hidden_orthogonal,support_complete,378,400,0.45,0.002,1
hidden_orthogonal,support_complete,379,400,0.45,0.002,1
hidden_orthogonal,support_complete,380,400,0.45,0.002,1
hidden_orthogonal,support_complete,381,400,0.45,0.002,1
hidden_orthogonal,support_complete,382,400,0.45,0.002,1
hidden_orthogonal,support_complete,383,400,0.45,0.002,1
hidden_orthogonal,support_complete,384,400,0.45,0.002,1
hidden_orthogonal,support_complete,385,400,0.45,0.002,1
hidden_orthogonal,support_complete,386,400,0.45,0.002,1
hidden_orthogonal,support_complete,387,400,0.45,0.002,1
hidden_orthogonal,support_complete,388,400,0.45,0.002,1
hidden_orthogonal,support_complete,389,400,0.45,0.002,1
hidden_orthogonal,support_complete,390,400,0.45,0.002,1
hidden_orthogonal,support_complete,391,400,0.45,0.002,1
hidden_orthogonal,support_complete,392,400,0.45,0.002,1
hidden_orthogonal,support_complete,393,400,0.45,0.002,1
hidden_orthogonal,support_complete,394,400,0.45,0.002,1
hidden_orthogonal,support_complete,395,400,0.45,0.002,1
hidden_orthogonal,support_complete,396,400,0.45,0.002,1
hidden_orthogonal,support_complete,397,400,0.45,0.002,1
hidden_orthogonal,support_complete,398,400,0.45,0.002,1
hidden_orthogonal,support_complete,399,400,0.45,0.002,1
hidden_orthogonal,support_complete,400,400,0.45,0.002,1
hidden_orthogonal,support_complete,401,400,0.45,0.002,1
hidden_orthogonal,support_complete,402,400,0.45,0.002,1
hidden_orthogonal,support_complete,403,400,0.45,0.002,1
hidden_orthogonal,support_complete,404,400,0.45,0.002,1
hidden_orthogonal,support_complete,405,400,0.45,0.002,1
hidden_orthogonal,support_complete,406,400,0.45,0.002,1
hidden_orthogonal,support_complete,407,400,0.45,0.002,1
hidden_orthogonal,support_complete,408,400,0.45,0.002,1
hidden_orthogonal,support_complete,409,400,0.45,0.002,1
hidden_orthogonal,support_complete,410,400,0.45,0.002,1
hidden_orthogonal,support_complete,411,400,0.45,0.002,1
hidden_orthogonal,support_complete,412,400,0.45,0.002,1
hidden_orthogonal,support_complete,413,400,0.45,0.002,1
hidden_orthogonal,support_complete,414,400,0.45,0.002,1
hidden_orthogonal,support_complete,415,400,0.45,0.002,1
hidden_orthogonal,support_complete,416,400,0.45,0.002,1
hidden_orthogonal,support_complete,417,400,0.45,0.002,1
hidden_orthogonal,support_complete,418,400,0.45,0.002,1
hidden_orthogonal,support_complete,419,400,0.45,0.002,1
hidden_orthogonal,support_complete,420,400,0.45,0.002,1
hidden_orthogonal,support_complete,421,400,0.45,0.002,1
hidden_orthogonal,support_complete,422,400,0.45,0.002,1
hidden_orthogonal,support_complete,423,400,0.45,0.002,1
hidden_orthogonal,support_complete,424,400,0.45,0.002,1
hidden_orthogonal,support_complete,425,400,0.45,0.002,1
hidden_orthogonal,support_complete,426,400,0.45,0.002,1
hidden_orthogonal,support_complete,427,400,0.45,0.002,1
hidden_orthogonal,support_complete,428,400,0.45,0.002,1
hidden_orthogonal,support_complete,429,400,0.45,0.002,1
hidden_orthogonal,support_complete,430,400,0.45,0.002,1
hidden_orthogonal,support_complete,431,400,0.45,0.002,1
hidden_orthogonal,support_complete,432,400,0.45,0.002,1
hidden_orthogonal,support_complete,433,400,0.45,0.002,1
hidden_orthogonal,support_complete,434,400,0.45,0.002,1
hidden_orthogonal,support_complete,435,400,0.45,0.002,1
hidden_orthogonal,support_complete,436,400,0.45,0.002,1
hidden_orthogonal,support_complete,437,400,0.45,0.002,1
hidden_orthogonal,support_complete,438,400,0.45,0.002,1
hidden_orthogonal,support_complete,439,400,0.45,0.002,1
hidden_orthogonal,support_complete,440,400,0.45,0.002,1
hidden_orthogonal,support_complete,441,400,0.45,0.002,1
hidden_orthogonal,support_complete,442,400,0.45,0.002,1
hidden_orthogonal,support_complete,443,400,0.45,0.002,1
hidden_orthogonal,support_complete,444,400,0.45,0.002,1
hidden_orthogonal,support_complete,445,400,0.45,0.002,1
hidden_orthogonal,support_complete,446,400,0.45,0.002,1
hidden_orthogonal,support_complete,447,400,0.45,0.002,1
hidden_orthogonal,support_complete,448,400,0.45,0.002,1
hidden_orthogonal,support_complete,449,400,0.45,0.002,1
hidden_orthogonal,support_complete,450,400,0.45,0.002,1
hidden_orthogonal,support_complete,451,400,0.45,0.002,1
hidden_orthogonal,support_complete,452,400,0.45,0.002,1
hidden_orthogonal,support_complete,453,400,0.45,0.002,1
hidden_orthogonal,support_complete,454,400,0.45,0.002,1
hidden_orthogonal,support_complete,455,400,0.45,0.002,1
hidden_orthogonal,support_complete,456,400,0.45,0.002,1
hidden_orthogonal,support_complete,457,400,0.45,0.002,1
hidden_orthogonal,support_complete,458,400,0.45,0.002,1
hidden_orthogonal,support_complete,459,400,0.45,0.002,1
hidden_orthogonal,support_complete,460,400,0.45,0.002,1
hidden_orthogonal,support_complete,461,400,0.45,0.002,1
hidden_orthogonal,support_complete,462,400,0.45,0.002,1
hidden_orthogonal,support_complete,463,400,0.45,0.002,1
hidden_orthogonal,support_complete,464,400,0.45,0.002,1
hidden_orthogonal,support_complete,465,400,0.45,0.002,1
hidden_orthogonal,support_complete,466,400,0.45,0.002,1
hidden_orthogonal,support_complete,467,400,0.45,0.002,1
hidden_orthogonal,support_complete,468,400,0.45,0.002,1
hidden_orthogonal,support_complete,469,400,0.45,0.002,1
hidden_orthogonal,support_complete,470,400,0.45,0.002,1
hidden_orthogonal,support_complete,471,400,0.45,0.002,1
hidden_orthogonal,support_complete,472,400,0.45,0.002,1
hidden_orthogonal,support_complete,473,400,0.45,0.002,1
hidden_orthogonal,support_complete,474,400,0.45,0.002,1
hidden_orthogonal,support_complete,475,400,0.45,0.002,1
hidden_orthogonal,support_complete,476,400,0.45,0.002,1
hidden_orthogonal,support_complete,477,400,0.45,0.002,1
hidden_orthogonal,support_complete,478,400,0.45,0.002,1
hidden_orthogonal,support_complete,479,400,0.45,0.002,1
hidden_orthogonal,support_complete,480,400,0.45,0.002,1
hidden_orthogonal,support_complete,481,400,0.45,0.002,1
hidden_orthogonal,support_complete,482,400,0.45,0.002,1
hidden_orthogonal,support_complete,483,400,0.45,0.002,1
hidden_orthogonal,support_complete,484,400,0.45,0.002,1
hidden_orthogonal,support_complete,485,400,0.45,0.002,1
hidden_orthogonal,support_complete,486,400,0.45,0.002,1
hidden_orthogonal,support_complete,487,400,0.45,0.002,1
hidden_orthogonal,support_complete,488,400,0.45,0.002,1
hidden_orthogonal,support_complete,489,400,0.45,0.002,1
hidden_orthogonal,support_complete,490,400,0.45,0.002,1
hidden_orthogonal,support_complete,491,400,0.45,0.002,1
hidden_orthogonal,support_complete,492,400,0.45,0.002,1
hidden_orthogonal,support_complete,493,400,0.45,0.002,1
hidden_orthogonal,support_complete,494,400,0.45,0.002,1
hidden_orthogonal,support_complete,495,400,0.45,0.002,1
hidden_orthogonal,support_complete,496,400,0.45,0.002,1
hidden_orthogonal,support_complete,497,400,0.45,0.002,1
hidden_orthogonal,support_complete,498,400,0.45,0.002,1
hidden_orthogonal,support_complete,499,400,0.45,0.002,1
