condition,replication,model,accuracy,logloss,brier,share_rmse,decision_regret,selected_terms
additive,0,MNL,0.521875,0.9534519232779345,0.5766366800328202,0.027683181982855354,0.012213487335253289,base
additive,0,Structured_MNL,0.5239583333333333,0.9460604497120196,0.571954426250601,0.015663786175244866,0.006237763355797219,base+all_candidates
additive,0,ML_assisted_spec,0.5208333333333334,0.9520721545542462,0.5760374404878418,0.022789093152102983,0.010843425598971708,base+quality_sq+quality_support
additive,1,MNL,0.5666666666666667,0.9113631836864219,0.5449628455350778,0.024343089445138653,0.010988564018141545,base
additive,1,Structured_MNL,0.56875,0.9109685329058659,0.5443977431933665,0.014821035847959489,0.0073292631550041345,base+all_candidates
additive,1,ML_assisted_spec,0.571875,0.9087248121831936,0.5430295446897209,0.01615867367350891,0.00660672889855789,base+price_sq
additive,2,MNL,0.51875,0.9549682968518584,0.5754379608213356,0.0487293702361841,0.013707545427941089,base
additive,2,Structured_MNL,0.5260416666666666,0.9499215807457678,0.5713651949608847,0.038052563745866276,0.007547049150588767,base+all_candidates
additive,2,ML_assisted_spec,0.51875,0.9549682968518584,0.5754379608213356,0.0487293702361841,0.013707545427941089,base
additive,3,MNL,0.55625,0.9308801755555751,0.5584687027709828,0.02554683444732765,0.008420179053655398,base
additive,3,Structured_MNL,0.5572916666666666,0.9269066932237323,0.5553908445923128,0.019799166987310945,0.007488570370257218,base+all_candidates
additive,3,ML_assisted_spec,0.5552083333333333,0.9270868708080563,0.5555245738576169,0.01951614531469011,0.0071121474766270626,base+price_sq+price_hinge+quality_support+price_income
additive,4,MNL,0.5447916666666667,0.9435981519363188,0.5669412079721076,0.028214294093149093,0.010355510988033004,base
additive,4,Structured_MNL,0.5479166666666667,0.9412485256759234,0.5652464052819748,0.021703594051856574,0.005970538843354183,base+all_candidates
additive,4,ML_assisted_spec,0.5364583333333334,0.9409563616946772,0.564991415154947,0.023186232201142288,0.006320609576637743,base+price_hinge+quality_support+evidence_digital
additive,5,MNL,0.5322916666666667,0.9378302519329488,0.5642327736992837,0.028173045799616863,0.010796704039066785,base
additive,5,Structured_MNL,0.5302083333333333,0.935002389809095,0.5626985661796441,0.015444894194443079,0.005695118684489623,base+all_candidates
additive,5,ML_assisted_spec,0.5354166666666667,0.9359798257609928,0.5634870569510866,0.015272628258546543,0.006713610423186364,base+quality_sq+price_sq+evidence_digital
additive,6,MNL,0.5197916666666667,0.9612953488099053,0.5784191303149167,0.03904951476756229,0.010944436484454053,base
additive,6,Structured_MNL,0.528125,0.9589166680255374,0.576165829320619,0.02794798872131838,0.006011687563200946,base+all_candidates
additive,6,ML_assisted_spec,0.5270833333333333,0.9589307716136053,0.5763652833235343,0.03087368613141119,0.007358767779032717,base+quality_sq+price_hinge+quality_support+evidence_digital
additive,7,MNL,0.5416666666666666,0.9393412067582572,0.5643458461083024,0.018058643719181425,0.010872988489362112,base
additive,7,Structured_MNL,0.553125,0.9386722147954295,0.5633966766577158,0.011412563203730509,0.0073486903804336375,base+all_candidates
additive,7,ML_assisted_spec,0.54375,0.9412983331012477,0.5652842154938814,0.017233448242414722,0.01144322510840501,base+quality_sq+price_income
additive,8,MNL,0.5208333333333334,0.9717073401029199,0.5851332865525727,0.020439715723662787,0.012156503688698254,base
additive,8,Structured_MNL,0.534375,0.9721297746557157,0.5842631695562595,0.009406455224162774,0.007581226206987338,base+all_candidates
additive,8,ML_assisted_spec,0.5270833333333333,0.971545355616991,0.5838756336013314,0.010006053343490931,0.0073881548721629366,base+quality_sq+price_sq+evidence_digital
additive,9,MNL,0.5427083333333333,0.9244912480951866,0.5584554169010147,0.018720126986214926,0.010957517623299162,base
additive,9,Structured_MNL,0.546875,0.9180169066645453,0.5548007697810022,0.009609134586966371,0.007926958311250825,base+all_candidates
additive,9,ML_assisted_spec,0.54375,0.9193427627417096,0.5562877576213993,0.009892090613437066,0.00819338866876192,base+price_sq
additive,10,MNL,0.5291666666666667,0.9389767432440477,0.5674343862880303,0.02542883667459119,0.011186903263757014,base
additive,10,Structured_MNL,0.5395833333333333,0.9343176600904414,0.5643679380031583,0.01852414996745653,0.0056062982661152765,base+all_candidates
additive,10,ML_assisted_spec,0.54375,0.9355755952256725,0.5655386779849453,0.018902600975879653,0.0067528725368576625,base+price_sq+price_hinge
additive,11,MNL,0.5208333333333334,0.9604667052027672,0.5768246446572848,0.00410041821636188,0.00975018412610531,base
additive,11,Structured_MNL,0.51875,0.9629623091139687,0.5798571011268611,0.007496264699347851,0.005861740102917832,base+all_candidates
additive,11,ML_assisted_spec,0.5166666666666667,0.9619388770746764,0.5792655199883213,0.0060120564557325055,0.007380914896186458,base+price_sq
additive,12,MNL,0.553125,0.9270008068189775,0.5553877847313752,0.020360611046046567,0.008900409478696332,base
additive,12,Structured_MNL,0.5645833333333333,0.9258764176945272,0.5539996543882507,0.013403381897067091,0.007504989055149285,base+all_candidates
additive,12,ML_assisted_spec,0.5677083333333334,0.9255260691386048,0.55392041643602,0.012484352303106835,0.007556979352940208,base+price_sq+quality_support
additive,13,MNL,0.515625,0.9605366996804314,0.5822410438004051,0.023249244223293046,0.009396886861691477,base
additive,13,Structured_MNL,0.515625,0.9552912778244885,0.5795304416765642,0.014554125029433467,0.004265066715141761,base+all_candidates
additive,13,ML_assisted_spec,0.521875,0.9594008541271289,0.5816267742824516,0.02347575673528068,0.008616910885083895,base+evidence_digital+price_income
additive,14,MNL,0.5364583333333334,0.9350996078700224,0.5638770105930617,0.0060774062075961,0.010423106086042978,base
additive,14,Structured_MNL,0.5322916666666667,0.9354213152294153,0.5638604081352071,0.0064018458787908385,0.008965482030488829,base+all_candidates
additive,14,ML_assisted_spec,0.5322916666666667,0.9352013219131584,0.5638556932657479,0.0058420599657108795,0.009347751159209909,base+price_hinge+evidence_digital+price_income
additive,15,MNL,0.515625,0.9555762030066842,0.578089930330625,0.012644464333558668,0.0075872862067326,base
additive,15,Structured_MNL,0.5114583333333333,0.9578765474511372,0.5770904512399629,0.002664479911743706,0.005659866405570683,base+all_candidates
additive,15,ML_assisted_spec,0.515625,0.9580613398892555,0.5775736668044386,0.0042165027521645845,0.004750205295425445,base+price_sq+quality_support+price_income
additive,16,MNL,0.509375,0.9801331721291007,0.59449045717737,0.024300540979378612,0.010858218149138116,base
additive,16,Structured_MNL,0.515625,0.9766649170876011,0.5922980581521354,0.017158261270620444,0.00699956145350847,base+all_candidates
additive,16,ML_assisted_spec,0.5135416666666667,0.9790554049801442,0.5937848294743748,0.017079323657692123,0.007230015993239636,base+price_sq+evidence_digital
additive,17,MNL,0.5395833333333333,0.9429318140462863,0.5675949974992565,0.01367810080638364,0.009632544248203454,base
additive,17,Structured_MNL,0.5427083333333333,0.9448212540117205,0.5682711723826425,0.0047575367227704534,0.006926244076830419,base+all_candidates
additive,17,ML_assisted_spec,0.5447916666666667,0.9445797527386525,0.568331013652296,0.005140874137100716,0.007815482320325893,base+price_sq+quality_support
additive,18,MNL,0.5479166666666667,0.9469081877106155,0.5711564970435294,0.012665745539902521,0.012641186831464707,base
additive,18,Structured_MNL,0.5291666666666667,0.9471728847867316,0.5711006654992465,0.008814049933700262,0.006886690206105108,base+all_candidates
additive,18,ML_assisted_spec,0.5322916666666667,0.9475804749504622,0.5711637001626649,0.008728806800456032,0.007918938919932662,base+price_sq+price_hinge+quality_support
additive,19,MNL,0.5375,0.9632996471473189,0.5777358027638673,0.024641612685125408,0.01228247627923521,base
additive,19,Structured_MNL,0.540625,0.9599071820160758,0.5765330326002484,0.013983080004874235,0.008029925985926565,base+all_candidates
additive,19,ML_assisted_spec,0.5416666666666666,0.9600423660168729,0.5766633412619614,0.014171251856232824,0.00813104905684539,base+quality_sq+price_sq+quality_support+evidence_digital
additive,20,MNL,0.5375,0.950531416446507,0.5719682298095738,0.031742662881758144,0.01139674546753684,base
additive,20,Structured_MNL,0.5510416666666667,0.9463517419162589,0.5700843423957819,0.02296817284223212,0.00742568292716389,base+all_candidates
additive,20,ML_assisted_spec,0.553125,0.9462446634909802,0.5699456805253538,0.023246462737663454,0.007558286467341877,base+quality_sq+price_sq
additive,21,MNL,0.5520833333333334,0.9298992288700582,0.561775074342151,0.023804415639359852,0.011013553434850146,base
additive,21,Structured_MNL,0.5552083333333333,0.9266295497429666,0.5595404636271976,0.015668853109122277,0.006072899402403917,base+all_candidates
additive,21,ML_assisted_spec,0.55625,0.9265480696389782,0.5595221861121813,0.015807291369636305,0.00607827696619261,base+quality_sq+price_sq+quality_support+price_income
additive,22,MNL,0.5291666666666667,0.930558024169063,0.5605219342182857,0.02097165159381209,0.010448615367984849,base
additive,22,Structured_MNL,0.5322916666666667,0.9312499723878993,0.5601283107816244,0.010351638256864585,0.00916837198847159,base+all_candidates
additive,22,ML_assisted_spec,0.5291666666666667,0.930558024169063,0.5605219342182857,0.02097165159381209,0.010448615367984849,base
additive,23,MNL,0.5427083333333333,0.9357429822106267,0.5661384985198873,0.03097399035694269,0.010768345172662569,base
additive,23,Structured_MNL,0.5395833333333333,0.9328130586137401,0.5646886637040845,0.019131344602293,0.005442513868310266,base+all_candidates
additive,23,ML_assisted_spec,0.540625,0.9326310770008198,0.5643913343745705,0.01885127041656966,0.006025451081817577,base+quality_sq+price_sq+price_hinge
additive,24,MNL,0.5375,0.940754230064491,0.5696468026414723,0.015523704108004938,0.00843191826324561,base
additive,24,Structured_MNL,0.534375,0.9443551303262157,0.5721816502659803,0.018703164462475476,0.005692910162073747,base+all_candidates
additive,24,ML_assisted_spec,0.5333333333333333,0.942935499842379,0.571443272153392,0.01740212569401868,0.005008443803170002,base+price_sq+price_income
additive,25,MNL,0.5729166666666666,0.9268989220609716,0.5543922801647235,0.01078366367960692,0.010183277618987196,base
additive,25,Structured_MNL,0.5625,0.9269316369349991,0.5552025288375131,0.01942242487305476,0.007552389922867999,base+all_candidates
additive,25,ML_assisted_spec,0.5666666666666667,0.926584161032362,0.5545655202175462,0.015711366346174628,0.007463974096258538,base+price_hinge+quality_support
additive,26,MNL,0.559375,0.9318908011336638,0.5600178292961826,0.026287201766788164,0.011109971874247736,base
additive,26,Structured_MNL,0.5645833333333333,0.9311047328267268,0.5592725409736149,0.01782163893397603,0.007423631980676328,base+all_candidates
additive,26,ML_assisted_spec,0.5666666666666667,0.9304107469318785,0.5585844180244525,0.01789559899401657,0.005330658142569544,base+quality_sq+price_sq+evidence_digital+price_income
additive,27,MNL,0.525,0.9664434393478859,0.5824485840436056,0.024243725293376858,0.008708422175205106,base
additive,27,Structured_MNL,0.5197916666666667,0.9658916287790517,0.5829711845427816,0.0139468895658879,0.004902939018052795,base+all_candidates
additive,27,ML_assisted_spec,0.525,0.96508216510569,0.5816104284313759,0.021418101309373976,0.007662051374603033,base+quality_sq
additive,28,MNL,0.5541666666666667,0.9339657881423399,0.5630870926238994,0.022666598441855642,0.010114608505163287,base
additive,28,Structured_MNL,0.5520833333333334,0.9317310849307623,0.5610145427203501,0.017159080956244674,0.006218463452762161,base+all_candidates
additive,28,ML_assisted_spec,0.54375,0.9311265493297977,0.560665800612126,0.01854225993167546,0.006678096733327956,base+quality_sq+price_hinge+price_income
additive,29,MNL,0.5604166666666667,0.927927022121667,0.5583537648884674,0.008364937215238228,0.011398360300279194,base
additive,29,Structured_MNL,0.5614583333333333,0.9289605218956013,0.5592332613783051,0.007678205477526077,0.00768664257436816,base+all_candidates
additive,29,ML_assisted_spec,0.5604166666666667,0.9305638289795646,0.5597849529146508,0.006644941232311814,0.01041790020524356,base+quality_sq+quality_support+price_income
nonlinear,0,MNL,0.5208333333333334,0.9858579400290833,0.5892887867938003,0.07314638162739437,0.171184395426939,base
nonlinear,0,Structured_MNL,0.5833333333333334,0.864577864792522,0.5206586531919309,0.022489894111394973,0.0075179267261324305,base+all_candidates
nonlinear,0,ML_assisted_spec,0.5854166666666667,0.8645365733304302,0.5207233798137734,0.022995820255852884,0.005322220817120903,base+quality_sq+price_sq+price_income
nonlinear,1,MNL,0.5135416666666667,0.980605441931982,0.5889484075174736,0.07394108769170314,0.15103575082691129,base
nonlinear,1,Structured_MNL,0.5895833333333333,0.8555209613960083,0.5148097986216587,0.027345233988392424,0.006617275031070948,base+all_candidates
nonlinear,1,ML_assisted_spec,0.59375,0.85460720692933,0.5140920086462274,0.027031027351893357,0.004715168049363412,base+quality_sq+price_sq+price_hinge+evidence_digital+price_income
nonlinear,2,MNL,0.5458333333333333,0.9391412258715874,0.5656004496821073,0.04854323932183518,0.13690767907423232,base
nonlinear,2,Structured_MNL,0.5916666666666667,0.8442881668919334,0.5059141117770072,0.004004550672560907,0.005919830159009649,base+all_candidates
nonlinear,2,ML_assisted_spec,0.590625,0.8440266753659134,0.5057383825335238,0.00421192001172661,0.006479913888865829,base+quality_sq+price_sq
nonlinear,3,MNL,0.5635416666666667,0.9360408833418601,0.5527034099096518,0.06072554531077853,0.1438189093203509,base
nonlinear,3,Structured_MNL,0.6208333333333333,0.8167425283398373,0.48648251596609265,0.017551318447612214,0.006385624807547069,base+all_candidates
nonlinear,3,ML_assisted_spec,0.628125,0.8184428054236595,0.48803660881866084,0.02190296801589352,0.010449026788121834,base+quality_sq+price_hinge
nonlinear,4,MNL,0.5177083333333333,0.976851493289892,0.5888487077720227,0.061245250563307325,0.1946374925616342,base
nonlinear,4,Structured_MNL,0.5916666666666667,0.8467911231128726,0.5102580554002434,0.012278376240017663,0.007413511509842064,base+all_candidates
nonlinear,4,ML_assisted_spec,0.5927083333333333,0.8467504135486006,0.510248690145731,0.012274398501622924,0.006790209090069976,base+quality_sq+price_sq+price_hinge+evidence_digital+price_income
nonlinear,5,MNL,0.5635416666666667,0.9322279670242882,0.5604184441624116,0.057202301549658933,0.1651177274008764,base
nonlinear,5,Structured_MNL,0.6322916666666667,0.797481899367451,0.47953171813009093,0.010310402922460372,0.005986659414953945,base+all_candidates
nonlinear,5,ML_assisted_spec,0.6333333333333333,0.7972659183069167,0.4795736758587392,0.010874089441565862,0.006650403044339175,base+quality_sq+price_sq
nonlinear,6,MNL,0.5395833333333333,0.9718862466105092,0.5800882020770471,0.06180044767650059,0.15939388889569492,base
nonlinear,6,Structured_MNL,0.615625,0.8400272804916042,0.5034685915859005,0.0181027639575015,0.007758213017485945,base+all_candidates
nonlinear,6,ML_assisted_spec,0.6166666666666667,0.8392792772208307,0.5030375171344691,0.017918223582148653,0.007192206015441784,base+quality_sq+price_sq+price_hinge+price_income
nonlinear,7,MNL,0.5583333333333333,0.954097696068548,0.5723061406324418,0.06759051144482513,0.15625701002388812,base
nonlinear,7,Structured_MNL,0.5947916666666667,0.8614694216377691,0.5164021748787577,0.017650083741015492,0.005066509272462262,base+all_candidates
nonlinear,7,ML_assisted_spec,0.59375,0.8608755045058126,0.5163767092571978,0.02174854243530967,0.007695080312826713,base+quality_sq+price_hinge+price_income
nonlinear,8,MNL,0.5552083333333333,0.945544912175297,0.5699023332352259,0.06171988289043039,0.15241198989434404,base
nonlinear,8,Structured_MNL,0.5729166666666666,0.8672929631340274,0.5249061600226205,0.012148726154965426,0.006004951332905809,base+all_candidates
nonlinear,8,ML_assisted_spec,0.578125,0.8673712948055188,0.5249574764565345,0.012590409826033551,0.00532196954825557,base+quality_sq+price_sq+price_income
nonlinear,9,MNL,0.5645833333333333,0.9221099684526979,0.5541300265479012,0.05979020765155463,0.14716447901168575,base
nonlinear,9,Structured_MNL,0.625,0.8111428488021334,0.4857177748762906,0.015995419164819426,0.005224808271742254,base+all_candidates
nonlinear,9,ML_assisted_spec,0.6229166666666667,0.8114092037505426,0.4857947223973205,0.016700661956403347,0.004835101455864283,base+quality_sq+price_sq+price_income
nonlinear,10,MNL,0.5583333333333333,0.9363152985292363,0.5598961030092534,0.04157427331099866,0.14027880028734552,base
nonlinear,10,Structured_MNL,0.596875,0.8335675742359746,0.5025473914395439,0.006662390936680654,0.003698114636814046,base+all_candidates
nonlinear,10,ML_assisted_spec,0.6,0.8334801639445109,0.5025444285897206,0.005951024706897277,0.0037653761942980555,base+quality_sq+price_sq+evidence_digital+price_income
nonlinear,11,MNL,0.5666666666666667,0.9431213263210639,0.5635038376497602,0.0648437392420283,0.16086612381390047,base
nonlinear,11,Structured_MNL,0.6239583333333333,0.8282616782065275,0.49384319989366726,0.012672104148320214,0.006728039795832586,base+all_candidates
nonlinear,11,ML_assisted_spec,0.6239583333333333,0.8283188238279138,0.4938914563905443,0.012656433862953747,0.006502335447824994,base+quality_sq+price_sq+price_hinge+evidence_digital+price_income
nonlinear,12,MNL,0.5416666666666666,0.9615245001640945,0.5732623061562551,0.07019493511982802,0.16323819474593915,base
nonlinear,12,Structured_MNL,0.6052083333333333,0.8371500440279795,0.499815080865986,0.02631481884948214,0.00940684554238264,base+all_candidates
nonlinear,12,ML_assisted_spec,0.603125,0.8371550656346062,0.4999317320559876,0.02690705702678857,0.010521569773639964,base+quality_sq+price_sq+evidence_digital+price_income
nonlinear,13,MNL,0.559375,0.9370408274009401,0.5555799597432339,0.04474317125535178,0.19875775982846847,base
nonlinear,13,Structured_MNL,0.6354166666666666,0.8177364049540595,0.48492987169322804,0.01546385484239912,0.0054875803288313,base+all_candidates
nonlinear,13,ML_assisted_spec,0.63125,0.8180019212227985,0.48516694162248725,0.01524296514784862,0.005993769043254143,base+quality_sq+price_sq+quality_support
nonlinear,14,MNL,0.5229166666666667,0.9898122651003544,0.5915195555990582,0.07701014119335464,0.13290687707325027,base
nonlinear,14,Structured_MNL,0.571875,0.8762207845649664,0.5260752195535991,0.03351897812931626,0.005224011372509526,base+all_candidates
nonlinear,14,ML_assisted_spec,0.5729166666666666,0.8762392383822786,0.5261519194313415,0.03353840387536991,0.004969245163515317,base+quality_sq+price_sq+price_hinge+evidence_digital+price_income
nonlinear,15,MNL,0.5552083333333333,0.9339178011395667,0.5595903544132454,0.043764257637720405,0.16992487628694236,base
nonlinear,15,Structured_MNL,0.625,0.8181796154680188,0.49260809362869445,0.0021665639882954006,0.004981908116391706,base+all_candidates
nonlinear,15,ML_assisted_spec,0.6239583333333333,0.8178347466358855,0.49241298132653744,0.0015706498002218314,0.005270781786005281,base+quality_sq+price_sq+quality_support+price_income
nonlinear,16,MNL,0.5458333333333333,0.955261281630298,0.5722209145362704,0.06558944968407521,0.14856249425827434,base
nonlinear,16,Structured_MNL,0.6,0.831165644869971,0.5013520572783117,0.016866810916917482,0.0039487877050970515,base+all_candidates
nonlinear,16,ML_assisted_spec,0.6010416666666667,0.8312126812952696,0.5013975350003547,0.017163051076860936,0.00400368917393359,base+quality_sq+price_sq+evidence_digital+price_income
nonlinear,17,MNL,0.575,0.9332855502842666,0.555311150319532,0.06239757135382835,0.13849344675049088,base
nonlinear,17,Structured_MNL,0.6364583333333333,0.7945496199019112,0.4762861885577304,0.008742458591783553,0.006360349571307809,base+all_candidates
nonlinear,17,ML_assisted_spec,0.63125,0.7950729894927467,0.47661102110141634,0.00908958192641363,0.006417929157926743,base+quality_sq+price_sq+price_hinge+price_income
nonlinear,18,MNL,0.54375,0.9564709712630375,0.5704508723186075,0.04003578514473944,0.15347914390486983,base
nonlinear,18,Structured_MNL,0.5979166666666667,0.8634192832467278,0.5172936585456452,0.015866909642118957,0.006543660186745415,base+all_candidates
nonlinear,18,ML_assisted_spec,0.5916666666666667,0.8635801750725494,0.5172500017760729,0.015585037578623662,0.005615883967750687,base+quality_sq+price_sq+price_income
nonlinear,19,MNL,0.5770833333333333,0.917149138283298,0.5447614491994538,0.04407459930061948,0.17740719412652986,base
nonlinear,19,Structured_MNL,0.6364583333333333,0.8101045079352374,0.4828742033747292,0.009612730119042501,0.00801411311923922,base+all_candidates
nonlinear,19,ML_assisted_spec,0.6333333333333333,0.8096661517271999,0.4826090938693639,0.009907998296765006,0.006983563468446335,base+quality_sq+price_sq+price_hinge+price_income
nonlinear,20,MNL,0.5572916666666666,0.941894206175716,0.5629018848942439,0.05899958716764085,0.1528501812811939,base
nonlinear,20,Structured_MNL,0.603125,0.8150904968632718,0.4925761983579323,0.01635060455878879,0.005993195082988669,base+all_candidates
nonlinear,20,ML_assisted_spec,0.6010416666666667,0.8152784923618663,0.49283486128824117,0.016714171031101822,0.006339009609458044,base+quality_sq+price_sq+price_hinge+evidence_digital
nonlinear,21,MNL,0.5489583333333333,0.9314067914021753,0.5591676896677327,0.04597534970926767,0.14622271282342952,base
nonlinear,21,Structured_MNL,0.6125,0.8288094140842251,0.49854220374689884,0.015465964519519176,0.004045774254912738,base+all_candidates
nonlinear,21,ML_assisted_spec,0.5989583333333334,0.8342047242307157,0.5009531776376732,0.016030056582715908,0.008833205900578647,base+quality_sq+price_hinge
nonlinear,22,MNL,0.578125,0.9373974852557871,0.5545702307108651,0.055250635709929906,0.13905798057332966,base
nonlinear,22,Structured_MNL,0.634375,0.8177624282501715,0.48608196303610923,0.01692701448266126,0.003693481311660673,base+all_candidates
nonlinear,22,ML_assisted_spec,0.634375,0.8184411732825212,0.48641793688958096,0.01657748889585275,0.0051432046181722185,base+quality_sq+price_sq
nonlinear,23,MNL,0.5354166666666667,0.988228479870415,0.5848421467922286,0.07232112607829486,0.13764321416634856,base
nonlinear,23,Structured_MNL,0.5895833333333333,0.8677520700914971,0.5191259478000043,0.028436944604549333,0.008277787433551988,base+all_candidates
nonlinear,23,ML_assisted_spec,0.5916666666666667,0.8675705200125295,0.5191076741156312,0.028818746537733496,0.008738474486111094,base+quality_sq+price_sq+price_income
nonlinear,24,MNL,0.5697916666666667,0.9416878850524877,0.5623368626481889,0.06601977017040866,0.14381431747652174,base
nonlinear,24,Structured_MNL,0.6083333333333333,0.8624188053367651,0.5124779402537258,0.021329254882773787,0.007515639690086508,base+all_candidates
nonlinear,24,ML_assisted_spec,0.6052083333333333,0.8630409322296206,0.5129322328987584,0.02198433317991406,0.007839333688143843,base+quality_sq+price_sq+evidence_digital
nonlinear,25,MNL,0.5270833333333333,0.9514450653534496,0.5707226217205896,0.05741388628599969,0.19005862936021553,base
nonlinear,25,Structured_MNL,0.59375,0.8667025498368895,0.5161481881293289,0.010052473055769014,0.007284387234104891,base+all_candidates
nonlinear,25,ML_assisted_spec,0.5916666666666667,0.867276148838325,0.516572854236679,0.011078013247269161,0.007487856648338542,base+quality_sq+price_sq+quality_support
nonlinear,26,MNL,0.5427083333333333,0.9246378067553801,0.553493344452307,0.058334489318932904,0.18154310849204058,base
nonlinear,26,Structured_MNL,0.5947916666666667,0.8209109176999831,0.4938305642251829,0.015592397832463672,0.006013032748978508,base+all_candidates
nonlinear,26,ML_assisted_spec,0.5947916666666667,0.8207887236661852,0.4937666595597687,0.015564621732787796,0.006013032748978508,base+quality_sq+price_sq+price_hinge+quality_support+price_income
nonlinear,27,MNL,0.5666666666666667,0.9372355372933195,0.5607526867597098,0.04905714153350896,0.18010446875392302,base
nonlinear,27,Structured_MNL,0.603125,0.8326278881066096,0.5021252272681538,0.018305858682723924,0.006141832752288902,base+all_candidates
nonlinear,27,ML_assisted_spec,0.6020833333333333,0.8338485068595245,0.5020678856912432,0.018867743055002818,0.010332707676713052,base+quality_sq+price_hinge
nonlinear,28,MNL,0.5333333333333333,0.9531485379623502,0.5702724682160122,0.06118178404400783,0.19409625513980885,base
nonlinear,28,Structured_MNL,0.6135416666666667,0.8387920098161236,0.5000964758797315,0.014849156207280013,0.006278734792790715,base+all_candidates
nonlinear,28,ML_assisted_spec,0.61875,0.8382643344759623,0.49971856739568515,0.015553133580545848,0.006520645656580881,base+quality_sq+price_sq
nonlinear,29,MNL,0.55625,0.9487882341555992,0.5649087826852615,0.06372538683204759,0.15866029209142857,base
nonlinear,29,Structured_MNL,0.609375,0.8306990396941255,0.49081493961570377,0.01463513252045634,0.004962212565089694,base+all_candidates
nonlinear,29,ML_assisted_spec,0.6114583333333333,0.8324965315848645,0.4918924930801068,0.013183625482617886,0.0045817880267891055,base+quality_sq+price_sq+price_hinge+evidence_digital
threshold,0,MNL,0.5614583333333333,0.9085011769160836,0.5479521676271283,0.02346101804495808,0.020080902989980397,base
threshold,0,Structured_MNL,0.559375,0.8970400221683209,0.54400013699677,0.011353588971020288,0.011361651953991503,base+all_candidates
threshold,0,ML_assisted_spec,0.559375,0.8970182550035974,0.5440025943009371,0.011339082031693306,0.011361651953991503,base+quality_sq+price_sq+price_hinge+quality_support+price_income
threshold,1,MNL,0.5739583333333333,0.8989754147812786,0.5448110702227377,0.03551569099902624,0.02490386438903244,base
threshold,1,Structured_MNL,0.56875,0.8903248859122075,0.5394298252812869,0.021762023424410536,0.012715850274808349,base+all_candidates
threshold,1,ML_assisted_spec,0.56875,0.889742715028744,0.5388612985809955,0.022510313243325746,0.011651328022314235,base+quality_sq+price_sq+evidence_digital+price_income
threshold,2,MNL,0.5447916666666667,0.9233780911675983,0.5569112772805153,0.02598487025447842,0.028051112389208366,base
threshold,2,Structured_MNL,0.553125,0.9167562226988876,0.5521238631662119,0.010092015490157502,0.01162783724526708,base+all_candidates
threshold,2,ML_assisted_spec,0.5572916666666666,0.9166775243834507,0.552325935955343,0.009866885903376216,0.010103771199045326,base+quality_sq+price_sq+price_hinge+price_income
threshold,3,MNL,0.5375,0.9108856383612569,0.5498448811694939,0.032768747828624115,0.027219734706291743,base
threshold,3,Structured_MNL,0.559375,0.895058334808338,0.5415752534232693,0.017953218390268533,0.01179480241120295,base+all_candidates
threshold,3,ML_assisted_spec,0.5604166666666667,0.8950019730146453,0.5415385876687743,0.017958211928116266,0.011519451181769972,base+quality_sq+price_sq+price_hinge+evidence_digital+price_income
threshold,4,MNL,0.5552083333333333,0.902963952919751,0.5462365314736707,0.013293731276757464,0.026891873912577604,base
threshold,4,Structured_MNL,0.5604166666666667,0.8963275636366163,0.5445073722311792,0.0006213436946697904,0.007417110793459094,base+all_candidates
threshold,4,ML_assisted_spec,0.559375,0.8955924404276765,0.5441120764705277,0.0005760608968944236,0.007189315485385554,base+quality_sq+price_sq+price_hinge+price_income
threshold,5,MNL,0.5510416666666667,0.9029687372459393,0.5453284678020514,0.0300307987600663,0.02223625705739923,base
threshold,5,Structured_MNL,0.571875,0.8911859424948197,0.5388063717011556,0.015192190368073134,0.007035500187218334,base+all_candidates
threshold,5,ML_assisted_spec,0.5708333333333333,0.8917962630331497,0.5390101578255755,0.014666166515518287,0.006553330597256524,base+quality_sq+price_sq+price_hinge+quality_support
threshold,6,MNL,0.5520833333333334,0.9131569390394113,0.5508208855271799,0.03021069160636297,0.019103640471694352,base
threshold,6,Structured_MNL,0.5677083333333334,0.9037386561554926,0.5446938463583202,0.014011733305010448,0.008445538066004761,base+all_candidates
threshold,6,ML_assisted_spec,0.5666666666666667,0.9054923266987255,0.5461307302937672,0.013803341131626127,0.007686628643056398,base+quality_sq+price_sq+price_hinge+quality_support
threshold,7,MNL,0.5645833333333333,0.89985861647819,0.5445237860167896,0.027898425613643838,0.02714299418317046,base
threshold,7,Structured_MNL,0.5614583333333333,0.8952223391915742,0.5419227022357341,0.01617032406912922,0.01036054839571564,base+all_candidates
threshold,7,ML_assisted_spec,0.5645833333333333,0.8954351753771194,0.5421361565235003,0.015776474211567706,0.011673127857894466,base+price_sq+quality_support
threshold,8,MNL,0.5635416666666667,0.9079215407504382,0.5464104649259343,0.03189064229987521,0.02199410792765893,base
threshold,8,Structured_MNL,0.5666666666666667,0.8978521716258905,0.539931224764323,0.022447638248580884,0.007320455550142229,base+all_candidates
threshold,8,ML_assisted_spec,0.5697916666666667,0.8983002982398093,0.5402396048918054,0.021203345085336316,0.007154684084043383,base+price_sq+price_hinge+quality_support
threshold,9,MNL,0.571875,0.8839463861038591,0.5340004219870733,0.048516977720479526,0.021613098269414266,base
threshold,9,Structured_MNL,0.5927083333333333,0.873749870908284,0.5255992901130364,0.03199572351818652,0.00821531895165065,base+all_candidates
threshold,9,ML_assisted_spec,0.590625,0.8752441756259884,0.5266689658494944,0.03341511074403063,0.008928922627556311,base+quality_sq+price_sq+evidence_digital+price_income
threshold,10,MNL,0.5395833333333333,0.910911172038785,0.5482223373929973,0.03349478001685518,0.026445813186327428,base
threshold,10,Structured_MNL,0.5572916666666666,0.8965865703974759,0.5390864263691509,0.019188290335897872,0.009104608905277586,base+all_candidates
threshold,10,ML_assisted_spec,0.5552083333333333,0.8974558176215967,0.5394351393202211,0.019224289754335818,0.007447241394266267,base+quality_sq+price_sq+price_hinge+evidence_digital+price_income
threshold,11,MNL,0.5302083333333333,0.9345311755310629,0.5681333957149005,0.04249515541566644,0.024885402932743845,base
threshold,11,Structured_MNL,0.5395833333333333,0.9270303180814473,0.563774489547648,0.030318714862634884,0.008672571156519511,base+all_candidates
threshold,11,ML_assisted_spec,0.5354166666666667,0.9269208002289321,0.563958381329675,0.03167836612977859,0.00939710533072727,base+price_sq+price_hinge+quality_support
threshold,12,MNL,0.5520833333333334,0.9046768786191091,0.546635385424823,0.04337002686916236,0.02325698265187502,base
threshold,12,Structured_MNL,0.565625,0.8867001540150904,0.5365072467530474,0.0312333368176374,0.008889261294040905,base+all_candidates
threshold,12,ML_assisted_spec,0.5666666666666667,0.8867356325975386,0.5365225662714043,0.03125730067896653,0.009227238565572025,base+quality_sq+price_sq+price_hinge+evidence_digital+price_income
threshold,13,MNL,0.5427083333333333,0.921701418491024,0.5565201565770466,0.030668215249384744,0.03235585142537519,base
threshold,13,Structured_MNL,0.5458333333333333,0.9130580962328827,0.5521139010738492,0.014988207898793168,0.010613254964960527,base+all_candidates
threshold,13,ML_assisted_spec,0.54375,0.9139768279514359,0.5525694221172841,0.01778081910858806,0.011337123021251313,base+price_sq+price_hinge+price_income
threshold,14,MNL,0.5427083333333333,0.9404797287575938,0.5673548322426595,0.03520036495115355,0.026039584955017334,base
threshold,14,Structured_MNL,0.5479166666666667,0.9337606791791276,0.56327539627626,0.021988303618800175,0.008727790600731944,base+all_candidates
threshold,14,ML_assisted_spec,0.546875,0.933894718585346,0.5634440636526822,0.02317387512771182,0.008482461705100435,base+price_sq+price_hinge+quality_support
threshold,15,MNL,0.5447916666666667,0.9371065617137916,0.5679578070024764,0.03738760670259743,0.02463816482140328,base
threshold,15,Structured_MNL,0.54375,0.9258156677089775,0.5616362516596937,0.02043261291307704,0.01022428796047432,base+all_candidates
threshold,15,ML_assisted_spec,0.54375,0.9306877889263515,0.5640963460534898,0.024883663943061476,0.013273123835052041,base+quality_sq+price_hinge+evidence_digital+price_income
threshold,16,MNL,0.5864583333333333,0.8966153299239527,0.5387798673296406,0.01730466851872445,0.029314005882895774,base
threshold,16,Structured_MNL,0.584375,0.8922892884806629,0.5357088471621023,0.007586860918530225,0.010158870541840139,base+all_candidates
threshold,16,ML_assisted_spec,0.5822916666666667,0.8929810701630329,0.5360998355362531,0.0077253014249979894,0.010513372766454735,base+price_sq+price_hinge+evidence_digital+price_income
threshold,17,MNL,0.5510416666666667,0.9131553957888479,0.5504731385401189,0.04110962508081833,0.01741555211659996,base
threshold,17,Structured_MNL,0.5572916666666666,0.9053021014316163,0.5471505470921593,0.03238345142617335,0.007289343611450927,base+all_candidates
threshold,17,ML_assisted_spec,0.559375,0.9053490574576754,0.5469515405398551,0.033028007456898684,0.007043083790656135,base+price_sq+price_hinge+quality_support+evidence_digital+price_income
threshold,18,MNL,0.5666666666666667,0.9081247479296708,0.5455599812965775,0.031894278659770424,0.014888059975115319,base
threshold,18,Structured_MNL,0.5677083333333334,0.898755492378982,0.5413479829958336,0.01881326999123527,0.0053370546957911815,base+all_candidates
threshold,18,ML_assisted_spec,0.5677083333333334,0.8984794381204982,0.5410149782305829,0.018490804183947107,0.0057369327363974544,base+quality_sq+price_sq+price_hinge+quality_support
threshold,19,MNL,0.565625,0.9085108743076932,0.5486670387365427,0.03260783210702415,0.02239675240877002,base
threshold,19,Structured_MNL,0.5645833333333333,0.8949026104345208,0.5417765207097066,0.022592924609915764,0.009952444001072055,base+all_candidates
threshold,19,ML_assisted_spec,0.5677083333333334,0.8941581724247016,0.5413928537788107,0.02251940770837958,0.00875609674763555,base+quality_sq+price_sq+price_hinge+price_income
threshold,20,MNL,0.5385416666666667,0.9327477775059789,0.5670035621470471,0.042711739890365,0.02234864919314363,base
threshold,20,Structured_MNL,0.546875,0.9218964612946162,0.5596592368017971,0.029769023117633762,0.00955187715301427,base+all_candidates
threshold,20,ML_assisted_spec,0.5395833333333333,0.9217565278294207,0.5598250840874915,0.03005179794448712,0.010271486671021323,base+quality_sq+price_sq
threshold,21,MNL,0.55,0.923404219651229,0.5602310290192001,0.03596984942666709,0.02106374496192197,base
threshold,21,Structured_MNL,0.5510416666666667,0.9161701735146797,0.5562262105263682,0.020599152573195525,0.0101207461693672,base+all_candidates
threshold,21,ML_assisted_spec,0.546875,0.9161541073660089,0.5561425144387258,0.020798040094477437,0.010551339113737873,base+quality_sq+price_sq+price_hinge+evidence_digital+price_income
threshold,22,MNL,0.5354166666666667,0.9236478422686152,0.559798049537702,0.03431480842292399,0.022688434538080154,base
threshold,22,Structured_MNL,0.5364583333333334,0.919682001932097,0.5565292311463149,0.021765207977588966,0.007315971660357466,base+all_candidates
threshold,22,ML_assisted_spec,0.534375,0.920031445140666,0.5565929077346906,0.02306677009316261,0.00894190634980333,base+quality_sq+price_sq+price_income
threshold,23,MNL,0.53125,0.9322988304563247,0.5641124209245646,0.03474224595748998,0.024384184685836092,base
threshold,23,Structured_MNL,0.54375,0.9282680618078573,0.5620905613196739,0.018415062599177346,0.010358396960075369,base+all_candidates
threshold,23,ML_assisted_spec,0.5395833333333333,0.9278332816064643,0.5615614740191895,0.018452495408603102,0.011753984780758894,base+quality_sq+price_sq+price_hinge
threshold,24,MNL,0.5458333333333333,0.9274463242285288,0.5626619979878219,0.039633895795851845,0.02073757322450571,base
threshold,24,Structured_MNL,0.5520833333333334,0.9229928410686566,0.5598855775026316,0.027837834371081376,0.011707274991762254,base+all_candidates
threshold,24,ML_assisted_spec,0.5552083333333333,0.9191453529438053,0.5577848777363958,0.02692936253526486,0.008400244082670023,base+quality_sq+price_sq+price_hinge+price_income
threshold,25,MNL,0.5666666666666667,0.9105416976094631,0.5490842451637287,0.03868959699423954,0.022069536809000066,base
threshold,25,Structured_MNL,0.56875,0.9058428913669457,0.5446631816235984,0.027254554117022555,0.008996076287781814,base+all_candidates
threshold,25,ML_assisted_spec,0.56875,0.9056237385686702,0.5442566257649382,0.02695147870616831,0.008709812884660625,base+price_sq+price_hinge
threshold,26,MNL,0.56875,0.8892510058650248,0.5337700508337969,0.03306249513716861,0.022805982931833314,base
threshold,26,Structured_MNL,0.584375,0.8785614051567686,0.5259357154905417,0.022005952848031397,0.011006549505654578,base+all_candidates
threshold,26,ML_assisted_spec,0.584375,0.8783677764571497,0.5258338962383025,0.021182535948283433,0.010795888449709194,base+price_sq+price_hinge+quality_support
threshold,27,MNL,0.5520833333333334,0.9158215162631245,0.5532468163298145,0.025205236543465778,0.02475075560018657,base
threshold,27,Structured_MNL,0.5604166666666667,0.9079293228402084,0.5474704582401618,0.012915323523629951,0.010144024325227914,base+all_candidates
threshold,27,ML_assisted_spec,0.5614583333333333,0.9082199084335715,0.5479273158508994,0.014857795786873235,0.009631417309790263,base+price_sq+price_hinge+quality_support+evidence_digital+price_income
threshold,28,MNL,0.5583333333333333,0.9119028360834132,0.5478419196730399,0.02478629921728894,0.022230716352821398,base
threshold,28,Structured_MNL,0.5770833333333333,0.9113046260440042,0.5453056611069711,0.010886849727672628,0.009704687091476516,base+all_candidates
threshold,28,ML_assisted_spec,0.5739583333333333,0.91140687814397,0.5455683992612568,0.011786262087944949,0.009677266543538454,base+quality_sq+price_sq+price_income
threshold,29,MNL,0.5541666666666667,0.910872835900068,0.5499163523313836,0.055315705601106234,0.02215494165754978,base
threshold,29,Structured_MNL,0.5645833333333333,0.8951327698960423,0.5417992300412199,0.042797896074906285,0.011498021749349923,base+all_candidates
threshold,29,ML_assisted_spec,0.5604166666666667,0.8962621547603968,0.5426703311583739,0.044451317456402364,0.011656572137782673,base+price_sq+price_hinge+quality_support+evidence_digital+price_income
interaction,0,MNL,0.5604166666666667,0.936636065752693,0.5590433050971849,0.027089352636324865,0.11470134824267139,base
interaction,0,Structured_MNL,0.5854166666666667,0.8540761724323201,0.5136626120135088,0.01746120989736417,0.003770479398441941,base+all_candidates
interaction,0,ML_assisted_spec,0.584375,0.8540243831413741,0.5136311012276875,0.018035614962280785,0.0038005238000118533,base+price_sq+quality_support+evidence_digital+price_income
interaction,1,MNL,0.56875,0.9459496470617782,0.5607640403322282,0.007829757222500398,0.1042510850852163,base
interaction,1,Structured_MNL,0.590625,0.8668630020160474,0.5170292708828707,0.006882747216603863,0.0067803007900386425,base+all_candidates
interaction,1,ML_assisted_spec,0.5927083333333333,0.8676741817667868,0.5172176399699977,0.0036700010886836806,0.007339802008345155,base+price_hinge+quality_support+evidence_digital
interaction,2,MNL,0.55625,0.9460495045472598,0.5619461636558031,0.019804016297560702,0.11306428064315013,base
interaction,2,Structured_MNL,0.5979166666666667,0.8396904527560347,0.5039156729000432,0.014469336853951888,0.004573072117319767,base+all_candidates
interaction,2,ML_assisted_spec,0.5947916666666667,0.8398717302618895,0.5040845887836615,0.014671065337743275,0.004525447623726958,base+quality_sq+price_sq+quality_support+evidence_digital
interaction,3,MNL,0.575,0.9206928220696387,0.5471887399048796,0.01627964695198384,0.10009402756065035,base
interaction,3,Structured_MNL,0.6104166666666667,0.8390490699908123,0.5008655805174941,0.003511367100704003,0.0050747209680015275,base+all_candidates
interaction,3,ML_assisted_spec,0.6083333333333333,0.8394081438791444,0.501138750761896,0.0036304194066621898,0.0046706749364226335,base+quality_sq+price_sq+quality_support+evidence_digital
interaction,4,MNL,0.5166666666666667,0.987509570539377,0.5888506932536788,0.026955381675208365,0.12451548721559527,base
interaction,4,Structured_MNL,0.5802083333333333,0.8808389099508959,0.5283577947169804,0.019140906099757913,0.002919142656369103,base+all_candidates
interaction,4,ML_assisted_spec,0.578125,0.8806766883018787,0.5283207135806418,0.022107223437052084,0.0037073550512740183,base+price_sq+quality_support+evidence_digital+price_income
interaction,5,MNL,0.540625,0.9460234844050189,0.5676954237348201,0.004957149535586383,0.1043569531876329,base
interaction,5,Structured_MNL,0.5958333333333333,0.872213877472489,0.5212136735714081,0.014879846294694408,0.003737098513521885,base+all_candidates
interaction,5,ML_assisted_spec,0.6,0.8685671709296301,0.5191412396467082,0.01124037285062965,0.003796416602897061,base+price_sq+quality_support+evidence_digital+price_income
interaction,6,MNL,0.5541666666666667,0.9411412629753101,0.5613858876739317,0.01594948693890088,0.12207533803986595,base
interaction,6,Structured_MNL,0.596875,0.8705549639943067,0.5193071988859382,0.005387461393059556,0.005278505617273448,base+all_candidates
interaction,6,ML_assisted_spec,0.5958333333333333,0.8705671326669839,0.5193390260890396,0.005572485362646836,0.005166850733536174,base+quality_sq+price_sq+quality_support+evidence_digital
interaction,7,MNL,0.553125,0.9314302180732672,0.5550552283891033,0.019030064146588355,0.10783932728054668,base
interaction,7,Structured_MNL,0.6083333333333333,0.8409107652892689,0.49997162367371406,0.016808447281309872,0.004829493284087421,base+all_candidates
interaction,7,ML_assisted_spec,0.6072916666666667,0.8410189537563719,0.5001218010000533,0.017054989481226066,0.004992773719552057,base+price_sq+quality_support+evidence_digital+price_income
interaction,8,MNL,0.5625,0.9329036229121374,0.5609074271771632,0.012587821988259619,0.11050982085039358,base
interaction,8,Structured_MNL,0.6114583333333333,0.845757553181817,0.5090673968023752,0.004885721408433988,0.007472791825435461,base+all_candidates
interaction,8,ML_assisted_spec,0.6135416666666667,0.8490613862643535,0.5106096528766676,0.008418242259908486,0.00844777761599,base+price_hinge+quality_support+evidence_digital
interaction,9,MNL,0.540625,0.9452770193722736,0.562618352280691,0.02391978343112726,0.12103918012503133,base
interaction,9,Structured_MNL,0.5822916666666667,0.8728563368990213,0.5216627770502836,0.014959459967664034,0.005997075394206122,base+all_candidates
interaction,9,ML_assisted_spec,0.58125,0.8728547961633972,0.5216547483767083,0.015096582331801769,0.006058525048234165,base+quality_sq+price_sq+quality_support+evidence_digital+price_income
interaction,10,MNL,0.5614583333333333,0.9332981810970646,0.554140943053057,0.041822198478220836,0.12179355397971278,base
interaction,10,Structured_MNL,0.6208333333333333,0.8340678710835967,0.4982062066449019,0.02729842440287881,0.005880865688663195,base+all_candidates
interaction,10,ML_assisted_spec,0.6177083333333333,0.8340598662240863,0.49916092793319344,0.029556770329516344,0.0065489668765361265,base+quality_sq+price_hinge+quality_support+evidence_digital
interaction,11,MNL,0.5958333333333333,0.9024770644190578,0.5338506428049724,0.007843938313742091,0.10272061578241347,base
interaction,11,Structured_MNL,0.6229166666666667,0.8169063870820312,0.4856210010455024,0.005678761223811171,0.007327537287890355,base+all_candidates
interaction,11,ML_assisted_spec,0.6260416666666667,0.8165588326448556,0.4852832826429926,0.004147124791252626,0.007537723235860285,base+price_hinge+quality_support+evidence_digital
interaction,12,MNL,0.55625,0.9468431322970167,0.561530346626709,0.015525065056587852,0.08938047381425006,base
interaction,12,Structured_MNL,0.5895833333333333,0.8719139982300891,0.5198268265139483,0.00974253523964963,0.004939102087755981,base+all_candidates
interaction,12,ML_assisted_spec,0.5916666666666667,0.8716861626284198,0.5194166273019665,0.012789939867141558,0.007019337200141259,base+quality_sq+price_hinge+quality_support+evidence_digital
interaction,13,MNL,0.5572916666666666,0.9415799141683069,0.566909156892464,0.030489878248512074,0.11989763827215512,base
interaction,13,Structured_MNL,0.5833333333333334,0.8772119813526306,0.5289452910638259,0.02521666329096597,0.005755687062459462,base+all_candidates
interaction,13,ML_assisted_spec,0.5770833333333333,0.8772532389490526,0.5289531129420197,0.025420376165103984,0.00602885679061214,base+quality_sq+price_sq+quality_support+evidence_digital+price_income
interaction,14,MNL,0.5572916666666666,0.950529230229525,0.5646634233013113,0.042441745956227316,0.11641590891121568,base
interaction,14,Structured_MNL,0.6083333333333333,0.8478965727347629,0.506006857713893,0.032408874804132716,0.00762651332200144,base+all_candidates
interaction,14,ML_assisted_spec,0.61875,0.8486390336314495,0.5064819757357929,0.03517317062728,0.008187251801223637,base+price_hinge+quality_support+evidence_digital+price_income
interaction,15,MNL,0.540625,0.9467260488760274,0.5624133438156006,0.016334860064310244,0.09822287028809588,base
interaction,15,Structured_MNL,0.5739583333333333,0.8805158640464517,0.5266154774135939,0.010699405688889324,0.005863281827114202,base+all_candidates
interaction,15,ML_assisted_spec,0.5677083333333334,0.8795213781314725,0.5257925319104522,0.01577331407823193,0.00624494309621955,base+price_hinge+quality_support+evidence_digital+price_income
interaction,16,MNL,0.56875,0.9169694386820306,0.5411050273970945,0.011993746923419224,0.10772891247389374,base
interaction,16,Structured_MNL,0.60625,0.8334079967459289,0.49461702885330067,0.0024154652792796488,0.006118433411654395,base+all_candidates
interaction,16,ML_assisted_spec,0.6083333333333333,0.8334923640065363,0.49471639386756805,0.0017398061391585803,0.005700635976608023,base+price_sq+quality_support+evidence_digital+price_income
interaction,17,MNL,0.5708333333333333,0.9314158856951091,0.5526047108441149,0.003458423077644892,0.11225725725818636,base
interaction,17,Structured_MNL,0.5895833333333333,0.833889686764686,0.5018329990472769,0.012847088689326429,0.004578490722192849,base+all_candidates
interaction,17,ML_assisted_spec,0.5895833333333333,0.8335070985431592,0.501764456226109,0.011957386182522366,0.0051493801057269995,base+price_sq+quality_support+evidence_digital
interaction,18,MNL,0.5364583333333334,0.9536724302768919,0.5729022137438202,0.029687514143024552,0.11491261495794168,base
interaction,18,Structured_MNL,0.55625,0.8976785294763512,0.5398508365041186,0.019497953847008597,0.006038150748835506,base+all_candidates
interaction,18,ML_assisted_spec,0.5489583333333333,0.8982162315899472,0.540396797743309,0.023417992286657936,0.00680569672904065,base+price_hinge+quality_support+evidence_digital+price_income
interaction,19,MNL,0.54375,0.9337188993044392,0.5548441109012533,0.015313793649846568,0.10966735888482833,base
interaction,19,Structured_MNL,0.578125,0.8506138634762699,0.512041245720869,0.01484510870911036,0.00537557199661179,base+all_candidates
interaction,19,ML_assisted_spec,0.578125,0.8505514626289283,0.5120436582674404,0.014795679962588711,0.0054715511408513235,base+price_sq+quality_support+evidence_digital
interaction,20,MNL,0.578125,0.923150550345947,0.5494055177375496,0.012722733396641131,0.11364101729369681,base
interaction,20,Structured_MNL,0.6104166666666667,0.8514621733894844,0.5080040942813336,0.0028717008780173602,0.004666087050271863,base+all_candidates
interaction,20,ML_assisted_spec,0.6083333333333333,0.8521628277736342,0.5083205785136633,0.007252073226361463,0.005906520940122158,base+price_hinge+quality_support+evidence_digital
interaction,21,MNL,0.5614583333333333,0.928844658178124,0.5535647870184294,0.004665894600078047,0.11085007209758606,base
interaction,21,Structured_MNL,0.6052083333333333,0.860325676817378,0.5107138724099877,0.0077980786502579585,0.004244638062023607,base+all_candidates
interaction,21,ML_assisted_spec,0.6083333333333333,0.8599901550075841,0.5105318664997823,0.005290733123007625,0.005031507576685533,base+quality_sq+price_hinge+quality_support+evidence_digital
interaction,22,MNL,0.5625,0.9480261125393203,0.5638322531042659,0.010520461286066264,0.1123699082377819,base
interaction,22,Structured_MNL,0.6,0.8751991058487476,0.5201534512213036,0.006646675058778579,0.0030748293685918314,base+all_candidates
interaction,22,ML_assisted_spec,0.5958333333333333,0.8760070803495275,0.520574660208083,0.005701088465013263,0.0033755874851769284,base+price_sq+quality_support+evidence_digital+price_income
interaction,23,MNL,0.5520833333333334,0.9658611237744208,0.571285906049269,0.018030132792974,0.11744546915037879,base
interaction,23,Structured_MNL,0.5885416666666666,0.8731908508589875,0.5168586174139193,0.008580556612195658,0.007351896462936015,base+all_candidates
interaction,23,ML_assisted_spec,0.5791666666666667,0.8762934368588517,0.5184428197816503,0.01531932974332854,0.01041250958469678,base+quality_sq+quality_support+evidence_digital
interaction,24,MNL,0.5427083333333333,0.9292915962831636,0.5552472984787239,0.0040720068365448355,0.11452257853032069,base
interaction,24,Structured_MNL,0.5875,0.8674083965587241,0.520447998783714,0.0015121047058550888,0.005815703227699019,base+all_candidates
interaction,24,ML_assisted_spec,0.5864583333333333,0.8674164148149689,0.5204578641966147,0.0013099151716606783,0.005685773911753833,base+quality_sq+price_sq+quality_support+evidence_digital+price_income
interaction,25,MNL,0.553125,0.9350158396147992,0.5582343313459553,0.012341191074673378,0.09439693323776227,base
interaction,25,Structured_MNL,0.5864583333333333,0.8552555834602038,0.5115737814512666,0.017999486359404248,0.004616154195608574,base+all_candidates
interaction,25,ML_assisted_spec,0.5864583333333333,0.8545679528431005,0.5107281305283489,0.013656658615805692,0.006377493566040362,base+quality_sq+quality_support+evidence_digital+price_income
interaction,26,MNL,0.5479166666666667,0.9415710796334219,0.5589742322289868,0.01511948785376964,0.10410754678871399,base
interaction,26,Structured_MNL,0.5979166666666667,0.8643920171142404,0.5158383145595422,0.003336687019608707,0.007390938082106935,base+all_candidates
interaction,26,ML_assisted_spec,0.6,0.8627686753560989,0.5147509378554103,0.005085558806641015,0.006934781594626829,base+price_sq+quality_support+evidence_digital+price_income
interaction,27,MNL,0.5427083333333333,0.9568229012466102,0.5725108517354802,0.03682678736284534,0.11746064648478048,base
interaction,27,Structured_MNL,0.5760416666666667,0.8684962094352247,0.5234179620357696,0.026768798869561662,0.004275124675709409,base+all_candidates
interaction,27,ML_assisted_spec,0.5791666666666667,0.8663941349591847,0.5234362149485293,0.031289141001765226,0.0061212522483805615,base+quality_sq+quality_support+evidence_digital
interaction,28,MNL,0.55625,0.9242696684895272,0.5516818621140447,0.011435388660808534,0.11514935633288385,base
interaction,28,Structured_MNL,0.6104166666666667,0.8393673188022547,0.506441588325731,0.004474360472362977,0.004966614226568975,base+all_candidates
interaction,28,ML_assisted_spec,0.6083333333333333,0.8428203099788398,0.5089097257660768,0.0114002152304949,0.009611203756757891,base+quality_sq+quality_support+evidence_digital
interaction,29,MNL,0.5572916666666666,0.9505586641632154,0.5653444373220381,0.028870911619169878,0.08960457039512852,base
interaction,29,Structured_MNL,0.5947916666666667,0.8773492573785213,0.5212827094202775,0.021787439471351547,0.00522640082869433,base+all_candidates
interaction,29,ML_assisted_spec,0.5885416666666666,0.8779147554860903,0.5219243745644268,0.022215629432345542,0.005774035011959289,base+price_sq+quality_support+evidence_digital
heterogeneity,0,MNL,0.5489583333333333,0.9604627867880827,0.5738563745921605,0.016011125616512672,0.017894215227815456,base
heterogeneity,0,Structured_MNL,0.5458333333333333,0.9553340331703806,0.5716012963386394,0.0026744290711303654,0.006898206340809131,base+all_candidates
heterogeneity,0,ML_assisted_spec,0.546875,0.9544890880509027,0.5710012188436216,0.0034198701651962328,0.007157798856150207,base+quality_sq+price_sq+price_income
heterogeneity,1,MNL,0.5041666666666667,1.0094866931184716,0.6077709165910631,0.016747682328481443,0.0159997528152646,base
heterogeneity,1,Structured_MNL,0.5010416666666667,1.0019852414901558,0.6031269073245132,0.005221680324375956,0.0060484544737166735,base+all_candidates
heterogeneity,1,ML_assisted_spec,0.5010416666666667,1.0017703484262757,0.6030170338585005,0.005750841670820264,0.006212502440247987,base+quality_sq+price_sq+evidence_digital+price_income
heterogeneity,2,MNL,0.5177083333333333,0.9719092926382039,0.5849994946139613,0.015922659843707346,0.013458938818357472,base
heterogeneity,2,Structured_MNL,0.5104166666666666,0.9666063045890375,0.5824455076336046,0.005580797516205877,0.005747699692268932,base+all_candidates
heterogeneity,2,ML_assisted_spec,0.5104166666666666,0.966473861937267,0.5820389321039044,0.007998407066705272,0.005794683859672257,base+quality_sq+price_hinge+price_income
heterogeneity,3,MNL,0.5385416666666667,0.9452969674351964,0.5667097754358352,0.023477243509824972,0.017700911876859755,base
heterogeneity,3,Structured_MNL,0.55,0.9414654845127298,0.5635639340799955,0.01497849100279019,0.007938586559357426,base+all_candidates
heterogeneity,3,ML_assisted_spec,0.55,0.9415635286610249,0.5636215827658326,0.015495949410763942,0.0077516622027921905,base+price_sq+evidence_digital+price_income
heterogeneity,4,MNL,0.55,0.9581730781255914,0.5749262748385076,0.016692406216026117,0.013375883798152494,base
heterogeneity,4,Structured_MNL,0.5427083333333333,0.956116035271751,0.5743182408509326,0.013332352184646897,0.006203792974853817,base+all_candidates
heterogeneity,4,ML_assisted_spec,0.5479166666666667,0.9561327657079574,0.5741713785971281,0.01380639527971283,0.0077755887247511445,base+price_hinge+price_income
heterogeneity,5,MNL,0.5385416666666667,0.9652874042606145,0.5789309318442993,0.017242355643915745,0.017621989065416604,base
heterogeneity,5,Structured_MNL,0.5354166666666667,0.9613405796004255,0.5768065124144327,0.010455763004662368,0.008073542529688175,base+all_candidates
heterogeneity,5,ML_assisted_spec,0.5364583333333334,0.9610871903054489,0.5764918332795775,0.010420012648232814,0.007709750689231031,base+price_sq+price_income
heterogeneity,6,MNL,0.5,0.97578056850009,0.5863903976899273,0.022342142021081673,0.018771819433752866,base
heterogeneity,6,Structured_MNL,0.5104166666666666,0.971444768214128,0.5828885926360218,0.013993042791935376,0.00739353910089732,base+all_candidates
heterogeneity,6,ML_assisted_spec,0.509375,0.9706538471705789,0.5822992428538306,0.016071505317686256,0.008009706372848289,base+price_sq+price_income
heterogeneity,7,MNL,0.5458333333333333,0.937197832628041,0.5633790057006548,0.015541475258906295,0.01405305112918493,base
heterogeneity,7,Structured_MNL,0.55625,0.930773591662374,0.5589924912657754,0.01496430547274483,0.006527864887410623,base+all_candidates
heterogeneity,7,ML_assisted_spec,0.5572916666666666,0.930593788288972,0.5587072667985395,0.014656979409744088,0.00602208906443667,base+quality_sq+price_sq+price_income
heterogeneity,8,MNL,0.5354166666666667,0.9702960091774583,0.5799428966556374,0.03619333956794385,0.017565408814196683,base
heterogeneity,8,Structured_MNL,0.534375,0.9674367144571716,0.5776395207846863,0.026654470098769308,0.008783102343384485,base+all_candidates
heterogeneity,8,ML_assisted_spec,0.5354166666666667,0.9682698959403345,0.5780457473390265,0.02879421709438291,0.009294183439687758,base+price_sq+quality_support+price_income
heterogeneity,9,MNL,0.5447916666666667,0.9509118824732306,0.567717822693874,0.02572027319469099,0.01552037143549022,base
heterogeneity,9,Structured_MNL,0.5479166666666667,0.9413859400642898,0.5623546323860615,0.01747345304646268,0.005194327452500869,base+all_candidates
heterogeneity,9,ML_assisted_spec,0.5479166666666667,0.9433874664597462,0.5632698560773234,0.021280039855296667,0.006679816139361255,base+price_hinge+price_income
heterogeneity,10,MNL,0.5125,0.9702087176117187,0.5844169895480522,0.010848316419100994,0.017886103311685518,base
heterogeneity,10,Structured_MNL,0.5291666666666667,0.9628265294950686,0.5804235959903508,0.005946233014207473,0.007201150610138189,base+all_candidates
heterogeneity,10,ML_assisted_spec,0.5239583333333333,0.9630491433983757,0.5805189403550737,0.0068674761699450354,0.008342056494102761,base+price_sq+price_income
heterogeneity,11,MNL,0.5395833333333333,0.9401236234690317,0.5648244294247947,0.021694270882684167,0.014799565819695588,base
heterogeneity,11,Structured_MNL,0.5458333333333333,0.9391492802016003,0.5643743661601387,0.01663276605297283,0.007088695525049474,base+all_candidates
heterogeneity,11,ML_assisted_spec,0.5395833333333333,0.9401236234690317,0.5648244294247947,0.021694270882684167,0.014799565819695588,base
heterogeneity,12,MNL,0.49583333333333335,0.9862564501082308,0.5948658576268556,0.02463105081405419,0.016086972431646692,base
heterogeneity,12,Structured_MNL,0.503125,0.9840687613746828,0.5936073896322356,0.018714097341232007,0.0075071233832328865,base+all_candidates
heterogeneity,12,ML_assisted_spec,0.5041666666666667,0.9838560313771466,0.593531805830759,0.017876728412364724,0.007063226919737151,base+price_sq+quality_support+price_income
heterogeneity,13,MNL,0.515625,0.9548854688448621,0.5730455882162218,0.012761980580124463,0.01857584675082745,base
heterogeneity,13,Structured_MNL,0.5364583333333334,0.9451699412904315,0.567019116967814,0.009365826874029775,0.008969063579837027,base+all_candidates
heterogeneity,13,ML_assisted_spec,0.534375,0.9471724848057066,0.5685507172007221,0.009917610411061923,0.008932451823031597,base+price_sq+evidence_digital+price_income
heterogeneity,14,MNL,0.521875,0.9594360654370852,0.5746390446826909,0.011569876857673085,0.021729662817391946,base
heterogeneity,14,Structured_MNL,0.5239583333333333,0.956588109670331,0.5733133709078027,0.0024034020970188346,0.01267455972671683,base+all_candidates
heterogeneity,14,ML_assisted_spec,0.5270833333333333,0.9561888896254301,0.5727244011108671,0.0029242716362817304,0.01257153682856832,base+quality_sq+price_sq+price_income
heterogeneity,15,MNL,0.51875,0.9737866375719463,0.5847920485422269,0.0158388185004604,0.018942039792647743,base
heterogeneity,15,Structured_MNL,0.5229166666666667,0.9696885600526135,0.5823679536668612,0.005680062288891015,0.010704928808403739,base+all_candidates
heterogeneity,15,ML_assisted_spec,0.5239583333333333,0.970575757857331,0.5825319709808533,0.007473181382531413,0.010013512942818355,base+price_sq+price_hinge+price_income
heterogeneity,16,MNL,0.553125,0.9539407957940929,0.5706386413205619,0.01526662568720946,0.014045691923720087,base
heterogeneity,16,Structured_MNL,0.5572916666666666,0.9482708074497677,0.5670223744655452,0.0047711176611281245,0.0070430601770032535,base+all_candidates
heterogeneity,16,ML_assisted_spec,0.553125,0.9480048743007395,0.5670125379100599,0.004763845562619996,0.006645013460671767,base+quality_sq+price_sq+price_income
heterogeneity,17,MNL,0.5541666666666667,0.9458450950249399,0.5684488275128666,0.01098974887934373,0.017411724373538322,base
heterogeneity,17,Structured_MNL,0.5489583333333333,0.944503339915628,0.5678373408671463,0.009387298351291542,0.00902570118990955,base+all_candidates
heterogeneity,17,ML_assisted_spec,0.5479166666666667,0.9452124655672965,0.5683271077208799,0.009256536219398112,0.008890262695522495,base+quality_sq+price_sq+quality_support+price_income
heterogeneity,18,MNL,0.521875,0.9608494239291541,0.5784776612594189,0.012638281365356788,0.014575366215060007,base
heterogeneity,18,Structured_MNL,0.5322916666666667,0.9575044105452621,0.5754795791375393,0.0036236406408160517,0.008518212261357598,base+all_candidates
heterogeneity,18,ML_assisted_spec,0.5239583333333333,0.9615745219146719,0.5788370488642411,0.012251994504516904,0.014978631282614197,base+quality_support
heterogeneity,19,MNL,0.540625,0.9523254378241245,0.5716295078716768,0.029842792462529858,0.018463604597948543,base
heterogeneity,19,Structured_MNL,0.5552083333333333,0.9444251589981131,0.5656726817345249,0.018763779962091377,0.009303272789068624,base+all_candidates
heterogeneity,19,ML_assisted_spec,0.54375,0.9502148930893762,0.5695511750588858,0.02208892153325475,0.014887152621733298,base+price_sq+price_hinge
heterogeneity,20,MNL,0.5416666666666666,0.95054732280133,0.5684236784311896,0.025281586380731823,0.016344978107211864,base
heterogeneity,20,Structured_MNL,0.553125,0.9485570818818487,0.5665464730720955,0.022276283399067606,0.007026401830455052,base+all_candidates
heterogeneity,20,ML_assisted_spec,0.5583333333333333,0.9481193534746566,0.5667246469848528,0.022935579962986643,0.0070281057110530435,base+price_hinge+quality_support+price_income
heterogeneity,21,MNL,0.5447916666666667,0.955932922284669,0.5744277738829662,0.02362067920597142,0.01901370925514868,base
heterogeneity,21,Structured_MNL,0.5395833333333333,0.9511322604509973,0.5714068804243932,0.013702374518084844,0.0064749279430074596,base+all_candidates
heterogeneity,21,ML_assisted_spec,0.5385416666666667,0.9512914848177414,0.5715181726358688,0.01476465024188034,0.006486005999104006,base+price_sq+evidence_digital+price_income
heterogeneity,22,MNL,0.5239583333333333,0.9558235646220741,0.5768093491521633,0.048793135149319586,0.015066575367727682,base
heterogeneity,22,Structured_MNL,0.5229166666666667,0.9498569706490598,0.572657923012604,0.0357609636038213,0.006908281640228866,base+all_candidates
heterogeneity,22,ML_assisted_spec,0.521875,0.9497425174203553,0.5724827852917549,0.03610903296999947,0.007032205285748363,base+quality_sq+price_sq+quality_support+price_income
heterogeneity,23,MNL,0.5270833333333333,0.9568905433079775,0.5762539969985444,0.02809808974155246,0.017975102221575213,base
heterogeneity,23,Structured_MNL,0.5260416666666666,0.9496451900319066,0.570806689710899,0.018201869691047073,0.009271935893896186,base+all_candidates
heterogeneity,23,ML_assisted_spec,0.5270833333333333,0.9519343469392872,0.5726737034743151,0.019896784696026532,0.009714681555407905,base+price_sq+price_hinge+price_income
heterogeneity,24,MNL,0.5447916666666667,0.9241966726491123,0.5562155556181474,0.014840510310936361,0.013536256903386064,base
heterogeneity,24,Structured_MNL,0.5489583333333333,0.918837624153441,0.5525463407346572,0.005387196733856655,0.007127851414472184,base+all_candidates
heterogeneity,24,ML_assisted_spec,0.5447916666666667,0.921603609893291,0.5545861104883537,0.012062523147281718,0.009492838480042117,base+quality_support+price_income
heterogeneity,25,MNL,0.5354166666666667,0.9590954249615966,0.5753012815756393,0.028521253951874517,0.019293863110120952,base
heterogeneity,25,Structured_MNL,0.5458333333333333,0.9546848015346525,0.5729824259776685,0.01819056664679456,0.007635393228045945,base+all_candidates
heterogeneity,25,ML_assisted_spec,0.54375,0.9548961366553882,0.5729403809988085,0.0212164984274043,0.009410305318527502,base+quality_sq+price_hinge+price_income
heterogeneity,26,MNL,0.5416666666666666,0.9271027554521829,0.5559043497470442,0.02078389169413638,0.012598563733696813,base
heterogeneity,26,Structured_MNL,0.553125,0.9273620937003891,0.5561479621974805,0.012252998724395637,0.008447407741146518,base+all_candidates
heterogeneity,26,ML_assisted_spec,0.5510416666666667,0.928160976603486,0.5568321083193517,0.014020944229268247,0.008369598104971869,base+quality_sq+price_hinge+price_income
heterogeneity,27,MNL,0.5177083333333333,0.944303802557454,0.5685816187520681,0.020383463469556398,0.015945794702829745,base
heterogeneity,27,Structured_MNL,0.5239583333333333,0.944374630700284,0.5683815449235363,0.01003678223185565,0.006602259888994175,base+all_candidates
heterogeneity,27,ML_assisted_spec,0.5270833333333333,0.9426391868424403,0.5674371237922273,0.013920390257514468,0.0074363360998468435,base+price_hinge+evidence_digital+price_income
heterogeneity,28,MNL,0.5270833333333333,0.9591588477115448,0.5770417749048733,0.03592640039639032,0.017062847537241195,base
heterogeneity,28,Structured_MNL,0.5354166666666667,0.955157626181037,0.5735366475829563,0.026919816936026422,0.005726530887754621,base+all_candidates
heterogeneity,28,ML_assisted_spec,0.5333333333333333,0.9555844488264303,0.5738364028850372,0.026635365267587262,0.005636097884111294,base+price_sq+price_income
heterogeneity,29,MNL,0.5166666666666667,0.9664045697759449,0.58208133393082,0.022962035021489243,0.0157402162591935,base
heterogeneity,29,Structured_MNL,0.521875,0.9648810907147216,0.5813779781812662,0.015345690295110674,0.008467068601104058,base+all_candidates
heterogeneity,29,ML_assisted_spec,0.5145833333333333,0.9637404529229935,0.5803884588853634,0.01552198356158699,0.008390481466623084,base+price_sq+price_income
nonlinear_threshold,0,MNL,0.5635416666666667,0.8972032385850244,0.5423079859792632,0.06129595272095909,0.1552996323557344,base
nonlinear_threshold,0,Structured_MNL,0.6083333333333333,0.7934833144951114,0.4823423362061592,0.014498794705330479,0.00774801155335564,base+all_candidates
nonlinear_threshold,0,ML_assisted_spec,0.6083333333333333,0.7925509679716678,0.48181345522985886,0.014470830883046267,0.006700317587839881,base+quality_sq+price_sq+price_hinge+price_income
nonlinear_threshold,1,MNL,0.5416666666666666,0.9184640319014244,0.5569320800629487,0.06184104285208544,0.1860060660613176,base
nonlinear_threshold,1,Structured_MNL,0.596875,0.7999711828211706,0.4847353972721224,0.018513680769241207,0.010518910162420802,base+all_candidates
nonlinear_threshold,1,ML_assisted_spec,0.5989583333333334,0.8000660226121251,0.48480162611216854,0.01805803298089763,0.010440073061069748,base+quality_sq+price_sq+price_hinge
nonlinear_threshold,2,MNL,0.5458333333333333,0.9397074072937678,0.5677522864566424,0.07265478247974311,0.1739563018156827,base
nonlinear_threshold,2,Structured_MNL,0.6125,0.8318376443391032,0.49733306753376166,0.023613585963096033,0.0077978667860949735,base+all_candidates
nonlinear_threshold,2,ML_assisted_spec,0.6197916666666666,0.8315160125431013,0.4970807182670655,0.023666126911317805,0.006757285130524536,base+quality_sq+price_sq+price_hinge
nonlinear_threshold,3,MNL,0.5833333333333334,0.8977209327541964,0.5413861025116558,0.05784607928084666,0.18963033906005336,base
nonlinear_threshold,3,Structured_MNL,0.6333333333333333,0.7829421752482415,0.474150673918892,0.010583285684098331,0.008690636773346147,base+all_candidates
nonlinear_threshold,3,ML_assisted_spec,0.6270833333333333,0.7823234072197477,0.4737100622422404,0.010523660642265585,0.008791894106822523,base+quality_sq+price_sq+price_hinge+price_income
nonlinear_threshold,4,MNL,0.5572916666666666,0.9394740295209373,0.565162838663723,0.08269079151826161,0.17693437094555486,base
nonlinear_threshold,4,Structured_MNL,0.6052083333333333,0.8235775731131226,0.4999363215870611,0.03417032267418898,0.008596413729242386,base+all_candidates
nonlinear_threshold,4,ML_assisted_spec,0.6052083333333333,0.8233845914883655,0.4996016443574179,0.034329812562282444,0.006749127874493182,base+quality_sq+price_sq+price_hinge+price_income
nonlinear_threshold,5,MNL,0.578125,0.9071691927540778,0.5421265620132092,0.06826419409628845,0.16780831248256875,base
nonlinear_threshold,5,Structured_MNL,0.634375,0.7740801118048682,0.46727991303549693,0.02143647541604549,0.006853584575402937,base+all_candidates
nonlinear_threshold,5,ML_assisted_spec,0.634375,0.7734574017791421,0.4669026233454077,0.020793905415023083,0.006312573781525254,base+quality_sq+price_sq+price_hinge+evidence_digital
nonlinear_threshold,6,MNL,0.55625,0.9114565566903141,0.5460153757843609,0.05764984102048717,0.16182875733323093,base
nonlinear_threshold,6,Structured_MNL,0.615625,0.8046608649523019,0.48187832937277914,0.012821794803342427,0.01096004724385355,base+all_candidates
nonlinear_threshold,6,ML_assisted_spec,0.6083333333333333,0.8082791315300378,0.48448347764955846,0.017016062891405934,0.01619571191767459,base+quality_sq+price_hinge
nonlinear_threshold,7,MNL,0.5822916666666667,0.8991433935336368,0.5404861880919718,0.05477464946688543,0.20888605611506186,base
nonlinear_threshold,7,Structured_MNL,0.63125,0.7921164243078527,0.47510972482878777,0.00697335018706635,0.009295351056971053,base+all_candidates
nonlinear_threshold,7,ML_assisted_spec,0.6322916666666667,0.7923928000896997,0.4756030018991981,0.0067686550101333275,0.009199491241762293,base+quality_sq+price_sq+price_hinge+price_income
nonlinear_threshold,8,MNL,0.5541666666666667,0.9324275977181176,0.5581288490971074,0.0784646922384724,0.14372986399527518,base
nonlinear_threshold,8,Structured_MNL,0.6020833333333333,0.8347462201614406,0.502094998391521,0.03299800578596929,0.010471945548918527,base+all_candidates
nonlinear_threshold,8,ML_assisted_spec,0.603125,0.8346950232588267,0.5019076448325569,0.03305521294027497,0.01031127092990957,base+quality_sq+price_sq+price_hinge
nonlinear_threshold,9,MNL,0.559375,0.9318171325720604,0.5571970463490887,0.06754876988003938,0.16692884916199496,base
nonlinear_threshold,9,Structured_MNL,0.6239583333333333,0.8123257438159439,0.49166016195082957,0.015868854151507576,0.005941837725659558,base+all_candidates
nonlinear_threshold,9,ML_assisted_spec,0.6239583333333333,0.8132398566936437,0.49215372511954286,0.01547805919447106,0.00610512377499409,base+quality_sq+price_sq+price_hinge+evidence_digital
nonlinear_threshold,10,MNL,0.534375,0.9325239826213331,0.5629991459863156,0.060841467319121004,0.19232403630932873,base
nonlinear_threshold,10,Structured_MNL,0.590625,0.8278497664713318,0.500288331001324,0.013497140630247937,0.008043992086263682,base+all_candidates
nonlinear_threshold,10,ML_assisted_spec,0.5895833333333333,0.8281362134198937,0.500522561624779,0.013444474822926477,0.008782956541036202,base+quality_sq+price_sq+price_hinge
nonlinear_threshold,11,MNL,0.546875,0.9268940871011299,0.5555022866039167,0.06753404837714723,0.16670568274481362,base
nonlinear_threshold,11,Structured_MNL,0.6145833333333334,0.7965607467890335,0.47595448660870393,0.02001915941622346,0.010827573421872254,base+all_candidates
nonlinear_threshold,11,ML_assisted_spec,0.615625,0.7970488815182857,0.47626504525599,0.02009368982432514,0.010781181514223625,base+quality_sq+price_sq+price_hinge+evidence_digital
nonlinear_threshold,12,MNL,0.5552083333333333,0.9293319978011846,0.5598938860227645,0.06332484953523022,0.18883116264002692,base
nonlinear_threshold,12,Structured_MNL,0.6177083333333333,0.8137495708797312,0.49108305921897705,0.01559661772019829,0.00832091583237513,base+all_candidates
nonlinear_threshold,12,ML_assisted_spec,0.6145833333333334,0.8140689161253358,0.49113713160145145,0.015742138920426814,0.007935473052931664,base+quality_sq+price_sq+price_hinge+price_income
nonlinear_threshold,13,MNL,0.553125,0.9235027554547557,0.5537227896090866,0.07435743238464029,0.17334769590270685,base
nonlinear_threshold,13,Structured_MNL,0.6375,0.7711179275850781,0.46423548062901787,0.024369050700859537,0.008354163921503791,base+all_candidates
nonlinear_threshold,13,ML_assisted_spec,0.6354166666666666,0.7711130827852166,0.4642647763503078,0.024411328409741632,0.008364065246707823,base+quality_sq+price_sq+price_hinge+evidence_digital+price_income
nonlinear_threshold,14,MNL,0.5802083333333333,0.8949806174206036,0.5363576995231054,0.04839835722696311,0.15371322616170394,base
nonlinear_threshold,14,Structured_MNL,0.6302083333333334,0.7909883533250122,0.47622837293491854,0.005585031230213246,0.00975915824784346,base+all_candidates
nonlinear_threshold,14,ML_assisted_spec,0.6302083333333334,0.7909883533250122,0.47622837293491854,0.0055850312302132285,0.00975915824784346,base+quality_sq+price_sq+price_hinge+quality_support+evidence_digital+price_income
nonlinear_threshold,15,MNL,0.5760416666666667,0.9019664484206494,0.5432082420296541,0.06727533550303401,0.15187137856180405,base
nonlinear_threshold,15,Structured_MNL,0.6270833333333333,0.7940025456509484,0.4813186639957466,0.019230440933851966,0.006938510554442495,base+all_candidates
nonlinear_threshold,15,ML_assisted_spec,0.6197916666666666,0.7934611988412753,0.48105348622719546,0.019620975135645407,0.005980112899155593,base+quality_sq+price_sq+price_hinge
nonlinear_threshold,16,MNL,0.5572916666666666,0.9453746317600865,0.5648182064087277,0.06433664515434022,0.1686059625027881,base
nonlinear_threshold,16,Structured_MNL,0.6041666666666666,0.8318468957881181,0.49740214903735935,0.015568969507700576,0.00879023101474675,base+all_candidates
nonlinear_threshold,16,ML_assisted_spec,0.6052083333333333,0.831414522581521,0.49722856735319354,0.01564364258133212,0.007924402160349543,base+quality_sq+price_sq+price_hinge+price_income
nonlinear_threshold,17,MNL,0.5635416666666667,0.9202165669970923,0.5525637800072829,0.054924028252827,0.14900046944010695,base
nonlinear_threshold,17,Structured_MNL,0.6125,0.8246407368334975,0.49690648777066176,0.0137966179380532,0.006401918755636281,base+all_candidates
nonlinear_threshold,17,ML_assisted_spec,0.615625,0.8251847920879708,0.49709214795093276,0.013482690417432193,0.007182609674317783,base+quality_sq+price_sq+price_hinge
nonlinear_threshold,18,MNL,0.58125,0.8885938678614553,0.5349054067760668,0.053039657609603615,0.18223677291018486,base
nonlinear_threshold,18,Structured_MNL,0.6364583333333333,0.7889529944906088,0.47992458335638827,0.006841676518861128,0.008715854554505615,base+all_candidates
nonlinear_threshold,18,ML_assisted_spec,0.634375,0.7888260826612056,0.4802649812167576,0.006377074618571314,0.008780167198490259,base+quality_sq+price_sq+price_hinge+evidence_digital
nonlinear_threshold,19,MNL,0.578125,0.9101203740940457,0.5422702475110797,0.05965406602595599,0.16695072046756324,base
nonlinear_threshold,19,Structured_MNL,0.6260416666666667,0.775360872547634,0.46744429850045593,0.009570196398583492,0.00734436446264629,base+all_candidates
nonlinear_threshold,19,ML_assisted_spec,0.628125,0.7742924649406362,0.4668947130178811,0.009537613518428415,0.00638935831842414,base+quality_sq+price_sq+price_hinge+quality_support+price_income
nonlinear_threshold,20,MNL,0.5322916666666667,0.9497580618868623,0.5749071066194614,0.04078154589039199,0.14186642462296978,base
nonlinear_threshold,20,Structured_MNL,0.5625,0.8495957404800156,0.5182821020331091,0.0052493780233270615,0.011909554138536393,base+all_candidates
nonlinear_threshold,20,ML_assisted_spec,0.5614583333333333,0.8498851481211381,0.5184646326784174,0.005307795094198367,0.011485356229274102,base+quality_sq+price_sq+price_hinge
nonlinear_threshold,21,MNL,0.5833333333333334,0.8952111499326648,0.5377903471761027,0.04828152614649299,0.18968533212396962,base
nonlinear_threshold,21,Structured_MNL,0.6385416666666667,0.7868302946327426,0.46996720079614174,0.01913454874952005,0.011056849504159695,base+all_candidates
nonlinear_threshold,21,ML_assisted_spec,0.6364583333333333,0.7870030959589054,0.4703488727787095,0.018937924761600677,0.01224922882754392,base+quality_sq+price_sq+price_hinge
nonlinear_threshold,22,MNL,0.5604166666666667,0.9354932719384867,0.5563795753727696,0.08637678854978528,0.18009976741354333,base
nonlinear_threshold,22,Structured_MNL,0.640625,0.7934852854161931,0.47215713798408615,0.03495962240503152,0.009063153015274014,base+all_candidates
nonlinear_threshold,22,ML_assisted_spec,0.640625,0.7933044871382222,0.47206547856319986,0.03494932084287347,0.009182565188567604,base+quality_sq+price_sq+price_hinge+quality_support+price_income
nonlinear_threshold,23,MNL,0.5875,0.9163323109814256,0.5466788703484871,0.052730844723414994,0.14668896766374243,base
nonlinear_threshold,23,Structured_MNL,0.6385416666666667,0.7849864256003121,0.46884107738395364,0.005039288374682867,0.005116715330461876,base+all_candidates
nonlinear_threshold,23,ML_assisted_spec,0.6395833333333333,0.7855216361319084,0.4692316727382391,0.0049147031545041875,0.004939561103806369,base+quality_sq+price_sq+price_hinge
nonlinear_threshold,24,MNL,0.571875,0.8940786032346312,0.5373927739783743,0.06853055102867422,0.16252266208053848,base
nonlinear_threshold,24,Structured_MNL,0.6385416666666667,0.7680031933355688,0.46338392436880127,0.0190152012911717,0.007023391337809804,base+all_candidates
nonlinear_threshold,24,ML_assisted_spec,0.634375,0.7670800574433971,0.4626203443169064,0.01855058511843774,0.00805519239036585,base+quality_sq+price_sq+price_hinge
nonlinear_threshold,25,MNL,0.5458333333333333,0.9248673049306573,0.5591131804923762,0.06696782515248124,0.14224252145809177,base
nonlinear_threshold,25,Structured_MNL,0.5833333333333334,0.8459352414000318,0.5118791409267015,0.022373377267962225,0.008649738510846756,base+all_candidates
nonlinear_threshold,25,ML_assisted_spec,0.584375,0.8454329705450359,0.5115793863228103,0.022377595159702605,0.00874110227860873,base+quality_sq+price_sq+price_hinge+evidence_digital+price_income
nonlinear_threshold,26,MNL,0.58125,0.9072233535949865,0.5418399692572297,0.0513689216002796,0.1332319890691447,base
nonlinear_threshold,26,Structured_MNL,0.6260416666666667,0.7901831767303668,0.4758340840877545,0.016328273085813694,0.008168114743976846,base+all_candidates
nonlinear_threshold,26,ML_assisted_spec,0.6291666666666667,0.7895508490095112,0.4753084374664166,0.01633373090249522,0.007495293444701724,base+quality_sq+price_sq+price_hinge
nonlinear_threshold,27,MNL,0.5604166666666667,0.9103567601148967,0.5481190480841645,0.05687079353720035,0.20138608994235982,base
nonlinear_threshold,27,Structured_MNL,0.6583333333333333,0.7730117031798656,0.4595096590468889,0.009207971218877311,0.008924235809271383,base+all_candidates
nonlinear_threshold,27,ML_assisted_spec,0.659375,0.7732216815806825,0.4596579876443464,0.009190295020868572,0.009124716891323518,base+quality_sq+price_sq+price_hinge+quality_support+price_income
nonlinear_threshold,28,MNL,0.5677083333333334,0.9186406930618944,0.5551360446981414,0.05858365867127815,0.14390908243168646,base
nonlinear_threshold,28,Structured_MNL,0.64375,0.800387377445443,0.48214591559946407,0.013948362103492203,0.007005670441015807,base+all_candidates
nonlinear_threshold,28,ML_assisted_spec,0.640625,0.800051458904661,0.4818653308798113,0.013244468851105027,0.0074114477639558385,base+quality_sq+price_sq+price_hinge
nonlinear_threshold,29,MNL,0.5677083333333334,0.903492208903806,0.5419461276193388,0.06266474611996213,0.16841825429827556,base
nonlinear_threshold,29,Structured_MNL,0.6260416666666667,0.8134921020929317,0.4898853975705331,0.021008391733129565,0.010978676433264885,base+all_candidates
nonlinear_threshold,29,ML_assisted_spec,0.6208333333333333,0.8135136170400791,0.48973876336117583,0.021110220679016658,0.011676166648718067,base+quality_sq+price_sq+price_hinge+price_income
nonlinear_interaction,0,MNL,0.5614583333333333,0.9482811190286802,0.5606560025513221,0.05598907488119147,0.22991393362202447,base
nonlinear_interaction,0,Structured_MNL,0.6416666666666667,0.7815410068624666,0.464603633040905,0.015519026531304408,0.005200334567764642,base+all_candidates
nonlinear_interaction,0,ML_assisted_spec,0.6364583333333333,0.7816898031161508,0.4648054547084208,0.016239385595639904,0.0053583128697762715,base+quality_sq+price_sq+quality_support+evidence_digital+price_income
nonlinear_interaction,1,MNL,0.5677083333333334,0.9350332517410462,0.5513829986588126,0.03222341902702571,0.24020425791254746,base
nonlinear_interaction,1,Structured_MNL,0.646875,0.7560422127526822,0.4500569831022024,0.013494582944484725,0.003465793078509176,base+all_candidates
nonlinear_interaction,1,ML_assisted_spec,0.6479166666666667,0.7556973795839556,0.44984184127077875,0.012648052349409501,0.003516967977160306,base+quality_sq+price_sq+quality_support+evidence_digital+price_income
nonlinear_interaction,2,MNL,0.5802083333333333,0.9537078394900103,0.5638234465073954,0.045182936401181484,0.21822980250823273,base
nonlinear_interaction,2,Structured_MNL,0.6385416666666667,0.795774617698585,0.47477642993516106,0.005170439238289364,0.0038928274677488264,base+all_candidates
nonlinear_interaction,2,ML_assisted_spec,0.6375,0.795964457388833,0.4752115255807434,0.004933395200020841,0.0041599006945377695,base+quality_sq+price_sq+quality_support+evidence_digital
nonlinear_interaction,3,MNL,0.5625,0.9378669484892451,0.5595541298009806,0.05188300316725113,0.23212393239643206,base
nonlinear_interaction,3,Structured_MNL,0.6291666666666667,0.7981880731547931,0.4766194885875617,0.020193004253736047,0.004478224284286044,base+all_candidates
nonlinear_interaction,3,ML_assisted_spec,0.6322916666666667,0.7984073265542854,0.47677795139387913,0.02035366765236506,0.004895848690593866,base+quality_sq+price_sq+quality_support+evidence_digital+price_income
nonlinear_interaction,4,MNL,0.559375,0.9209226170669209,0.5528987340643045,0.03764838575732234,0.20250333535979728,base
nonlinear_interaction,4,Structured_MNL,0.640625,0.7675496474952157,0.46299578304910516,0.007539139561431386,0.003567270621818221,base+all_candidates
nonlinear_interaction,4,ML_assisted_spec,0.6364583333333333,0.7678792861072452,0.46309875154428526,0.007870087873236526,0.003984939245812021,base+quality_sq+price_sq+quality_support+evidence_digital
nonlinear_interaction,5,MNL,0.575,0.9060539748843809,0.5417961444539894,0.048814538102520795,0.23100868833089652,base
nonlinear_interaction,5,Structured_MNL,0.6302083333333334,0.7868430330268218,0.4746854723486685,0.011302679018908716,0.004005103351243752,base+all_candidates
nonlinear_interaction,5,ML_assisted_spec,0.6302083333333334,0.7868430330268218,0.4746854723486685,0.011302679018908716,0.004005103351243752,base+quality_sq+price_sq+price_hinge+quality_support+evidence_digital+price_income
nonlinear_interaction,6,MNL,0.5770833333333333,0.9287049037130212,0.5525284716525597,0.05837027366948146,0.2200667683478973,base
nonlinear_interaction,6,Structured_MNL,0.6447916666666667,0.7888024498115845,0.46931945651295737,0.019865299101800248,0.006778655693651504,base+all_candidates
nonlinear_interaction,6,ML_assisted_spec,0.646875,0.788924253970847,0.4693655514548103,0.020298783501790003,0.00684178080845607,base+quality_sq+price_sq+quality_support+evidence_digital+price_income
nonlinear_interaction,7,MNL,0.58125,0.9226678408006315,0.5472213972689671,0.046177743183236496,0.2573498647785556,base
nonlinear_interaction,7,Structured_MNL,0.6677083333333333,0.759407061897433,0.45018146609959064,0.010428566644548809,0.00321402148103845,base+all_candidates
nonlinear_interaction,7,ML_assisted_spec,0.6666666666666666,0.7592465875509921,0.449990823581595,0.009744292118032861,0.003649797532348726,base+quality_sq+price_sq+quality_support+evidence_digital+price_income
nonlinear_interaction,8,MNL,0.58125,0.9146087973779223,0.5420073081536826,0.06217290772349267,0.22551593250052465,base
nonlinear_interaction,8,Structured_MNL,0.6760416666666667,0.7345457180302085,0.43672942991178487,0.01790862749032543,0.00438380956752153,base+all_candidates
nonlinear_interaction,8,ML_assisted_spec,0.675,0.7345275058247599,0.4367600061464588,0.01858630355071183,0.004853137239841917,base+quality_sq+price_sq+quality_support+evidence_digital+price_income
nonlinear_interaction,9,MNL,0.5385416666666667,0.9743608771319179,0.5771573576635781,0.0652926704735522,0.2822352653373519,base
nonlinear_interaction,9,Structured_MNL,0.6552083333333333,0.748788658856762,0.45005730369592983,0.01669836456650449,0.004720149562529277,base+all_candidates
nonlinear_interaction,9,ML_assisted_spec,0.6552083333333333,0.748788658856762,0.4500573036959299,0.01669836456650449,0.004720149562529277,base+quality_sq+price_sq+price_hinge+quality_support+evidence_digital+price_income
nonlinear_interaction,10,MNL,0.540625,0.9690761264258463,0.580071388529598,0.06150233130416192,0.20587249191767504,base
nonlinear_interaction,10,Structured_MNL,0.6135416666666667,0.8011449939207613,0.479579605886852,0.016364447916125693,0.004244150807865157,base+all_candidates
nonlinear_interaction,10,ML_assisted_spec,0.6135416666666667,0.801157249862828,0.4795865371390722,0.01666085703158244,0.004244150807865157,base+quality_sq+price_sq+quality_support+evidence_digital+price_income
nonlinear_interaction,11,MNL,0.56875,0.9237956129859508,0.5495342098086032,0.04003605359789791,0.21993929451862101,base
nonlinear_interaction,11,Structured_MNL,0.6572916666666667,0.7630218042904783,0.4522108369842615,0.0033071644718993738,0.004021982877272234,base+all_candidates
nonlinear_interaction,11,ML_assisted_spec,0.6572916666666667,0.7630218042904784,0.4522108369842615,0.0033071644718993738,0.004021982877272234,base+quality_sq+price_sq+price_hinge+quality_support+evidence_digital+price_income
nonlinear_interaction,12,MNL,0.5677083333333334,0.9312102911098684,0.5571449065342923,0.05404548000096179,0.21072149418352826,base
nonlinear_interaction,12,Structured_MNL,0.6364583333333333,0.7707612450692624,0.4621211155290624,0.012706342145081076,0.005271261669981886,base+all_candidates
nonlinear_interaction,12,ML_assisted_spec,0.6375,0.7705037860790748,0.46203937543365997,0.012688601839624841,0.005746292950862434,base+quality_sq+price_sq+price_hinge+quality_support+evidence_digital
nonlinear_interaction,13,MNL,0.5604166666666667,0.9627692617588636,0.5713776952928126,0.04364905154751377,0.21148703892192028,base
nonlinear_interaction,13,Structured_MNL,0.6197916666666666,0.8141613708851464,0.48104971286512355,0.003812111975347175,0.007836116401487838,base+all_candidates
nonlinear_interaction,13,ML_assisted_spec,0.6197916666666666,0.81377565125299,0.48084301089191145,0.004382703295861559,0.007850292709659142,base+quality_sq+price_sq+quality_support+evidence_digital+price_income
nonlinear_interaction,14,MNL,0.5583333333333333,0.9553847460653316,0.566870049616248,0.045368899137993454,0.22186883424980827,base
nonlinear_interaction,14,Structured_MNL,0.6114583333333333,0.7995585662993355,0.48331430067710696,0.0068692413227560995,0.005011075690055775,base+all_candidates
nonlinear_interaction,14,ML_assisted_spec,0.6114583333333333,0.7995585662993355,0.48331430067710696,0.006869241322756074,0.005011075690055775,base+quality_sq+price_sq+price_hinge+quality_support+evidence_digital+price_income
nonlinear_interaction,15,MNL,0.5260416666666666,0.9669365358247658,0.5810047224995335,0.04022287299027006,0.23999584187400777,base
nonlinear_interaction,15,Structured_MNL,0.6177083333333333,0.8084673576134076,0.48391163570317214,0.004273559725613414,0.004270734798980352,base+all_candidates
nonlinear_interaction,15,ML_assisted_spec,0.6166666666666667,0.8087751569750659,0.4843000654501047,0.004505192777776133,0.004542183045492654,base+quality_sq+price_sq+price_hinge+quality_support+evidence_digital
nonlinear_interaction,16,MNL,0.5645833333333333,0.9417533610978216,0.5544366341352409,0.06299597699817833,0.2704619227495712,base
nonlinear_interaction,16,Structured_MNL,0.65,0.7481284062543083,0.4445565941168004,0.017459723454204108,0.0053138705528757825,base+all_candidates
nonlinear_interaction,16,ML_assisted_spec,0.6520833333333333,0.7481640777602313,0.4446037455744078,0.018058460971580682,0.005068801537770718,base+quality_sq+price_sq+quality_support+evidence_digital+price_income
nonlinear_interaction,17,MNL,0.5760416666666667,0.9400019069983692,0.5590214467955577,0.05741965562249442,0.21417380268118513,base
nonlinear_interaction,17,Structured_MNL,0.6510416666666666,0.7865005892852278,0.461952638130106,0.016397162709291018,0.005808668053826716,base+all_candidates
nonlinear_interaction,17,ML_assisted_spec,0.653125,0.7864750961328277,0.4619748693581961,0.016894218859017943,0.005636216547062607,base+quality_sq+price_sq+quality_support+evidence_digital
nonlinear_interaction,18,MNL,0.584375,0.922812818276166,0.5456965437761667,0.0534806533282566,0.23786633958450967,base
nonlinear_interaction,18,Structured_MNL,0.628125,0.7806906566499247,0.4672758473816975,0.009791441569226324,0.004231280488159922,base+all_candidates
nonlinear_interaction,18,ML_assisted_spec,0.628125,0.7816917092434181,0.4677768829442435,0.009605750195430966,0.005561996914722654,base+quality_sq+price_sq+quality_support+evidence_digital
nonlinear_interaction,19,MNL,0.56875,0.9356394593219665,0.5566174115134962,0.06047675507283517,0.2194315217237363,base
nonlinear_interaction,19,Structured_MNL,0.6395833333333333,0.7702316612732782,0.4580958939704403,0.01370926556841939,0.0032000056903186695,base+all_candidates
nonlinear_interaction,19,ML_assisted_spec,0.6416666666666667,0.770161686985796,0.45806885146129905,0.014652570976677753,0.0033241151538168667,base+quality_sq+price_sq+quality_support+evidence_digital+price_income
nonlinear_interaction,20,MNL,0.534375,0.9576997504269369,0.5721030033758997,0.060165072113750794,0.26536568410691225,base
nonlinear_interaction,20,Structured_MNL,0.6447916666666667,0.7962289045684999,0.4718108902867455,0.01630597249288113,0.003526315274258183,base+all_candidates
nonlinear_interaction,20,ML_assisted_spec,0.6447916666666667,0.796655319455435,0.472222071418812,0.015819630183539338,0.004330078949071598,base+quality_sq+price_sq+quality_support+evidence_digital
nonlinear_interaction,21,MNL,0.565625,0.9400290738691625,0.5598106505268644,0.05374369448197397,0.2347029100847699,base
nonlinear_interaction,21,Structured_MNL,0.6416666666666667,0.7894473860493182,0.4684543901820423,0.01973219796628621,0.005322338062055093,base+all_candidates
nonlinear_interaction,21,ML_assisted_spec,0.6364583333333333,0.7910002462755789,0.4692223172130407,0.019432101859938242,0.005072444052154981,base+quality_sq+price_sq+price_hinge+quality_support+evidence_digital
nonlinear_interaction,22,MNL,0.5583333333333333,0.957062880010533,0.5720510437099509,0.062346719828323044,0.21286637833508973,base
nonlinear_interaction,22,Structured_MNL,0.6385416666666667,0.8076940102528387,0.4827099949872159,0.021982719757064065,0.0050902867033498535,base+all_candidates
nonlinear_interaction,22,ML_assisted_spec,0.634375,0.8086221948597304,0.4834299309786608,0.021812478796505823,0.006489693432605474,base+quality_sq+price_sq+price_hinge+quality_support+evidence_digital
nonlinear_interaction,23,MNL,0.525,0.9521519357922625,0.5704219747943562,0.0593092831154255,0.24677314041844772,base
nonlinear_interaction,23,Structured_MNL,0.6375,0.7687280374924074,0.4625127903763261,0.015923613820191647,0.005594541369329572,base+all_candidates
nonlinear_interaction,23,ML_assisted_spec,0.6375,0.7687280374924074,0.4625127903763261,0.0159236138201916,0.005594541369329572,base+quality_sq+price_sq+price_hinge+quality_support+evidence_digital+price_income
nonlinear_interaction,24,MNL,0.5666666666666667,0.9382157270109495,0.5569854123331247,0.04387062654740601,0.23553946010672008,base
nonlinear_interaction,24,Structured_MNL,0.6614583333333334,0.7668953995523005,0.4552521263181399,0.005217557402233574,0.0037812278673461284,base+all_candidates
nonlinear_interaction,24,ML_assisted_spec,0.659375,0.7668688363546716,0.45522567534721875,0.005766552414175237,0.003619622893603807,base+quality_sq+price_sq+quality_support+evidence_digital+price_income
nonlinear_interaction,25,MNL,0.546875,0.9536848484945721,0.5637017065382632,0.06536653932914534,0.2575663564270735,base
nonlinear_interaction,25,Structured_MNL,0.665625,0.7453488174959235,0.4437687746786803,0.020801384109974112,0.007936749210210113,base+all_candidates
nonlinear_interaction,25,ML_assisted_spec,0.6635416666666667,0.7458967669698637,0.4442209751657816,0.021787618168771637,0.00807511972723209,base+quality_sq+price_sq+quality_support+evidence_digital+price_income
nonlinear_interaction,26,MNL,0.56875,0.9388938652925006,0.5600697266603312,0.05750045551221025,0.22747142746488802,base
nonlinear_interaction,26,Structured_MNL,0.6447916666666667,0.7570966103454528,0.4533058446127086,0.01105311189260459,0.005533059157406521,base+all_candidates
nonlinear_interaction,26,ML_assisted_spec,0.646875,0.7575447656607881,0.45354996411106796,0.011536991216430046,0.005568710923279837,base+quality_sq+price_sq+quality_support+evidence_digital
nonlinear_interaction,27,MNL,0.6083333333333333,0.9191887591018891,0.5399824450683609,0.044503871746160543,0.2276451347829526,base
nonlinear_interaction,27,Structured_MNL,0.6645833333333333,0.7413019934271059,0.44128253467354134,0.006340957672019661,0.003528260642587459,base+all_candidates
nonlinear_interaction,27,ML_assisted_spec,0.6645833333333333,0.7414347186037255,0.4412367200361337,0.006474645616978655,0.0037443215147751553,base+quality_sq+price_sq+quality_support+evidence_digital+price_income
nonlinear_interaction,28,MNL,0.5729166666666666,0.9128925069949558,0.5414836628821834,0.03275419920586936,0.255283934382283,base
nonlinear_interaction,28,Structured_MNL,0.640625,0.7423415648658177,0.445640503199416,0.01259055744191648,0.004320836424058836,base+all_candidates
nonlinear_interaction,28,ML_assisted_spec,0.640625,0.7423466793924074,0.44564701124369194,0.012538710601483576,0.004320836424058836,base+quality_sq+price_sq+price_hinge+quality_support+evidence_digital
nonlinear_interaction,29,MNL,0.571875,0.9251894339291902,0.5482303968191001,0.06416918239721958,0.22650021915694013,base
nonlinear_interaction,29,Structured_MNL,0.6541666666666667,0.7386695832420711,0.4408880305496317,0.028867275665886916,0.005539787630225066,base+all_candidates
nonlinear_interaction,29,ML_assisted_spec,0.653125,0.7388841575943021,0.4410302265199918,0.029195506245999838,0.00572540238126587,base+quality_sq+price_sq+quality_support+evidence_digital+price_income
combined,0,MNL,0.5708333333333333,0.9393115904250092,0.5601092464248526,0.07442515691970308,0.28281191477969697,base
combined,0,Structured_MNL,0.634375,0.7764733102001173,0.46813462886553053,0.023204327959046176,0.008197486584553956,base+all_candidates
combined,0,ML_assisted_spec,0.634375,0.7764733102001173,0.46813462886553053,0.023204327959046187,0.008197486584553956,base+quality_sq+price_sq+price_hinge+quality_support+evidence_digital+price_income
combined,1,MNL,0.5583333333333333,0.9222730934486424,0.5522446451189069,0.07056790244997443,0.24210598631531136,base
combined,1,Structured_MNL,0.659375,0.7390165082987447,0.44595346360384125,0.022832980051731264,0.006910417216891455,base+all_candidates
combined,1,ML_assisted_spec,0.659375,0.7390165082987447,0.44595346360384125,0.022832980051731285,0.006910417216891455,base+quality_sq+price_sq+price_hinge+quality_support+evidence_digital+price_income
combined,2,MNL,0.5729166666666666,0.9374301145200694,0.5538134972755462,0.06959694067359612,0.2494575450382171,base
combined,2,Structured_MNL,0.64375,0.7494915051273627,0.44474691024912855,0.02020347579073165,0.007672131029957472,base+all_candidates
combined,2,ML_assisted_spec,0.64375,0.7494915051273627,0.4447469102491286,0.020203475790731642,0.007672131029957472,base+quality_sq+price_sq+price_hinge+quality_support+evidence_digital+price_income
combined,3,MNL,0.5885416666666666,0.9200693988842642,0.542413965080614,0.034354606588588577,0.23653793440158047,base
combined,3,Structured_MNL,0.6302083333333334,0.7742995335969155,0.4595113571430206,0.01699918199405036,0.007030821081357552,base+all_candidates
combined,3,ML_assisted_spec,0.6302083333333334,0.7742995335969155,0.4595113571430206,0.016999181994050344,0.007030821081357552,base+quality_sq+price_sq+price_hinge+quality_support+evidence_digital+price_income
combined,4,MNL,0.5770833333333333,0.9238581721121133,0.5474059186063756,0.06765461104296455,0.23789384060507685,base
combined,4,Structured_MNL,0.6614583333333334,0.7673342399629594,0.46175541427220507,0.023529061889954093,0.008263573084023602,base+all_candidates
combined,4,ML_assisted_spec,0.6614583333333334,0.7673342399629594,0.46175541427220507,0.02352906188995412,0.008263573084023602,base+quality_sq+price_sq+price_hinge+quality_support+evidence_digital+price_income
combined,5,MNL,0.559375,0.9433707406530633,0.5624841128515798,0.062434567737554264,0.2619291050799043,base
combined,5,Structured_MNL,0.6510416666666666,0.7684790376497506,0.4603743782434061,0.02307960473033016,0.00717831127380198,base+all_candidates
combined,5,ML_assisted_spec,0.6489583333333333,0.7704603052960156,0.4615237981180447,0.02385039109820343,0.00711934231617942,base+quality_sq+price_sq+price_hinge+quality_support+evidence_digital
combined,6,MNL,0.5927083333333333,0.9241656058630561,0.5472859917626517,0.0536065261040314,0.2544422584077661,base
combined,6,Structured_MNL,0.6708333333333333,0.7410272064222113,0.4429004199746492,0.009094389415438334,0.00777612217843698,base+all_candidates
combined,6,ML_assisted_spec,0.6708333333333333,0.7410272064222113,0.4429004199746492,0.009094389415438367,0.00777612217843698,base+quality_sq+price_sq+price_hinge+quality_support+evidence_digital+price_income
combined,7,MNL,0.5979166666666667,0.9257041955614507,0.5470482267515735,0.05466176132153646,0.23173643028806037,base
combined,7,Structured_MNL,0.646875,0.7623511454639339,0.4518833812883184,0.005618141597886691,0.004957801833253954,base+all_candidates
combined,7,ML_assisted_spec,0.646875,0.7623511454639339,0.4518833812883184,0.005618141597886681,0.004957801833253954,base+quality_sq+price_sq+price_hinge+quality_support+evidence_digital+price_income
combined,8,MNL,0.5760416666666667,0.9181013064335043,0.5475450246149737,0.054495268559379466,0.20288461274213285,base
combined,8,Structured_MNL,0.63125,0.7802111888731953,0.46827698096468556,0.012478051852116557,0.007593545789874561,base+all_candidates
combined,8,ML_assisted_spec,0.63125,0.7802111888731953,0.46827698096468556,0.012478051852116543,0.007593545789874561,base+quality_sq+price_sq+price_hinge+quality_support+evidence_digital+price_income
combined,9,MNL,0.5708333333333333,0.9312748914102248,0.5520408491576994,0.036897620084988425,0.23601837403727505,base
combined,9,Structured_MNL,0.6479166666666667,0.7624374714333986,0.4554798505551744,0.006858931547517865,0.009828327660404399,base+all_candidates
combined,9,ML_assisted_spec,0.6479166666666667,0.7624374714333985,0.4554798505551744,0.006858931547517865,0.009828327660404399,base+quality_sq+price_sq+price_hinge+quality_support+evidence_digital+price_income
combined,10,MNL,0.5708333333333333,0.9331666300067795,0.5559075019801533,0.039442761617643894,0.23433710469127153,base
combined,10,Structured_MNL,0.6416666666666667,0.7753741327614787,0.46625893818130604,0.007683391916991162,0.00520976419556752,base+all_candidates
combined,10,ML_assisted_spec,0.6416666666666667,0.7753741327614787,0.46625893818130604,0.0076833919169911865,0.00520976419556752,base+quality_sq+price_sq+price_hinge+quality_support+evidence_digital+price_income
combined,11,MNL,0.559375,0.9273275769756241,0.551699046058216,0.06666245313473551,0.22627321808540315,base
combined,11,Structured_MNL,0.6395833333333333,0.7727172573185505,0.46202119921441265,0.02978039127263705,0.012244993175343352,base+all_candidates
combined,11,ML_assisted_spec,0.6395833333333333,0.7727172573185505,0.46202119921441265,0.02978039127263705,0.012244993175343352,base+quality_sq+price_sq+price_hinge+quality_support+evidence_digital+price_income
combined,12,MNL,0.5739583333333333,0.9262614191511328,0.5500676914889245,0.05317442616412721,0.23842984013204588,base
combined,12,Structured_MNL,0.6447916666666667,0.7648574377692771,0.4576206261251961,0.014453729858567174,0.007383294639501413,base+all_candidates
combined,12,ML_assisted_spec,0.6447916666666667,0.7648574377692771,0.4576206261251961,0.014453729858567242,0.007383294639501413,base+quality_sq+price_sq+price_hinge+quality_support+evidence_digital+price_income
combined,13,MNL,0.575,0.9064860086101397,0.5392037271648029,0.06256981975372439,0.24698997237191347,base
combined,13,Structured_MNL,0.6625,0.7400209138378064,0.44090936688666577,0.018402509723581248,0.008359795609254145,base+all_candidates
combined,13,ML_assisted_spec,0.6625,0.7400209138378064,0.44090936688666577,0.01840250972358126,0.008359795609254145,base+quality_sq+price_sq+price_hinge+quality_support+evidence_digital+price_income
combined,14,MNL,0.5635416666666667,0.9381970331976297,0.5606535197624241,0.05124935773403117,0.27680665709846924,base
combined,14,Structured_MNL,0.6354166666666666,0.7575156761383186,0.46236303967103587,0.005957544330627898,0.007894961532316981,base+all_candidates
combined,14,ML_assisted_spec,0.6354166666666666,0.7575156761383186,0.46236303967103587,0.005957544330627916,0.007894961532316981,base+quality_sq+price_sq+price_hinge+quality_support+evidence_digital+price_income
combined,15,MNL,0.5822916666666667,0.9189374329705148,0.5485930180856096,0.05833954540370086,0.21991519287593436,base
combined,15,Structured_MNL,0.6510416666666666,0.7512627791917317,0.45324063599114256,0.01463750673298494,0.005768265931977843,base+all_candidates
combined,15,ML_assisted_spec,0.6510416666666666,0.7512627791917317,0.45324063599114256,0.01463750673298494,0.005768265931977843,base+quality_sq+price_sq+price_hinge+quality_support+evidence_digital+price_income
combined,16,MNL,0.540625,0.9541724376664259,0.5700112479096503,0.07272131392736321,0.26805213819643353,base
combined,16,Structured_MNL,0.6552083333333333,0.7688995504091651,0.4572692476980956,0.025374542799179604,0.006715532078053919,base+all_candidates
combined,16,ML_assisted_spec,0.6552083333333333,0.7688995504091651,0.4572692476980956,0.025374542799179584,0.006715532078053919,base+quality_sq+price_sq+price_hinge+quality_support+evidence_digital+price_income
combined,17,MNL,0.5385416666666667,0.9430474179286935,0.563155926084229,0.06524403389275225,0.29184667250997914,base
combined,17,Structured_MNL,0.640625,0.7632677567978621,0.45762775378580095,0.01840374015373876,0.00882698028694018,base+all_candidates
combined,17,ML_assisted_spec,0.6385416666666667,0.7637308633204254,0.45777415107590164,0.018747154293207318,0.010285405912915392,base+quality_sq+price_sq+price_hinge+quality_support+evidence_digital
combined,18,MNL,0.5416666666666666,0.9517284096663982,0.5732633198620769,0.06966889819604323,0.2014409388532385,base
combined,18,Structured_MNL,0.6145833333333334,0.8030439783754393,0.4887377550243737,0.033167832959306004,0.007485074456602844,base+all_candidates
combined,18,ML_assisted_spec,0.6125,0.8036494678355575,0.48906162836773925,0.033879551288771584,0.00786236444720351,base+quality_sq+price_sq+price_hinge+quality_support+evidence_digital
combined,19,MNL,0.5604166666666667,0.9210007561830825,0.5540783684992462,0.0618194782607883,0.2711306030426821,base
combined,19,Structured_MNL,0.646875,0.7477676880689792,0.4506549670876119,0.018123183929670775,0.010005153566679017,base+all_candidates
combined,19,ML_assisted_spec,0.646875,0.7477676880689792,0.4506549670876119,0.018123183929670775,0.010005153566679017,base+quality_sq+price_sq+price_hinge+quality_support+evidence_digital+price_income
combined,20,MNL,0.5635416666666667,0.9314294547568583,0.5550254158971214,0.062465564737589324,0.24825237714593426,base
combined,20,Structured_MNL,0.6552083333333333,0.7460187904070874,0.44554502865666384,0.011720143250439638,0.0068622027265341995,base+all_candidates
combined,20,ML_assisted_spec,0.6552083333333333,0.7460187904070874,0.44554502865666384,0.011720143250439663,0.0068622027265341995,base+quality_sq+price_sq+price_hinge+quality_support+evidence_digital+price_income
combined,21,MNL,0.546875,0.9532982009304029,0.5655498440622744,0.06860970435733973,0.28615152041935765,base
combined,21,Structured_MNL,0.6427083333333333,0.736972437044423,0.4404159265432516,0.01714992164597712,0.008822143614791814,base+all_candidates
combined,21,ML_assisted_spec,0.6427083333333333,0.736972437044423,0.4404159265432516,0.01714992164597712,0.008822143614791814,base+quality_sq+price_sq+price_hinge+quality_support+evidence_digital+price_income
combined,22,MNL,0.5666666666666667,0.9484280444510913,0.563794151095118,0.07434905544934421,0.23515867608636457,base
combined,22,Structured_MNL,0.6552083333333333,0.7505202387369337,0.45276314612091567,0.03018268885885233,0.006061738152127603,base+all_candidates
combined,22,ML_assisted_spec,0.6552083333333333,0.7505202387369337,0.45276314612091567,0.03018268885885238,0.006061738152127603,base+quality_sq+price_sq+price_hinge+quality_support+evidence_digital+price_income
combined,23,MNL,0.5708333333333333,0.9101430346529596,0.5439921329686864,0.0630500192556808,0.23770757397801842,base
combined,23,Structured_MNL,0.665625,0.7377930106175626,0.4428135433405008,0.022807253354157224,0.005760972237628639,base+all_candidates
combined,23,ML_assisted_spec,0.665625,0.7377930106175626,0.4428135433405008,0.022807253354157172,0.005760972237628639,base+quality_sq+price_sq+price_hinge+quality_support+evidence_digital+price_income
combined,24,MNL,0.5677083333333334,0.9296601054384334,0.5512386291234525,0.0458319330239597,0.2763761911601971,base
combined,24,Structured_MNL,0.6541666666666667,0.7627307940581187,0.453633828380804,0.014335303489542463,0.005075743868104058,base+all_candidates
combined,24,ML_assisted_spec,0.6541666666666667,0.7627307940581187,0.453633828380804,0.014335303489542437,0.005075743868104058,base+quality_sq+price_sq+price_hinge+quality_support+evidence_digital+price_income
combined,25,MNL,0.5677083333333334,0.926880100589597,0.5553648898402764,0.05394255153153902,0.21517311395242497,base
combined,25,Structured_MNL,0.6239583333333333,0.7768027536340301,0.46923136282313466,0.01881245802476426,0.008460424147848143,base+all_candidates
combined,25,ML_assisted_spec,0.6270833333333333,0.7776501886033595,0.4697313171126833,0.020226317972518136,0.009511622229027643,base+quality_sq+price_sq+quality_support+evidence_digital+price_income
combined,26,MNL,0.578125,0.912884082165681,0.537054043007361,0.047690278382804915,0.24365906241667112,base
combined,26,Structured_MNL,0.6479166666666667,0.7509411584672987,0.44889219360156146,0.007627012144742025,0.005760501397322276,base+all_candidates
combined,26,ML_assisted_spec,0.6479166666666667,0.7509411584672986,0.44889219360156146,0.007627012144742008,0.005760501397322276,base+quality_sq+price_sq+price_hinge+quality_support+evidence_digital+price_income
combined,27,MNL,0.5614583333333333,0.928712123910976,0.5561179034379502,0.07441100031131091,0.26188281412291037,base
combined,27,Structured_MNL,0.6510416666666666,0.7611778308880097,0.4565829630648349,0.02482967031117421,0.007912030946082898,base+all_candidates
combined,27,ML_assisted_spec,0.6510416666666666,0.7611778308880097,0.4565829630648349,0.02482967031117421,0.007912030946082898,base+quality_sq+price_sq+price_hinge+quality_support+evidence_digital+price_income
combined,28,MNL,0.5541666666666667,0.9398025546797598,0.5627382085615925,0.07352978662005841,0.24671029460539604,base
combined,28,Structured_MNL,0.6291666666666667,0.7759840094286302,0.46508718558727763,0.029532929812192063,0.006781950514134601,base+all_candidates
combined,28,ML_assisted_spec,0.6291666666666667,0.7759840094286302,0.46508718558727763,0.02953292981219204,0.006781950514134601,base+quality_sq+price_sq+price_hinge+quality_support+evidence_digital+price_income
combined,29,MNL,0.5583333333333333,0.9559294665383462,0.5677356612286192,0.08376244243987849,0.2649367904145131,base
combined,29,Structured_MNL,0.65625,0.7607544078454086,0.4556783560200278,0.030888454085109575,0.009256690852686657,base+all_candidates
combined,29,ML_assisted_spec,0.65625,0.7607544078454086,0.4556783560200278,0.030888454085109575,0.009256690852686657,base+quality_sq+price_sq+price_hinge+quality_support+evidence_digital+price_income
