condition,replication,model,accuracy,logloss,brier,share_rmse,decision_regret,selected_terms
additive,0,MNL,0.525,0.9494955126295022,0.5738691217313403,0.01656248297677831,0.004655995683393901,base
additive,0,Structured_MNL,0.5239583333333333,0.945413017604623,0.5714452305822214,0.013763296134183856,0.005091760721642528,base+all_candidates
additive,0,ML_assisted_spec,0.525,0.9494955126295022,0.5738691217313403,0.01656248297677831,0.004655995683393901,base
additive,1,MNL,0.5739583333333333,0.9090379991445321,0.5434486019902441,0.014670545576855383,0.005236260875029704,base
additive,1,Structured_MNL,0.5666666666666667,0.9106867394108165,0.544187434620309,0.01268701566982345,0.006050413734178508,base+all_candidates
additive,1,ML_assisted_spec,0.5739583333333333,0.9090379991445321,0.5434486019902441,0.014670545576855383,0.005236260875029704,base
additive,2,MNL,0.534375,0.9477008389130831,0.5697811115623647,0.033334665282370876,0.00413179890654527,base
additive,2,Structured_MNL,0.5354166666666667,0.946071328290113,0.5682901521370314,0.029575822210139116,0.004756124753163112,base+all_candidates
additive,2,ML_assisted_spec,0.5322916666666667,0.9479074957966007,0.5699424430257222,0.03337336547906457,0.004469521645917505,base+evidence_digital
additive,3,MNL,0.5572916666666666,0.9271168026402108,0.5556434908395287,0.01599244528460576,0.002737374064194732,base
additive,3,Structured_MNL,0.5645833333333333,0.9242232631185607,0.5532558288469746,0.015864405904917486,0.003713521165336327,base+all_candidates
additive,3,ML_assisted_spec,0.565625,0.9242462859478967,0.5532832746964257,0.01585130745252946,0.0034528057740339704,base+quality_sq+price_sq+quality_support+price_income
additive,4,MNL,0.546875,0.9405570895455868,0.5648293944444146,0.019002471534305544,0.003707367815242073,base
additive,4,Structured_MNL,0.5520833333333334,0.9404372568184144,0.5646910855424615,0.016926411236257155,0.003019037486749089,base+all_candidates
additive,4,ML_assisted_spec,0.546875,0.9405570895455868,0.5648293944444146,0.019002471534305544,0.003707367815242073,base
additive,5,MNL,0.5302083333333333,0.9319932806094229,0.560370736433139,0.008056837427076507,0.0032164462091018764,base
additive,5,Structured_MNL,0.5322916666666667,0.932876896753325,0.5611546292875941,0.004427744295408302,0.005427749977831134,base+all_candidates
additive,5,ML_assisted_spec,0.5322916666666667,0.932868592918806,0.5611580827051316,0.00434989210736708,0.005427749977831134,base+quality_sq+price_sq+evidence_digital+price_income
additive,6,MNL,0.5333333333333333,0.9555853444184594,0.5744129936845094,0.025652746107040124,0.002963797799884175,base
additive,6,Structured_MNL,0.5302083333333333,0.9573536702330965,0.5748961226282032,0.02323609669819583,0.004854782011167704,base+all_candidates
additive,6,ML_assisted_spec,0.528125,0.9565719319932877,0.574586587864461,0.02442968195300755,0.004332113768996376,base+quality_sq+price_hinge+quality_support+evidence_digital
additive,7,MNL,0.5479166666666667,0.9372568406633176,0.5630003131991081,0.006397601153666872,0.004270039059297263,base
additive,7,Structured_MNL,0.546875,0.9381012310778023,0.5628850997043424,0.006913787457945493,0.00406086577493554,base+all_candidates
additive,7,ML_assisted_spec,0.553125,0.9393955408520717,0.5638680787511506,0.0067985094624682585,0.004085406603848941,base+price_income
additive,8,MNL,0.53125,0.9683582380724528,0.5825086013913335,0.0049153773284089,0.0030814983442696534,base
additive,8,Structured_MNL,0.5229166666666667,0.9712568973973689,0.583255314360605,0.004682674245683457,0.003802498588234579,base+all_candidates
additive,8,ML_assisted_spec,0.521875,0.9706070835820384,0.5827808036534395,0.0046700239788616295,0.004353727838707287,base+price_sq+evidence_digital
additive,9,MNL,0.5489583333333333,0.9190892742365219,0.5547119168889664,0.005793257656840274,0.004445958178568685,base
additive,9,Structured_MNL,0.5489583333333333,0.9151662870559034,0.5526042736858792,0.0032129344971661353,0.004443524971626857,base+all_candidates
additive,9,ML_assisted_spec,0.5510416666666667,0.9167096304189426,0.5545083270367474,0.0034879350884269053,0.004207022602295228,base+price_sq
additive,10,MNL,0.5395833333333333,0.9353710528789179,0.5649716262829138,0.016603988063767228,0.0026054789447058704,base
additive,10,Structured_MNL,0.5354166666666667,0.9332128801190436,0.563716776248795,0.015769539155936825,0.0033581941749941833,base+all_candidates
additive,10,ML_assisted_spec,0.5354166666666667,0.9331253702628554,0.563707074879346,0.01568778947705249,0.0032022603814685284,base+price_sq+price_income
additive,11,MNL,0.5197916666666667,0.960274149059551,0.5773716082652764,0.012954283911469048,0.002813047477011876,base
additive,11,Structured_MNL,0.51875,0.9631770583099014,0.5803560492854781,0.015406059615812946,0.0044883142014796925,base+all_candidates
additive,11,ML_assisted_spec,0.5197916666666667,0.960274149059551,0.5773716082652764,0.012954283911469048,0.002813047477011876,base
additive,12,MNL,0.5666666666666667,0.924779625587266,0.5536056509517857,0.010292526029833597,0.003379098257320623,base
additive,12,Structured_MNL,0.5635416666666667,0.9257154228256529,0.5534345979231727,0.00914821446056761,0.004001900022509142,base+all_candidates
additive,12,ML_assisted_spec,0.5677083333333334,0.9249627897769837,0.5532785262423806,0.008728126613557792,0.005544893517963347,base+price_sq+quality_support
additive,13,MNL,0.5114583333333333,0.9555246966788329,0.5793512180652418,0.007582814052132666,0.00271429508306079,base
additive,13,Structured_MNL,0.509375,0.9537627331781524,0.5787312024165298,0.005304665589188826,0.0029619710876673264,base+all_candidates
additive,13,ML_assisted_spec,0.5166666666666667,0.9540394050900731,0.5786855138298418,0.007276340605797386,0.0019508505368052017,base+evidence_digital+price_income
additive,14,MNL,0.5385416666666667,0.9359590499019296,0.5641901288194269,0.015290862512319916,0.004690900720051418,base
additive,14,Structured_MNL,0.5291666666666667,0.9373499423549124,0.5648161578022864,0.014767362183235348,0.006237916899846361,base+all_candidates
additive,14,ML_assisted_spec,0.5375,0.936670181570762,0.564490536500672,0.013932527184930566,0.005279971156832899,base+price_hinge+evidence_digital+price_income
additive,15,MNL,0.5114583333333333,0.9549458778631948,0.576711992558075,0.008881727846245885,0.0012505110464703063,base
additive,15,Structured_MNL,0.5166666666666667,0.9592412900378626,0.5773218220037173,0.011896045983250107,0.001840460519030058,base+all_candidates
additive,15,ML_assisted_spec,0.5114583333333333,0.9549458778631948,0.576711992558075,0.008881727846245885,0.0012505110464703063,base
additive,16,MNL,0.5052083333333334,0.9750439078868919,0.591461157964735,0.012817652955780948,0.003508442104778284,base
additive,16,Structured_MNL,0.515625,0.9747077143543692,0.5910493746603552,0.012411689541266317,0.004039512459752428,base+all_candidates
additive,16,ML_assisted_spec,0.5145833333333333,0.9767977831017741,0.5923930357178748,0.011535276959635037,0.003344485041620062,base+price_sq+evidence_digital
additive,17,MNL,0.546875,0.9414249922998952,0.5665565613730676,0.0030767261189297446,0.0028071746857954577,base
additive,17,Structured_MNL,0.546875,0.9449208267158485,0.5683122725959133,0.00544304941988429,0.003156799221183178,base+all_candidates
additive,17,ML_assisted_spec,0.546875,0.9414249922998952,0.5665565613730676,0.0030767261189297446,0.0028071746857954577,base
additive,18,MNL,0.5375,0.9461156783291006,0.5701985659127734,0.010399753924570727,0.003355117156404686,base
additive,18,Structured_MNL,0.5364583333333334,0.9488313618726134,0.5717487139847414,0.013903129855451056,0.003064809197841693,base+all_candidates
additive,18,ML_assisted_spec,0.5375,0.948632256816479,0.5713518694810169,0.014189422434123727,0.003911521412097257,base+price_sq+quality_support
additive,19,MNL,0.5375,0.9563895852003397,0.5739479143902332,0.004626221550160469,0.0023928216890168248,base
additive,19,Structured_MNL,0.5364583333333334,0.9567624109875436,0.5747058563031151,0.0034868495001248007,0.00468001014529216,base+all_candidates
additive,19,ML_assisted_spec,0.5375,0.9563895852003397,0.5739479143902332,0.004626221550160469,0.0023928216890168248,base
additive,20,MNL,0.5489583333333333,0.9438684682034546,0.5676643052814457,0.021803580959537182,0.004146563870111779,base
additive,20,Structured_MNL,0.5458333333333333,0.9435726754373371,0.5683343547191678,0.02015146751084056,0.005947803267769999,base+all_candidates
additive,20,ML_assisted_spec,0.5458333333333333,0.9433717684358702,0.568143029962501,0.020221906667573647,0.006341416871666244,base+quality_sq+price_sq
additive,21,MNL,0.5520833333333334,0.9251155893047991,0.558431977435196,0.013410243122910191,0.004246126152470069,base
additive,21,Structured_MNL,0.5583333333333333,0.9248212578790455,0.5582881629089805,0.013020478672694064,0.004664420698650916,base+all_candidates
additive,21,ML_assisted_spec,0.5520833333333334,0.9251155893047991,0.558431977435196,0.013410243122910191,0.004246126152470069,base
additive,22,MNL,0.5395833333333333,0.9263025399766681,0.5578063410206477,0.007978194570308496,0.0029741517758933573,base
additive,22,Structured_MNL,0.5479166666666667,0.9289985853946511,0.5587433867837829,0.008225062779917715,0.004676374902178709,base+all_candidates
additive,22,ML_assisted_spec,0.5364583333333334,0.9274097918955392,0.5583093921414154,0.008009804699125541,0.0031950508624223367,base+quality_sq
additive,23,MNL,0.5364583333333334,0.9307536724726545,0.5623450811105924,0.00914275455196066,0.0018472377823141998,base
additive,23,Structured_MNL,0.5385416666666667,0.9304916219273667,0.5626761456877423,0.006891554798789559,0.0028813601461598367,base+all_candidates
additive,23,ML_assisted_spec,0.5385416666666667,0.9305314504322598,0.5624517451438462,0.006513260838834635,0.003679106197463121,base+price_sq
additive,24,MNL,0.5395833333333333,0.9415556040451204,0.5705507569528478,0.023746826672107094,0.002855244574765122,base
additive,24,Structured_MNL,0.5364583333333334,0.9451730504413068,0.5730853942107645,0.025843706379074953,0.004286446993027856,base+all_candidates
additive,24,ML_assisted_spec,0.5395833333333333,0.9415556040451204,0.5705507569528478,0.023746826672107094,0.002855244574765122,base
additive,25,MNL,0.559375,0.9275578988980756,0.5555407288841223,0.02379860501463742,0.003430466135798622,base
additive,25,Structured_MNL,0.5604166666666667,0.9277959529926108,0.5561747704369826,0.026249925831558312,0.005427771907034561,base+all_candidates
additive,25,ML_assisted_spec,0.559375,0.9275578988980756,0.5555407288841223,0.02379860501463742,0.003430466135798622,base
additive,26,MNL,0.5645833333333333,0.9296111230380876,0.5581845591363446,0.015450679578715548,0.004653553644903404,base
additive,26,Structured_MNL,0.5697916666666667,0.9307971523354176,0.5588303880079872,0.013194677443691894,0.005134406552708911,base+all_candidates
additive,26,ML_assisted_spec,0.571875,0.9299944091808977,0.5583653841056386,0.014095979106993688,0.003362269117086522,base+price_hinge+evidence_digital+price_income
additive,27,MNL,0.5270833333333333,0.9618091387082647,0.5796445812641464,0.0074994009814657045,0.0028230121687268877,base
additive,27,Structured_MNL,0.5229166666666667,0.9650580778798937,0.5824424776756615,0.004939813214616318,0.0032205201393652257,base+all_candidates
additive,27,ML_assisted_spec,0.5270833333333333,0.9617634877939295,0.5796033945732153,0.007514168100715765,0.0028230121687268877,base+evidence_digital
additive,28,MNL,0.5510416666666667,0.9302232432248982,0.5602620246101123,0.01523127362335585,0.004995838433496494,base
additive,28,Structured_MNL,0.5489583333333333,0.9303226742872528,0.5598575583655188,0.015104217035019485,0.004793646677860747,base+all_candidates
additive,28,ML_assisted_spec,0.5510416666666667,0.9302232432248982,0.5602620246101123,0.01523127362335585,0.004995838433496494,base
additive,29,MNL,0.559375,0.9245903261618679,0.5563710743769019,0.009432813428193954,0.003913401339489932,base
additive,29,Structured_MNL,0.5614583333333333,0.9279581729686609,0.5586731876677208,0.011135973420831505,0.006035650818745058,base+all_candidates
additive,29,ML_assisted_spec,0.5635416666666667,0.9281128490900294,0.5583589061956727,0.009844267029598255,0.004974988141312118,base+quality_sq+quality_support+price_income
nonlinear,0,MNL,0.5395833333333333,0.9494370557199332,0.567162654626322,0.022119443522336857,0.11718087473896853,base
nonlinear,0,Structured_MNL,0.59375,0.8625428574605467,0.5192533610352081,0.012469939853357528,0.001727678991293844,base+all_candidates
nonlinear,0,ML_assisted_spec,0.59375,0.8623854976636719,0.5192332245897578,0.01216235826448735,0.0005728673517415486,base+quality_sq+price_sq+price_income
nonlinear,1,MNL,0.5375,0.9432777469905318,0.5654615565696178,0.023411325435903393,0.12490892916813426,base
nonlinear,1,Structured_MNL,0.5958333333333333,0.8530709378876521,0.5127472559365962,0.018062371644827803,0.0022259381776354396,base+all_candidates
nonlinear,1,ML_assisted_spec,0.5947916666666667,0.8521552580554645,0.5120500135356357,0.017839708513903776,0.0010876109060875495,base+quality_sq+price_sq+evidence_digital+price_income
nonlinear,2,MNL,0.5604166666666667,0.915704493307507,0.5508676444390139,0.002976167903994706,0.08899455324787081,base
nonlinear,2,Structured_MNL,0.5895833333333333,0.8443541784359377,0.5059103271553954,0.004351372652882955,0.002664196004114143,base+all_candidates
nonlinear,2,ML_assisted_spec,0.596875,0.8439757908706635,0.505662587654329,0.00433092884606207,0.0032614838467710907,base+quality_sq+price_sq
nonlinear,3,MNL,0.5927083333333333,0.9090394105841796,0.5364964778952922,0.01750725633901763,0.11589113820900006,base
nonlinear,3,Structured_MNL,0.6125,0.8164680611538,0.4861219140569917,0.011758064275421637,0.0019546645291384428,base+all_candidates
nonlinear,3,ML_assisted_spec,0.6177083333333333,0.8171095848559345,0.4870608487063478,0.014513492751396188,0.005208617219653959,base+quality_sq+price_hinge
nonlinear,4,MNL,0.54375,0.9508339256493109,0.5723697341650521,0.016202514374460145,0.11752225142160093,base
nonlinear,4,Structured_MNL,0.5958333333333333,0.8482809245136178,0.5111597723913608,0.008893661641256604,0.0031928624795282143,base+all_candidates
nonlinear,4,ML_assisted_spec,0.5958333333333333,0.8482836161453164,0.5111915271634829,0.008883836406608819,0.002820228516917369,base+quality_sq+price_sq+evidence_digital+price_income
nonlinear,5,MNL,0.575,0.8977493544507734,0.5379931752349724,0.013513505259741976,0.1072044322303241,base
nonlinear,5,Structured_MNL,0.6260416666666667,0.7959429068993692,0.47842946825144755,0.006338038989342922,0.0037229853654884033,base+all_candidates
nonlinear,5,ML_assisted_spec,0.625,0.7962715604661539,0.47879854425460205,0.006334176608672913,0.003981249833743779,base+quality_sq+price_sq+evidence_digital
nonlinear,6,MNL,0.5510416666666667,0.938448823382673,0.5614778049300366,0.013346522016091678,0.12139370569143174,base
nonlinear,6,Structured_MNL,0.621875,0.8406129768963896,0.5033673350797557,0.014255633526694277,0.004120840161599058,base+all_candidates
nonlinear,6,ML_assisted_spec,0.6197916666666666,0.8399032328938624,0.5029661300885107,0.014211498921375366,0.0032254922823873387,base+quality_sq+price_sq+price_income
nonlinear,7,MNL,0.55625,0.9267241203216252,0.5559955704121902,0.019420003755500997,0.12136241939308808,base
nonlinear,7,Structured_MNL,0.6052083333333333,0.8610476674711532,0.5158015642049502,0.010770002193252111,0.003453960413139362,base+all_candidates
nonlinear,7,ML_assisted_spec,0.596875,0.8583198473654678,0.5146951242851544,0.012223314125387382,0.003334426981056936,base+quality_sq+price_hinge+price_income
nonlinear,8,MNL,0.54375,0.9153293343005962,0.5505753091753187,0.010403512943139381,0.10594192069930627,base
nonlinear,8,Structured_MNL,0.5854166666666667,0.8657704185442038,0.5235172442015367,0.004699923321181116,0.0015697653022396082,base+all_candidates
nonlinear,8,ML_assisted_spec,0.5854166666666667,0.8658418218556398,0.5235224190555742,0.0045528135674039825,0.001367624187209022,base+quality_sq+price_sq+price_income
nonlinear,9,MNL,0.584375,0.8907841397262595,0.5344414852047356,0.017097527821197455,0.10077128179077235,base
nonlinear,9,Structured_MNL,0.6239583333333333,0.8098589545749578,0.4847321263887929,0.010574194980345817,0.0028758456259797087,base+all_candidates
nonlinear,9,ML_assisted_spec,0.6239583333333333,0.8099541654659764,0.48465999806527194,0.010549646334878114,0.0027372878934395256,base+quality_sq+price_sq+price_income
nonlinear,10,MNL,0.5635416666666667,0.9137699314082811,0.5464758800144411,0.011622357181838372,0.09763962505749492,base
nonlinear,10,Structured_MNL,0.59375,0.8344397200338949,0.5025791774399756,0.017991078910658806,0.0014961772686563556,base+all_candidates
nonlinear,10,ML_assisted_spec,0.5947916666666667,0.8343683371623586,0.5025337712864802,0.018012455430147508,0.001377559822601287,base+quality_sq+price_sq+evidence_digital+price_income
nonlinear,11,MNL,0.571875,0.9115990196167227,0.5432808266243365,0.014984923328393815,0.11300730726933479,base
nonlinear,11,Structured_MNL,0.6145833333333334,0.8276676882578992,0.49343934389952826,0.0044028885703511576,0.003424910726120946,base+all_candidates
nonlinear,11,ML_assisted_spec,0.6135416666666667,0.827551658020672,0.493479709953287,0.004507817626071348,0.003839423478245266,base+quality_sq+price_sq+evidence_digital+price_income
nonlinear,12,MNL,0.5552083333333333,0.9278766794683279,0.5524529882263444,0.026253062546199947,0.10794274438516721,base
nonlinear,12,Structured_MNL,0.6072916666666667,0.8359691730353619,0.498714104506772,0.02039024902458357,0.005908912025907934,base+all_candidates
nonlinear,12,ML_assisted_spec,0.6041666666666666,0.8358417683463822,0.49869350180079847,0.020294099902839296,0.006015145804837331,base+quality_sq+price_sq+evidence_digital+price_income
nonlinear,13,MNL,0.590625,0.9106817528452765,0.540644484116597,0.016266719013241178,0.13950366477005835,base
nonlinear,13,Structured_MNL,0.6385416666666667,0.8176184233962949,0.48481152931130383,0.0197910473673705,0.0030072437405667643,base+all_candidates
nonlinear,13,ML_assisted_spec,0.6354166666666666,0.817525166911972,0.484713440452879,0.0197065219903081,0.0026106496787606146,base+quality_sq+price_sq+quality_support+price_income
nonlinear,14,MNL,0.540625,0.9512947184662808,0.5676358316947057,0.026088894943742738,0.1070240051759035,base
nonlinear,14,Structured_MNL,0.5770833333333333,0.8730982144439227,0.5230427581958178,0.01996797232409664,0.001366394066359143,base+all_candidates
nonlinear,14,ML_assisted_spec,0.578125,0.8731104152030105,0.5231093431619238,0.01998618695966468,0.0014884613398551414,base+quality_sq+price_sq+price_hinge+evidence_digital+price_income
nonlinear,15,MNL,0.5802083333333333,0.908871342319131,0.5444193784376429,0.006547640701709632,0.12545275472459835,base
nonlinear,15,Structured_MNL,0.6177083333333333,0.8185787073547576,0.4925115275009878,0.01116698243529111,0.0022817743308031603,base+all_candidates
nonlinear,15,ML_assisted_spec,0.61875,0.8181848859690597,0.4922632039339761,0.011096462825234934,0.0022627611631636296,base+quality_sq+price_sq+quality_support+price_income
nonlinear,16,MNL,0.5666666666666667,0.9234378411961494,0.5528108577435487,0.02421760419706227,0.10898025481239228,base
nonlinear,16,Structured_MNL,0.5979166666666667,0.8306456917413455,0.5008490073309412,0.014736194214728087,0.0028761301368157967,base+all_candidates
nonlinear,16,ML_assisted_spec,0.6020833333333333,0.8306175598483944,0.5008206219733934,0.014676050240495758,0.0023965397820447276,base+quality_sq+price_sq+evidence_digital+price_income
nonlinear,17,MNL,0.58125,0.9052783954419144,0.5390340234041272,0.011302643067205395,0.11597525715290519,base
nonlinear,17,Structured_MNL,0.6364583333333333,0.7948469168125799,0.4765142010478561,0.0018503805643136412,0.00326389985647416,base+all_candidates
nonlinear,17,ML_assisted_spec,0.6260416666666667,0.7952322332824927,0.4767701692619749,0.0022430943156138343,0.0027660807459016974,base+quality_sq+price_sq+price_income
nonlinear,18,MNL,0.55,0.9336859096785358,0.5578423837639858,0.01659721169470151,0.1057802113338379,base
nonlinear,18,Structured_MNL,0.5958333333333333,0.8632554838264883,0.5169046302567663,0.0220023462075973,0.0032235104573322773,base+all_candidates
nonlinear,18,ML_assisted_spec,0.5989583333333334,0.8633446790037907,0.5167868469773504,0.022189513118176858,0.0027750716310205527,base+quality_sq+price_sq+price_income
nonlinear,19,MNL,0.5927083333333333,0.8945420298509191,0.5304206813916982,0.007155265067803385,0.12186778786187885,base
nonlinear,19,Structured_MNL,0.6302083333333334,0.8105035242179457,0.4829925435861205,0.016984958954176642,0.002299075961616746,base+all_candidates
nonlinear,19,ML_assisted_spec,0.6302083333333334,0.8100572381629896,0.4827333891394139,0.017234846213626122,0.002401217206176129,base+quality_sq+price_sq+price_hinge+price_income
nonlinear,20,MNL,0.55625,0.9053183991602344,0.5415371749611315,0.01492961743256068,0.10645669049774312,base
nonlinear,20,Structured_MNL,0.5916666666666667,0.8123275239632404,0.4908914050389022,0.013355285571957375,0.0028165146399335684,base+all_candidates
nonlinear,20,ML_assisted_spec,0.59375,0.8125889095280876,0.49126514683171896,0.013310287037790905,0.002883150303536084,base+quality_sq+price_sq+price_income
nonlinear,21,MNL,0.5822916666666667,0.9006910239363248,0.5410050731657187,0.009462249983110911,0.12004904142729647,base
nonlinear,21,Structured_MNL,0.6114583333333333,0.8264518138437481,0.49724247921821285,0.018756036574869517,0.0015240677424947612,base+all_candidates
nonlinear,21,ML_assisted_spec,0.609375,0.8313986253199782,0.4991453710223894,0.016545547971343603,0.0024189440814381567,base+quality_sq+price_hinge
nonlinear,22,MNL,0.5791666666666667,0.9039459677702548,0.5335196317976901,0.009483861242392951,0.11215593574818856,base
nonlinear,22,Structured_MNL,0.6333333333333333,0.815517100189471,0.4847237880658798,0.01178982723252369,0.0024574049759337113,base+all_candidates
nonlinear,22,ML_assisted_spec,0.6322916666666667,0.8153335945761558,0.4846491414513302,0.011749298267236415,0.0021923925591477798,base+quality_sq+price_sq+price_income
nonlinear,23,MNL,0.5552083333333333,0.9546150924203961,0.5634614446942326,0.023077887880222425,0.09001153168741606,base
nonlinear,23,Structured_MNL,0.584375,0.8657285702689648,0.5171735324258329,0.01867887297371791,0.0028325810999858254,base+all_candidates
nonlinear,23,ML_assisted_spec,0.5864583333333333,0.8655016269257978,0.5171068887560609,0.018559514823045697,0.0033221228860871263,base+quality_sq+price_sq+price_income
nonlinear,24,MNL,0.5854166666666667,0.9107595221158119,0.5427857283645285,0.01795269036757128,0.10780882915925064,base
nonlinear,24,Structured_MNL,0.6125,0.8601051763100162,0.5103174423060769,0.01372789254604667,0.0034555379156864245,base+all_candidates
nonlinear,24,ML_assisted_spec,0.6104166666666667,0.8607528872859737,0.5107728989590136,0.014061078390822261,0.004138369824662056,base+quality_sq+price_sq+evidence_digital
nonlinear,25,MNL,0.5458333333333333,0.9261313424911564,0.5556230754325349,0.010392268469496731,0.1218783808864405,base
nonlinear,25,Structured_MNL,0.5979166666666667,0.8664986842555199,0.5159848327052051,0.0017277245266530724,0.0034561047855504023,base+all_candidates
nonlinear,25,ML_assisted_spec,0.596875,0.86706490312461,0.5163609306693123,0.002000016110424712,0.0034479204898497785,base+quality_sq+price_sq+quality_support
nonlinear,26,MNL,0.590625,0.8964237847140194,0.5349132388973795,0.014543805281569625,0.11370082835963653,base
nonlinear,26,Structured_MNL,0.603125,0.819692647845501,0.4927341290328963,0.010417874906309906,0.0029332703737407154,base+all_candidates
nonlinear,26,ML_assisted_spec,0.6020833333333333,0.8193414500557886,0.49253040035791357,0.01036242783982498,0.0026363488471700487,base+quality_sq+price_sq+quality_support+price_income
nonlinear,27,MNL,0.5614583333333333,0.9128750786555412,0.5474936086697727,0.014630992816143053,0.12285411889986966,base
nonlinear,27,Structured_MNL,0.6010416666666667,0.8323176002924451,0.5018619353077454,0.0190968159134017,0.0037239204588409318,base+all_candidates
nonlinear,27,ML_assisted_spec,0.603125,0.8324906499021888,0.5019434593212212,0.019032462908599147,0.0033219096381287695,base+quality_sq+price_sq
nonlinear,28,MNL,0.5729166666666666,0.9179045434969043,0.5481495228486322,0.009168507314570515,0.13662452952899556,base
nonlinear,28,Structured_MNL,0.615625,0.8368476685135386,0.4986740607507401,0.007342359508927894,0.003629813893734529,base+all_candidates
nonlinear,28,ML_assisted_spec,0.621875,0.8361872433608972,0.4981861533783508,0.006886654596210133,0.004424277979828578,base+quality_sq+price_sq
nonlinear,29,MNL,0.5614583333333333,0.9161596011172637,0.5448598788918747,0.012970407654889837,0.126933841882767,base
nonlinear,29,Structured_MNL,0.6208333333333333,0.8288822937242425,0.4899903617293004,0.005663807192123993,0.00241549553489667,base+all_candidates
nonlinear,29,ML_assisted_spec,0.6177083333333333,0.8308381774091542,0.49111388970478737,0.004927891140384193,0.0029738384810745404,base+quality_sq+price_sq+evidence_digital
threshold,0,MNL,0.56875,0.899819086799202,0.5429613296035415,0.012191467575449064,0.004115441248447879,base
threshold,0,Structured_MNL,0.5645833333333333,0.8945294382808375,0.5418585269089896,0.01553312501314332,0.0027010724775429545,base+all_candidates
threshold,0,ML_assisted_spec,0.5625,0.8945072359896304,0.5418063910900484,0.01541668827155867,0.0024721142858161516,base+quality_sq+price_sq+quality_support+price_income
threshold,1,MNL,0.5739583333333333,0.8907283592867344,0.5391420262833025,0.014503206352341714,0.011357985909868602,base
threshold,1,Structured_MNL,0.5739583333333333,0.8879494851302212,0.5375543536186483,0.010203322642186497,0.006204189492154888,base+all_candidates
threshold,1,ML_assisted_spec,0.5697916666666667,0.8873779778253055,0.5371053471864574,0.01005350227722066,0.0050200124956202045,base+price_sq+evidence_digital+price_income
threshold,2,MNL,0.5541666666666667,0.9162864907407224,0.5518060768618861,0.006978506215745694,0.007978667531136812,base
threshold,2,Structured_MNL,0.5635416666666667,0.9143235463609543,0.5502191288937879,0.009215632056746538,0.0032289303853318156,base+all_candidates
threshold,2,ML_assisted_spec,0.559375,0.9131725926227982,0.549763211114546,0.009121889282521323,0.0026527993772892224,base+price_sq+price_income
threshold,3,MNL,0.5520833333333334,0.9017272985554025,0.5445045068672792,0.011071601554344883,0.00843701604372528,base
threshold,3,Structured_MNL,0.5666666666666667,0.8909212434902222,0.5394892923562989,0.005690940671615461,0.0028675361884748706,base+all_candidates
threshold,3,ML_assisted_spec,0.5583333333333333,0.8944853229643018,0.5408497016217811,0.00823094814108161,0.0034440434249369007,base+price_hinge+evidence_digital+price_income
threshold,4,MNL,0.5572916666666666,0.8979905422926104,0.543684571904987,0.010737491201945084,0.006670638162395001,base
threshold,4,Structured_MNL,0.5572916666666666,0.8946876946362393,0.544210038583503,0.01657066658328554,0.0019417082223352378,base+all_candidates
threshold,4,ML_assisted_spec,0.5541666666666667,0.8939820446297657,0.5438131070350146,0.017025233672405216,0.0015327103295003992,base+price_sq+price_hinge+price_income
threshold,5,MNL,0.5760416666666667,0.8942212872539802,0.5393939735068861,0.005085922645095465,0.004848473321483758,base
threshold,5,Structured_MNL,0.5854166666666667,0.8886416936549684,0.5372694278278544,0.004571644938043592,0.003185838981643451,base+all_candidates
threshold,5,ML_assisted_spec,0.5833333333333334,0.8897661784540675,0.5377295743010716,0.00477982007913049,0.003400248011678477,base+price_sq+price_hinge+quality_support
threshold,6,MNL,0.5708333333333333,0.9061057417380489,0.5460102748845465,0.006092720869202494,0.006011969476025028,base
threshold,6,Structured_MNL,0.5791666666666667,0.9014556318341188,0.5429385329484672,0.002886952649883647,0.0013124027172533095,base+all_candidates
threshold,6,ML_assisted_spec,0.5760416666666667,0.90332530655518,0.5441741017707036,0.0026890094093015844,0.0022746031248767023,base+quality_sq+price_sq+quality_support+evidence_digital
threshold,7,MNL,0.5645833333333333,0.894632083670946,0.5408070582524663,0.009067550564286684,0.01256954273770994,base
threshold,7,Structured_MNL,0.5583333333333333,0.8926344507224103,0.5400527491193051,0.005603480266090896,0.0049136927328404115,base+all_candidates
threshold,7,ML_assisted_spec,0.5604166666666667,0.8936433607573656,0.5402779956560686,0.0076456149308380735,0.008110953647776933,base+quality_sq+price_hinge+quality_support
threshold,8,MNL,0.5697916666666667,0.8990248335850833,0.5400367139112593,0.014989406511569032,0.006961390845187738,base
threshold,8,Structured_MNL,0.5760416666666667,0.8926282160961172,0.5359387910152134,0.013706388046260651,0.0026152049548943427,base+all_candidates
threshold,8,ML_assisted_spec,0.578125,0.8939664519401329,0.5368436589652693,0.01367692626896029,0.0036246188039841675,base+quality_sq+price_sq+quality_support
threshold,9,MNL,0.5833333333333334,0.8718193422705289,0.524041217733267,0.016771183915317227,0.0067752552694705205,base
threshold,9,Structured_MNL,0.5885416666666666,0.8688115561929375,0.520424958946284,0.01104468550830447,0.0021620965612676904,base+all_candidates
threshold,9,ML_assisted_spec,0.5885416666666666,0.868523528904608,0.5201695978186851,0.011321129777400948,0.0020646111831428417,base+quality_sq+price_sq+price_income
threshold,10,MNL,0.553125,0.9029689329569552,0.5425129414268071,0.013426043705817218,0.005666715537237743,base
threshold,10,Structured_MNL,0.55,0.8938452262630229,0.537036844567803,0.009800604462828844,0.002437538586353631,base+all_candidates
threshold,10,ML_assisted_spec,0.5520833333333334,0.8947875628292722,0.5374166431815285,0.009947728173135705,0.0021589862985479363,base+quality_sq+price_sq+price_hinge+evidence_digital+price_income
threshold,11,MNL,0.5395833333333333,0.9278555231030379,0.5633670907322342,0.026852936095929383,0.00815651133451964,base
threshold,11,Structured_MNL,0.5302083333333333,0.9247636809336088,0.5622268085992879,0.024098776291604153,0.0030143190609364565,base+all_candidates
threshold,11,ML_assisted_spec,0.534375,0.9252956398992057,0.5622753180723588,0.024034725761298104,0.0030930594987405493,base+price_sq+price_hinge
threshold,12,MNL,0.5666666666666667,0.8961728619470983,0.5410082709914604,0.026263223558343467,0.01108352616216472,base
threshold,12,Structured_MNL,0.5625,0.8834532510778499,0.5343165917332366,0.0223913326419811,0.004004979214925558,base+all_candidates
threshold,12,ML_assisted_spec,0.5625,0.8837969333135226,0.5345465905597372,0.02256184985948264,0.004004979214925558,base+quality_sq+price_sq+evidence_digital+price_income
threshold,13,MNL,0.5427083333333333,0.9149675808001547,0.5521721501603516,0.011707690405474425,0.012058040692384938,base
threshold,13,Structured_MNL,0.540625,0.9113265355078765,0.5509429366383055,0.004680619915918216,0.005301161191974579,base+all_candidates
threshold,13,ML_assisted_spec,0.5458333333333333,0.9113295559570062,0.5507542206646666,0.004607105750308312,0.00479740545164641,base+price_sq+price_income
threshold,14,MNL,0.54375,0.9320955300575992,0.5622259786795707,0.008926957716537428,0.007178132555011994,base
threshold,14,Structured_MNL,0.5520833333333334,0.93061686697643,0.560866725801997,0.00555671782952562,0.0010576925649018016,base+all_candidates
threshold,14,ML_assisted_spec,0.5552083333333333,0.932309075424553,0.562170556699275,0.005315911233305501,0.002184565695834272,base+price_sq+quality_support
threshold,15,MNL,0.55625,0.9290686367600582,0.5623920308683095,0.01307405137391046,0.008909714299160373,base
threshold,15,Structured_MNL,0.5583333333333333,0.9239007755575834,0.5599190065204069,0.0072766580440876165,0.0032430113888222978,base+all_candidates
threshold,15,ML_assisted_spec,0.5583333333333333,0.9269386426803021,0.5612485503004802,0.01043520910586535,0.005468107599456899,base+quality_sq+price_hinge+evidence_digital+price_income
threshold,16,MNL,0.5760416666666667,0.893406692383936,0.5369201135249774,0.007662302429370806,0.011139873313776671,base
threshold,16,Structured_MNL,0.5822916666666667,0.8925504600079821,0.536125304727164,0.011855093825151044,0.004256222184689695,base+all_candidates
threshold,16,ML_assisted_spec,0.5822916666666667,0.8917639660009317,0.5359109713196365,0.00931766259718417,0.005491765263012022,base+price_hinge
threshold,17,MNL,0.5614583333333333,0.9022727564514229,0.5441580314771824,0.02602788786065225,0.0065073553067959275,base
threshold,17,Structured_MNL,0.5572916666666666,0.900471913430413,0.5442488785724229,0.025030038571642044,0.003004787838810208,base+all_candidates
threshold,17,ML_assisted_spec,0.553125,0.9007266013377503,0.5445935096017275,0.025007992730764372,0.0032022537086797945,base+price_sq+price_hinge+quality_support+evidence_digital+price_income
threshold,18,MNL,0.5677083333333334,0.8990279695637634,0.5400842829153656,0.013686706057876476,0.004912711711037043,base
threshold,18,Structured_MNL,0.565625,0.895232104491284,0.5395590786031667,0.012859703620384352,0.0021417043484788004,base+all_candidates
threshold,18,ML_assisted_spec,0.56875,0.8973097828752769,0.539895321963813,0.012796440489721114,0.002109334979597152,base+price_hinge+quality_support
threshold,19,MNL,0.5614583333333333,0.898998696193601,0.5427299171445701,0.01647512692713653,0.005177537713142868,base
threshold,19,Structured_MNL,0.5604166666666667,0.8920059338868593,0.5399523533866021,0.014573463013487171,0.0015594719078042838,base+all_candidates
threshold,19,ML_assisted_spec,0.5541666666666667,0.8909412052378138,0.5393918900154147,0.015038860760985717,0.000947257332951953,base+price_sq+price_income
threshold,20,MNL,0.5447916666666667,0.9228153598722926,0.559715511268464,0.01826908392591723,0.006220067870012156,base
threshold,20,Structured_MNL,0.540625,0.9186627229622605,0.556970982792412,0.013461337517361109,0.0017112001399963647,base+all_candidates
threshold,20,ML_assisted_spec,0.5458333333333333,0.9177821396071306,0.5565695360031914,0.012623729299372844,0.0022755763485274483,base+price_sq
threshold,21,MNL,0.5572916666666666,0.9138849278433567,0.5538545510985616,0.011794200410277728,0.006365704033625138,base
threshold,21,Structured_MNL,0.553125,0.9128545663567184,0.553813026027608,0.007547197449958915,0.0035877572432319966,base+all_candidates
threshold,21,ML_assisted_spec,0.5552083333333333,0.9128160344019015,0.5537065277331811,0.007613252085684418,0.003331144179427483,base+quality_sq+price_sq+price_hinge+evidence_digital+price_income
threshold,22,MNL,0.54375,0.9173791020319287,0.555421927848707,0.01258220638921861,0.00540817794962335,base
threshold,22,Structured_MNL,0.5447916666666667,0.9186306616087425,0.555192787240779,0.010584799468306542,0.002440543439770418,base+all_candidates
threshold,22,ML_assisted_spec,0.546875,0.918808532700939,0.5551247576389258,0.010541896085229102,0.002414880457414087,base+price_sq+price_income
threshold,23,MNL,0.546875,0.9240426361457398,0.5585943502237335,0.011536435927051935,0.008304118866345692,base
threshold,23,Structured_MNL,0.5375,0.9243108733088886,0.5595308042978359,0.006449740562762753,0.001673145991777244,base+all_candidates
threshold,23,ML_assisted_spec,0.5322916666666667,0.9220092632050677,0.5580296095200297,0.006476424059602287,0.0013296093212480757,base+price_sq+price_hinge+price_income
threshold,24,MNL,0.55625,0.9180512455651565,0.5560702863122259,0.019073749023759114,0.008693545420904404,base
threshold,24,Structured_MNL,0.5541666666666667,0.9199784644309484,0.5570400496437136,0.016235887658161828,0.00472723541047724,base+all_candidates
threshold,24,ML_assisted_spec,0.553125,0.9166396106058373,0.5551197601068306,0.015418823526767211,0.0029678935742234016,base+price_sq+price_income
threshold,25,MNL,0.575,0.899385693700785,0.5413240410846285,0.014941823747045054,0.005898855103452664,base
threshold,25,Structured_MNL,0.5729166666666666,0.9017115929264077,0.5409572656883711,0.013174849073861997,0.003675061875650735,base+all_candidates
threshold,25,ML_assisted_spec,0.5760416666666667,0.9018462605133268,0.5406761813107267,0.012787211227466988,0.004117969720495222,base+quality_sq+price_sq+price_hinge
threshold,26,MNL,0.5833333333333334,0.8797263549239995,0.5265891445049289,0.011565575329341292,0.0065446397984942695,base
threshold,26,Structured_MNL,0.6010416666666667,0.8747011935393035,0.5224562316678554,0.008048043356362786,0.0023532451028566077,base+all_candidates
threshold,26,ML_assisted_spec,0.6010416666666667,0.8737715524128524,0.5219770192748253,0.007323426313968996,0.0031923111160971325,base+price_sq+price_hinge+quality_support
threshold,27,MNL,0.5541666666666667,0.9099157582840822,0.5498951761341531,0.006031428765399523,0.0073979691608662655,base
threshold,27,Structured_MNL,0.5604166666666667,0.9069867061837168,0.5472889619939229,0.006824999279433665,0.003359431335147809,base+all_candidates
threshold,27,ML_assisted_spec,0.5614583333333333,0.9070369960750345,0.5473942379725172,0.006931795048510833,0.003214182128500697,base+price_sq+price_hinge+quality_support+evidence_digital+price_income
threshold,28,MNL,0.5729166666666666,0.9070215860791329,0.5438998243829055,0.008821925433857594,0.007317405169904369,base
threshold,28,Structured_MNL,0.5739583333333333,0.9116654247552151,0.5446551464601079,0.008683760474380029,0.00376747163105561,base+all_candidates
threshold,28,ML_assisted_spec,0.5697916666666667,0.9080157239558289,0.543800394961554,0.008063337638824128,0.005785766719826626,base+quality_sq+price_hinge
threshold,29,MNL,0.565625,0.8980505261656486,0.5411389029089445,0.03231983256210154,0.005136691713565983,base
threshold,29,Structured_MNL,0.5572916666666666,0.8899554577720081,0.5383294054138423,0.02833359981208137,0.0026439637208283987,base+all_candidates
threshold,29,ML_assisted_spec,0.5583333333333333,0.8894223715391679,0.5379117667915032,0.02780678666626247,0.0025687036093215154,base+price_sq+price_hinge+quality_support+evidence_digital+price_income
interaction,0,MNL,0.5604166666666667,0.9334847884355116,0.5575018156958291,0.016711615139528197,0.10940857334093425,base
interaction,0,Structured_MNL,0.5854166666666667,0.8526026133132449,0.512719673113197,0.012110777752571342,0.0022649525599195788,base+all_candidates
interaction,0,ML_assisted_spec,0.5885416666666666,0.851853763231347,0.5116797169961477,0.014297714541062741,0.0025494789470032623,base+quality_support+evidence_digital+price_income
interaction,1,MNL,0.5614583333333333,0.9443487551989255,0.5606035434504986,0.00785417439137048,0.100536220175605,base
interaction,1,Structured_MNL,0.5916666666666667,0.8679940526593174,0.5179200747635924,0.015521934133780904,0.0033356539614540935,base+all_candidates
interaction,1,ML_assisted_spec,0.5895833333333333,0.8678715828735523,0.5176412082873275,0.013080185460198845,0.003989740631598473,base+price_hinge+quality_support+evidence_digital
interaction,2,MNL,0.55,0.9443037873828899,0.5615932897895478,0.009967107739175904,0.11532322979797753,base
interaction,2,Structured_MNL,0.5979166666666667,0.8394589884180187,0.5037576646965948,0.0110369002239896,0.00277560563543999,base+all_candidates
interaction,2,ML_assisted_spec,0.6010416666666667,0.839742629214957,0.5038980895039468,0.010917479548997437,0.003026795937829537,base+price_sq+quality_support+evidence_digital
interaction,3,MNL,0.5729166666666666,0.9163223860842094,0.5451284256923062,0.004557787214274861,0.11163614024418098,base
interaction,3,Structured_MNL,0.609375,0.8363641188605039,0.49887970259579273,0.00923667379349806,0.003334725041780179,base+all_candidates
interaction,3,ML_assisted_spec,0.609375,0.8361282877036175,0.4986626201659038,0.00961927724150428,0.002893725712490475,base+price_sq+quality_support+evidence_digital+price_income
interaction,4,MNL,0.5239583333333333,0.9824800766932549,0.5864397322774525,0.009726350922974622,0.14287067089055808,base
interaction,4,Structured_MNL,0.5854166666666667,0.878399066984853,0.5267778130278765,0.009056226078675627,0.002090778523117947,base+all_candidates
interaction,4,ML_assisted_spec,0.5875,0.8781086419352739,0.5266105019058532,0.008766514734209183,0.0022956740449170112,base+price_sq+quality_support+evidence_digital+price_income
interaction,5,MNL,0.5364583333333334,0.9455473879087245,0.568582396687628,0.017361531903704895,0.11267023767206982,base
interaction,5,Structured_MNL,0.5989583333333334,0.8717229032136304,0.5211755148725158,0.0191342265668274,0.002875754750425234,base+all_candidates
interaction,5,ML_assisted_spec,0.603125,0.8688453930879624,0.5196752731871018,0.01899599253063617,0.002225630655423941,base+price_sq+quality_support+evidence_digital+price_income
interaction,6,MNL,0.5604166666666667,0.9394559617198346,0.5609643636041102,0.007126291285490923,0.1324018019494542,base
interaction,6,Structured_MNL,0.596875,0.8707988858801738,0.5198716112132346,0.006721220084258082,0.004146146830651313,base+all_candidates
interaction,6,ML_assisted_spec,0.5979166666666667,0.8711122029104937,0.5201252642964086,0.006860344519335991,0.004234181986554091,base+price_sq+quality_support+evidence_digital
interaction,7,MNL,0.5572916666666666,0.9296696161459919,0.5540995833560307,0.012506571330914946,0.10995015987424267,base
interaction,7,Structured_MNL,0.6104166666666667,0.8401337693578722,0.49945647399251347,0.014347085391332884,0.004291443198268173,base+all_candidates
interaction,7,ML_assisted_spec,0.6114583333333333,0.8401218747165833,0.4994258683951511,0.01419749248940075,0.004170480375628862,base+price_sq+quality_support+evidence_digital+price_income
interaction,8,MNL,0.5552083333333333,0.9322001987848751,0.561061577165558,0.00497415856125248,0.11720015328266668,base
interaction,8,Structured_MNL,0.6072916666666667,0.845857005391745,0.5091404192733006,0.005402535027418938,0.005944761678484578,base+all_candidates
interaction,8,ML_assisted_spec,0.6020833333333333,0.848745363444591,0.5103908711382663,0.00453758483890697,0.004885396130625578,base+price_hinge+quality_support+evidence_digital
interaction,9,MNL,0.5510416666666667,0.9396300846180068,0.5600386713616656,0.008581514549105728,0.1221996284354417,base
interaction,9,Structured_MNL,0.5822916666666667,0.8707318561153533,0.5202240377611667,0.00802381333807623,0.004853417906143453,base+all_candidates
interaction,9,ML_assisted_spec,0.5822916666666667,0.8706358484456018,0.5201534999496683,0.007730823228277164,0.0047733633520230506,base+price_sq+quality_support+evidence_digital+price_income
interaction,10,MNL,0.5614583333333333,0.9275586859564459,0.5504574533729402,0.03073486197508876,0.12314098668317695,base
interaction,10,Structured_MNL,0.6166666666666667,0.8325031276174695,0.49690798123655977,0.022182887776556765,0.004382240824514495,base+all_candidates
interaction,10,ML_assisted_spec,0.6114583333333333,0.8317253905879646,0.49738006557719383,0.023141829287988438,0.0038723124837916857,base+quality_sq+price_hinge+quality_support+evidence_digital
interaction,11,MNL,0.5927083333333333,0.9007576712170954,0.533336171896723,0.009415397472525667,0.11064576190457082,base
interaction,11,Structured_MNL,0.63125,0.8174547856857526,0.4858181380285624,0.013632385224892895,0.00632602430294229,base+all_candidates
interaction,11,ML_assisted_spec,0.634375,0.81742008095731,0.4859945757355844,0.012690028306292025,0.004222237986933819,base+price_hinge+quality_support+evidence_digital+price_income
interaction,12,MNL,0.54375,0.9442953199099728,0.560823543261468,0.003442345953510147,0.09438004180380663,base
interaction,12,Structured_MNL,0.5833333333333334,0.871147587182211,0.519387790828437,0.004011856341276535,0.0027874986744570607,base+all_candidates
interaction,12,ML_assisted_spec,0.5802083333333333,0.8707619259530941,0.5192654239847749,0.0033130269954925835,0.003431306888979127,base+price_sq+quality_support+evidence_digital
interaction,13,MNL,0.5625,0.9374219927026062,0.5645577029343005,0.022668638285310974,0.11479027647403545,base
interaction,13,Structured_MNL,0.5791666666666667,0.8750686734607472,0.5275008189919915,0.023197558272781648,0.0037699616410479422,base+all_candidates
interaction,13,ML_assisted_spec,0.5802083333333333,0.8749921740775364,0.5274407008798214,0.023204981301930765,0.00369159830567448,base+quality_sq+price_sq+quality_support+evidence_digital+price_income
interaction,14,MNL,0.559375,0.9452182547129143,0.5616446544999971,0.03207520622740801,0.11929710025390093,base
interaction,14,Structured_MNL,0.6125,0.8451276510607825,0.5038019011486329,0.027247976472019285,0.005828662289398556,base+all_candidates
interaction,14,ML_assisted_spec,0.6125,0.8459316521322734,0.5043312274172685,0.028233587085260553,0.00561411550113994,base+quality_support+evidence_digital+price_income
interaction,15,MNL,0.5510416666666667,0.9435698156230111,0.5613356273869828,0.004313417343567437,0.11049508222521973,base
interaction,15,Structured_MNL,0.5729166666666666,0.8799535062138785,0.5262173242999963,0.0075222093142943685,0.004769178662788532,base+all_candidates
interaction,15,ML_assisted_spec,0.5666666666666667,0.8783229759907206,0.5252646902455941,0.007465705867987402,0.0028994910045617977,base+price_hinge+quality_support+evidence_digital+price_income
interaction,16,MNL,0.5708333333333333,0.9165216718862468,0.5407611612062412,0.003371210343279298,0.1045069917262761,base
interaction,16,Structured_MNL,0.6052083333333333,0.8337224166675788,0.49475733608918215,0.0038925642461207933,0.004403967441233436,base+all_candidates
interaction,16,ML_assisted_spec,0.6072916666666667,0.8324694791986423,0.49369385415534334,0.002834494921653842,0.0030552828566931126,base+quality_sq+price_hinge+quality_support+evidence_digital+price_income
interaction,17,MNL,0.56875,0.9311832691224408,0.5526247010949317,0.008203736194550431,0.11266610179058727,base
interaction,17,Structured_MNL,0.590625,0.8339485276374751,0.5018764717983535,0.012608309497498625,0.004950405966161544,base+all_candidates
interaction,17,ML_assisted_spec,0.5895833333333333,0.8341696798243458,0.5020881477463404,0.012525438279547989,0.004640901728031402,base+price_sq+quality_support+evidence_digital+price_income
interaction,18,MNL,0.5302083333333333,0.9500613324970186,0.5712909121678187,0.016070740299649246,0.11158063709806226,base
interaction,18,Structured_MNL,0.5583333333333333,0.8969012666190627,0.5395842614756847,0.013742230803882373,0.0052470186173516065,base+all_candidates
interaction,18,ML_assisted_spec,0.5614583333333333,0.8959279588986053,0.5389941248040685,0.014219687326154523,0.0038397790938561947,base+quality_support+evidence_digital+price_income
interaction,19,MNL,0.55,0.9346311274797621,0.5559460839959093,0.02102279406105296,0.11032141862082773,base
interaction,19,Structured_MNL,0.584375,0.8524254153885401,0.5133785495644436,0.02021807538790789,0.0033334120011328378,base+all_candidates
interaction,19,ML_assisted_spec,0.5822916666666667,0.8516874136203927,0.5124414446364569,0.019403158387915093,0.0023675012156134587,base+price_hinge+quality_support+evidence_digital
interaction,20,MNL,0.5822916666666667,0.9202174801364026,0.5484156529308414,0.0036772307027084982,0.11343236066798183,base
interaction,20,Structured_MNL,0.6041666666666666,0.8509487311626082,0.5080526223451078,0.006221915703391904,0.001305547179025387,base+all_candidates
interaction,20,ML_assisted_spec,0.6041666666666666,0.8503544946103347,0.5069447828793892,0.0034908486729839346,0.001941337627608233,base+quality_support+evidence_digital
interaction,21,MNL,0.5583333333333333,0.9287080931749507,0.5543584843351249,0.013112443192153796,0.10862117023216851,base
interaction,21,Structured_MNL,0.6010416666666667,0.8603925619387472,0.5110116100682432,0.015190050303532427,0.0028229504165731786,base+all_candidates
interaction,21,ML_assisted_spec,0.603125,0.8601671697661054,0.5109694996332267,0.015532920714635839,0.0030297812070652305,base+quality_sq+price_sq+quality_support+evidence_digital
interaction,22,MNL,0.5604166666666667,0.9486518592694744,0.564913884103062,0.01548392780044336,0.11560803424865655,base
interaction,22,Structured_MNL,0.5958333333333333,0.8774853062669398,0.521973734723998,0.014855698624618231,0.002413499729781039,base+all_candidates
interaction,22,ML_assisted_spec,0.6,0.8766922429375834,0.5214700851274959,0.013271874128473481,0.001502689797087757,base+price_hinge+quality_support+evidence_digital+price_income
interaction,23,MNL,0.5489583333333333,0.9615958685355086,0.5702053016383802,0.002135462082252279,0.12219318541052157,base
interaction,23,Structured_MNL,0.5916666666666667,0.8731700922512462,0.5170797593430616,0.0032549822514744173,0.006801556636346893,base+all_candidates
interaction,23,ML_assisted_spec,0.5854166666666667,0.8752960397902072,0.5180845761225287,0.003972401688914592,0.006964327113824456,base+quality_support+evidence_digital
interaction,24,MNL,0.5510416666666667,0.9265585461734699,0.5538481372693641,0.014135026909955111,0.11132243993883723,base
interaction,24,Structured_MNL,0.590625,0.865788141950858,0.5196553894007845,0.011054898940762477,0.005183068097512002,base+all_candidates
interaction,24,ML_assisted_spec,0.5895833333333333,0.865618404007699,0.5195281034502874,0.011441378405693361,0.005232046932873647,base+price_sq+quality_support+evidence_digital+price_income
interaction,25,MNL,0.5510416666666667,0.9352000914850381,0.5592542762714585,0.02174006162768799,0.08315825022597616,base
interaction,25,Structured_MNL,0.5864583333333333,0.8558095339625341,0.5120317874829491,0.024015372080040252,0.0044169452797961795,base+all_candidates
interaction,25,ML_assisted_spec,0.5927083333333333,0.8541399673439022,0.5106220402280293,0.02123927368454912,0.002549396830732621,base+quality_sq+quality_support+evidence_digital+price_income
interaction,26,MNL,0.5541666666666667,0.9401642093333608,0.5587016007127767,0.006761780420195975,0.10632027468303888,base
interaction,26,Structured_MNL,0.5947916666666667,0.8638420399587562,0.5154857454946175,0.0016033473815177625,0.006720418342723509,base+all_candidates
interaction,26,ML_assisted_spec,0.59375,0.8623153624251352,0.5144699175565769,0.0014291041160327783,0.006244809587189495,base+price_sq+quality_support+evidence_digital+price_income
interaction,27,MNL,0.5447916666666667,0.9521460116105932,0.5697530314172056,0.025129441204864517,0.11881234540408364,base
interaction,27,Structured_MNL,0.5770833333333333,0.8672623493171655,0.5223145585233914,0.022530903302515684,0.0029565556893782533,base+all_candidates
interaction,27,ML_assisted_spec,0.5760416666666667,0.8633878645769809,0.5212294791906013,0.023925378377362375,0.0038230004440041273,base+quality_sq+quality_support+evidence_digital
interaction,28,MNL,0.5666666666666667,0.922441019459064,0.5506186099592332,0.005443787445510629,0.1202791784845656,base
interaction,28,Structured_MNL,0.6041666666666666,0.8389916371106761,0.5059243950099399,0.0005748906106952449,0.004121571505092741,base+all_candidates
interaction,28,ML_assisted_spec,0.6104166666666667,0.8422529557958095,0.5079769965351618,0.002853033391601631,0.004051502030061016,base+quality_support+evidence_digital
interaction,29,MNL,0.5614583333333333,0.9458594125283762,0.5629061254217971,0.01585775860592934,0.09035588794474081,base
interaction,29,Structured_MNL,0.596875,0.8757387517528031,0.5199463144046201,0.014442629056028248,0.0020563363356949802,base+all_candidates
interaction,29,ML_assisted_spec,0.5958333333333333,0.8757839726541811,0.5205277473222011,0.014207688092682086,0.002214026691152639,base+price_sq+quality_support+evidence_digital
heterogeneity,0,MNL,0.5208333333333334,0.9573473108175049,0.5768684092352158,0.01872449972904763,0.03889257576866756,base
heterogeneity,0,Structured_MNL,0.515625,0.959886227706418,0.5772326867919458,0.01824647332214939,0.0420231256770902,base+all_candidates
heterogeneity,0,ML_assisted_spec,0.51875,0.9551755866282926,0.5757991782832091,0.01860653042936085,0.038809836094070516,base+price_income
heterogeneity,1,MNL,0.5104166666666666,0.9689172034627634,0.5861734507527043,0.028219687120314994,0.05624378740991558,base
heterogeneity,1,Structured_MNL,0.509375,0.9678433495023856,0.5849569920534672,0.027682068787086227,0.05260910920769657,base+all_candidates
heterogeneity,1,ML_assisted_spec,0.5104166666666666,0.9677668021658437,0.5848693982001268,0.028671916252833322,0.04741255321603454,base+price_income
heterogeneity,2,MNL,0.5395833333333333,0.9352193211522116,0.563984002650687,0.007956802173304002,0.042371558636258744,base
heterogeneity,2,Structured_MNL,0.5385416666666667,0.937354982864175,0.5652143150123009,0.006524325847913577,0.04659709071628535,base+all_candidates
heterogeneity,2,ML_assisted_spec,0.5395833333333333,0.9352193211522116,0.563984002650687,0.007956802173304002,0.042371558636258744,base
heterogeneity,3,MNL,0.5427083333333333,0.9383136521485436,0.5646765092096923,0.020061160543778146,0.04503303647461931,base
heterogeneity,3,Structured_MNL,0.5510416666666667,0.939823522407504,0.5650061858379534,0.01740200174155517,0.04250040842793181,base+all_candidates
heterogeneity,3,ML_assisted_spec,0.5479166666666667,0.9396811322359232,0.5652948571494693,0.01836848688165375,0.037470742620587034,base+price_income
heterogeneity,4,MNL,0.5260416666666666,0.947290266173703,0.5733051640769987,0.0035674912930537344,0.0312141805891959,base
heterogeneity,4,Structured_MNL,0.5145833333333333,0.951614787147585,0.5763526393588927,0.005039436206511447,0.036814095198949306,base+all_candidates
heterogeneity,4,ML_assisted_spec,0.521875,0.9501030207957613,0.5751313504410035,0.003492600376940879,0.032587588341434645,base+quality_sq+quality_support+price_income
heterogeneity,5,MNL,0.51875,0.9582027452855805,0.5777165344509106,0.014721064942075915,0.041408358439991105,base
heterogeneity,5,Structured_MNL,0.5166666666666667,0.9579620625890615,0.5781681866537928,0.017383237872107448,0.04223918804978406,base+all_candidates
heterogeneity,5,ML_assisted_spec,0.51875,0.9582027452855805,0.5777165344509106,0.014721064942075915,0.041408358439991105,base
heterogeneity,6,MNL,0.515625,0.9604501753800702,0.5771949939140126,0.02142424002440901,0.03394154299220029,base
heterogeneity,6,Structured_MNL,0.525,0.9593961222062167,0.5766304219829332,0.019456171343914464,0.03869462582734596,base+all_candidates
heterogeneity,6,ML_assisted_spec,0.515625,0.9604501753800702,0.5771949939140126,0.02142424002440901,0.03394154299220029,base
heterogeneity,7,MNL,0.540625,0.9488254340141596,0.5693244691161251,0.010965765592219576,0.03125311498000546,base
heterogeneity,7,Structured_MNL,0.5333333333333333,0.9509481822144904,0.5711406722565276,0.009968072846452422,0.035182396928912334,base+all_candidates
heterogeneity,7,ML_assisted_spec,0.540625,0.9488254340141596,0.5693244691161251,0.010965765592219576,0.03125311498000546,base
heterogeneity,8,MNL,0.546875,0.9314733623162245,0.5593686470467001,0.00518491909279987,0.032404699802994257,base
heterogeneity,8,Structured_MNL,0.546875,0.9334366864026697,0.5604160672006001,0.005187386834775207,0.03092948514067958,base+all_candidates
heterogeneity,8,ML_assisted_spec,0.546875,0.9314733623162245,0.5593686470467001,0.00518491909279987,0.032404699802994257,base
heterogeneity,9,MNL,0.5177083333333333,0.9594328753916247,0.5827093795180425,0.004372105384994184,0.04628404580184124,base
heterogeneity,9,Structured_MNL,0.5166666666666667,0.9587329304023323,0.5823559264292598,0.0021141223133178265,0.04268066986421425,base+all_candidates
heterogeneity,9,ML_assisted_spec,0.5208333333333334,0.9600146543065141,0.5832025038022788,0.0020913161958752875,0.04507404130394309,base+price_sq
heterogeneity,10,MNL,0.5427083333333333,0.9315715992786161,0.5618390785624373,0.00846147620779566,0.05141495477623665,base
heterogeneity,10,Structured_MNL,0.5395833333333333,0.9344733345494397,0.5631020852565835,0.008091256349043069,0.05111483531322533,base+all_candidates
heterogeneity,10,ML_assisted_spec,0.546875,0.930398389397083,0.561213671175489,0.007686629758761771,0.04479644703364049,base+price_income
heterogeneity,11,MNL,0.5395833333333333,0.9531313931793027,0.5724758541512649,0.015921302093031685,0.03525219873221157,base
heterogeneity,11,Structured_MNL,0.540625,0.9545436429562884,0.5721781500488317,0.01822635829364494,0.03569725958420656,base+all_candidates
heterogeneity,11,ML_assisted_spec,0.5395833333333333,0.9531313931793027,0.5724758541512649,0.015921302093031685,0.03525219873221157,base
heterogeneity,12,MNL,0.528125,0.9393967803527894,0.5666713379053294,0.012373136929780528,0.0417803830801407,base
heterogeneity,12,Structured_MNL,0.5270833333333333,0.9413474209799281,0.567146796671196,0.01132963239917613,0.042051641560893596,base+all_candidates
heterogeneity,12,ML_assisted_spec,0.528125,0.9393967803527894,0.5666713379053294,0.012373136929780528,0.0417803830801407,base
heterogeneity,13,MNL,0.51875,0.9840399633618212,0.5912202087203201,0.004256679216651964,0.03808847455858812,base
heterogeneity,13,Structured_MNL,0.515625,0.9868292703388245,0.5909926433864219,0.0030935670139147276,0.039792990475407714,base+all_candidates
heterogeneity,13,ML_assisted_spec,0.5145833333333333,0.9858722810466657,0.591356360715984,0.00353482890266333,0.036178860251843796,base+quality_support+price_income
heterogeneity,14,MNL,0.51875,0.968171668770034,0.5817137397858049,0.01209317433780464,0.042943954554281634,base
heterogeneity,14,Structured_MNL,0.5239583333333333,0.9695700304666187,0.5819223259837308,0.011066159925406679,0.04654289444260951,base+all_candidates
heterogeneity,14,ML_assisted_spec,0.5208333333333334,0.967006625739652,0.5808330438068211,0.011499344835200005,0.04701869053526342,base+evidence_digital+price_income
heterogeneity,15,MNL,0.5260416666666666,0.9474647675809507,0.5692843583656413,0.0026246943469227266,0.02999914439383344,base
heterogeneity,15,Structured_MNL,0.5239583333333333,0.9511175814343055,0.570450735293133,0.0015672350643649818,0.030182490788489884,base+all_candidates
heterogeneity,15,ML_assisted_spec,0.5260416666666666,0.9474647675809507,0.5692843583656413,0.0026246943469227266,0.02999914439383344,base
heterogeneity,16,MNL,0.525,0.9565397959158676,0.5750300774188912,0.010425481173772174,0.044276404317773424,base
heterogeneity,16,Structured_MNL,0.51875,0.9595947415680895,0.576532569440505,0.010844254304397187,0.04588106813546931,base+all_candidates
heterogeneity,16,ML_assisted_spec,0.525,0.9565397959158676,0.5750300774188912,0.010425481173772174,0.044276404317773424,base
heterogeneity,17,MNL,0.5239583333333333,0.9577630792849199,0.5764798199911787,0.02222886818471732,0.037833206315275716,base
heterogeneity,17,Structured_MNL,0.5302083333333333,0.958673101993944,0.5760717411764722,0.021714035230490928,0.03828657407164441,base+all_candidates
heterogeneity,17,ML_assisted_spec,0.5260416666666666,0.9585618400511426,0.5761801159452179,0.021370419620939603,0.037529809594055226,base+price_sq+price_income
heterogeneity,18,MNL,0.5447916666666667,0.9309773152763408,0.5613003912837565,0.009938726017703322,0.035996398247340376,base
heterogeneity,18,Structured_MNL,0.5395833333333333,0.9292119671536543,0.5605963825586786,0.01046489622841577,0.04335195641584779,base+all_candidates
heterogeneity,18,ML_assisted_spec,0.5447916666666667,0.9309773152763408,0.5613003912837565,0.009938726017703322,0.035996398247340376,base
heterogeneity,19,MNL,0.5354166666666667,0.9538089406582271,0.5739364587209516,0.019492908619998455,0.03973533132348031,base
heterogeneity,19,Structured_MNL,0.5260416666666666,0.9597645097179835,0.5763128884363334,0.017662091899366898,0.03929730464359933,base+all_candidates
heterogeneity,19,ML_assisted_spec,0.5354166666666667,0.9538089406582271,0.5739364587209516,0.019492908619998455,0.03973533132348031,base
heterogeneity,20,MNL,0.54375,0.942140444621389,0.5645627953921342,0.014373524381873205,0.030790324677835632,base
heterogeneity,20,Structured_MNL,0.5385416666666667,0.9479200876439972,0.566159861481679,0.015316722664388422,0.03293270672970738,base+all_candidates
heterogeneity,20,ML_assisted_spec,0.5364583333333334,0.9482738262699038,0.5666062788873526,0.015869925055234484,0.0339847505049906,base+price_sq+quality_support
heterogeneity,21,MNL,0.525,0.9599357846092534,0.5736039878859261,0.011020247839558708,0.045135027509019446,base
heterogeneity,21,Structured_MNL,0.521875,0.9622255616808201,0.5739678364710638,0.008985291294108995,0.044170364597219604,base+all_candidates
heterogeneity,21,ML_assisted_spec,0.525,0.9599357846092534,0.5736039878859261,0.011020247839558708,0.045135027509019446,base
heterogeneity,22,MNL,0.5197916666666667,0.96193045618849,0.5812866577613498,0.016536442112924044,0.05495831059594765,base
heterogeneity,22,Structured_MNL,0.5208333333333334,0.9632881873539816,0.5816010008878257,0.017039682263637345,0.05349749301661022,base+all_candidates
heterogeneity,22,ML_assisted_spec,0.5208333333333334,0.9612450452880239,0.5807834668512051,0.016519094752821345,0.054631788820528146,base+evidence_digital
heterogeneity,23,MNL,0.521875,0.9675142834394089,0.5808018377115065,0.0009013077254414971,0.04152582914357506,base
heterogeneity,23,Structured_MNL,0.5166666666666667,0.9763495082193515,0.5860658503900713,0.0025003624516955177,0.044028631868450026,base+all_candidates
heterogeneity,23,ML_assisted_spec,0.521875,0.9675142834394089,0.5808018377115065,0.0009013077254414971,0.04152582914357506,base
heterogeneity,24,MNL,0.51875,0.9584912662140916,0.5799722952243652,0.019429746734536183,0.04455333962178288,base
heterogeneity,24,Structured_MNL,0.521875,0.9588271176997092,0.579063852129812,0.017028434887631585,0.04138083890813122,base+all_candidates
heterogeneity,24,ML_assisted_spec,0.51875,0.9584912662140916,0.5799722952243652,0.019429746734536183,0.04455333962178288,base
heterogeneity,25,MNL,0.5427083333333333,0.9403894632271023,0.5695404067233475,0.021023168235008726,0.03573994326522076,base
heterogeneity,25,Structured_MNL,0.5333333333333333,0.9431213004817262,0.5711483044357467,0.018694519593417756,0.043709609093938756,base+all_candidates
heterogeneity,25,ML_assisted_spec,0.540625,0.940805524691961,0.5697685575105728,0.0201549098185818,0.043675789077654646,base+price_income
heterogeneity,26,MNL,0.5322916666666667,0.9457955617133796,0.5719052659497417,0.009893794942513889,0.0400571077768772,base
heterogeneity,26,Structured_MNL,0.5302083333333333,0.9434593971460499,0.5706009500116246,0.009688391093809782,0.040008739709748345,base+all_candidates
heterogeneity,26,ML_assisted_spec,0.5302083333333333,0.942488404368405,0.5692065465565403,0.010020841790332498,0.03512620427973064,base+quality_sq+price_income
heterogeneity,27,MNL,0.55625,0.9351731828767144,0.5628426942690093,0.016661066674905505,0.03390440645466035,base
heterogeneity,27,Structured_MNL,0.5583333333333333,0.9347042281086656,0.5632688837391958,0.018236351726214257,0.04447235432583441,base+all_candidates
heterogeneity,27,ML_assisted_spec,0.55625,0.9351731828767144,0.5628426942690093,0.016661066674905505,0.03390440645466035,base
heterogeneity,28,MNL,0.5354166666666667,0.9464709898734486,0.5682249244483505,0.00968276248549768,0.03783153523096082,base
heterogeneity,28,Structured_MNL,0.534375,0.9481048782450185,0.5688463288608414,0.00782608328902874,0.036518180820538475,base+all_candidates
heterogeneity,28,ML_assisted_spec,0.5354166666666667,0.9464709898734486,0.5682249244483505,0.00968276248549768,0.03783153523096082,base
heterogeneity,29,MNL,0.521875,0.9472198376877226,0.5726144869380081,0.015632640108380256,0.02991031521534618,base
heterogeneity,29,Structured_MNL,0.525,0.9474961685221992,0.5730671505241574,0.014627794928712249,0.030975707449781675,base+all_candidates
heterogeneity,29,ML_assisted_spec,0.521875,0.9472198376877226,0.5726144869380081,0.015632640108380256,0.02991031521534618,base
nonlinear_threshold,0,MNL,0.5958333333333333,0.8628460785004025,0.5189576829451986,0.007869060306330857,0.10140956260510509,base
nonlinear_threshold,0,Structured_MNL,0.6177083333333333,0.789454099071851,0.4797713570547193,0.00300063806194488,0.0014046374458729438,base+all_candidates
nonlinear_threshold,0,ML_assisted_spec,0.615625,0.7885836673544259,0.4792488907549124,0.002870908564927874,0.0017019279719006448,base+quality_sq+price_sq+price_income
nonlinear_threshold,1,MNL,0.5666666666666667,0.8845896433168574,0.5350067473211724,0.01441168793426303,0.12022524925524111,base
nonlinear_threshold,1,Structured_MNL,0.5989583333333334,0.796264270835532,0.4820201173066384,0.007308942093282676,0.002989597042455444,base+all_candidates
nonlinear_threshold,1,ML_assisted_spec,0.6041666666666666,0.7967050494686501,0.48224942717673897,0.006973014814730019,0.0022669331266609517,base+quality_sq+price_sq+price_hinge
nonlinear_threshold,2,MNL,0.584375,0.8998645145774612,0.5406279051417012,0.020294956279728438,0.11659337430375287,base
nonlinear_threshold,2,Structured_MNL,0.615625,0.8278022818663319,0.49367384874744435,0.010981920763485494,0.001787631506873798,base+all_candidates
nonlinear_threshold,2,ML_assisted_spec,0.6208333333333333,0.8273734010079026,0.49344578513763,0.011415406146404615,0.001796859090536161,base+quality_sq+price_sq
nonlinear_threshold,3,MNL,0.5791666666666667,0.8639843679684063,0.5201635942530495,0.006135554058734462,0.1276974954640323,base
nonlinear_threshold,3,Structured_MNL,0.63125,0.781270279365557,0.4726124043385365,0.009036835785090989,0.002079671420428863,base+all_candidates
nonlinear_threshold,3,ML_assisted_spec,0.6302083333333334,0.7806740203157093,0.47221894568450934,0.009183671383454522,0.0025444847381446765,base+quality_sq+price_sq+price_income
nonlinear_threshold,4,MNL,0.559375,0.8972505987124071,0.539195877629759,0.03381864284855724,0.12786447595867909,base
nonlinear_threshold,4,Structured_MNL,0.6041666666666666,0.8179269340903512,0.4955860893110129,0.021171262508522356,0.0022871177060387353,base+all_candidates
nonlinear_threshold,4,ML_assisted_spec,0.6104166666666667,0.8179382385614908,0.4954365785991363,0.021162789999507308,0.0013919058820510515,base+quality_sq+price_sq+price_hinge+price_income
nonlinear_threshold,5,MNL,0.5875,0.8693999686333512,0.5188083067032191,0.017036535028504246,0.10094143169835883,base
nonlinear_threshold,5,Structured_MNL,0.6239583333333333,0.7713763754723042,0.46581406273857684,0.011679601618367091,0.0012602082453977495,base+all_candidates
nonlinear_threshold,5,ML_assisted_spec,0.6291666666666667,0.7707539131381496,0.4654360036666979,0.011407097942311794,0.0017766144648602134,base+quality_sq+price_sq+price_hinge+evidence_digital
nonlinear_threshold,6,MNL,0.5822916666666667,0.8830547002837598,0.5273406406091979,0.010493723261854255,0.10132841705098042,base
nonlinear_threshold,6,Structured_MNL,0.6104166666666667,0.8034725675792359,0.48082706302175876,0.003104247714043,0.004212344832149115,base+all_candidates
nonlinear_threshold,6,ML_assisted_spec,0.6177083333333333,0.8083112205877241,0.48425939072688123,0.00718316270510736,0.010951656552225915,base+quality_sq+price_hinge+price_income
nonlinear_threshold,7,MNL,0.578125,0.8712871798482514,0.5228198766890687,0.0016029777162285064,0.15345412245545764,base
nonlinear_threshold,7,Structured_MNL,0.6291666666666667,0.7926191033862343,0.47595933290188636,0.010362937506184366,0.0033935647409344878,base+all_candidates
nonlinear_threshold,7,ML_assisted_spec,0.6270833333333333,0.7928926824808514,0.47650804229149296,0.010645128219566716,0.0030468015184182467,base+quality_sq+price_sq+price_hinge+price_income
nonlinear_threshold,8,MNL,0.58125,0.8939528429505034,0.5340958677130909,0.02176794926649638,0.08939874297691945,base
nonlinear_threshold,8,Structured_MNL,0.603125,0.8302377529082086,0.498798208524513,0.01799451932379992,0.002534965624175778,base+all_candidates
nonlinear_threshold,8,ML_assisted_spec,0.6010416666666667,0.8303438161561654,0.4987636593762763,0.0185193263834848,0.0024903431946958865,base+quality_sq+price_sq
nonlinear_threshold,9,MNL,0.59375,0.8883857761372056,0.5310298342512988,0.013144934992914472,0.09545838520341451,base
nonlinear_threshold,9,Structured_MNL,0.6260416666666667,0.8067375916238612,0.48854050770760415,0.0026119908115453216,0.002293568622922874,base+all_candidates
nonlinear_threshold,9,ML_assisted_spec,0.628125,0.8081699836341332,0.4893233060010102,0.002568568496555235,0.0028283607890882494,base+quality_sq+price_sq+price_hinge+evidence_digital
nonlinear_threshold,10,MNL,0.559375,0.9026429768603249,0.5437955430667277,0.010757287939605465,0.1165707047887472,base
nonlinear_threshold,10,Structured_MNL,0.59375,0.8266390737621951,0.49893788486811336,0.004562581020041633,0.0017164920297374265,base+all_candidates
nonlinear_threshold,10,ML_assisted_spec,0.5916666666666667,0.8270493096713349,0.4992899742480615,0.004617410908039651,0.0021199667794932742,base+quality_sq+price_sq+price_hinge
nonlinear_threshold,11,MNL,0.5833333333333334,0.8854234534206796,0.5285298436944722,0.014067499589734564,0.09615931977914081,base
nonlinear_threshold,11,Structured_MNL,0.6166666666666667,0.792156253761595,0.4726157261201582,0.004741242878071419,0.0023041546346384647,base+all_candidates
nonlinear_threshold,11,ML_assisted_spec,0.6145833333333334,0.7923041194743502,0.4727286510963805,0.004859810263578201,0.001841513309491464,base+quality_sq+price_sq+evidence_digital+price_income
nonlinear_threshold,12,MNL,0.5739583333333333,0.894876650177172,0.5399444636454158,0.013082725838757277,0.11836802043727279,base
nonlinear_threshold,12,Structured_MNL,0.6145833333333334,0.8121105323046742,0.4902565442314149,0.0065107050844431195,0.0033676587176625365,base+all_candidates
nonlinear_threshold,12,ML_assisted_spec,0.6072916666666667,0.8124836151541781,0.4903375117292625,0.0067711406641944765,0.0030234089048263627,base+quality_sq+price_sq+price_hinge+price_income
nonlinear_threshold,13,MNL,0.584375,0.8777719794647013,0.5257567248301598,0.01748818434368871,0.11869459823078388,base
nonlinear_threshold,13,Structured_MNL,0.64375,0.7674738319134956,0.4619713401860506,0.009308110035218715,0.002093621270478627,base+all_candidates
nonlinear_threshold,13,ML_assisted_spec,0.64375,0.7673872545815281,0.4619894500888159,0.009410673792234123,0.002096613999613998,base+quality_sq+price_sq+evidence_digital+price_income
nonlinear_threshold,14,MNL,0.59375,0.8663520690009084,0.5192134831730559,0.011143922727509558,0.09437232841270723,base
nonlinear_threshold,14,Structured_MNL,0.625,0.789030865048539,0.47486190867454764,0.010574373586915296,0.005363478269278775,base+all_candidates
nonlinear_threshold,14,ML_assisted_spec,0.6260416666666667,0.7892938379503991,0.4749950685652342,0.010347008137515617,0.005435525157713058,base+quality_sq+price_sq+quality_support+evidence_digital+price_income
nonlinear_threshold,15,MNL,0.5854166666666667,0.8641275760502102,0.5194236290662022,0.012300862566294247,0.09773924999485203,base
nonlinear_threshold,15,Structured_MNL,0.6104166666666667,0.78944917836106,0.47779681932445023,0.0035532947046844924,0.0024060221504448327,base+all_candidates
nonlinear_threshold,15,ML_assisted_spec,0.6083333333333333,0.7888102223616834,0.47741244614389494,0.0036932637933803952,0.001432195320203926,base+quality_sq+price_sq+price_hinge+price_income
nonlinear_threshold,16,MNL,0.571875,0.9058280014004585,0.5425004447118978,0.010321521802957761,0.1211051892435527,base
nonlinear_threshold,16,Structured_MNL,0.6,0.8294865433123965,0.4963495395954266,0.009082697883118118,0.002088518029943973,base+all_candidates
nonlinear_threshold,16,ML_assisted_spec,0.6041666666666666,0.8289722152484723,0.4962467090339407,0.008822256338131357,0.00153047167808074,base+quality_sq+price_sq+price_income
nonlinear_threshold,17,MNL,0.5791666666666667,0.8920958238297056,0.5365265973386241,0.007457792570256563,0.10549543205424214,base
nonlinear_threshold,17,Structured_MNL,0.6083333333333333,0.8235510958477767,0.49639556498463006,0.005969355705567722,0.0022557061320732427,base+all_candidates
nonlinear_threshold,17,ML_assisted_spec,0.6083333333333333,0.8242679237306665,0.4966264193782641,0.005898780916744599,0.002259145869809408,base+quality_sq+price_sq+price_hinge
nonlinear_threshold,18,MNL,0.6052083333333333,0.850013042377362,0.5116324957703386,0.005359899126999027,0.11627409976958954,base
nonlinear_threshold,18,Structured_MNL,0.6302083333333334,0.7840540043953326,0.47739862747793793,0.012918800418550657,0.003225079347478288,base+all_candidates
nonlinear_threshold,18,ML_assisted_spec,0.63125,0.7838114869178086,0.47777359675168624,0.012534490893441082,0.004417004340696514,base+quality_sq+price_sq+evidence_digital
nonlinear_threshold,19,MNL,0.5854166666666667,0.8714205444177838,0.520665428602524,0.015521341316333957,0.1256133094432309,base
nonlinear_threshold,19,Structured_MNL,0.6447916666666667,0.7734510778653599,0.465750392920004,0.013055187394589034,0.0034428366855777993,base+all_candidates
nonlinear_threshold,19,ML_assisted_spec,0.6447916666666667,0.7722854816580276,0.46500933938431893,0.012819448266305935,0.0020144458582078023,base+quality_sq+price_sq+quality_support+price_income
nonlinear_threshold,20,MNL,0.5229166666666667,0.9278509764666348,0.5626376900787984,0.01707767455875494,0.10891889563589302,base
nonlinear_threshold,20,Structured_MNL,0.5625,0.8511707492309442,0.5192057343900884,0.022751005700213933,0.0030203876309108776,base+all_candidates
nonlinear_threshold,20,ML_assisted_spec,0.5625,0.8513322895997711,0.5193361491032312,0.022200020127947806,0.003499979247244875,base+quality_sq+price_sq
nonlinear_threshold,21,MNL,0.5958333333333333,0.8669454196276009,0.521513011187684,0.017467288619257972,0.10736630797062112,base
nonlinear_threshold,21,Structured_MNL,0.6333333333333333,0.7873565680910432,0.4715941513301343,0.029653999438638067,0.005227986777919023,base+all_candidates
nonlinear_threshold,21,ML_assisted_spec,0.6333333333333333,0.7872479899389723,0.47183690712310083,0.028837916801795236,0.0050473463006268805,base+quality_sq+price_sq
nonlinear_threshold,22,MNL,0.6,0.8866927198668267,0.5257293355999705,0.03264221984436802,0.12705043282524617,base
nonlinear_threshold,22,Structured_MNL,0.6489583333333333,0.7879317842632673,0.46817405468943524,0.0200978482962414,0.0023251944890682564,base+all_candidates
nonlinear_threshold,22,ML_assisted_spec,0.65,0.7877575206995318,0.46809241171496346,0.020131069471447837,0.0021944680054319953,base+quality_sq+price_sq+price_hinge+quality_support+price_income
nonlinear_threshold,23,MNL,0.5791666666666667,0.8823404041273109,0.5273734528949977,0.014749447966341733,0.10730537477854121,base
nonlinear_threshold,23,Structured_MNL,0.6270833333333333,0.7848440571803682,0.4692645337368154,0.01617216619263119,0.0015351691291438355,base+all_candidates
nonlinear_threshold,23,ML_assisted_spec,0.6260416666666667,0.7856152254579988,0.46981213802626676,0.016635177943383973,0.002124120400143831,base+quality_sq+price_sq+price_hinge
nonlinear_threshold,24,MNL,0.6197916666666666,0.8481130128821673,0.5072250793985824,0.01581912728969082,0.10758553029231438,base
nonlinear_threshold,24,Structured_MNL,0.6416666666666667,0.7619509090957544,0.458696853879342,0.006268973918228069,0.0013214089178725265,base+all_candidates
nonlinear_threshold,24,ML_assisted_spec,0.6447916666666667,0.7614406386632752,0.45824577663299043,0.006477543722660532,0.0017869204726414793,base+quality_sq+price_sq+price_hinge
nonlinear_threshold,25,MNL,0.5541666666666667,0.8923770870625563,0.5373850114894071,0.014752480127317022,0.09597935951600159,base
nonlinear_threshold,25,Structured_MNL,0.5958333333333333,0.8431264741858268,0.5090752999606578,0.008526107627772103,0.0019387451562178045,base+all_candidates
nonlinear_threshold,25,ML_assisted_spec,0.590625,0.8426358074970286,0.5087600926361496,0.008478475323999281,0.0019284598904430253,base+quality_sq+price_sq+price_hinge+evidence_digital+price_income
nonlinear_threshold,26,MNL,0.5708333333333333,0.8800837742474336,0.5261482956592817,0.005286668856594581,0.09586723579164162,base
nonlinear_threshold,26,Structured_MNL,0.6208333333333333,0.7900686353511274,0.47572729189715957,0.014950553085203403,0.001879594950179989,base+all_candidates
nonlinear_threshold,26,ML_assisted_spec,0.6229166666666667,0.7895985663794293,0.4753074714444056,0.015021053179633495,0.0024026236415283877,base+quality_sq+price_sq+price_hinge
nonlinear_threshold,27,MNL,0.5916666666666667,0.8732650865589299,0.5216481240995872,0.006027641511872562,0.13736291632267142,base
nonlinear_threshold,27,Structured_MNL,0.659375,0.7707441347428929,0.45775252793682325,0.004551122968800271,0.002737856144947529,base+all_candidates
nonlinear_threshold,27,ML_assisted_spec,0.6604166666666667,0.7709506539172736,0.4578932564525907,0.004528234098220876,0.0029165922888506075,base+quality_sq+price_sq+price_hinge+quality_support+price_income
nonlinear_threshold,28,MNL,0.5708333333333333,0.8858390028607654,0.5354297026109077,0.004903508579275103,0.08012157286828615,base
nonlinear_threshold,28,Structured_MNL,0.6364583333333333,0.7990098766324681,0.4817606325731056,0.0015353856811898064,0.0013574701579287148,base+all_candidates
nonlinear_threshold,28,ML_assisted_spec,0.6354166666666666,0.7989125116132555,0.48152713181359236,0.0018109292764101426,0.001838051082541678,base+quality_sq+price_sq
nonlinear_threshold,29,MNL,0.5802083333333333,0.8738225312515606,0.5227519554229514,0.02175642383043962,0.11894594920378347,base
nonlinear_threshold,29,Structured_MNL,0.6166666666666667,0.8119194881241237,0.4885380425302392,0.01613680596838943,0.004299190178398362,base+all_candidates
nonlinear_threshold,29,ML_assisted_spec,0.6197916666666666,0.8117756198837607,0.48834671494541365,0.016159981831114827,0.004423213689484988,base+quality_sq+price_sq+price_income
nonlinear_interaction,0,MNL,0.5572916666666666,0.9231986645053099,0.5469685784969435,0.015728461186450174,0.2183078066839651,base
nonlinear_interaction,0,Structured_MNL,0.6458333333333334,0.7793837829661686,0.4630109054082272,0.009240265699403612,0.0018659219159585605,base+all_candidates
nonlinear_interaction,0,ML_assisted_spec,0.646875,0.779298770154914,0.4630205995599218,0.009250622414103024,0.001933549572705364,base+quality_sq+price_sq+quality_support+evidence_digital+price_income
nonlinear_interaction,1,MNL,0.5822916666666667,0.9209179568843014,0.5439002602133962,0.017232732962717382,0.21651735482612752,base
nonlinear_interaction,1,Structured_MNL,0.646875,0.7578069164828372,0.4510183139621058,0.022914259557119312,0.002687605670731654,base+all_candidates
nonlinear_interaction,1,ML_assisted_spec,0.646875,0.7575731294417261,0.4508639506461543,0.02283204370009485,0.0023504419090321755,base+quality_sq+price_sq+quality_support+evidence_digital+price_income
nonlinear_interaction,2,MNL,0.5739583333333333,0.9289716669816667,0.5509841482638068,0.001071765624163559,0.19759363555760187,base
nonlinear_interaction,2,Structured_MNL,0.640625,0.7946569277925034,0.4741215513992332,0.005275681514503356,0.0026086247301212867,base+all_candidates
nonlinear_interaction,2,ML_assisted_spec,0.6375,0.7948613083077848,0.4746126350912745,0.0056868436925040485,0.0035836713892026693,base+quality_sq+price_sq+quality_support+evidence_digital
nonlinear_interaction,3,MNL,0.5520833333333334,0.9174330891585122,0.5494085932276602,0.02050436786876347,0.21021561449254145,base
nonlinear_interaction,3,Structured_MNL,0.628125,0.7973487605190633,0.47609334023821487,0.02100446736216606,0.002404306356181164,base+all_candidates
nonlinear_interaction,3,ML_assisted_spec,0.6270833333333333,0.7974155865601901,0.4761503722630759,0.021018234526782097,0.0020969199306882878,base+quality_sq+price_sq+quality_support+evidence_digital+price_income
nonlinear_interaction,4,MNL,0.5677083333333334,0.9005898129644092,0.5400622628334986,0.01042944072455634,0.17688027402389261,base
nonlinear_interaction,4,Structured_MNL,0.6395833333333333,0.7677522417405859,0.4629443417945282,0.011053023129721293,0.0018491246950541654,base+all_candidates
nonlinear_interaction,4,ML_assisted_spec,0.6364583333333333,0.7682022392613262,0.46312246821309816,0.011807309549509518,0.0029455251081598353,base+quality_sq+price_sq+quality_support+evidence_digital
nonlinear_interaction,5,MNL,0.5854166666666667,0.8831473712132686,0.5269495874167107,0.007253318170785072,0.1987481459806144,base
nonlinear_interaction,5,Structured_MNL,0.6427083333333333,0.7849114906037655,0.4732960496240608,0.010029058769572496,0.0025247441918983832,base+all_candidates
nonlinear_interaction,5,ML_assisted_spec,0.6427083333333333,0.7848508488130013,0.47322570568001243,0.00995599318357073,0.0025668412851651574,base+quality_sq+price_sq+quality_support+evidence_digital+price_income
nonlinear_interaction,6,MNL,0.5958333333333333,0.9019322363659562,0.5370013262527048,0.018023146080090067,0.19487714833862366,base
nonlinear_interaction,6,Structured_MNL,0.6520833333333333,0.7866603383521527,0.46776148245870186,0.016337174841734317,0.0024029942158231635,base+all_candidates
nonlinear_interaction,6,ML_assisted_spec,0.6520833333333333,0.7865412133440838,0.4676502606598412,0.016329638811405364,0.0018700829402018217,base+quality_sq+price_sq+quality_support+evidence_digital+price_income
nonlinear_interaction,7,MNL,0.5875,0.902381741525105,0.5360996125264154,0.018155351758995276,0.21795135167978472,base
nonlinear_interaction,7,Structured_MNL,0.6645833333333333,0.7590606038471844,0.4499781743423689,0.015123947266093852,0.003044910382062978,base+all_candidates
nonlinear_interaction,7,ML_assisted_spec,0.6666666666666666,0.7588505375759905,0.4497743872721343,0.015042521115203494,0.002797979556615543,base+quality_sq+price_sq+quality_support+evidence_digital+price_income
nonlinear_interaction,8,MNL,0.584375,0.8900535177918165,0.5284591019937037,0.02118105716057298,0.20484387646803787,base
nonlinear_interaction,8,Structured_MNL,0.6760416666666667,0.7333894765283264,0.4357025968520052,0.010179265089570094,0.001632963271881709,base+all_candidates
nonlinear_interaction,8,ML_assisted_spec,0.6760416666666667,0.7332687619511344,0.4356398697624511,0.010194046562340636,0.0015995008264947975,base+quality_sq+price_sq+quality_support+evidence_digital+price_income
nonlinear_interaction,9,MNL,0.546875,0.9453644460001662,0.5614394913821473,0.025695738994854528,0.23088448328609898,base
nonlinear_interaction,9,Structured_MNL,0.65625,0.7483113004488996,0.44968147688804955,0.013127227741914585,0.0027767251828058875,base+all_candidates
nonlinear_interaction,9,ML_assisted_spec,0.653125,0.7484010552909456,0.44972935184497675,0.013135193823389036,0.002444163024465294,base+quality_sq+price_sq+quality_support+evidence_digital+price_income
nonlinear_interaction,10,MNL,0.546875,0.9470735290191683,0.5657972531988288,0.01505844074684267,0.1899972928570118,base
nonlinear_interaction,10,Structured_MNL,0.609375,0.8006567143441722,0.4787830122312239,0.007974983665803497,0.0017842079943237383,base+all_candidates
nonlinear_interaction,10,ML_assisted_spec,0.609375,0.8006754570994327,0.47877622014622945,0.007839802662142433,0.0017842079943237383,base+quality_sq+price_sq+quality_support+evidence_digital+price_income
nonlinear_interaction,11,MNL,0.58125,0.9028290570745334,0.5366343773656457,0.006837886169370493,0.20180435175281197,base
nonlinear_interaction,11,Structured_MNL,0.6541666666666667,0.7623089271802449,0.45154699235352747,0.012179875990148012,0.0029497247456791924,base+all_candidates
nonlinear_interaction,11,ML_assisted_spec,0.6541666666666667,0.7622882600386073,0.4515324002582889,0.0122017431716813,0.0028727053247620815,base+quality_sq+price_sq+quality_support+evidence_digital+price_income
nonlinear_interaction,12,MNL,0.5822916666666667,0.9096585404593266,0.5447585334062558,0.007113469192441889,0.19047677662631182,base
nonlinear_interaction,12,Structured_MNL,0.646875,0.7709833253221778,0.462150795011967,0.008229550922322389,0.0032115863206929893,base+all_candidates
nonlinear_interaction,12,ML_assisted_spec,0.646875,0.7709833253221778,0.462150795011967,0.008229550922322389,0.0032115863206929893,base+quality_sq+price_sq+price_hinge+quality_support+evidence_digital+price_income
nonlinear_interaction,13,MNL,0.54375,0.9484389539155483,0.5627370391200175,0.0038082608422037472,0.18730087164767853,base
nonlinear_interaction,13,Structured_MNL,0.6270833333333333,0.8146131224041205,0.481141813396099,0.0030268571548971363,0.0048941288450895315,base+all_candidates
nonlinear_interaction,13,ML_assisted_spec,0.6260416666666667,0.8143456921786602,0.4809784810199831,0.003066540614498161,0.004960677737540832,base+quality_sq+price_sq+quality_support+evidence_digital+price_income
nonlinear_interaction,14,MNL,0.5416666666666666,0.9384767466718877,0.5585051535929152,0.002779591354473897,0.23003064356776143,base
nonlinear_interaction,14,Structured_MNL,0.6135416666666667,0.8002907693236928,0.4836450287709361,0.006897438928654172,0.0024731518023101947,base+all_candidates
nonlinear_interaction,14,ML_assisted_spec,0.6135416666666667,0.8000365077274841,0.48349332428028463,0.006874167638104909,0.002468471768514153,base+quality_sq+price_sq+quality_support+evidence_digital+price_income
nonlinear_interaction,15,MNL,0.5395833333333333,0.9498599407357224,0.5729004167482167,0.009389696863429805,0.20911634170091048,base
nonlinear_interaction,15,Structured_MNL,0.6270833333333333,0.809149372743734,0.4839347402878804,0.012421551170672417,0.0018658439248830816,base+all_candidates
nonlinear_interaction,15,ML_assisted_spec,0.6270833333333333,0.8089937784971455,0.4839201577357451,0.012349595516043978,0.0018841133956887153,base+quality_sq+price_sq+quality_support+evidence_digital+price_income
nonlinear_interaction,16,MNL,0.5760416666666667,0.9128570846830185,0.5369953158205433,0.026435337296173048,0.2521447386351231,base
nonlinear_interaction,16,Structured_MNL,0.653125,0.7471729055227068,0.4437219297717507,0.01419741618914155,0.0038286332031073466,base+all_candidates
nonlinear_interaction,16,ML_assisted_spec,0.653125,0.7470342942821393,0.4436211729369785,0.014241434752915151,0.0037327855577767707,base+quality_sq+price_sq+quality_support+evidence_digital+price_income
nonlinear_interaction,17,MNL,0.59375,0.9079519770465612,0.5385409724038254,0.01299097853239097,0.18436157073016854,base
nonlinear_interaction,17,Structured_MNL,0.6552083333333333,0.7839759702651311,0.4597661913536169,0.012656529131767713,0.005121751358412948,base+all_candidates
nonlinear_interaction,17,ML_assisted_spec,0.6552083333333333,0.7838562781663583,0.45970146554056524,0.012656436971780576,0.005271989214212608,base+quality_sq+price_sq+quality_support+evidence_digital
nonlinear_interaction,18,MNL,0.5635416666666667,0.8977085684063102,0.5320264782842142,0.008194687696766949,0.20894687182834387,base
nonlinear_interaction,18,Structured_MNL,0.61875,0.7791816672792483,0.4664857312604494,0.00116843186100084,0.0030304683139061673,base+all_candidates
nonlinear_interaction,18,ML_assisted_spec,0.6208333333333333,0.7804939054528041,0.46710510183864007,0.001367195832198997,0.0032278041306125506,base+quality_sq+price_sq+quality_support+evidence_digital
nonlinear_interaction,19,MNL,0.5854166666666667,0.912667734344978,0.5422580092023955,0.015242229939237609,0.19744062443269997,base
nonlinear_interaction,19,Structured_MNL,0.6427083333333333,0.7702912523872821,0.4579057820373295,0.006767567781097347,0.0012681818905022624,base+all_candidates
nonlinear_interaction,19,ML_assisted_spec,0.6427083333333333,0.7701602636000726,0.45781489829776995,0.006838263795800623,0.001239165871335084,base+quality_sq+price_sq+quality_support+evidence_digital+price_income
nonlinear_interaction,20,MNL,0.5604166666666667,0.9345926448839844,0.556783832089715,0.017496804535834434,0.21866308434400122,base
nonlinear_interaction,20,Structured_MNL,0.6395833333333333,0.7956569035037454,0.4713224869140726,0.013061922633410522,0.0024813945905076957,base+all_candidates
nonlinear_interaction,20,ML_assisted_spec,0.6416666666666667,0.796145600763667,0.4717700729518487,0.012647848089477016,0.003135596583836018,base+quality_sq+price_sq+quality_support+evidence_digital
nonlinear_interaction,21,MNL,0.5729166666666666,0.9151019411283444,0.5451691350338727,0.015537046926247921,0.21510091954015773,base
nonlinear_interaction,21,Structured_MNL,0.634375,0.7884441748637349,0.4679829281679109,0.015472470128208916,0.0032013459017279284,base+all_candidates
nonlinear_interaction,21,ML_assisted_spec,0.6302083333333334,0.7903132094317157,0.4688962097764747,0.015625936853851177,0.0032058240949139503,base+quality_sq+price_sq+price_hinge+quality_support+evidence_digital
nonlinear_interaction,22,MNL,0.55,0.9311172860735349,0.5573103793437896,0.019432012993808586,0.19117114546163638,base
nonlinear_interaction,22,Structured_MNL,0.6479166666666667,0.8069099765082955,0.4811405514992195,0.013159008909400164,0.00247469231873009,base+all_candidates
nonlinear_interaction,22,ML_assisted_spec,0.6447916666666667,0.8080434871893062,0.4820836478938135,0.01345198847695943,0.00276311482308618,base+quality_sq+price_sq+quality_support+evidence_digital
nonlinear_interaction,23,MNL,0.5572916666666666,0.9235301267237356,0.5542124984194883,0.014554602460665624,0.2265100773639085,base
nonlinear_interaction,23,Structured_MNL,0.6447916666666667,0.7673074119493232,0.4617493321612457,0.010108463607305178,0.0025189832702001594,base+all_candidates
nonlinear_interaction,23,ML_assisted_spec,0.6447916666666667,0.7675351985951977,0.4619415581541959,0.010206703509799494,0.0027617496002173185,base+quality_sq+price_sq+quality_support+evidence_digital+price_income
nonlinear_interaction,24,MNL,0.575,0.9106610484406512,0.5422715869159079,0.0018185157620180515,0.21861526331483674,base
nonlinear_interaction,24,Structured_MNL,0.659375,0.7660532831375889,0.4552063017359265,0.0037033323077871353,0.0020191021667990386,base+all_candidates
nonlinear_interaction,24,ML_assisted_spec,0.6583333333333333,0.7659472415168584,0.45516246214711564,0.00377292453735853,0.0019685477791858215,base+quality_sq+price_sq+quality_support+evidence_digital+price_income
nonlinear_interaction,25,MNL,0.571875,0.9239430712202188,0.5458073212091351,0.015031447983977517,0.21491502226482734,base
nonlinear_interaction,25,Structured_MNL,0.6729166666666667,0.744852789037954,0.4431151634676655,0.011270347648550448,0.004717907797954345,base+all_candidates
nonlinear_interaction,25,ML_assisted_spec,0.671875,0.7451248128443386,0.44333992640293823,0.011390623507199748,0.004780489018264307,base+quality_sq+price_sq+quality_support+evidence_digital+price_income
nonlinear_interaction,26,MNL,0.5885416666666666,0.9083257796782964,0.5420272594776308,0.02111214652074531,0.21595777282895795,base
nonlinear_interaction,26,Structured_MNL,0.6510416666666666,0.7550156557488956,0.4516625817861956,0.008159569922142142,0.002727626370606381,base+all_candidates
nonlinear_interaction,26,ML_assisted_spec,0.6510416666666666,0.7556062850814708,0.4519728490328227,0.008023388115223401,0.002642228281230972,base+quality_sq+price_sq+quality_support+evidence_digital
nonlinear_interaction,27,MNL,0.5885416666666666,0.8967824212892246,0.5301817671321996,0.009828427198760837,0.21134592542398098,base
nonlinear_interaction,27,Structured_MNL,0.6635416666666667,0.7409595663717913,0.4416325647736963,0.011879655886124005,0.0012796713714269112,base+all_candidates
nonlinear_interaction,27,ML_assisted_spec,0.6625,0.7409611725040689,0.44157724820943334,0.011840967274845524,0.001343935155879018,base+quality_sq+price_sq+quality_support+evidence_digital+price_income
nonlinear_interaction,28,MNL,0.5989583333333334,0.893689501750044,0.5311822439311971,0.015469932200928859,0.20975559147883843,base
nonlinear_interaction,28,Structured_MNL,0.640625,0.7438536522329738,0.44627802570594727,0.022465902178572417,0.0025464061723327928,base+all_candidates
nonlinear_interaction,28,ML_assisted_spec,0.6395833333333333,0.743864396220328,0.4463404274124884,0.022343537617036408,0.002307264727459827,base+quality_sq+price_sq+quality_support+evidence_digital
nonlinear_interaction,29,MNL,0.5854166666666667,0.8931340568813123,0.5293453607292175,0.027826637853100113,0.20383677757150204,base
nonlinear_interaction,29,Structured_MNL,0.6572916666666667,0.7369191189000837,0.43962964337082655,0.02468078619459622,0.002113297998266557,base+all_candidates
nonlinear_interaction,29,ML_assisted_spec,0.65625,0.7369491542622716,0.4396483850240491,0.024661443649626424,0.001965728641956101,base+quality_sq+price_sq+quality_support+evidence_digital+price_income
combined,0,MNL,0.596875,0.8850800097803634,0.5254192629789907,0.020070965257616247,0.21989255546915498,base
combined,0,Structured_MNL,0.6447916666666667,0.764584906942148,0.458816153586177,0.009704114726482025,0.017701424118280233,base+all_candidates
combined,0,ML_assisted_spec,0.6416666666666667,0.7652678779897907,0.4590313563749752,0.009786646019158721,0.01799104307187741,base+quality_sq+price_sq+quality_support+evidence_digital
combined,1,MNL,0.6041666666666666,0.8731432832991161,0.5183129771547469,0.003980130603464877,0.19573701133280283,base
combined,1,Structured_MNL,0.6708333333333333,0.7386473281981948,0.4398756395920786,0.00975795868779123,0.015390619547888588,base+all_candidates
combined,1,ML_assisted_spec,0.6708333333333333,0.7386473281981948,0.4398756395920786,0.009757958687791236,0.015390619547888588,base+quality_sq+price_sq+price_hinge+quality_support+evidence_digital+price_income
combined,2,MNL,0.5822916666666667,0.8910027598029197,0.5299960364237074,0.00897238381431767,0.2288190547136753,base
combined,2,Structured_MNL,0.64375,0.7563355158439526,0.45882827246699165,0.00978850852097024,0.014823186063682926,base+all_candidates
combined,2,ML_assisted_spec,0.64375,0.7563355158439526,0.45882827246699165,0.00978850852097024,0.014823186063682926,base+quality_sq+price_sq+price_hinge+quality_support+evidence_digital+price_income
combined,3,MNL,0.615625,0.8934181023422245,0.5207083324607978,0.011627302517735577,0.2195984140500812,base
combined,3,Structured_MNL,0.6635416666666667,0.7382819520042578,0.4397485806327125,0.002047029861522394,0.010429646638945463,base+all_candidates
combined,3,ML_assisted_spec,0.6604166666666667,0.7383805114264346,0.4394396240371931,0.001976317034185965,0.01074051105116281,base+quality_sq+price_sq+price_hinge+quality_support+evidence_digital
combined,4,MNL,0.5875,0.899051498429039,0.537800784207742,0.0033076646719531707,0.211859812799369,base
combined,4,Structured_MNL,0.64375,0.7859881977929012,0.47055726520574503,0.0124267351034967,0.018220975879460873,base+all_candidates
combined,4,ML_assisted_spec,0.6364583333333333,0.7880259666117188,0.4720076776040626,0.012995004404773917,0.018192802880896062,base+quality_sq+price_sq+quality_support+evidence_digital
combined,5,MNL,0.5645833333333333,0.9144678418444041,0.5499076493324847,0.024102440607073776,0.21994323055701787,base
combined,5,Structured_MNL,0.64375,0.7813633131334122,0.4654236019322356,0.024394475480901765,0.01634499180208578,base+all_candidates
combined,5,ML_assisted_spec,0.64375,0.7813633131334122,0.4654236019322356,0.024394475480901765,0.01634499180208578,base+quality_sq+price_sq+price_hinge+quality_support+evidence_digital+price_income
combined,6,MNL,0.6104166666666667,0.8713988312949669,0.5180589195907291,0.009506630818515818,0.2356804401143627,base
combined,6,Structured_MNL,0.675,0.7162035753332722,0.42211034829059874,0.0008279398149733368,0.02110309046035413,base+all_candidates
combined,6,ML_assisted_spec,0.671875,0.7166222435429472,0.4224331774558633,0.0008936734105351123,0.02087023835048792,base+quality_sq+price_sq+quality_support+evidence_digital
combined,7,MNL,0.6,0.8915483826933236,0.5292873414422132,0.03484813030630892,0.22428899732248658,base
combined,7,Structured_MNL,0.6572916666666667,0.7468659933794464,0.4418083222222826,0.020753307732714773,0.023048394516083964,base+all_candidates
combined,7,ML_assisted_spec,0.65625,0.7468574903162745,0.4418940744323059,0.020933824933619012,0.02250440750547684,base+quality_sq+price_sq+quality_support+evidence_digital+price_income
combined,8,MNL,0.5666666666666667,0.888693973301664,0.5324228650710807,0.01403318647734817,0.20748970900821687,base
combined,8,Structured_MNL,0.6375,0.768109667200234,0.4641446347431656,0.015302977435296275,0.016426878926684322,base+all_candidates
combined,8,ML_assisted_spec,0.6364583333333333,0.7690706554619773,0.46482866722005844,0.015505170644140202,0.016262226239693263,base+quality_sq+price_sq+quality_support+evidence_digital
combined,9,MNL,0.5770833333333333,0.8861425820302543,0.5273851801341782,0.02486675111415035,0.21228612471958172,base
combined,9,Structured_MNL,0.65,0.7531201352076157,0.4525728095179724,0.018546280906890485,0.015595881444880407,base+all_candidates
combined,9,ML_assisted_spec,0.65,0.7532878092729961,0.45258186076618245,0.018886162684887752,0.016022110725354203,base+quality_sq+price_sq+price_hinge+quality_support+evidence_digital
combined,10,MNL,0.5854166666666667,0.8725476601537479,0.5174999727655707,0.01363815985987577,0.1942485016376084,base
combined,10,Structured_MNL,0.6520833333333333,0.7566562637251164,0.45232799622397096,0.015231307341801286,0.012518860244081354,base+all_candidates
combined,10,ML_assisted_spec,0.653125,0.7560319177424356,0.45177630538199653,0.01498968342044874,0.01294790030558662,base+quality_sq+price_sq+quality_support+evidence_digital
combined,11,MNL,0.571875,0.8952105809937547,0.5348135266440117,0.007843351208391086,0.1963609845905357,base
combined,11,Structured_MNL,0.646875,0.7745852734522446,0.46245014566329995,0.008094605163290206,0.013551854708695623,base+all_candidates
combined,11,ML_assisted_spec,0.6416666666666667,0.7745384143204207,0.46268131871245644,0.006789010270111983,0.016260040419395976,base+quality_sq+price_sq+price_hinge+quality_support+evidence_digital
combined,12,MNL,0.5833333333333334,0.8951786458023984,0.531837862487274,0.004673052197096885,0.19760739306771585,base
combined,12,Structured_MNL,0.6583333333333333,0.737826983698964,0.4404620702803372,0.009025169590048223,0.02087987572544726,base+all_candidates
combined,12,ML_assisted_spec,0.6572916666666667,0.7381388885529335,0.4406632788127404,0.0088209455500452,0.020895346111912714,base+quality_sq+price_sq+quality_support+evidence_digital+price_income
combined,13,MNL,0.5916666666666667,0.8757684816883757,0.5232284139408097,0.008870490825934257,0.2018215939357256,base
combined,13,Structured_MNL,0.6458333333333334,0.7524443191336422,0.450724671086623,0.013319007471362707,0.01606616811365497,base+all_candidates
combined,13,ML_assisted_spec,0.6458333333333334,0.7528609874625527,0.4510770244814934,0.013282849113325196,0.016554021958526684,base+quality_sq+price_sq+price_hinge+quality_support+evidence_digital
combined,14,MNL,0.5833333333333334,0.8709851597571467,0.5199429709734309,0.011513681430743009,0.22563936751155322,base
combined,14,Structured_MNL,0.6635416666666667,0.712007035683526,0.4328302801242888,0.005773610806320282,0.014800658271829387,base+all_candidates
combined,14,ML_assisted_spec,0.6635416666666667,0.711932778185228,0.43269903999988824,0.005898399455789264,0.015222415497685578,base+quality_sq+price_sq+quality_support+evidence_digital+price_income
combined,15,MNL,0.5989583333333334,0.8820713299304866,0.5251966874639429,0.004304344689657553,0.1907850952650509,base
combined,15,Structured_MNL,0.6625,0.734715229094796,0.43582167197822946,0.007829570677787773,0.009979084004204577,base+all_candidates
combined,15,ML_assisted_spec,0.6625,0.7347152290947963,0.4358216719782295,0.007829570677787747,0.009979084004204577,base+quality_sq+price_sq+price_hinge+quality_support+evidence_digital+price_income
combined,16,MNL,0.6197916666666666,0.8497494083634994,0.5020231181620873,0.01948189286205358,0.1934049218823156,base
combined,16,Structured_MNL,0.6833333333333333,0.7028751542044834,0.4172941715310359,0.01536898593754229,0.01159528990269097,base+all_candidates
combined,16,ML_assisted_spec,0.6833333333333333,0.7028751542044833,0.41729417153103593,0.01536898593754229,0.01159528990269097,base+quality_sq+price_sq+price_hinge+quality_support+evidence_digital+price_income
combined,17,MNL,0.615625,0.8701342773148234,0.5189278685240005,0.01118285345958899,0.20877348943958937,base
combined,17,Structured_MNL,0.6510416666666666,0.7376501927461921,0.4406827838088002,0.005745539028548543,0.010805537652538477,base+all_candidates
combined,17,ML_assisted_spec,0.65,0.7371772191824878,0.4406078558285722,0.005391959362540361,0.011120101545508373,base+quality_sq+price_sq+quality_support+evidence_digital
combined,18,MNL,0.59375,0.8843896868554787,0.5274441557798988,0.00789058071584934,0.17636754177594638,base
combined,18,Structured_MNL,0.6354166666666666,0.768374998973758,0.4578659881980921,0.009497294364290166,0.02225560181858499,base+all_candidates
combined,18,ML_assisted_spec,0.6364583333333333,0.7683932280332839,0.4579096727069981,0.009443362190132174,0.022310462834671023,base+quality_sq+price_sq+quality_support+evidence_digital+price_income
combined,19,MNL,0.56875,0.8981861075201374,0.5394805430291011,0.015718367014710556,0.21375063864053828,base
combined,19,Structured_MNL,0.6458333333333334,0.7689621154668606,0.4643624155479547,0.011464940966094796,0.013298837557822784,base+all_candidates
combined,19,ML_assisted_spec,0.64375,0.7688667889789647,0.4642789143280105,0.011624243918272466,0.014103667197792363,base+quality_sq+price_sq+quality_support+evidence_digital+price_income
combined,20,MNL,0.596875,0.8842153123074411,0.5301282952912597,0.022944436305488324,0.2026966145845418,base
combined,20,Structured_MNL,0.66875,0.7300473173397143,0.4410041839192957,0.01363271374676633,0.0076551874853456455,base+all_candidates
combined,20,ML_assisted_spec,0.66875,0.7300473173397143,0.4410041839192957,0.01363271374676633,0.0076551874853456455,base+quality_sq+price_sq+price_hinge+quality_support+evidence_digital+price_income
combined,21,MNL,0.5927083333333333,0.8871009398394556,0.5293822813912737,0.020798403563275263,0.24287646875625793,base
combined,21,Structured_MNL,0.6729166666666667,0.7562376132325817,0.44742084436141744,0.007859594239566729,0.012497464866524373,base+all_candidates
combined,21,ML_assisted_spec,0.6729166666666667,0.7562376132325817,0.4474208443614174,0.007859594239566807,0.012497464866524373,base+quality_sq+price_sq+price_hinge+quality_support+evidence_digital+price_income
combined,22,MNL,0.571875,0.9060405801063456,0.54284060611372,0.02151177641043336,0.1934420944669002,base
combined,22,Structured_MNL,0.6458333333333334,0.77977686737716,0.46151092454519393,0.013850653556409314,0.01555379660704671,base+all_candidates
combined,22,ML_assisted_spec,0.6479166666666667,0.7797382161528508,0.4614887695099233,0.014059798080826932,0.014556019718367135,base+quality_sq+price_sq+quality_support+evidence_digital+price_income
combined,23,MNL,0.565625,0.8910025881912136,0.5337805887202146,0.01676092502004952,0.21075668788916088,base
combined,23,Structured_MNL,0.6291666666666667,0.7708292846756543,0.46522502513933867,0.011155271638356635,0.018137552766202304,base+all_candidates
combined,23,ML_assisted_spec,0.628125,0.7709860510750254,0.4654002123294923,0.011078372927622773,0.018388374591003887,base+quality_sq+price_sq+quality_support+evidence_digital+price_income
combined,24,MNL,0.5677083333333334,0.9157720764039697,0.5478631949114029,0.011909084615646048,0.229418678580247,base
combined,24,Structured_MNL,0.6364583333333333,0.791236485551294,0.47538789624447386,0.010230238241661607,0.012655214175552426,base+all_candidates
combined,24,ML_assisted_spec,0.6354166666666666,0.7913899821213138,0.47546291118397854,0.010141940486413271,0.01291455249178306,base+quality_sq+price_sq+quality_support+evidence_digital+price_income
combined,25,MNL,0.5572916666666666,0.9238412380759532,0.5514315545612888,0.01593422153646801,0.19401459302631216,base
combined,25,Structured_MNL,0.6364583333333333,0.7817265754739291,0.4688880348499811,0.014934893343863276,0.015434884044835112,base+all_candidates
combined,25,ML_assisted_spec,0.6364583333333333,0.7820638297585787,0.46912534133372435,0.015077049442075255,0.015783905120867348,base+quality_sq+price_sq+quality_support+evidence_digital+price_income
combined,26,MNL,0.5875,0.8785144065111826,0.5267091340114111,0.009395238928969202,0.22397578889275221,base
combined,26,Structured_MNL,0.6520833333333333,0.7417813119174687,0.44563860263199484,0.009381469140560102,0.01664908530205607,base+all_candidates
combined,26,ML_assisted_spec,0.6520833333333333,0.7416583538665352,0.44555698735329885,0.009337717875632794,0.016706923248181054,base+quality_sq+price_sq+quality_support+evidence_digital+price_income
combined,27,MNL,0.5958333333333333,0.8718248277776691,0.5188010803591319,0.011693411432385002,0.2055638832836146,base
combined,27,Structured_MNL,0.646875,0.7466709837228411,0.4513106335932179,0.00842339982013239,0.016892954148890433,base+all_candidates
combined,27,ML_assisted_spec,0.6458333333333334,0.7467314372208342,0.4513521457744211,0.008448705869788676,0.016870076305192758,base+quality_sq+price_sq+quality_support+evidence_digital
combined,28,MNL,0.5739583333333333,0.915702331753828,0.5469257732788454,0.006675048114742471,0.19224469568164615,base
combined,28,Structured_MNL,0.6041666666666666,0.8121121832573984,0.490142359181841,0.014501584678067477,0.019521216707452042,base+all_candidates
combined,28,ML_assisted_spec,0.6041666666666666,0.8117794114766009,0.4900158124256425,0.014354802892072038,0.020318614284673277,base+quality_sq+price_sq+quality_support+evidence_digital
combined,29,MNL,0.5895833333333333,0.8863338267053834,0.5264681401464034,0.01322886160882461,0.23699475944528736,base
combined,29,Structured_MNL,0.6322916666666667,0.7701205440145432,0.4604962379689534,0.003459306470743443,0.01633378111913218,base+all_candidates
combined,29,ML_assisted_spec,0.6333333333333333,0.7702547902526731,0.4605369893093408,0.003526150245198127,0.01674057927151237,base+quality_sq+price_sq+quality_support+evidence_digital+price_income
