condition,method,rep,respondents,eta,randomization_reps,pvalue,reject
null,support_complete,0,400,0.45,499,0.034,1
null,generalized_cmh,0,400,0.45,499,0.034,1
null,complete_fibre_lr,0,400,0.45,499,0.028,1
null,ml_residual,0,400,0.45,499,0.042,1
null,support_complete,1,400,0.45,499,0.808,0
null,generalized_cmh,1,400,0.45,499,0.808,0
null,complete_fibre_lr,1,400,0.45,499,0.808,0
null,ml_residual,1,400,0.45,499,0.718,0
null,support_complete,2,400,0.45,499,0.036,1
null,generalized_cmh,2,400,0.45,499,0.036,1
null,complete_fibre_lr,2,400,0.45,499,0.038,1
null,ml_residual,2,400,0.45,499,0.368,0
null,support_complete,3,400,0.45,499,0.34,0
null,generalized_cmh,3,400,0.45,499,0.34,0
null,complete_fibre_lr,3,400,0.45,499,0.34,0
null,ml_residual,3,400,0.45,499,0.312,0
null,support_complete,4,400,0.45,499,0.592,0
null,generalized_cmh,4,400,0.45,499,0.592,0
null,complete_fibre_lr,4,400,0.45,499,0.59,0
null,ml_residual,4,400,0.45,499,0.792,0
null,support_complete,5,400,0.45,499,0.43,0
null,generalized_cmh,5,400,0.45,499,0.43,0
null,complete_fibre_lr,5,400,0.45,499,0.428,0
null,ml_residual,5,400,0.45,499,0.056,0
null,support_complete,6,400,0.45,499,0.318,0
null,generalized_cmh,6,400,0.45,499,0.318,0
null,complete_fibre_lr,6,400,0.45,499,0.316,0
null,ml_residual,6,400,0.45,499,0.428,0
null,support_complete,7,400,0.45,499,0.894,0
null,generalized_cmh,7,400,0.45,499,0.894,0
null,complete_fibre_lr,7,400,0.45,499,0.892,0
null,ml_residual,7,400,0.45,499,0.942,0
null,support_complete,8,400,0.45,499,0.636,0
null,generalized_cmh,8,400,0.45,499,0.636,0
null,complete_fibre_lr,8,400,0.45,499,0.63,0
null,ml_residual,8,400,0.45,499,0.836,0
null,support_complete,9,400,0.45,499,0.162,0
null,generalized_cmh,9,400,0.45,499,0.162,0
null,complete_fibre_lr,9,400,0.45,499,0.164,0
null,ml_residual,9,400,0.45,499,0.304,0
null,support_complete,10,400,0.45,499,0.33,0
null,generalized_cmh,10,400,0.45,499,0.33,0
null,complete_fibre_lr,10,400,0.45,499,0.338,0
null,ml_residual,10,400,0.45,499,0.796,0
null,support_complete,11,400,0.45,499,0.172,0
null,generalized_cmh,11,400,0.45,499,0.172,0
null,complete_fibre_lr,11,400,0.45,499,0.174,0
null,ml_residual,11,400,0.45,499,0.506,0
null,support_complete,12,400,0.45,499,0.762,0
null,generalized_cmh,12,400,0.45,499,0.762,0
null,complete_fibre_lr,12,400,0.45,499,0.764,0
null,ml_residual,12,400,0.45,499,0.76,0
null,support_complete,13,400,0.45,499,0.626,0
null,generalized_cmh,13,400,0.45,499,0.626,0
null,complete_fibre_lr,13,400,0.45,499,0.624,0
null,ml_residual,13,400,0.45,499,0.906,0
null,support_complete,14,400,0.45,499,0.44,0
null,generalized_cmh,14,400,0.45,499,0.44,0
null,complete_fibre_lr,14,400,0.45,499,0.436,0
null,ml_residual,14,400,0.45,499,0.182,0
null,support_complete,15,400,0.45,499,0.604,0
null,generalized_cmh,15,400,0.45,499,0.604,0
null,complete_fibre_lr,15,400,0.45,499,0.604,0
null,ml_residual,15,400,0.45,499,0.496,0
null,support_complete,16,400,0.45,499,0.132,0
null,generalized_cmh,16,400,0.45,499,0.132,0
null,complete_fibre_lr,16,400,0.45,499,0.132,0
null,ml_residual,16,400,0.45,499,0.768,0
null,support_complete,17,400,0.45,499,0.636,0
null,generalized_cmh,17,400,0.45,499,0.636,0
null,complete_fibre_lr,17,400,0.45,499,0.636,0
null,ml_residual,17,400,0.45,499,0.954,0
null,support_complete,18,400,0.45,499,0.758,0
null,generalized_cmh,18,400,0.45,499,0.758,0
null,complete_fibre_lr,18,400,0.45,499,0.762,0
null,ml_residual,18,400,0.45,499,0.568,0
null,support_complete,19,400,0.45,499,0.844,0
null,generalized_cmh,19,400,0.45,499,0.844,0
null,complete_fibre_lr,19,400,0.45,499,0.844,0
null,ml_residual,19,400,0.45,499,0.584,0
null,support_complete,20,400,0.45,499,0.984,0
null,generalized_cmh,20,400,0.45,499,0.984,0
null,complete_fibre_lr,20,400,0.45,499,0.984,0
null,ml_residual,20,400,0.45,499,0.61,0
null,support_complete,21,400,0.45,499,0.104,0
null,generalized_cmh,21,400,0.45,499,0.104,0
null,complete_fibre_lr,21,400,0.45,499,0.1,0
null,ml_residual,21,400,0.45,499,0.276,0
null,support_complete,22,400,0.45,499,0.9,0
null,generalized_cmh,22,400,0.45,499,0.9,0
null,complete_fibre_lr,22,400,0.45,499,0.898,0
null,ml_residual,22,400,0.45,499,0.392,0
null,support_complete,23,400,0.45,499,0.356,0
null,generalized_cmh,23,400,0.45,499,0.356,0
null,complete_fibre_lr,23,400,0.45,499,0.356,0
null,ml_residual,23,400,0.45,499,0.536,0
null,support_complete,24,400,0.45,499,0.238,0
null,generalized_cmh,24,400,0.45,499,0.238,0
null,complete_fibre_lr,24,400,0.45,499,0.236,0
null,ml_residual,24,400,0.45,499,0.362,0
null,support_complete,25,400,0.45,499,0.652,0
null,generalized_cmh,25,400,0.45,499,0.652,0
null,complete_fibre_lr,25,400,0.45,499,0.652,0
null,ml_residual,25,400,0.45,499,0.71,0
null,support_complete,26,400,0.45,499,0.424,0
null,generalized_cmh,26,400,0.45,499,0.424,0
null,complete_fibre_lr,26,400,0.45,499,0.424,0
null,ml_residual,26,400,0.45,499,0.324,0
null,support_complete,27,400,0.45,499,0.11,0
null,generalized_cmh,27,400,0.45,499,0.11,0
null,complete_fibre_lr,27,400,0.45,499,0.108,0
null,ml_residual,27,400,0.45,499,0.304,0
null,support_complete,28,400,0.45,499,0.214,0
null,generalized_cmh,28,400,0.45,499,0.214,0
null,complete_fibre_lr,28,400,0.45,499,0.216,0
null,ml_residual,28,400,0.45,499,0.242,0
null,support_complete,29,400,0.45,499,0.358,0
null,generalized_cmh,29,400,0.45,499,0.358,0
null,complete_fibre_lr,29,400,0.45,499,0.34,0
null,ml_residual,29,400,0.45,499,0.112,0
null,support_complete,30,400,0.45,499,0.946,0
null,generalized_cmh,30,400,0.45,499,0.946,0
null,complete_fibre_lr,30,400,0.45,499,0.946,0
null,ml_residual,30,400,0.45,499,0.816,0
null,support_complete,31,400,0.45,499,0.736,0
null,generalized_cmh,31,400,0.45,499,0.736,0
null,complete_fibre_lr,31,400,0.45,499,0.736,0
null,ml_residual,31,400,0.45,499,0.586,0
null,support_complete,32,400,0.45,499,0.486,0
null,generalized_cmh,32,400,0.45,499,0.486,0
null,complete_fibre_lr,32,400,0.45,499,0.496,0
null,ml_residual,32,400,0.45,499,0.766,0
null,support_complete,33,400,0.45,499,0.178,0
null,generalized_cmh,33,400,0.45,499,0.178,0
null,complete_fibre_lr,33,400,0.45,499,0.186,0
null,ml_residual,33,400,0.45,499,0.164,0
null,support_complete,34,400,0.45,499,0.158,0
null,generalized_cmh,34,400,0.45,499,0.158,0
null,complete_fibre_lr,34,400,0.45,499,0.164,0
null,ml_residual,34,400,0.45,499,0.766,0
null,support_complete,35,400,0.45,499,0.868,0
null,generalized_cmh,35,400,0.45,499,0.868,0
null,complete_fibre_lr,35,400,0.45,499,0.868,0
null,ml_residual,35,400,0.45,499,0.818,0
null,support_complete,36,400,0.45,499,0.538,0
null,generalized_cmh,36,400,0.45,499,0.538,0
null,complete_fibre_lr,36,400,0.45,499,0.538,0
null,ml_residual,36,400,0.45,499,0.34,0
null,support_complete,37,400,0.45,499,0.738,0
null,generalized_cmh,37,400,0.45,499,0.738,0
null,complete_fibre_lr,37,400,0.45,499,0.738,0
null,ml_residual,37,400,0.45,499,0.212,0
null,support_complete,38,400,0.45,499,0.908,0
null,generalized_cmh,38,400,0.45,499,0.908,0
null,complete_fibre_lr,38,400,0.45,499,0.908,0
null,ml_residual,38,400,0.45,499,0.864,0
null,support_complete,39,400,0.45,499,0.274,0
null,generalized_cmh,39,400,0.45,499,0.274,0
null,complete_fibre_lr,39,400,0.45,499,0.274,0
null,ml_residual,39,400,0.45,499,0.586,0
null,support_complete,40,400,0.45,499,0.594,0
null,generalized_cmh,40,400,0.45,499,0.594,0
null,complete_fibre_lr,40,400,0.45,499,0.594,0
null,ml_residual,40,400,0.45,499,0.956,0
null,support_complete,41,400,0.45,499,0.066,0
null,generalized_cmh,41,400,0.45,499,0.066,0
null,complete_fibre_lr,41,400,0.45,499,0.068,0
null,ml_residual,41,400,0.45,499,0.1,0
null,support_complete,42,400,0.45,499,0.91,0
null,generalized_cmh,42,400,0.45,499,0.91,0
null,complete_fibre_lr,42,400,0.45,499,0.91,0
null,ml_residual,42,400,0.45,499,0.96,0
null,support_complete,43,400,0.45,499,0.206,0
null,generalized_cmh,43,400,0.45,499,0.206,0
null,complete_fibre_lr,43,400,0.45,499,0.208,0
null,ml_residual,43,400,0.45,499,0.15,0
null,support_complete,44,400,0.45,499,0.292,0
null,generalized_cmh,44,400,0.45,499,0.292,0
null,complete_fibre_lr,44,400,0.45,499,0.296,0
null,ml_residual,44,400,0.45,499,0.384,0
null,support_complete,45,400,0.45,499,0.322,0
null,generalized_cmh,45,400,0.45,499,0.322,0
null,complete_fibre_lr,45,400,0.45,499,0.322,0
null,ml_residual,45,400,0.45,499,0.886,0
null,support_complete,46,400,0.45,499,0.512,0
null,generalized_cmh,46,400,0.45,499,0.512,0
null,complete_fibre_lr,46,400,0.45,499,0.512,0
null,ml_residual,46,400,0.45,499,0.798,0
null,support_complete,47,400,0.45,499,0.762,0
null,generalized_cmh,47,400,0.45,499,0.762,0
null,complete_fibre_lr,47,400,0.45,499,0.762,0
null,ml_residual,47,400,0.45,499,0.894,0
null,support_complete,48,400,0.45,499,0.192,0
null,generalized_cmh,48,400,0.45,499,0.192,0
null,complete_fibre_lr,48,400,0.45,499,0.19,0
null,ml_residual,48,400,0.45,499,0.188,0
null,support_complete,49,400,0.45,499,0.162,0
null,generalized_cmh,49,400,0.45,499,0.162,0
null,complete_fibre_lr,49,400,0.45,499,0.162,0
null,ml_residual,49,400,0.45,499,0.27,0
null,support_complete,50,400,0.45,499,0.166,0
null,generalized_cmh,50,400,0.45,499,0.166,0
null,complete_fibre_lr,50,400,0.45,499,0.166,0
null,ml_residual,50,400,0.45,499,0.282,0
null,support_complete,51,400,0.45,499,0.862,0
null,generalized_cmh,51,400,0.45,499,0.862,0
null,complete_fibre_lr,51,400,0.45,499,0.864,0
null,ml_residual,51,400,0.45,499,0.676,0
null,support_complete,52,400,0.45,499,0.04,1
null,generalized_cmh,52,400,0.45,499,0.04,1
null,complete_fibre_lr,52,400,0.45,499,0.04,1
null,ml_residual,52,400,0.45,499,0.24,0
null,support_complete,53,400,0.45,499,0.302,0
null,generalized_cmh,53,400,0.45,499,0.302,0
null,complete_fibre_lr,53,400,0.45,499,0.302,0
null,ml_residual,53,400,0.45,499,0.17,0
null,support_complete,54,400,0.45,499,0.632,0
null,generalized_cmh,54,400,0.45,499,0.632,0
null,complete_fibre_lr,54,400,0.45,499,0.63,0
null,ml_residual,54,400,0.45,499,0.862,0
null,support_complete,55,400,0.45,499,0.664,0
null,generalized_cmh,55,400,0.45,499,0.664,0
null,complete_fibre_lr,55,400,0.45,499,0.666,0
null,ml_residual,55,400,0.45,499,0.238,0
null,support_complete,56,400,0.45,499,0.778,0
null,generalized_cmh,56,400,0.45,499,0.778,0
null,complete_fibre_lr,56,400,0.45,499,0.78,0
null,ml_residual,56,400,0.45,499,0.93,0
null,support_complete,57,400,0.45,499,0.222,0
null,generalized_cmh,57,400,0.45,499,0.222,0
null,complete_fibre_lr,57,400,0.45,499,0.23,0
null,ml_residual,57,400,0.45,499,0.08,0
null,support_complete,58,400,0.45,499,0.1,0
null,generalized_cmh,58,400,0.45,499,0.1,0
null,complete_fibre_lr,58,400,0.45,499,0.1,0
null,ml_residual,58,400,0.45,499,0.198,0
null,support_complete,59,400,0.45,499,0.284,0
null,generalized_cmh,59,400,0.45,499,0.284,0
null,complete_fibre_lr,59,400,0.45,499,0.288,0
null,ml_residual,59,400,0.45,499,0.466,0
null,support_complete,60,400,0.45,499,0.198,0
null,generalized_cmh,60,400,0.45,499,0.198,0
null,complete_fibre_lr,60,400,0.45,499,0.188,0
null,ml_residual,60,400,0.45,499,0.122,0
null,support_complete,61,400,0.45,499,0.488,0
null,generalized_cmh,61,400,0.45,499,0.488,0
null,complete_fibre_lr,61,400,0.45,499,0.49,0
null,ml_residual,61,400,0.45,499,0.714,0
null,support_complete,62,400,0.45,499,0.556,0
null,generalized_cmh,62,400,0.45,499,0.556,0
null,complete_fibre_lr,62,400,0.45,499,0.55,0
null,ml_residual,62,400,0.45,499,0.848,0
null,support_complete,63,400,0.45,499,0.162,0
null,generalized_cmh,63,400,0.45,499,0.162,0
null,complete_fibre_lr,63,400,0.45,499,0.166,0
null,ml_residual,63,400,0.45,499,0.382,0
null,support_complete,64,400,0.45,499,0.746,0
null,generalized_cmh,64,400,0.45,499,0.746,0
null,complete_fibre_lr,64,400,0.45,499,0.746,0
null,ml_residual,64,400,0.45,499,0.646,0
null,support_complete,65,400,0.45,499,0.54,0
null,generalized_cmh,65,400,0.45,499,0.54,0
null,complete_fibre_lr,65,400,0.45,499,0.54,0
null,ml_residual,65,400,0.45,499,0.092,0
null,support_complete,66,400,0.45,499,0.55,0
null,generalized_cmh,66,400,0.45,499,0.55,0
null,complete_fibre_lr,66,400,0.45,499,0.552,0
null,ml_residual,66,400,0.45,499,0.504,0
null,support_complete,67,400,0.45,499,0.408,0
null,generalized_cmh,67,400,0.45,499,0.408,0
null,complete_fibre_lr,67,400,0.45,499,0.412,0
null,ml_residual,67,400,0.45,499,0.488,0
null,support_complete,68,400,0.45,499,0.088,0
null,generalized_cmh,68,400,0.45,499,0.088,0
null,complete_fibre_lr,68,400,0.45,499,0.09,0
null,ml_residual,68,400,0.45,499,0.108,0
null,support_complete,69,400,0.45,499,0.866,0
null,generalized_cmh,69,400,0.45,499,0.866,0
null,complete_fibre_lr,69,400,0.45,499,0.87,0
null,ml_residual,69,400,0.45,499,0.444,0
null,support_complete,70,400,0.45,499,0.056,0
null,generalized_cmh,70,400,0.45,499,0.056,0
null,complete_fibre_lr,70,400,0.45,499,0.054,0
null,ml_residual,70,400,0.45,499,0.32,0
null,support_complete,71,400,0.45,499,0.216,0
null,generalized_cmh,71,400,0.45,499,0.216,0
null,complete_fibre_lr,71,400,0.45,499,0.22,0
null,ml_residual,71,400,0.45,499,0.502,0
null,support_complete,72,400,0.45,499,0.522,0
null,generalized_cmh,72,400,0.45,499,0.522,0
null,complete_fibre_lr,72,400,0.45,499,0.524,0
null,ml_residual,72,400,0.45,499,0.172,0
null,support_complete,73,400,0.45,499,0.99,0
null,generalized_cmh,73,400,0.45,499,0.99,0
null,complete_fibre_lr,73,400,0.45,499,0.99,0
null,ml_residual,73,400,0.45,499,0.774,0
null,support_complete,74,400,0.45,499,0.806,0
null,generalized_cmh,74,400,0.45,499,0.806,0
null,complete_fibre_lr,74,400,0.45,499,0.806,0
null,ml_residual,74,400,0.45,499,0.816,0
null,support_complete,75,400,0.45,499,0.744,0
null,generalized_cmh,75,400,0.45,499,0.744,0
null,complete_fibre_lr,75,400,0.45,499,0.746,0
null,ml_residual,75,400,0.45,499,0.692,0
null,support_complete,76,400,0.45,499,0.594,0
null,generalized_cmh,76,400,0.45,499,0.594,0
null,complete_fibre_lr,76,400,0.45,499,0.592,0
null,ml_residual,76,400,0.45,499,0.622,0
null,support_complete,77,400,0.45,499,0.172,0
null,generalized_cmh,77,400,0.45,499,0.172,0
null,complete_fibre_lr,77,400,0.45,499,0.174,0
null,ml_residual,77,400,0.45,499,0.422,0
null,support_complete,78,400,0.45,499,0.18,0
null,generalized_cmh,78,400,0.45,499,0.18,0
null,complete_fibre_lr,78,400,0.45,499,0.178,0
null,ml_residual,78,400,0.45,499,0.132,0
null,support_complete,79,400,0.45,499,0.116,0
null,generalized_cmh,79,400,0.45,499,0.116,0
null,complete_fibre_lr,79,400,0.45,499,0.118,0
null,ml_residual,79,400,0.45,499,0.074,0
null,support_complete,80,400,0.45,499,0.854,0
null,generalized_cmh,80,400,0.45,499,0.854,0
null,complete_fibre_lr,80,400,0.45,499,0.854,0
null,ml_residual,80,400,0.45,499,0.958,0
null,support_complete,81,400,0.45,499,0.248,0
null,generalized_cmh,81,400,0.45,499,0.248,0
null,complete_fibre_lr,81,400,0.45,499,0.242,0
null,ml_residual,81,400,0.45,499,0.47,0
null,support_complete,82,400,0.45,499,0.676,0
null,generalized_cmh,82,400,0.45,499,0.676,0
null,complete_fibre_lr,82,400,0.45,499,0.676,0
null,ml_residual,82,400,0.45,499,0.778,0
null,support_complete,83,400,0.45,499,0.152,0
null,generalized_cmh,83,400,0.45,499,0.152,0
null,complete_fibre_lr,83,400,0.45,499,0.14,0
null,ml_residual,83,400,0.45,499,0.164,0
null,support_complete,84,400,0.45,499,0.464,0
null,generalized_cmh,84,400,0.45,499,0.464,0
null,complete_fibre_lr,84,400,0.45,499,0.464,0
null,ml_residual,84,400,0.45,499,0.202,0
null,support_complete,85,400,0.45,499,0.226,0
null,generalized_cmh,85,400,0.45,499,0.226,0
null,complete_fibre_lr,85,400,0.45,499,0.228,0
null,ml_residual,85,400,0.45,499,0.112,0
null,support_complete,86,400,0.45,499,0.616,0
null,generalized_cmh,86,400,0.45,499,0.616,0
null,complete_fibre_lr,86,400,0.45,499,0.62,0
null,ml_residual,86,400,0.45,499,0.06,0
null,support_complete,87,400,0.45,499,0.694,0
null,generalized_cmh,87,400,0.45,499,0.694,0
null,complete_fibre_lr,87,400,0.45,499,0.692,0
null,ml_residual,87,400,0.45,499,0.296,0
null,support_complete,88,400,0.45,499,0.336,0
null,generalized_cmh,88,400,0.45,499,0.336,0
null,complete_fibre_lr,88,400,0.45,499,0.338,0
null,ml_residual,88,400,0.45,499,0.434,0
null,support_complete,89,400,0.45,499,0.63,0
null,generalized_cmh,89,400,0.45,499,0.63,0
null,complete_fibre_lr,89,400,0.45,499,0.63,0
null,ml_residual,89,400,0.45,499,0.766,0
null,support_complete,90,400,0.45,499,0.802,0
null,generalized_cmh,90,400,0.45,499,0.802,0
null,complete_fibre_lr,90,400,0.45,499,0.802,0
null,ml_residual,90,400,0.45,499,0.664,0
null,support_complete,91,400,0.45,499,0.17,0
null,generalized_cmh,91,400,0.45,499,0.17,0
null,complete_fibre_lr,91,400,0.45,499,0.168,0
null,ml_residual,91,400,0.45,499,0.412,0
null,support_complete,92,400,0.45,499,0.652,0
null,generalized_cmh,92,400,0.45,499,0.652,0
null,complete_fibre_lr,92,400,0.45,499,0.652,0
null,ml_residual,92,400,0.45,499,0.8,0
null,support_complete,93,400,0.45,499,0.108,0
null,generalized_cmh,93,400,0.45,499,0.108,0
null,complete_fibre_lr,93,400,0.45,499,0.114,0
null,ml_residual,93,400,0.45,499,0.414,0
null,support_complete,94,400,0.45,499,0.768,0
null,generalized_cmh,94,400,0.45,499,0.768,0
null,complete_fibre_lr,94,400,0.45,499,0.77,0
null,ml_residual,94,400,0.45,499,0.354,0
null,support_complete,95,400,0.45,499,0.156,0
null,generalized_cmh,95,400,0.45,499,0.156,0
null,complete_fibre_lr,95,400,0.45,499,0.156,0
null,ml_residual,95,400,0.45,499,0.242,0
null,support_complete,96,400,0.45,499,0.822,0
null,generalized_cmh,96,400,0.45,499,0.822,0
null,complete_fibre_lr,96,400,0.45,499,0.822,0
null,ml_residual,96,400,0.45,499,0.728,0
null,support_complete,97,400,0.45,499,0.19,0
null,generalized_cmh,97,400,0.45,499,0.19,0
null,complete_fibre_lr,97,400,0.45,499,0.184,0
null,ml_residual,97,400,0.45,499,0.682,0
null,support_complete,98,400,0.45,499,1.0,0
null,generalized_cmh,98,400,0.45,499,1.0,0
null,complete_fibre_lr,98,400,0.45,499,1.0,0
null,ml_residual,98,400,0.45,499,0.94,0
null,support_complete,99,400,0.45,499,0.946,0
null,generalized_cmh,99,400,0.45,499,0.946,0
null,complete_fibre_lr,99,400,0.45,499,0.946,0
null,ml_residual,99,400,0.45,499,0.966,0
null,support_complete,100,400,0.45,499,0.806,0
null,generalized_cmh,100,400,0.45,499,0.806,0
null,complete_fibre_lr,100,400,0.45,499,0.804,0
null,ml_residual,100,400,0.45,499,0.568,0
null,support_complete,101,400,0.45,499,0.834,0
null,generalized_cmh,101,400,0.45,499,0.834,0
null,complete_fibre_lr,101,400,0.45,499,0.834,0
null,ml_residual,101,400,0.45,499,0.634,0
null,support_complete,102,400,0.45,499,0.292,0
null,generalized_cmh,102,400,0.45,499,0.292,0
null,complete_fibre_lr,102,400,0.45,499,0.294,0
null,ml_residual,102,400,0.45,499,0.668,0
null,support_complete,103,400,0.45,499,0.254,0
null,generalized_cmh,103,400,0.45,499,0.254,0
null,complete_fibre_lr,103,400,0.45,499,0.252,0
null,ml_residual,103,400,0.45,499,0.422,0
null,support_complete,104,400,0.45,499,0.864,0
null,generalized_cmh,104,400,0.45,499,0.864,0
null,complete_fibre_lr,104,400,0.45,499,0.864,0
null,ml_residual,104,400,0.45,499,0.906,0
null,support_complete,105,400,0.45,499,0.196,0
null,generalized_cmh,105,400,0.45,499,0.196,0
null,complete_fibre_lr,105,400,0.45,499,0.194,0
null,ml_residual,105,400,0.45,499,0.022,1
null,support_complete,106,400,0.45,499,0.264,0
null,generalized_cmh,106,400,0.45,499,0.264,0
null,complete_fibre_lr,106,400,0.45,499,0.27,0
null,ml_residual,106,400,0.45,499,0.826,0
null,support_complete,107,400,0.45,499,0.406,0
null,generalized_cmh,107,400,0.45,499,0.406,0
null,complete_fibre_lr,107,400,0.45,499,0.406,0
null,ml_residual,107,400,0.45,499,0.602,0
null,support_complete,108,400,0.45,499,0.038,1
null,generalized_cmh,108,400,0.45,499,0.038,1
null,complete_fibre_lr,108,400,0.45,499,0.038,1
null,ml_residual,108,400,0.45,499,0.056,0
null,support_complete,109,400,0.45,499,0.412,0
null,generalized_cmh,109,400,0.45,499,0.412,0
null,complete_fibre_lr,109,400,0.45,499,0.398,0
null,ml_residual,109,400,0.45,499,0.668,0
null,support_complete,110,400,0.45,499,0.078,0
null,generalized_cmh,110,400,0.45,499,0.078,0
null,complete_fibre_lr,110,400,0.45,499,0.078,0
null,ml_residual,110,400,0.45,499,0.22,0
null,support_complete,111,400,0.45,499,0.582,0
null,generalized_cmh,111,400,0.45,499,0.582,0
null,complete_fibre_lr,111,400,0.45,499,0.58,0
null,ml_residual,111,400,0.45,499,0.37,0
null,support_complete,112,400,0.45,499,0.182,0
null,generalized_cmh,112,400,0.45,499,0.182,0
null,complete_fibre_lr,112,400,0.45,499,0.176,0
null,ml_residual,112,400,0.45,499,0.346,0
null,support_complete,113,400,0.45,499,0.112,0
null,generalized_cmh,113,400,0.45,499,0.112,0
null,complete_fibre_lr,113,400,0.45,499,0.116,0
null,ml_residual,113,400,0.45,499,0.038,1
null,support_complete,114,400,0.45,499,0.504,0
null,generalized_cmh,114,400,0.45,499,0.504,0
null,complete_fibre_lr,114,400,0.45,499,0.494,0
null,ml_residual,114,400,0.45,499,0.454,0
null,support_complete,115,400,0.45,499,0.892,0
null,generalized_cmh,115,400,0.45,499,0.892,0
null,complete_fibre_lr,115,400,0.45,499,0.892,0
null,ml_residual,115,400,0.45,499,0.812,0
null,support_complete,116,400,0.45,499,0.464,0
null,generalized_cmh,116,400,0.45,499,0.464,0
null,complete_fibre_lr,116,400,0.45,499,0.466,0
null,ml_residual,116,400,0.45,499,0.564,0
null,support_complete,117,400,0.45,499,0.31,0
null,generalized_cmh,117,400,0.45,499,0.31,0
null,complete_fibre_lr,117,400,0.45,499,0.31,0
null,ml_residual,117,400,0.45,499,0.49,0
null,support_complete,118,400,0.45,499,0.032,1
null,generalized_cmh,118,400,0.45,499,0.032,1
null,complete_fibre_lr,118,400,0.45,499,0.032,1
null,ml_residual,118,400,0.45,499,0.002,1
null,support_complete,119,400,0.45,499,0.652,0
null,generalized_cmh,119,400,0.45,499,0.652,0
null,complete_fibre_lr,119,400,0.45,499,0.656,0
null,ml_residual,119,400,0.45,499,0.28,0
null,support_complete,120,400,0.45,499,0.598,0
null,generalized_cmh,120,400,0.45,499,0.598,0
null,complete_fibre_lr,120,400,0.45,499,0.598,0
null,ml_residual,120,400,0.45,499,0.458,0
null,support_complete,121,400,0.45,499,0.512,0
null,generalized_cmh,121,400,0.45,499,0.512,0
null,complete_fibre_lr,121,400,0.45,499,0.512,0
null,ml_residual,121,400,0.45,499,0.478,0
null,support_complete,122,400,0.45,499,0.454,0
null,generalized_cmh,122,400,0.45,499,0.454,0
null,complete_fibre_lr,122,400,0.45,499,0.45,0
null,ml_residual,122,400,0.45,499,0.806,0
null,support_complete,123,400,0.45,499,0.83,0
null,generalized_cmh,123,400,0.45,499,0.83,0
null,complete_fibre_lr,123,400,0.45,499,0.83,0
null,ml_residual,123,400,0.45,499,0.608,0
null,support_complete,124,400,0.45,499,0.1,0
null,generalized_cmh,124,400,0.45,499,0.1,0
null,complete_fibre_lr,124,400,0.45,499,0.102,0
null,ml_residual,124,400,0.45,499,0.272,0
null,support_complete,125,400,0.45,499,0.918,0
null,generalized_cmh,125,400,0.45,499,0.918,0
null,complete_fibre_lr,125,400,0.45,499,0.916,0
null,ml_residual,125,400,0.45,499,0.918,0
null,support_complete,126,400,0.45,499,0.524,0
null,generalized_cmh,126,400,0.45,499,0.524,0
null,complete_fibre_lr,126,400,0.45,499,0.524,0
null,ml_residual,126,400,0.45,499,0.398,0
null,support_complete,127,400,0.45,499,0.962,0
null,generalized_cmh,127,400,0.45,499,0.962,0
null,complete_fibre_lr,127,400,0.45,499,0.962,0
null,ml_residual,127,400,0.45,499,0.704,0
null,support_complete,128,400,0.45,499,0.708,0
null,generalized_cmh,128,400,0.45,499,0.708,0
null,complete_fibre_lr,128,400,0.45,499,0.706,0
null,ml_residual,128,400,0.45,499,0.608,0
null,support_complete,129,400,0.45,499,0.494,0
null,generalized_cmh,129,400,0.45,499,0.494,0
null,complete_fibre_lr,129,400,0.45,499,0.504,0
null,ml_residual,129,400,0.45,499,0.238,0
null,support_complete,130,400,0.45,499,0.692,0
null,generalized_cmh,130,400,0.45,499,0.692,0
null,complete_fibre_lr,130,400,0.45,499,0.692,0
null,ml_residual,130,400,0.45,499,0.554,0
null,support_complete,131,400,0.45,499,0.374,0
null,generalized_cmh,131,400,0.45,499,0.374,0
null,complete_fibre_lr,131,400,0.45,499,0.39,0
null,ml_residual,131,400,0.45,499,0.416,0
null,support_complete,132,400,0.45,499,0.448,0
null,generalized_cmh,132,400,0.45,499,0.448,0
null,complete_fibre_lr,132,400,0.45,499,0.448,0
null,ml_residual,132,400,0.45,499,0.566,0
null,support_complete,133,400,0.45,499,0.768,0
null,generalized_cmh,133,400,0.45,499,0.768,0
null,complete_fibre_lr,133,400,0.45,499,0.766,0
null,ml_residual,133,400,0.45,499,0.42,0
null,support_complete,134,400,0.45,499,0.476,0
null,generalized_cmh,134,400,0.45,499,0.476,0
null,complete_fibre_lr,134,400,0.45,499,0.482,0
null,ml_residual,134,400,0.45,499,0.482,0
null,support_complete,135,400,0.45,499,0.074,0
null,generalized_cmh,135,400,0.45,499,0.074,0
null,complete_fibre_lr,135,400,0.45,499,0.074,0
null,ml_residual,135,400,0.45,499,0.358,0
null,support_complete,136,400,0.45,499,0.286,0
null,generalized_cmh,136,400,0.45,499,0.286,0
null,complete_fibre_lr,136,400,0.45,499,0.288,0
null,ml_residual,136,400,0.45,499,0.606,0
null,support_complete,137,400,0.45,499,0.632,0
null,generalized_cmh,137,400,0.45,499,0.632,0
null,complete_fibre_lr,137,400,0.45,499,0.632,0
null,ml_residual,137,400,0.45,499,0.62,0
null,support_complete,138,400,0.45,499,0.008,1
null,generalized_cmh,138,400,0.45,499,0.008,1
null,complete_fibre_lr,138,400,0.45,499,0.008,1
null,ml_residual,138,400,0.45,499,0.06,0
null,support_complete,139,400,0.45,499,0.788,0
null,generalized_cmh,139,400,0.45,499,0.788,0
null,complete_fibre_lr,139,400,0.45,499,0.788,0
null,ml_residual,139,400,0.45,499,0.78,0
null,support_complete,140,400,0.45,499,0.032,1
null,generalized_cmh,140,400,0.45,499,0.032,1
null,complete_fibre_lr,140,400,0.45,499,0.032,1
null,ml_residual,140,400,0.45,499,0.074,0
null,support_complete,141,400,0.45,499,0.13,0
null,generalized_cmh,141,400,0.45,499,0.13,0
null,complete_fibre_lr,141,400,0.45,499,0.128,0
null,ml_residual,141,400,0.45,499,0.06,0
null,support_complete,142,400,0.45,499,0.196,0
null,generalized_cmh,142,400,0.45,499,0.196,0
null,complete_fibre_lr,142,400,0.45,499,0.198,0
null,ml_residual,142,400,0.45,499,0.254,0
null,support_complete,143,400,0.45,499,0.648,0
null,generalized_cmh,143,400,0.45,499,0.648,0
null,complete_fibre_lr,143,400,0.45,499,0.648,0
null,ml_residual,143,400,0.45,499,0.752,0
null,support_complete,144,400,0.45,499,0.314,0
null,generalized_cmh,144,400,0.45,499,0.314,0
null,complete_fibre_lr,144,400,0.45,499,0.306,0
null,ml_residual,144,400,0.45,499,0.21,0
null,support_complete,145,400,0.45,499,0.356,0
null,generalized_cmh,145,400,0.45,499,0.356,0
null,complete_fibre_lr,145,400,0.45,499,0.356,0
null,ml_residual,145,400,0.45,499,0.706,0
null,support_complete,146,400,0.45,499,0.982,0
null,generalized_cmh,146,400,0.45,499,0.982,0
null,complete_fibre_lr,146,400,0.45,499,0.982,0
null,ml_residual,146,400,0.45,499,0.888,0
null,support_complete,147,400,0.45,499,0.47,0
null,generalized_cmh,147,400,0.45,499,0.47,0
null,complete_fibre_lr,147,400,0.45,499,0.464,0
null,ml_residual,147,400,0.45,499,0.386,0
null,support_complete,148,400,0.45,499,0.724,0
null,generalized_cmh,148,400,0.45,499,0.724,0
null,complete_fibre_lr,148,400,0.45,499,0.724,0
null,ml_residual,148,400,0.45,499,0.54,0
null,support_complete,149,400,0.45,499,0.748,0
null,generalized_cmh,149,400,0.45,499,0.748,0
null,complete_fibre_lr,149,400,0.45,499,0.748,0
null,ml_residual,149,400,0.45,499,0.244,0
null,support_complete,150,400,0.45,499,0.556,0
null,generalized_cmh,150,400,0.45,499,0.556,0
null,complete_fibre_lr,150,400,0.45,499,0.556,0
null,ml_residual,150,400,0.45,499,0.492,0
null,support_complete,151,400,0.45,499,0.772,0
null,generalized_cmh,151,400,0.45,499,0.772,0
null,complete_fibre_lr,151,400,0.45,499,0.774,0
null,ml_residual,151,400,0.45,499,0.302,0
null,support_complete,152,400,0.45,499,0.724,0
null,generalized_cmh,152,400,0.45,499,0.724,0
null,complete_fibre_lr,152,400,0.45,499,0.724,0
null,ml_residual,152,400,0.45,499,0.888,0
null,support_complete,153,400,0.45,499,0.332,0
null,generalized_cmh,153,400,0.45,499,0.332,0
null,complete_fibre_lr,153,400,0.45,499,0.332,0
null,ml_residual,153,400,0.45,499,0.586,0
null,support_complete,154,400,0.45,499,0.622,0
null,generalized_cmh,154,400,0.45,499,0.622,0
null,complete_fibre_lr,154,400,0.45,499,0.62,0
null,ml_residual,154,400,0.45,499,0.972,0
null,support_complete,155,400,0.45,499,0.58,0
null,generalized_cmh,155,400,0.45,499,0.58,0
null,complete_fibre_lr,155,400,0.45,499,0.582,0
null,ml_residual,155,400,0.45,499,0.304,0
null,support_complete,156,400,0.45,499,0.72,0
null,generalized_cmh,156,400,0.45,499,0.72,0
null,complete_fibre_lr,156,400,0.45,499,0.718,0
null,ml_residual,156,400,0.45,499,0.718,0
null,support_complete,157,400,0.45,499,0.146,0
null,generalized_cmh,157,400,0.45,499,0.146,0
null,complete_fibre_lr,157,400,0.45,499,0.146,0
null,ml_residual,157,400,0.45,499,0.252,0
null,support_complete,158,400,0.45,499,0.902,0
null,generalized_cmh,158,400,0.45,499,0.902,0
null,complete_fibre_lr,158,400,0.45,499,0.902,0
null,ml_residual,158,400,0.45,499,0.562,0
null,support_complete,159,400,0.45,499,0.054,0
null,generalized_cmh,159,400,0.45,499,0.054,0
null,complete_fibre_lr,159,400,0.45,499,0.054,0
null,ml_residual,159,400,0.45,499,0.01,1
null,support_complete,160,400,0.45,499,0.15,0
null,generalized_cmh,160,400,0.45,499,0.15,0
null,complete_fibre_lr,160,400,0.45,499,0.152,0
null,ml_residual,160,400,0.45,499,0.448,0
null,support_complete,161,400,0.45,499,0.974,0
null,generalized_cmh,161,400,0.45,499,0.974,0
null,complete_fibre_lr,161,400,0.45,499,0.974,0
null,ml_residual,161,400,0.45,499,0.694,0
null,support_complete,162,400,0.45,499,0.89,0
null,generalized_cmh,162,400,0.45,499,0.89,0
null,complete_fibre_lr,162,400,0.45,499,0.89,0
null,ml_residual,162,400,0.45,499,0.966,0
null,support_complete,163,400,0.45,499,0.496,0
null,generalized_cmh,163,400,0.45,499,0.496,0
null,complete_fibre_lr,163,400,0.45,499,0.496,0
null,ml_residual,163,400,0.45,499,0.402,0
null,support_complete,164,400,0.45,499,0.454,0
null,generalized_cmh,164,400,0.45,499,0.454,0
null,complete_fibre_lr,164,400,0.45,499,0.452,0
null,ml_residual,164,400,0.45,499,0.192,0
null,support_complete,165,400,0.45,499,1.0,0
null,generalized_cmh,165,400,0.45,499,1.0,0
null,complete_fibre_lr,165,400,0.45,499,1.0,0
null,ml_residual,165,400,0.45,499,0.952,0
null,support_complete,166,400,0.45,499,0.05,1
null,generalized_cmh,166,400,0.45,499,0.05,1
null,complete_fibre_lr,166,400,0.45,499,0.05,1
null,ml_residual,166,400,0.45,499,0.632,0
null,support_complete,167,400,0.45,499,0.266,0
null,generalized_cmh,167,400,0.45,499,0.266,0
null,complete_fibre_lr,167,400,0.45,499,0.266,0
null,ml_residual,167,400,0.45,499,0.006,1
null,support_complete,168,400,0.45,499,0.824,0
null,generalized_cmh,168,400,0.45,499,0.824,0
null,complete_fibre_lr,168,400,0.45,499,0.824,0
null,ml_residual,168,400,0.45,499,0.218,0
null,support_complete,169,400,0.45,499,0.188,0
null,generalized_cmh,169,400,0.45,499,0.188,0
null,complete_fibre_lr,169,400,0.45,499,0.188,0
null,ml_residual,169,400,0.45,499,0.97,0
null,support_complete,170,400,0.45,499,0.094,0
null,generalized_cmh,170,400,0.45,499,0.094,0
null,complete_fibre_lr,170,400,0.45,499,0.096,0
null,ml_residual,170,400,0.45,499,0.042,1
null,support_complete,171,400,0.45,499,0.984,0
null,generalized_cmh,171,400,0.45,499,0.984,0
null,complete_fibre_lr,171,400,0.45,499,0.984,0
null,ml_residual,171,400,0.45,499,0.704,0
null,support_complete,172,400,0.45,499,0.356,0
null,generalized_cmh,172,400,0.45,499,0.356,0
null,complete_fibre_lr,172,400,0.45,499,0.354,0
null,ml_residual,172,400,0.45,499,0.196,0
null,support_complete,173,400,0.45,499,0.748,0
null,generalized_cmh,173,400,0.45,499,0.748,0
null,complete_fibre_lr,173,400,0.45,499,0.748,0
null,ml_residual,173,400,0.45,499,0.446,0
null,support_complete,174,400,0.45,499,0.78,0
null,generalized_cmh,174,400,0.45,499,0.78,0
null,complete_fibre_lr,174,400,0.45,499,0.782,0
null,ml_residual,174,400,0.45,499,0.95,0
null,support_complete,175,400,0.45,499,0.302,0
null,generalized_cmh,175,400,0.45,499,0.302,0
null,complete_fibre_lr,175,400,0.45,499,0.304,0
null,ml_residual,175,400,0.45,499,0.334,0
null,support_complete,176,400,0.45,499,0.716,0
null,generalized_cmh,176,400,0.45,499,0.716,0
null,complete_fibre_lr,176,400,0.45,499,0.716,0
null,ml_residual,176,400,0.45,499,0.582,0
null,support_complete,177,400,0.45,499,0.638,0
null,generalized_cmh,177,400,0.45,499,0.638,0
null,complete_fibre_lr,177,400,0.45,499,0.638,0
null,ml_residual,177,400,0.45,499,0.978,0
null,support_complete,178,400,0.45,499,0.428,0
null,generalized_cmh,178,400,0.45,499,0.428,0
null,complete_fibre_lr,178,400,0.45,499,0.428,0
null,ml_residual,178,400,0.45,499,0.49,0
null,support_complete,179,400,0.45,499,0.812,0
null,generalized_cmh,179,400,0.45,499,0.812,0
null,complete_fibre_lr,179,400,0.45,499,0.814,0
null,ml_residual,179,400,0.45,499,0.636,0
null,support_complete,180,400,0.45,499,0.334,0
null,generalized_cmh,180,400,0.45,499,0.334,0
null,complete_fibre_lr,180,400,0.45,499,0.332,0
null,ml_residual,180,400,0.45,499,0.206,0
null,support_complete,181,400,0.45,499,0.23,0
null,generalized_cmh,181,400,0.45,499,0.23,0
null,complete_fibre_lr,181,400,0.45,499,0.23,0
null,ml_residual,181,400,0.45,499,0.182,0
null,support_complete,182,400,0.45,499,0.778,0
null,generalized_cmh,182,400,0.45,499,0.778,0
null,complete_fibre_lr,182,400,0.45,499,0.778,0
null,ml_residual,182,400,0.45,499,0.876,0
null,support_complete,183,400,0.45,499,0.06,0
null,generalized_cmh,183,400,0.45,499,0.06,0
null,complete_fibre_lr,183,400,0.45,499,0.062,0
null,ml_residual,183,400,0.45,499,0.396,0
null,support_complete,184,400,0.45,499,0.066,0
null,generalized_cmh,184,400,0.45,499,0.066,0
null,complete_fibre_lr,184,400,0.45,499,0.07,0
null,ml_residual,184,400,0.45,499,0.036,1
null,support_complete,185,400,0.45,499,0.538,0
null,generalized_cmh,185,400,0.45,499,0.538,0
null,complete_fibre_lr,185,400,0.45,499,0.542,0
null,ml_residual,185,400,0.45,499,0.848,0
null,support_complete,186,400,0.45,499,0.268,0
null,generalized_cmh,186,400,0.45,499,0.268,0
null,complete_fibre_lr,186,400,0.45,499,0.268,0
null,ml_residual,186,400,0.45,499,0.606,0
null,support_complete,187,400,0.45,499,0.668,0
null,generalized_cmh,187,400,0.45,499,0.668,0
null,complete_fibre_lr,187,400,0.45,499,0.666,0
null,ml_residual,187,400,0.45,499,0.194,0
null,support_complete,188,400,0.45,499,0.884,0
null,generalized_cmh,188,400,0.45,499,0.884,0
null,complete_fibre_lr,188,400,0.45,499,0.884,0
null,ml_residual,188,400,0.45,499,0.688,0
null,support_complete,189,400,0.45,499,0.606,0
null,generalized_cmh,189,400,0.45,499,0.606,0
null,complete_fibre_lr,189,400,0.45,499,0.606,0
null,ml_residual,189,400,0.45,499,0.396,0
null,support_complete,190,400,0.45,499,0.958,0
null,generalized_cmh,190,400,0.45,499,0.958,0
null,complete_fibre_lr,190,400,0.45,499,0.958,0
null,ml_residual,190,400,0.45,499,0.772,0
null,support_complete,191,400,0.45,499,0.594,0
null,generalized_cmh,191,400,0.45,499,0.594,0
null,complete_fibre_lr,191,400,0.45,499,0.592,0
null,ml_residual,191,400,0.45,499,0.66,0
null,support_complete,192,400,0.45,499,0.316,0
null,generalized_cmh,192,400,0.45,499,0.316,0
null,complete_fibre_lr,192,400,0.45,499,0.314,0
null,ml_residual,192,400,0.45,499,0.136,0
null,support_complete,193,400,0.45,499,0.024,1
null,generalized_cmh,193,400,0.45,499,0.024,1
null,complete_fibre_lr,193,400,0.45,499,0.024,1
null,ml_residual,193,400,0.45,499,0.334,0
null,support_complete,194,400,0.45,499,0.782,0
null,generalized_cmh,194,400,0.45,499,0.782,0
null,complete_fibre_lr,194,400,0.45,499,0.782,0
null,ml_residual,194,400,0.45,499,0.672,0
null,support_complete,195,400,0.45,499,0.266,0
null,generalized_cmh,195,400,0.45,499,0.266,0
null,complete_fibre_lr,195,400,0.45,499,0.262,0
null,ml_residual,195,400,0.45,499,0.086,0
null,support_complete,196,400,0.45,499,0.836,0
null,generalized_cmh,196,400,0.45,499,0.836,0
null,complete_fibre_lr,196,400,0.45,499,0.836,0
null,ml_residual,196,400,0.45,499,0.958,0
null,support_complete,197,400,0.45,499,0.926,0
null,generalized_cmh,197,400,0.45,499,0.926,0
null,complete_fibre_lr,197,400,0.45,499,0.926,0
null,ml_residual,197,400,0.45,499,0.494,0
null,support_complete,198,400,0.45,499,0.31,0
null,generalized_cmh,198,400,0.45,499,0.31,0
null,complete_fibre_lr,198,400,0.45,499,0.306,0
null,ml_residual,198,400,0.45,499,0.318,0
null,support_complete,199,400,0.45,499,0.592,0
null,generalized_cmh,199,400,0.45,499,0.592,0
null,complete_fibre_lr,199,400,0.45,499,0.594,0
null,ml_residual,199,400,0.45,499,0.694,0
null,support_complete,200,400,0.45,499,0.918,0
null,generalized_cmh,200,400,0.45,499,0.918,0
null,complete_fibre_lr,200,400,0.45,499,0.918,0
null,ml_residual,200,400,0.45,499,0.768,0
null,support_complete,201,400,0.45,499,0.256,0
null,generalized_cmh,201,400,0.45,499,0.256,0
null,complete_fibre_lr,201,400,0.45,499,0.254,0
null,ml_residual,201,400,0.45,499,0.36,0
null,support_complete,202,400,0.45,499,0.99,0
null,generalized_cmh,202,400,0.45,499,0.99,0
null,complete_fibre_lr,202,400,0.45,499,0.99,0
null,ml_residual,202,400,0.45,499,0.688,0
null,support_complete,203,400,0.45,499,0.334,0
null,generalized_cmh,203,400,0.45,499,0.334,0
null,complete_fibre_lr,203,400,0.45,499,0.336,0
null,ml_residual,203,400,0.45,499,0.768,0
null,support_complete,204,400,0.45,499,0.13,0
null,generalized_cmh,204,400,0.45,499,0.13,0
null,complete_fibre_lr,204,400,0.45,499,0.13,0
null,ml_residual,204,400,0.45,499,0.326,0
null,support_complete,205,400,0.45,499,0.718,0
null,generalized_cmh,205,400,0.45,499,0.718,0
null,complete_fibre_lr,205,400,0.45,499,0.716,0
null,ml_residual,205,400,0.45,499,0.22,0
null,support_complete,206,400,0.45,499,0.078,0
null,generalized_cmh,206,400,0.45,499,0.078,0
null,complete_fibre_lr,206,400,0.45,499,0.078,0
null,ml_residual,206,400,0.45,499,0.494,0
null,support_complete,207,400,0.45,499,0.32,0
null,generalized_cmh,207,400,0.45,499,0.32,0
null,complete_fibre_lr,207,400,0.45,499,0.318,0
null,ml_residual,207,400,0.45,499,0.84,0
null,support_complete,208,400,0.45,499,0.842,0
null,generalized_cmh,208,400,0.45,499,0.842,0
null,complete_fibre_lr,208,400,0.45,499,0.842,0
null,ml_residual,208,400,0.45,499,0.828,0
null,support_complete,209,400,0.45,499,0.158,0
null,generalized_cmh,209,400,0.45,499,0.158,0
null,complete_fibre_lr,209,400,0.45,499,0.16,0
null,ml_residual,209,400,0.45,499,0.672,0
null,support_complete,210,400,0.45,499,0.444,0
null,generalized_cmh,210,400,0.45,499,0.444,0
null,complete_fibre_lr,210,400,0.45,499,0.446,0
null,ml_residual,210,400,0.45,499,0.582,0
null,support_complete,211,400,0.45,499,0.49,0
null,generalized_cmh,211,400,0.45,499,0.49,0
null,complete_fibre_lr,211,400,0.45,499,0.49,0
null,ml_residual,211,400,0.45,499,0.816,0
null,support_complete,212,400,0.45,499,0.946,0
null,generalized_cmh,212,400,0.45,499,0.946,0
null,complete_fibre_lr,212,400,0.45,499,0.946,0
null,ml_residual,212,400,0.45,499,0.974,0
null,support_complete,213,400,0.45,499,0.866,0
null,generalized_cmh,213,400,0.45,499,0.866,0
null,complete_fibre_lr,213,400,0.45,499,0.866,0
null,ml_residual,213,400,0.45,499,0.802,0
null,support_complete,214,400,0.45,499,0.45,0
null,generalized_cmh,214,400,0.45,499,0.45,0
null,complete_fibre_lr,214,400,0.45,499,0.45,0
null,ml_residual,214,400,0.45,499,0.35,0
null,support_complete,215,400,0.45,499,0.63,0
null,generalized_cmh,215,400,0.45,499,0.63,0
null,complete_fibre_lr,215,400,0.45,499,0.63,0
null,ml_residual,215,400,0.45,499,0.882,0
null,support_complete,216,400,0.45,499,0.784,0
null,generalized_cmh,216,400,0.45,499,0.784,0
null,complete_fibre_lr,216,400,0.45,499,0.784,0
null,ml_residual,216,400,0.45,499,0.222,0
null,support_complete,217,400,0.45,499,0.408,0
null,generalized_cmh,217,400,0.45,499,0.408,0
null,complete_fibre_lr,217,400,0.45,499,0.406,0
null,ml_residual,217,400,0.45,499,0.25,0
null,support_complete,218,400,0.45,499,0.834,0
null,generalized_cmh,218,400,0.45,499,0.834,0
null,complete_fibre_lr,218,400,0.45,499,0.834,0
null,ml_residual,218,400,0.45,499,0.724,0
null,support_complete,219,400,0.45,499,0.506,0
null,generalized_cmh,219,400,0.45,499,0.506,0
null,complete_fibre_lr,219,400,0.45,499,0.504,0
null,ml_residual,219,400,0.45,499,0.45,0
null,support_complete,220,400,0.45,499,0.684,0
null,generalized_cmh,220,400,0.45,499,0.684,0
null,complete_fibre_lr,220,400,0.45,499,0.686,0
null,ml_residual,220,400,0.45,499,0.216,0
null,support_complete,221,400,0.45,499,0.342,0
null,generalized_cmh,221,400,0.45,499,0.342,0
null,complete_fibre_lr,221,400,0.45,499,0.344,0
null,ml_residual,221,400,0.45,499,0.1,0
null,support_complete,222,400,0.45,499,0.016,1
null,generalized_cmh,222,400,0.45,499,0.016,1
null,complete_fibre_lr,222,400,0.45,499,0.016,1
null,ml_residual,222,400,0.45,499,0.446,0
null,support_complete,223,400,0.45,499,0.188,0
null,generalized_cmh,223,400,0.45,499,0.188,0
null,complete_fibre_lr,223,400,0.45,499,0.184,0
null,ml_residual,223,400,0.45,499,0.366,0
null,support_complete,224,400,0.45,499,0.64,0
null,generalized_cmh,224,400,0.45,499,0.64,0
null,complete_fibre_lr,224,400,0.45,499,0.64,0
null,ml_residual,224,400,0.45,499,0.584,0
null,support_complete,225,400,0.45,499,0.246,0
null,generalized_cmh,225,400,0.45,499,0.246,0
null,complete_fibre_lr,225,400,0.45,499,0.252,0
null,ml_residual,225,400,0.45,499,0.334,0
null,support_complete,226,400,0.45,499,0.726,0
null,generalized_cmh,226,400,0.45,499,0.726,0
null,complete_fibre_lr,226,400,0.45,499,0.726,0
null,ml_residual,226,400,0.45,499,0.944,0
null,support_complete,227,400,0.45,499,0.956,0
null,generalized_cmh,227,400,0.45,499,0.956,0
null,complete_fibre_lr,227,400,0.45,499,0.956,0
null,ml_residual,227,400,0.45,499,0.91,0
null,support_complete,228,400,0.45,499,0.736,0
null,generalized_cmh,228,400,0.45,499,0.736,0
null,complete_fibre_lr,228,400,0.45,499,0.736,0
null,ml_residual,228,400,0.45,499,0.77,0
null,support_complete,229,400,0.45,499,0.73,0
null,generalized_cmh,229,400,0.45,499,0.73,0
null,complete_fibre_lr,229,400,0.45,499,0.732,0
null,ml_residual,229,400,0.45,499,0.524,0
null,support_complete,230,400,0.45,499,0.698,0
null,generalized_cmh,230,400,0.45,499,0.698,0
null,complete_fibre_lr,230,400,0.45,499,0.7,0
null,ml_residual,230,400,0.45,499,0.414,0
null,support_complete,231,400,0.45,499,0.292,0
null,generalized_cmh,231,400,0.45,499,0.292,0
null,complete_fibre_lr,231,400,0.45,499,0.288,0
null,ml_residual,231,400,0.45,499,0.21,0
null,support_complete,232,400,0.45,499,0.932,0
null,generalized_cmh,232,400,0.45,499,0.932,0
null,complete_fibre_lr,232,400,0.45,499,0.932,0
null,ml_residual,232,400,0.45,499,0.8,0
null,support_complete,233,400,0.45,499,0.362,0
null,generalized_cmh,233,400,0.45,499,0.362,0
null,complete_fibre_lr,233,400,0.45,499,0.366,0
null,ml_residual,233,400,0.45,499,0.482,0
null,support_complete,234,400,0.45,499,0.516,0
null,generalized_cmh,234,400,0.45,499,0.516,0
null,complete_fibre_lr,234,400,0.45,499,0.512,0
null,ml_residual,234,400,0.45,499,0.696,0
null,support_complete,235,400,0.45,499,0.75,0
null,generalized_cmh,235,400,0.45,499,0.75,0
null,complete_fibre_lr,235,400,0.45,499,0.75,0
null,ml_residual,235,400,0.45,499,0.344,0
null,support_complete,236,400,0.45,499,0.962,0
null,generalized_cmh,236,400,0.45,499,0.962,0
null,complete_fibre_lr,236,400,0.45,499,0.962,0
null,ml_residual,236,400,0.45,499,0.934,0
null,support_complete,237,400,0.45,499,0.88,0
null,generalized_cmh,237,400,0.45,499,0.88,0
null,complete_fibre_lr,237,400,0.45,499,0.88,0
null,ml_residual,237,400,0.45,499,0.386,0
null,support_complete,238,400,0.45,499,0.736,0
null,generalized_cmh,238,400,0.45,499,0.736,0
null,complete_fibre_lr,238,400,0.45,499,0.736,0
null,ml_residual,238,400,0.45,499,0.378,0
null,support_complete,239,400,0.45,499,0.904,0
null,generalized_cmh,239,400,0.45,499,0.904,0
null,complete_fibre_lr,239,400,0.45,499,0.904,0
null,ml_residual,239,400,0.45,499,0.89,0
null,support_complete,240,400,0.45,499,0.434,0
null,generalized_cmh,240,400,0.45,499,0.434,0
null,complete_fibre_lr,240,400,0.45,499,0.436,0
null,ml_residual,240,400,0.45,499,0.91,0
null,support_complete,241,400,0.45,499,0.854,0
null,generalized_cmh,241,400,0.45,499,0.854,0
null,complete_fibre_lr,241,400,0.45,499,0.854,0
null,ml_residual,241,400,0.45,499,0.454,0
null,support_complete,242,400,0.45,499,0.25,0
null,generalized_cmh,242,400,0.45,499,0.25,0
null,complete_fibre_lr,242,400,0.45,499,0.25,0
null,ml_residual,242,400,0.45,499,0.544,0
null,support_complete,243,400,0.45,499,0.338,0
null,generalized_cmh,243,400,0.45,499,0.338,0
null,complete_fibre_lr,243,400,0.45,499,0.338,0
null,ml_residual,243,400,0.45,499,0.252,0
null,support_complete,244,400,0.45,499,0.832,0
null,generalized_cmh,244,400,0.45,499,0.832,0
null,complete_fibre_lr,244,400,0.45,499,0.832,0
null,ml_residual,244,400,0.45,499,0.966,0
null,support_complete,245,400,0.45,499,0.886,0
null,generalized_cmh,245,400,0.45,499,0.886,0
null,complete_fibre_lr,245,400,0.45,499,0.874,0
null,ml_residual,245,400,0.45,499,0.976,0
null,support_complete,246,400,0.45,499,0.566,0
null,generalized_cmh,246,400,0.45,499,0.566,0
null,complete_fibre_lr,246,400,0.45,499,0.566,0
null,ml_residual,246,400,0.45,499,0.71,0
null,support_complete,247,400,0.45,499,0.726,0
null,generalized_cmh,247,400,0.45,499,0.726,0
null,complete_fibre_lr,247,400,0.45,499,0.732,0
null,ml_residual,247,400,0.45,499,0.408,0
null,support_complete,248,400,0.45,499,0.25,0
null,generalized_cmh,248,400,0.45,499,0.25,0
null,complete_fibre_lr,248,400,0.45,499,0.25,0
null,ml_residual,248,400,0.45,499,0.38,0
null,support_complete,249,400,0.45,499,0.454,0
null,generalized_cmh,249,400,0.45,499,0.454,0
null,complete_fibre_lr,249,400,0.45,499,0.458,0
null,ml_residual,249,400,0.45,499,0.546,0
null,support_complete,250,400,0.45,499,0.838,0
null,generalized_cmh,250,400,0.45,499,0.838,0
null,complete_fibre_lr,250,400,0.45,499,0.838,0
null,ml_residual,250,400,0.45,499,0.99,0
null,support_complete,251,400,0.45,499,0.71,0
null,generalized_cmh,251,400,0.45,499,0.71,0
null,complete_fibre_lr,251,400,0.45,499,0.708,0
null,ml_residual,251,400,0.45,499,0.826,0
null,support_complete,252,400,0.45,499,0.35,0
null,generalized_cmh,252,400,0.45,499,0.35,0
null,complete_fibre_lr,252,400,0.45,499,0.346,0
null,ml_residual,252,400,0.45,499,0.47,0
null,support_complete,253,400,0.45,499,0.182,0
null,generalized_cmh,253,400,0.45,499,0.182,0
null,complete_fibre_lr,253,400,0.45,499,0.18,0
null,ml_residual,253,400,0.45,499,0.204,0
null,support_complete,254,400,0.45,499,0.118,0
null,generalized_cmh,254,400,0.45,499,0.118,0
null,complete_fibre_lr,254,400,0.45,499,0.122,0
null,ml_residual,254,400,0.45,499,0.756,0
null,support_complete,255,400,0.45,499,0.152,0
null,generalized_cmh,255,400,0.45,499,0.152,0
null,complete_fibre_lr,255,400,0.45,499,0.156,0
null,ml_residual,255,400,0.45,499,0.288,0
null,support_complete,256,400,0.45,499,0.06,0
null,generalized_cmh,256,400,0.45,499,0.06,0
null,complete_fibre_lr,256,400,0.45,499,0.062,0
null,ml_residual,256,400,0.45,499,0.184,0
null,support_complete,257,400,0.45,499,0.786,0
null,generalized_cmh,257,400,0.45,499,0.786,0
null,complete_fibre_lr,257,400,0.45,499,0.784,0
null,ml_residual,257,400,0.45,499,0.338,0
null,support_complete,258,400,0.45,499,0.512,0
null,generalized_cmh,258,400,0.45,499,0.512,0
null,complete_fibre_lr,258,400,0.45,499,0.514,0
null,ml_residual,258,400,0.45,499,0.39,0
null,support_complete,259,400,0.45,499,0.078,0
null,generalized_cmh,259,400,0.45,499,0.078,0
null,complete_fibre_lr,259,400,0.45,499,0.078,0
null,ml_residual,259,400,0.45,499,0.11,0
null,support_complete,260,400,0.45,499,0.98,0
null,generalized_cmh,260,400,0.45,499,0.98,0
null,complete_fibre_lr,260,400,0.45,499,0.98,0
null,ml_residual,260,400,0.45,499,0.868,0
null,support_complete,261,400,0.45,499,0.658,0
null,generalized_cmh,261,400,0.45,499,0.658,0
null,complete_fibre_lr,261,400,0.45,499,0.654,0
null,ml_residual,261,400,0.45,499,0.654,0
null,support_complete,262,400,0.45,499,0.36,0
null,generalized_cmh,262,400,0.45,499,0.36,0
null,complete_fibre_lr,262,400,0.45,499,0.364,0
null,ml_residual,262,400,0.45,499,0.126,0
null,support_complete,263,400,0.45,499,0.514,0
null,generalized_cmh,263,400,0.45,499,0.514,0
null,complete_fibre_lr,263,400,0.45,499,0.508,0
null,ml_residual,263,400,0.45,499,0.406,0
null,support_complete,264,400,0.45,499,0.102,0
null,generalized_cmh,264,400,0.45,499,0.102,0
null,complete_fibre_lr,264,400,0.45,499,0.106,0
null,ml_residual,264,400,0.45,499,0.012,1
null,support_complete,265,400,0.45,499,0.152,0
null,generalized_cmh,265,400,0.45,499,0.152,0
null,complete_fibre_lr,265,400,0.45,499,0.156,0
null,ml_residual,265,400,0.45,499,0.208,0
null,support_complete,266,400,0.45,499,0.714,0
null,generalized_cmh,266,400,0.45,499,0.714,0
null,complete_fibre_lr,266,400,0.45,499,0.714,0
null,ml_residual,266,400,0.45,499,0.908,0
null,support_complete,267,400,0.45,499,0.518,0
null,generalized_cmh,267,400,0.45,499,0.518,0
null,complete_fibre_lr,267,400,0.45,499,0.512,0
null,ml_residual,267,400,0.45,499,0.234,0
null,support_complete,268,400,0.45,499,0.634,0
null,generalized_cmh,268,400,0.45,499,0.634,0
null,complete_fibre_lr,268,400,0.45,499,0.634,0
null,ml_residual,268,400,0.45,499,0.608,0
null,support_complete,269,400,0.45,499,0.462,0
null,generalized_cmh,269,400,0.45,499,0.462,0
null,complete_fibre_lr,269,400,0.45,499,0.462,0
null,ml_residual,269,400,0.45,499,0.736,0
null,support_complete,270,400,0.45,499,0.912,0
null,generalized_cmh,270,400,0.45,499,0.912,0
null,complete_fibre_lr,270,400,0.45,499,0.912,0
null,ml_residual,270,400,0.45,499,0.772,0
null,support_complete,271,400,0.45,499,0.502,0
null,generalized_cmh,271,400,0.45,499,0.502,0
null,complete_fibre_lr,271,400,0.45,499,0.502,0
null,ml_residual,271,400,0.45,499,0.726,0
null,support_complete,272,400,0.45,499,0.208,0
null,generalized_cmh,272,400,0.45,499,0.208,0
null,complete_fibre_lr,272,400,0.45,499,0.21,0
null,ml_residual,272,400,0.45,499,0.604,0
null,support_complete,273,400,0.45,499,0.434,0
null,generalized_cmh,273,400,0.45,499,0.434,0
null,complete_fibre_lr,273,400,0.45,499,0.434,0
null,ml_residual,273,400,0.45,499,0.728,0
null,support_complete,274,400,0.45,499,0.81,0
null,generalized_cmh,274,400,0.45,499,0.81,0
null,complete_fibre_lr,274,400,0.45,499,0.808,0
null,ml_residual,274,400,0.45,499,0.716,0
null,support_complete,275,400,0.45,499,0.108,0
null,generalized_cmh,275,400,0.45,499,0.108,0
null,complete_fibre_lr,275,400,0.45,499,0.104,0
null,ml_residual,275,400,0.45,499,0.03,1
null,support_complete,276,400,0.45,499,0.706,0
null,generalized_cmh,276,400,0.45,499,0.706,0
null,complete_fibre_lr,276,400,0.45,499,0.706,0
null,ml_residual,276,400,0.45,499,0.476,0
null,support_complete,277,400,0.45,499,0.02,1
null,generalized_cmh,277,400,0.45,499,0.02,1
null,complete_fibre_lr,277,400,0.45,499,0.022,1
null,ml_residual,277,400,0.45,499,0.24,0
null,support_complete,278,400,0.45,499,0.99,0
null,generalized_cmh,278,400,0.45,499,0.99,0
null,complete_fibre_lr,278,400,0.45,499,0.99,0
null,ml_residual,278,400,0.45,499,0.912,0
null,support_complete,279,400,0.45,499,0.712,0
null,generalized_cmh,279,400,0.45,499,0.712,0
null,complete_fibre_lr,279,400,0.45,499,0.714,0
null,ml_residual,279,400,0.45,499,0.782,0
null,support_complete,280,400,0.45,499,0.22,0
null,generalized_cmh,280,400,0.45,499,0.22,0
null,complete_fibre_lr,280,400,0.45,499,0.228,0
null,ml_residual,280,400,0.45,499,0.402,0
null,support_complete,281,400,0.45,499,0.07,0
null,generalized_cmh,281,400,0.45,499,0.07,0
null,complete_fibre_lr,281,400,0.45,499,0.07,0
null,ml_residual,281,400,0.45,499,0.548,0
null,support_complete,282,400,0.45,499,0.228,0
null,generalized_cmh,282,400,0.45,499,0.228,0
null,complete_fibre_lr,282,400,0.45,499,0.23,0
null,ml_residual,282,400,0.45,499,0.108,0
null,support_complete,283,400,0.45,499,0.08,0
null,generalized_cmh,283,400,0.45,499,0.08,0
null,complete_fibre_lr,283,400,0.45,499,0.082,0
null,ml_residual,283,400,0.45,499,0.002,1
null,support_complete,284,400,0.45,499,0.414,0
null,generalized_cmh,284,400,0.45,499,0.414,0
null,complete_fibre_lr,284,400,0.45,499,0.414,0
null,ml_residual,284,400,0.45,499,0.712,0
null,support_complete,285,400,0.45,499,0.53,0
null,generalized_cmh,285,400,0.45,499,0.53,0
null,complete_fibre_lr,285,400,0.45,499,0.534,0
null,ml_residual,285,400,0.45,499,0.428,0
null,support_complete,286,400,0.45,499,0.394,0
null,generalized_cmh,286,400,0.45,499,0.394,0
null,complete_fibre_lr,286,400,0.45,499,0.394,0
null,ml_residual,286,400,0.45,499,0.192,0
null,support_complete,287,400,0.45,499,0.63,0
null,generalized_cmh,287,400,0.45,499,0.63,0
null,complete_fibre_lr,287,400,0.45,499,0.618,0
null,ml_residual,287,400,0.45,499,0.4,0
null,support_complete,288,400,0.45,499,0.114,0
null,generalized_cmh,288,400,0.45,499,0.114,0
null,complete_fibre_lr,288,400,0.45,499,0.116,0
null,ml_residual,288,400,0.45,499,0.472,0
null,support_complete,289,400,0.45,499,0.532,0
null,generalized_cmh,289,400,0.45,499,0.532,0
null,complete_fibre_lr,289,400,0.45,499,0.534,0
null,ml_residual,289,400,0.45,499,0.588,0
null,support_complete,290,400,0.45,499,0.668,0
null,generalized_cmh,290,400,0.45,499,0.668,0
null,complete_fibre_lr,290,400,0.45,499,0.67,0
null,ml_residual,290,400,0.45,499,0.902,0
null,support_complete,291,400,0.45,499,0.562,0
null,generalized_cmh,291,400,0.45,499,0.562,0
null,complete_fibre_lr,291,400,0.45,499,0.564,0
null,ml_residual,291,400,0.45,499,0.266,0
null,support_complete,292,400,0.45,499,0.074,0
null,generalized_cmh,292,400,0.45,499,0.074,0
null,complete_fibre_lr,292,400,0.45,499,0.068,0
null,ml_residual,292,400,0.45,499,0.336,0
null,support_complete,293,400,0.45,499,0.558,0
null,generalized_cmh,293,400,0.45,499,0.558,0
null,complete_fibre_lr,293,400,0.45,499,0.556,0
null,ml_residual,293,400,0.45,499,0.496,0
null,support_complete,294,400,0.45,499,0.422,0
null,generalized_cmh,294,400,0.45,499,0.422,0
null,complete_fibre_lr,294,400,0.45,499,0.422,0
null,ml_residual,294,400,0.45,499,0.434,0
null,support_complete,295,400,0.45,499,0.854,0
null,generalized_cmh,295,400,0.45,499,0.854,0
null,complete_fibre_lr,295,400,0.45,499,0.852,0
null,ml_residual,295,400,0.45,499,0.708,0
null,support_complete,296,400,0.45,499,0.458,0
null,generalized_cmh,296,400,0.45,499,0.458,0
null,complete_fibre_lr,296,400,0.45,499,0.458,0
null,ml_residual,296,400,0.45,499,0.866,0
null,support_complete,297,400,0.45,499,0.79,0
null,generalized_cmh,297,400,0.45,499,0.79,0
null,complete_fibre_lr,297,400,0.45,499,0.794,0
null,ml_residual,297,400,0.45,499,0.886,0
null,support_complete,298,400,0.45,499,0.184,0
null,generalized_cmh,298,400,0.45,499,0.184,0
null,complete_fibre_lr,298,400,0.45,499,0.172,0
null,ml_residual,298,400,0.45,499,0.168,0
null,support_complete,299,400,0.45,499,0.742,0
null,generalized_cmh,299,400,0.45,499,0.742,0
null,complete_fibre_lr,299,400,0.45,499,0.742,0
null,ml_residual,299,400,0.45,499,0.974,0
null,support_complete,300,400,0.45,499,0.974,0
null,generalized_cmh,300,400,0.45,499,0.974,0
null,complete_fibre_lr,300,400,0.45,499,0.974,0
null,ml_residual,300,400,0.45,499,0.71,0
null,support_complete,301,400,0.45,499,0.274,0
null,generalized_cmh,301,400,0.45,499,0.274,0
null,complete_fibre_lr,301,400,0.45,499,0.266,0
null,ml_residual,301,400,0.45,499,0.454,0
null,support_complete,302,400,0.45,499,0.69,0
null,generalized_cmh,302,400,0.45,499,0.69,0
null,complete_fibre_lr,302,400,0.45,499,0.686,0
null,ml_residual,302,400,0.45,499,0.622,0
null,support_complete,303,400,0.45,499,0.888,0
null,generalized_cmh,303,400,0.45,499,0.888,0
null,complete_fibre_lr,303,400,0.45,499,0.886,0
null,ml_residual,303,400,0.45,499,0.898,0
null,support_complete,304,400,0.45,499,0.142,0
null,generalized_cmh,304,400,0.45,499,0.142,0
null,complete_fibre_lr,304,400,0.45,499,0.136,0
null,ml_residual,304,400,0.45,499,0.104,0
null,support_complete,305,400,0.45,499,0.736,0
null,generalized_cmh,305,400,0.45,499,0.736,0
null,complete_fibre_lr,305,400,0.45,499,0.73,0
null,ml_residual,305,400,0.45,499,0.926,0
null,support_complete,306,400,0.45,499,0.39,0
null,generalized_cmh,306,400,0.45,499,0.39,0
null,complete_fibre_lr,306,400,0.45,499,0.39,0
null,ml_residual,306,400,0.45,499,0.636,0
null,support_complete,307,400,0.45,499,0.21,0
null,generalized_cmh,307,400,0.45,499,0.21,0
null,complete_fibre_lr,307,400,0.45,499,0.198,0
null,ml_residual,307,400,0.45,499,0.578,0
null,support_complete,308,400,0.45,499,0.514,0
null,generalized_cmh,308,400,0.45,499,0.514,0
null,complete_fibre_lr,308,400,0.45,499,0.516,0
null,ml_residual,308,400,0.45,499,0.2,0
null,support_complete,309,400,0.45,499,0.398,0
null,generalized_cmh,309,400,0.45,499,0.398,0
null,complete_fibre_lr,309,400,0.45,499,0.398,0
null,ml_residual,309,400,0.45,499,0.406,0
null,support_complete,310,400,0.45,499,0.948,0
null,generalized_cmh,310,400,0.45,499,0.948,0
null,complete_fibre_lr,310,400,0.45,499,0.948,0
null,ml_residual,310,400,0.45,499,0.94,0
null,support_complete,311,400,0.45,499,0.084,0
null,generalized_cmh,311,400,0.45,499,0.084,0
null,complete_fibre_lr,311,400,0.45,499,0.086,0
null,ml_residual,311,400,0.45,499,0.316,0
null,support_complete,312,400,0.45,499,0.424,0
null,generalized_cmh,312,400,0.45,499,0.424,0
null,complete_fibre_lr,312,400,0.45,499,0.426,0
null,ml_residual,312,400,0.45,499,0.27,0
null,support_complete,313,400,0.45,499,0.522,0
null,generalized_cmh,313,400,0.45,499,0.522,0
null,complete_fibre_lr,313,400,0.45,499,0.526,0
null,ml_residual,313,400,0.45,499,0.876,0
null,support_complete,314,400,0.45,499,0.956,0
null,generalized_cmh,314,400,0.45,499,0.956,0
null,complete_fibre_lr,314,400,0.45,499,0.956,0
null,ml_residual,314,400,0.45,499,0.958,0
null,support_complete,315,400,0.45,499,0.212,0
null,generalized_cmh,315,400,0.45,499,0.212,0
null,complete_fibre_lr,315,400,0.45,499,0.204,0
null,ml_residual,315,400,0.45,499,0.236,0
null,support_complete,316,400,0.45,499,0.186,0
null,generalized_cmh,316,400,0.45,499,0.186,0
null,complete_fibre_lr,316,400,0.45,499,0.178,0
null,ml_residual,316,400,0.45,499,0.198,0
null,support_complete,317,400,0.45,499,0.42,0
null,generalized_cmh,317,400,0.45,499,0.42,0
null,complete_fibre_lr,317,400,0.45,499,0.426,0
null,ml_residual,317,400,0.45,499,0.796,0
null,support_complete,318,400,0.45,499,0.86,0
null,generalized_cmh,318,400,0.45,499,0.86,0
null,complete_fibre_lr,318,400,0.45,499,0.86,0
null,ml_residual,318,400,0.45,499,0.896,0
null,support_complete,319,400,0.45,499,0.76,0
null,generalized_cmh,319,400,0.45,499,0.76,0
null,complete_fibre_lr,319,400,0.45,499,0.758,0
null,ml_residual,319,400,0.45,499,0.86,0
null,support_complete,320,400,0.45,499,0.408,0
null,generalized_cmh,320,400,0.45,499,0.408,0
null,complete_fibre_lr,320,400,0.45,499,0.406,0
null,ml_residual,320,400,0.45,499,0.718,0
null,support_complete,321,400,0.45,499,0.616,0
null,generalized_cmh,321,400,0.45,499,0.616,0
null,complete_fibre_lr,321,400,0.45,499,0.616,0
null,ml_residual,321,400,0.45,499,0.892,0
null,support_complete,322,400,0.45,499,0.622,0
null,generalized_cmh,322,400,0.45,499,0.622,0
null,complete_fibre_lr,322,400,0.45,499,0.62,0
null,ml_residual,322,400,0.45,499,0.8,0
null,support_complete,323,400,0.45,499,0.05,1
null,generalized_cmh,323,400,0.45,499,0.05,1
null,complete_fibre_lr,323,400,0.45,499,0.052,0
null,ml_residual,323,400,0.45,499,0.26,0
null,support_complete,324,400,0.45,499,0.022,1
null,generalized_cmh,324,400,0.45,499,0.022,1
null,complete_fibre_lr,324,400,0.45,499,0.022,1
null,ml_residual,324,400,0.45,499,0.66,0
null,support_complete,325,400,0.45,499,0.966,0
null,generalized_cmh,325,400,0.45,499,0.966,0
null,complete_fibre_lr,325,400,0.45,499,0.966,0
null,ml_residual,325,400,0.45,499,0.98,0
null,support_complete,326,400,0.45,499,0.882,0
null,generalized_cmh,326,400,0.45,499,0.882,0
null,complete_fibre_lr,326,400,0.45,499,0.882,0
null,ml_residual,326,400,0.45,499,0.946,0
null,support_complete,327,400,0.45,499,0.776,0
null,generalized_cmh,327,400,0.45,499,0.776,0
null,complete_fibre_lr,327,400,0.45,499,0.778,0
null,ml_residual,327,400,0.45,499,0.166,0
null,support_complete,328,400,0.45,499,0.708,0
null,generalized_cmh,328,400,0.45,499,0.708,0
null,complete_fibre_lr,328,400,0.45,499,0.706,0
null,ml_residual,328,400,0.45,499,0.598,0
null,support_complete,329,400,0.45,499,0.246,0
null,generalized_cmh,329,400,0.45,499,0.246,0
null,complete_fibre_lr,329,400,0.45,499,0.246,0
null,ml_residual,329,400,0.45,499,0.29,0
null,support_complete,330,400,0.45,499,0.144,0
null,generalized_cmh,330,400,0.45,499,0.144,0
null,complete_fibre_lr,330,400,0.45,499,0.14,0
null,ml_residual,330,400,0.45,499,0.034,1
null,support_complete,331,400,0.45,499,0.676,0
null,generalized_cmh,331,400,0.45,499,0.676,0
null,complete_fibre_lr,331,400,0.45,499,0.674,0
null,ml_residual,331,400,0.45,499,0.978,0
null,support_complete,332,400,0.45,499,0.214,0
null,generalized_cmh,332,400,0.45,499,0.214,0
null,complete_fibre_lr,332,400,0.45,499,0.214,0
null,ml_residual,332,400,0.45,499,0.082,0
null,support_complete,333,400,0.45,499,0.234,0
null,generalized_cmh,333,400,0.45,499,0.234,0
null,complete_fibre_lr,333,400,0.45,499,0.234,0
null,ml_residual,333,400,0.45,499,0.392,0
null,support_complete,334,400,0.45,499,0.236,0
null,generalized_cmh,334,400,0.45,499,0.236,0
null,complete_fibre_lr,334,400,0.45,499,0.242,0
null,ml_residual,334,400,0.45,499,0.436,0
null,support_complete,335,400,0.45,499,0.888,0
null,generalized_cmh,335,400,0.45,499,0.888,0
null,complete_fibre_lr,335,400,0.45,499,0.888,0
null,ml_residual,335,400,0.45,499,0.566,0
null,support_complete,336,400,0.45,499,0.628,0
null,generalized_cmh,336,400,0.45,499,0.628,0
null,complete_fibre_lr,336,400,0.45,499,0.622,0
null,ml_residual,336,400,0.45,499,0.596,0
null,support_complete,337,400,0.45,499,0.414,0
null,generalized_cmh,337,400,0.45,499,0.414,0
null,complete_fibre_lr,337,400,0.45,499,0.412,0
null,ml_residual,337,400,0.45,499,0.236,0
null,support_complete,338,400,0.45,499,0.656,0
null,generalized_cmh,338,400,0.45,499,0.656,0
null,complete_fibre_lr,338,400,0.45,499,0.658,0
null,ml_residual,338,400,0.45,499,0.838,0
null,support_complete,339,400,0.45,499,0.408,0
null,generalized_cmh,339,400,0.45,499,0.408,0
null,complete_fibre_lr,339,400,0.45,499,0.41,0
null,ml_residual,339,400,0.45,499,0.678,0
null,support_complete,340,400,0.45,499,0.498,0
null,generalized_cmh,340,400,0.45,499,0.498,0
null,complete_fibre_lr,340,400,0.45,499,0.496,0
null,ml_residual,340,400,0.45,499,0.968,0
null,support_complete,341,400,0.45,499,0.056,0
null,generalized_cmh,341,400,0.45,499,0.056,0
null,complete_fibre_lr,341,400,0.45,499,0.056,0
null,ml_residual,341,400,0.45,499,0.026,1
null,support_complete,342,400,0.45,499,0.806,0
null,generalized_cmh,342,400,0.45,499,0.806,0
null,complete_fibre_lr,342,400,0.45,499,0.806,0
null,ml_residual,342,400,0.45,499,0.626,0
null,support_complete,343,400,0.45,499,0.064,0
null,generalized_cmh,343,400,0.45,499,0.064,0
null,complete_fibre_lr,343,400,0.45,499,0.064,0
null,ml_residual,343,400,0.45,499,0.434,0
null,support_complete,344,400,0.45,499,0.446,0
null,generalized_cmh,344,400,0.45,499,0.446,0
null,complete_fibre_lr,344,400,0.45,499,0.438,0
null,ml_residual,344,400,0.45,499,0.274,0
null,support_complete,345,400,0.45,499,0.186,0
null,generalized_cmh,345,400,0.45,499,0.186,0
null,complete_fibre_lr,345,400,0.45,499,0.182,0
null,ml_residual,345,400,0.45,499,0.568,0
null,support_complete,346,400,0.45,499,0.152,0
null,generalized_cmh,346,400,0.45,499,0.152,0
null,complete_fibre_lr,346,400,0.45,499,0.148,0
null,ml_residual,346,400,0.45,499,0.116,0
null,support_complete,347,400,0.45,499,0.696,0
null,generalized_cmh,347,400,0.45,499,0.696,0
null,complete_fibre_lr,347,400,0.45,499,0.694,0
null,ml_residual,347,400,0.45,499,0.402,0
null,support_complete,348,400,0.45,499,0.5,0
null,generalized_cmh,348,400,0.45,499,0.5,0
null,complete_fibre_lr,348,400,0.45,499,0.498,0
null,ml_residual,348,400,0.45,499,0.252,0
null,support_complete,349,400,0.45,499,0.462,0
null,generalized_cmh,349,400,0.45,499,0.462,0
null,complete_fibre_lr,349,400,0.45,499,0.462,0
null,ml_residual,349,400,0.45,499,0.344,0
null,support_complete,350,400,0.45,499,0.014,1
null,generalized_cmh,350,400,0.45,499,0.014,1
null,complete_fibre_lr,350,400,0.45,499,0.014,1
null,ml_residual,350,400,0.45,499,0.002,1
null,support_complete,351,400,0.45,499,0.92,0
null,generalized_cmh,351,400,0.45,499,0.92,0
null,complete_fibre_lr,351,400,0.45,499,0.922,0
null,ml_residual,351,400,0.45,499,0.404,0
null,support_complete,352,400,0.45,499,0.038,1
null,generalized_cmh,352,400,0.45,499,0.038,1
null,complete_fibre_lr,352,400,0.45,499,0.04,1
null,ml_residual,352,400,0.45,499,0.29,0
null,support_complete,353,400,0.45,499,0.068,0
null,generalized_cmh,353,400,0.45,499,0.068,0
null,complete_fibre_lr,353,400,0.45,499,0.07,0
null,ml_residual,353,400,0.45,499,0.068,0
null,support_complete,354,400,0.45,499,0.258,0
null,generalized_cmh,354,400,0.45,499,0.258,0
null,complete_fibre_lr,354,400,0.45,499,0.258,0
null,ml_residual,354,400,0.45,499,0.35,0
null,support_complete,355,400,0.45,499,0.536,0
null,generalized_cmh,355,400,0.45,499,0.536,0
null,complete_fibre_lr,355,400,0.45,499,0.542,0
null,ml_residual,355,400,0.45,499,0.962,0
null,support_complete,356,400,0.45,499,0.37,0
null,generalized_cmh,356,400,0.45,499,0.37,0
null,complete_fibre_lr,356,400,0.45,499,0.368,0
null,ml_residual,356,400,0.45,499,0.354,0
null,support_complete,357,400,0.45,499,0.974,0
null,generalized_cmh,357,400,0.45,499,0.974,0
null,complete_fibre_lr,357,400,0.45,499,0.974,0
null,ml_residual,357,400,0.45,499,0.98,0
null,support_complete,358,400,0.45,499,0.89,0
null,generalized_cmh,358,400,0.45,499,0.89,0
null,complete_fibre_lr,358,400,0.45,499,0.89,0
null,ml_residual,358,400,0.45,499,0.876,0
null,support_complete,359,400,0.45,499,0.998,0
null,generalized_cmh,359,400,0.45,499,0.998,0
null,complete_fibre_lr,359,400,0.45,499,0.998,0
null,ml_residual,359,400,0.45,499,0.854,0
null,support_complete,360,400,0.45,499,0.48,0
null,generalized_cmh,360,400,0.45,499,0.48,0
null,complete_fibre_lr,360,400,0.45,499,0.48,0
null,ml_residual,360,400,0.45,499,0.334,0
null,support_complete,361,400,0.45,499,0.984,0
null,generalized_cmh,361,400,0.45,499,0.984,0
null,complete_fibre_lr,361,400,0.45,499,0.984,0
null,ml_residual,361,400,0.45,499,0.97,0
null,support_complete,362,400,0.45,499,0.388,0
null,generalized_cmh,362,400,0.45,499,0.388,0
null,complete_fibre_lr,362,400,0.45,499,0.388,0
null,ml_residual,362,400,0.45,499,0.066,0
null,support_complete,363,400,0.45,499,0.76,0
null,generalized_cmh,363,400,0.45,499,0.76,0
null,complete_fibre_lr,363,400,0.45,499,0.76,0
null,ml_residual,363,400,0.45,499,0.816,0
null,support_complete,364,400,0.45,499,0.608,0
null,generalized_cmh,364,400,0.45,499,0.608,0
null,complete_fibre_lr,364,400,0.45,499,0.61,0
null,ml_residual,364,400,0.45,499,0.804,0
null,support_complete,365,400,0.45,499,0.672,0
null,generalized_cmh,365,400,0.45,499,0.672,0
null,complete_fibre_lr,365,400,0.45,499,0.672,0
null,ml_residual,365,400,0.45,499,0.928,0
null,support_complete,366,400,0.45,499,0.976,0
null,generalized_cmh,366,400,0.45,499,0.976,0
null,complete_fibre_lr,366,400,0.45,499,0.974,0
null,ml_residual,366,400,0.45,499,0.978,0
null,support_complete,367,400,0.45,499,0.366,0
null,generalized_cmh,367,400,0.45,499,0.366,0
null,complete_fibre_lr,367,400,0.45,499,0.366,0
null,ml_residual,367,400,0.45,499,0.228,0
null,support_complete,368,400,0.45,499,0.332,0
null,generalized_cmh,368,400,0.45,499,0.332,0
null,complete_fibre_lr,368,400,0.45,499,0.336,0
null,ml_residual,368,400,0.45,499,0.26,0
null,support_complete,369,400,0.45,499,0.392,0
null,generalized_cmh,369,400,0.45,499,0.392,0
null,complete_fibre_lr,369,400,0.45,499,0.394,0
null,ml_residual,369,400,0.45,499,0.428,0
null,support_complete,370,400,0.45,499,0.298,0
null,generalized_cmh,370,400,0.45,499,0.298,0
null,complete_fibre_lr,370,400,0.45,499,0.294,0
null,ml_residual,370,400,0.45,499,0.18,0
null,support_complete,371,400,0.45,499,0.604,0
null,generalized_cmh,371,400,0.45,499,0.604,0
null,complete_fibre_lr,371,400,0.45,499,0.604,0
null,ml_residual,371,400,0.45,499,0.446,0
null,support_complete,372,400,0.45,499,0.552,0
null,generalized_cmh,372,400,0.45,499,0.552,0
null,complete_fibre_lr,372,400,0.45,499,0.55,0
null,ml_residual,372,400,0.45,499,0.312,0
null,support_complete,373,400,0.45,499,0.154,0
null,generalized_cmh,373,400,0.45,499,0.154,0
null,complete_fibre_lr,373,400,0.45,499,0.16,0
null,ml_residual,373,400,0.45,499,0.322,0
null,support_complete,374,400,0.45,499,0.854,0
null,generalized_cmh,374,400,0.45,499,0.854,0
null,complete_fibre_lr,374,400,0.45,499,0.858,0
null,ml_residual,374,400,0.45,499,0.49,0
null,support_complete,375,400,0.45,499,0.67,0
null,generalized_cmh,375,400,0.45,499,0.67,0
null,complete_fibre_lr,375,400,0.45,499,0.672,0
null,ml_residual,375,400,0.45,499,0.468,0
null,support_complete,376,400,0.45,499,0.184,0
null,generalized_cmh,376,400,0.45,499,0.184,0
null,complete_fibre_lr,376,400,0.45,499,0.188,0
null,ml_residual,376,400,0.45,499,0.292,0
null,support_complete,377,400,0.45,499,0.47,0
null,generalized_cmh,377,400,0.45,499,0.47,0
null,complete_fibre_lr,377,400,0.45,499,0.466,0
null,ml_residual,377,400,0.45,499,0.204,0
null,support_complete,378,400,0.45,499,0.99,0
null,generalized_cmh,378,400,0.45,499,0.99,0
null,complete_fibre_lr,378,400,0.45,499,0.99,0
null,ml_residual,378,400,0.45,499,0.872,0
null,support_complete,379,400,0.45,499,0.422,0
null,generalized_cmh,379,400,0.45,499,0.422,0
null,complete_fibre_lr,379,400,0.45,499,0.422,0
null,ml_residual,379,400,0.45,499,0.218,0
null,support_complete,380,400,0.45,499,0.054,0
null,generalized_cmh,380,400,0.45,499,0.054,0
null,complete_fibre_lr,380,400,0.45,499,0.044,1
null,ml_residual,380,400,0.45,499,0.018,1
null,support_complete,381,400,0.45,499,0.278,0
null,generalized_cmh,381,400,0.45,499,0.278,0
null,complete_fibre_lr,381,400,0.45,499,0.28,0
null,ml_residual,381,400,0.45,499,0.24,0
null,support_complete,382,400,0.45,499,0.126,0
null,generalized_cmh,382,400,0.45,499,0.126,0
null,complete_fibre_lr,382,400,0.45,499,0.126,0
null,ml_residual,382,400,0.45,499,0.316,0
null,support_complete,383,400,0.45,499,0.292,0
null,generalized_cmh,383,400,0.45,499,0.292,0
null,complete_fibre_lr,383,400,0.45,499,0.292,0
null,ml_residual,383,400,0.45,499,0.96,0
null,support_complete,384,400,0.45,499,0.346,0
null,generalized_cmh,384,400,0.45,499,0.346,0
null,complete_fibre_lr,384,400,0.45,499,0.346,0
null,ml_residual,384,400,0.45,499,0.052,0
null,support_complete,385,400,0.45,499,0.198,0
null,generalized_cmh,385,400,0.45,499,0.198,0
null,complete_fibre_lr,385,400,0.45,499,0.198,0
null,ml_residual,385,400,0.45,499,0.162,0
null,support_complete,386,400,0.45,499,0.152,0
null,generalized_cmh,386,400,0.45,499,0.152,0
null,complete_fibre_lr,386,400,0.45,499,0.158,0
null,ml_residual,386,400,0.45,499,0.45,0
null,support_complete,387,400,0.45,499,0.288,0
null,generalized_cmh,387,400,0.45,499,0.288,0
null,complete_fibre_lr,387,400,0.45,499,0.288,0
null,ml_residual,387,400,0.45,499,0.412,0
null,support_complete,388,400,0.45,499,0.812,0
null,generalized_cmh,388,400,0.45,499,0.812,0
null,complete_fibre_lr,388,400,0.45,499,0.812,0
null,ml_residual,388,400,0.45,499,0.532,0
null,support_complete,389,400,0.45,499,0.218,0
null,generalized_cmh,389,400,0.45,499,0.218,0
null,complete_fibre_lr,389,400,0.45,499,0.218,0
null,ml_residual,389,400,0.45,499,0.112,0
null,support_complete,390,400,0.45,499,0.486,0
null,generalized_cmh,390,400,0.45,499,0.486,0
null,complete_fibre_lr,390,400,0.45,499,0.486,0
null,ml_residual,390,400,0.45,499,0.162,0
null,support_complete,391,400,0.45,499,0.498,0
null,generalized_cmh,391,400,0.45,499,0.498,0
null,complete_fibre_lr,391,400,0.45,499,0.494,0
null,ml_residual,391,400,0.45,499,0.846,0
null,support_complete,392,400,0.45,499,0.752,0
null,generalized_cmh,392,400,0.45,499,0.752,0
null,complete_fibre_lr,392,400,0.45,499,0.752,0
null,ml_residual,392,400,0.45,499,0.694,0
null,support_complete,393,400,0.45,499,0.222,0
null,generalized_cmh,393,400,0.45,499,0.222,0
null,complete_fibre_lr,393,400,0.45,499,0.228,0
null,ml_residual,393,400,0.45,499,0.326,0
null,support_complete,394,400,0.45,499,0.772,0
null,generalized_cmh,394,400,0.45,499,0.772,0
null,complete_fibre_lr,394,400,0.45,499,0.77,0
null,ml_residual,394,400,0.45,499,0.682,0
null,support_complete,395,400,0.45,499,0.92,0
null,generalized_cmh,395,400,0.45,499,0.92,0
null,complete_fibre_lr,395,400,0.45,499,0.92,0
null,ml_residual,395,400,0.45,499,0.586,0
null,support_complete,396,400,0.45,499,0.042,1
null,generalized_cmh,396,400,0.45,499,0.042,1
null,complete_fibre_lr,396,400,0.45,499,0.04,1
null,ml_residual,396,400,0.45,499,0.22,0
null,support_complete,397,400,0.45,499,0.114,0
null,generalized_cmh,397,400,0.45,499,0.114,0
null,complete_fibre_lr,397,400,0.45,499,0.116,0
null,ml_residual,397,400,0.45,499,0.174,0
null,support_complete,398,400,0.45,499,0.346,0
null,generalized_cmh,398,400,0.45,499,0.346,0
null,complete_fibre_lr,398,400,0.45,499,0.348,0
null,ml_residual,398,400,0.45,499,0.174,0
null,support_complete,399,400,0.45,499,0.066,0
null,generalized_cmh,399,400,0.45,499,0.066,0
null,complete_fibre_lr,399,400,0.45,499,0.07,0
null,ml_residual,399,400,0.45,499,0.072,0
null,support_complete,400,400,0.45,499,0.294,0
null,generalized_cmh,400,400,0.45,499,0.294,0
null,complete_fibre_lr,400,400,0.45,499,0.298,0
null,ml_residual,400,400,0.45,499,0.066,0
null,support_complete,401,400,0.45,499,0.042,1
null,generalized_cmh,401,400,0.45,499,0.042,1
null,complete_fibre_lr,401,400,0.45,499,0.034,1
null,ml_residual,401,400,0.45,499,0.198,0
null,support_complete,402,400,0.45,499,0.506,0
null,generalized_cmh,402,400,0.45,499,0.506,0
null,complete_fibre_lr,402,400,0.45,499,0.508,0
null,ml_residual,402,400,0.45,499,0.268,0
null,support_complete,403,400,0.45,499,0.276,0
null,generalized_cmh,403,400,0.45,499,0.276,0
null,complete_fibre_lr,403,400,0.45,499,0.27,0
null,ml_residual,403,400,0.45,499,0.324,0
null,support_complete,404,400,0.45,499,0.608,0
null,generalized_cmh,404,400,0.45,499,0.608,0
null,complete_fibre_lr,404,400,0.45,499,0.612,0
null,ml_residual,404,400,0.45,499,0.21,0
null,support_complete,405,400,0.45,499,0.926,0
null,generalized_cmh,405,400,0.45,499,0.926,0
null,complete_fibre_lr,405,400,0.45,499,0.926,0
null,ml_residual,405,400,0.45,499,0.858,0
null,support_complete,406,400,0.45,499,0.764,0
null,generalized_cmh,406,400,0.45,499,0.764,0
null,complete_fibre_lr,406,400,0.45,499,0.766,0
null,ml_residual,406,400,0.45,499,0.47,0
null,support_complete,407,400,0.45,499,0.674,0
null,generalized_cmh,407,400,0.45,499,0.674,0
null,complete_fibre_lr,407,400,0.45,499,0.676,0
null,ml_residual,407,400,0.45,499,0.804,0
null,support_complete,408,400,0.45,499,0.252,0
null,generalized_cmh,408,400,0.45,499,0.252,0
null,complete_fibre_lr,408,400,0.45,499,0.25,0
null,ml_residual,408,400,0.45,499,0.146,0
null,support_complete,409,400,0.45,499,0.086,0
null,generalized_cmh,409,400,0.45,499,0.086,0
null,complete_fibre_lr,409,400,0.45,499,0.088,0
null,ml_residual,409,400,0.45,499,0.15,0
null,support_complete,410,400,0.45,499,0.568,0
null,generalized_cmh,410,400,0.45,499,0.568,0
null,complete_fibre_lr,410,400,0.45,499,0.562,0
null,ml_residual,410,400,0.45,499,0.624,0
null,support_complete,411,400,0.45,499,0.56,0
null,generalized_cmh,411,400,0.45,499,0.56,0
null,complete_fibre_lr,411,400,0.45,499,0.56,0
null,ml_residual,411,400,0.45,499,0.638,0
null,support_complete,412,400,0.45,499,0.848,0
null,generalized_cmh,412,400,0.45,499,0.848,0
null,complete_fibre_lr,412,400,0.45,499,0.848,0
null,ml_residual,412,400,0.45,499,0.37,0
null,support_complete,413,400,0.45,499,0.838,0
null,generalized_cmh,413,400,0.45,499,0.838,0
null,complete_fibre_lr,413,400,0.45,499,0.838,0
null,ml_residual,413,400,0.45,499,0.918,0
null,support_complete,414,400,0.45,499,0.974,0
null,generalized_cmh,414,400,0.45,499,0.974,0
null,complete_fibre_lr,414,400,0.45,499,0.974,0
null,ml_residual,414,400,0.45,499,0.904,0
null,support_complete,415,400,0.45,499,0.73,0
null,generalized_cmh,415,400,0.45,499,0.73,0
null,complete_fibre_lr,415,400,0.45,499,0.728,0
null,ml_residual,415,400,0.45,499,0.63,0
null,support_complete,416,400,0.45,499,0.026,1
null,generalized_cmh,416,400,0.45,499,0.026,1
null,complete_fibre_lr,416,400,0.45,499,0.026,1
null,ml_residual,416,400,0.45,499,0.23,0
null,support_complete,417,400,0.45,499,0.41,0
null,generalized_cmh,417,400,0.45,499,0.41,0
null,complete_fibre_lr,417,400,0.45,499,0.408,0
null,ml_residual,417,400,0.45,499,0.476,0
null,support_complete,418,400,0.45,499,0.796,0
null,generalized_cmh,418,400,0.45,499,0.796,0
null,complete_fibre_lr,418,400,0.45,499,0.798,0
null,ml_residual,418,400,0.45,499,0.938,0
null,support_complete,419,400,0.45,499,0.424,0
null,generalized_cmh,419,400,0.45,499,0.424,0
null,complete_fibre_lr,419,400,0.45,499,0.424,0
null,ml_residual,419,400,0.45,499,0.34,0
null,support_complete,420,400,0.45,499,0.098,0
null,generalized_cmh,420,400,0.45,499,0.098,0
null,complete_fibre_lr,420,400,0.45,499,0.1,0
null,ml_residual,420,400,0.45,499,0.158,0
null,support_complete,421,400,0.45,499,0.99,0
null,generalized_cmh,421,400,0.45,499,0.99,0
null,complete_fibre_lr,421,400,0.45,499,0.99,0
null,ml_residual,421,400,0.45,499,0.932,0
null,support_complete,422,400,0.45,499,0.266,0
null,generalized_cmh,422,400,0.45,499,0.266,0
null,complete_fibre_lr,422,400,0.45,499,0.268,0
null,ml_residual,422,400,0.45,499,0.278,0
null,support_complete,423,400,0.45,499,0.636,0
null,generalized_cmh,423,400,0.45,499,0.636,0
null,complete_fibre_lr,423,400,0.45,499,0.636,0
null,ml_residual,423,400,0.45,499,0.412,0
null,support_complete,424,400,0.45,499,0.968,0
null,generalized_cmh,424,400,0.45,499,0.968,0
null,complete_fibre_lr,424,400,0.45,499,0.968,0
null,ml_residual,424,400,0.45,499,0.894,0
null,support_complete,425,400,0.45,499,0.846,0
null,generalized_cmh,425,400,0.45,499,0.846,0
null,complete_fibre_lr,425,400,0.45,499,0.846,0
null,ml_residual,425,400,0.45,499,0.964,0
null,support_complete,426,400,0.45,499,0.376,0
null,generalized_cmh,426,400,0.45,499,0.376,0
null,complete_fibre_lr,426,400,0.45,499,0.368,0
null,ml_residual,426,400,0.45,499,0.606,0
null,support_complete,427,400,0.45,499,0.138,0
null,generalized_cmh,427,400,0.45,499,0.138,0
null,complete_fibre_lr,427,400,0.45,499,0.132,0
null,ml_residual,427,400,0.45,499,0.04,1
null,support_complete,428,400,0.45,499,0.378,0
null,generalized_cmh,428,400,0.45,499,0.378,0
null,complete_fibre_lr,428,400,0.45,499,0.378,0
null,ml_residual,428,400,0.45,499,0.872,0
null,support_complete,429,400,0.45,499,0.16,0
null,generalized_cmh,429,400,0.45,499,0.16,0
null,complete_fibre_lr,429,400,0.45,499,0.16,0
null,ml_residual,429,400,0.45,499,0.15,0
null,support_complete,430,400,0.45,499,0.68,0
null,generalized_cmh,430,400,0.45,499,0.68,0
null,complete_fibre_lr,430,400,0.45,499,0.68,0
null,ml_residual,430,400,0.45,499,0.79,0
null,support_complete,431,400,0.45,499,0.91,0
null,generalized_cmh,431,400,0.45,499,0.91,0
null,complete_fibre_lr,431,400,0.45,499,0.91,0
null,ml_residual,431,400,0.45,499,0.946,0
null,support_complete,432,400,0.45,499,0.03,1
null,generalized_cmh,432,400,0.45,499,0.03,1
null,complete_fibre_lr,432,400,0.45,499,0.028,1
null,ml_residual,432,400,0.45,499,0.182,0
null,support_complete,433,400,0.45,499,0.348,0
null,generalized_cmh,433,400,0.45,499,0.348,0
null,complete_fibre_lr,433,400,0.45,499,0.354,0
null,ml_residual,433,400,0.45,499,0.214,0
null,support_complete,434,400,0.45,499,0.186,0
null,generalized_cmh,434,400,0.45,499,0.186,0
null,complete_fibre_lr,434,400,0.45,499,0.19,0
null,ml_residual,434,400,0.45,499,0.438,0
null,support_complete,435,400,0.45,499,0.832,0
null,generalized_cmh,435,400,0.45,499,0.832,0
null,complete_fibre_lr,435,400,0.45,499,0.832,0
null,ml_residual,435,400,0.45,499,0.922,0
null,support_complete,436,400,0.45,499,0.144,0
null,generalized_cmh,436,400,0.45,499,0.144,0
null,complete_fibre_lr,436,400,0.45,499,0.142,0
null,ml_residual,436,400,0.45,499,0.328,0
null,support_complete,437,400,0.45,499,0.16,0
null,generalized_cmh,437,400,0.45,499,0.16,0
null,complete_fibre_lr,437,400,0.45,499,0.164,0
null,ml_residual,437,400,0.45,499,0.89,0
null,support_complete,438,400,0.45,499,0.476,0
null,generalized_cmh,438,400,0.45,499,0.476,0
null,complete_fibre_lr,438,400,0.45,499,0.474,0
null,ml_residual,438,400,0.45,499,0.416,0
null,support_complete,439,400,0.45,499,0.382,0
null,generalized_cmh,439,400,0.45,499,0.382,0
null,complete_fibre_lr,439,400,0.45,499,0.382,0
null,ml_residual,439,400,0.45,499,0.236,0
null,support_complete,440,400,0.45,499,0.338,0
null,generalized_cmh,440,400,0.45,499,0.338,0
null,complete_fibre_lr,440,400,0.45,499,0.328,0
null,ml_residual,440,400,0.45,499,0.878,0
null,support_complete,441,400,0.45,499,0.79,0
null,generalized_cmh,441,400,0.45,499,0.79,0
null,complete_fibre_lr,441,400,0.45,499,0.794,0
null,ml_residual,441,400,0.45,499,0.516,0
null,support_complete,442,400,0.45,499,0.828,0
null,generalized_cmh,442,400,0.45,499,0.828,0
null,complete_fibre_lr,442,400,0.45,499,0.828,0
null,ml_residual,442,400,0.45,499,0.758,0
null,support_complete,443,400,0.45,499,0.868,0
null,generalized_cmh,443,400,0.45,499,0.868,0
null,complete_fibre_lr,443,400,0.45,499,0.868,0
null,ml_residual,443,400,0.45,499,0.904,0
null,support_complete,444,400,0.45,499,0.56,0
null,generalized_cmh,444,400,0.45,499,0.56,0
null,complete_fibre_lr,444,400,0.45,499,0.56,0
null,ml_residual,444,400,0.45,499,0.69,0
null,support_complete,445,400,0.45,499,0.002,1
null,generalized_cmh,445,400,0.45,499,0.002,1
null,complete_fibre_lr,445,400,0.45,499,0.002,1
null,ml_residual,445,400,0.45,499,0.248,0
null,support_complete,446,400,0.45,499,0.416,0
null,generalized_cmh,446,400,0.45,499,0.416,0
null,complete_fibre_lr,446,400,0.45,499,0.416,0
null,ml_residual,446,400,0.45,499,0.286,0
null,support_complete,447,400,0.45,499,0.17,0
null,generalized_cmh,447,400,0.45,499,0.17,0
null,complete_fibre_lr,447,400,0.45,499,0.162,0
null,ml_residual,447,400,0.45,499,0.134,0
null,support_complete,448,400,0.45,499,0.002,1
null,generalized_cmh,448,400,0.45,499,0.002,1
null,complete_fibre_lr,448,400,0.45,499,0.002,1
null,ml_residual,448,400,0.45,499,0.004,1
null,support_complete,449,400,0.45,499,0.952,0
null,generalized_cmh,449,400,0.45,499,0.952,0
null,complete_fibre_lr,449,400,0.45,499,0.952,0
null,ml_residual,449,400,0.45,499,0.638,0
null,support_complete,450,400,0.45,499,0.666,0
null,generalized_cmh,450,400,0.45,499,0.666,0
null,complete_fibre_lr,450,400,0.45,499,0.67,0
null,ml_residual,450,400,0.45,499,0.268,0
null,support_complete,451,400,0.45,499,0.972,0
null,generalized_cmh,451,400,0.45,499,0.972,0
null,complete_fibre_lr,451,400,0.45,499,0.972,0
null,ml_residual,451,400,0.45,499,0.692,0
null,support_complete,452,400,0.45,499,0.484,0
null,generalized_cmh,452,400,0.45,499,0.484,0
null,complete_fibre_lr,452,400,0.45,499,0.486,0
null,ml_residual,452,400,0.45,499,0.152,0
null,support_complete,453,400,0.45,499,0.984,0
null,generalized_cmh,453,400,0.45,499,0.984,0
null,complete_fibre_lr,453,400,0.45,499,0.984,0
null,ml_residual,453,400,0.45,499,0.998,0
null,support_complete,454,400,0.45,499,0.558,0
null,generalized_cmh,454,400,0.45,499,0.558,0
null,complete_fibre_lr,454,400,0.45,499,0.558,0
null,ml_residual,454,400,0.45,499,0.824,0
null,support_complete,455,400,0.45,499,0.086,0
null,generalized_cmh,455,400,0.45,499,0.086,0
null,complete_fibre_lr,455,400,0.45,499,0.086,0
null,ml_residual,455,400,0.45,499,0.61,0
null,support_complete,456,400,0.45,499,0.076,0
null,generalized_cmh,456,400,0.45,499,0.076,0
null,complete_fibre_lr,456,400,0.45,499,0.084,0
null,ml_residual,456,400,0.45,499,0.898,0
null,support_complete,457,400,0.45,499,0.204,0
null,generalized_cmh,457,400,0.45,499,0.204,0
null,complete_fibre_lr,457,400,0.45,499,0.2,0
null,ml_residual,457,400,0.45,499,0.2,0
null,support_complete,458,400,0.45,499,0.594,0
null,generalized_cmh,458,400,0.45,499,0.594,0
null,complete_fibre_lr,458,400,0.45,499,0.596,0
null,ml_residual,458,400,0.45,499,0.504,0
null,support_complete,459,400,0.45,499,0.932,0
null,generalized_cmh,459,400,0.45,499,0.932,0
null,complete_fibre_lr,459,400,0.45,499,0.932,0
null,ml_residual,459,400,0.45,499,0.972,0
null,support_complete,460,400,0.45,499,0.276,0
null,generalized_cmh,460,400,0.45,499,0.276,0
null,complete_fibre_lr,460,400,0.45,499,0.264,0
null,ml_residual,460,400,0.45,499,0.24,0
null,support_complete,461,400,0.45,499,0.104,0
null,generalized_cmh,461,400,0.45,499,0.104,0
null,complete_fibre_lr,461,400,0.45,499,0.104,0
null,ml_residual,461,400,0.45,499,0.01,1
null,support_complete,462,400,0.45,499,0.01,1
null,generalized_cmh,462,400,0.45,499,0.01,1
null,complete_fibre_lr,462,400,0.45,499,0.012,1
null,ml_residual,462,400,0.45,499,0.07,0
null,support_complete,463,400,0.45,499,0.714,0
null,generalized_cmh,463,400,0.45,499,0.714,0
null,complete_fibre_lr,463,400,0.45,499,0.72,0
null,ml_residual,463,400,0.45,499,0.398,0
null,support_complete,464,400,0.45,499,0.8,0
null,generalized_cmh,464,400,0.45,499,0.8,0
null,complete_fibre_lr,464,400,0.45,499,0.808,0
null,ml_residual,464,400,0.45,499,0.922,0
null,support_complete,465,400,0.45,499,0.502,0
null,generalized_cmh,465,400,0.45,499,0.502,0
null,complete_fibre_lr,465,400,0.45,499,0.508,0
null,ml_residual,465,400,0.45,499,0.8,0
null,support_complete,466,400,0.45,499,0.084,0
null,generalized_cmh,466,400,0.45,499,0.084,0
null,complete_fibre_lr,466,400,0.45,499,0.084,0
null,ml_residual,466,400,0.45,499,0.604,0
null,support_complete,467,400,0.45,499,0.696,0
null,generalized_cmh,467,400,0.45,499,0.696,0
null,complete_fibre_lr,467,400,0.45,499,0.696,0
null,ml_residual,467,400,0.45,499,0.308,0
null,support_complete,468,400,0.45,499,0.872,0
null,generalized_cmh,468,400,0.45,499,0.872,0
null,complete_fibre_lr,468,400,0.45,499,0.872,0
null,ml_residual,468,400,0.45,499,0.61,0
null,support_complete,469,400,0.45,499,0.194,0
null,generalized_cmh,469,400,0.45,499,0.194,0
null,complete_fibre_lr,469,400,0.45,499,0.198,0
null,ml_residual,469,400,0.45,499,0.336,0
null,support_complete,470,400,0.45,499,0.066,0
null,generalized_cmh,470,400,0.45,499,0.066,0
null,complete_fibre_lr,470,400,0.45,499,0.068,0
null,ml_residual,470,400,0.45,499,0.1,0
null,support_complete,471,400,0.45,499,0.832,0
null,generalized_cmh,471,400,0.45,499,0.832,0
null,complete_fibre_lr,471,400,0.45,499,0.832,0
null,ml_residual,471,400,0.45,499,0.548,0
null,support_complete,472,400,0.45,499,0.15,0
null,generalized_cmh,472,400,0.45,499,0.15,0
null,complete_fibre_lr,472,400,0.45,499,0.142,0
null,ml_residual,472,400,0.45,499,0.154,0
null,support_complete,473,400,0.45,499,0.018,1
null,generalized_cmh,473,400,0.45,499,0.018,1
null,complete_fibre_lr,473,400,0.45,499,0.018,1
null,ml_residual,473,400,0.45,499,0.062,0
null,support_complete,474,400,0.45,499,0.592,0
null,generalized_cmh,474,400,0.45,499,0.592,0
null,complete_fibre_lr,474,400,0.45,499,0.592,0
null,ml_residual,474,400,0.45,499,0.88,0
null,support_complete,475,400,0.45,499,0.226,0
null,generalized_cmh,475,400,0.45,499,0.226,0
null,complete_fibre_lr,475,400,0.45,499,0.218,0
null,ml_residual,475,400,0.45,499,0.074,0
null,support_complete,476,400,0.45,499,0.496,0
null,generalized_cmh,476,400,0.45,499,0.496,0
null,complete_fibre_lr,476,400,0.45,499,0.49,0
null,ml_residual,476,400,0.45,499,0.04,1
null,support_complete,477,400,0.45,499,0.524,0
null,generalized_cmh,477,400,0.45,499,0.524,0
null,complete_fibre_lr,477,400,0.45,499,0.524,0
null,ml_residual,477,400,0.45,499,0.466,0
null,support_complete,478,400,0.45,499,0.218,0
null,generalized_cmh,478,400,0.45,499,0.218,0
null,complete_fibre_lr,478,400,0.45,499,0.216,0
null,ml_residual,478,400,0.45,499,0.032,1
null,support_complete,479,400,0.45,499,0.248,0
null,generalized_cmh,479,400,0.45,499,0.248,0
null,complete_fibre_lr,479,400,0.45,499,0.25,0
null,ml_residual,479,400,0.45,499,0.56,0
null,support_complete,480,400,0.45,499,0.438,0
null,generalized_cmh,480,400,0.45,499,0.438,0
null,complete_fibre_lr,480,400,0.45,499,0.438,0
null,ml_residual,480,400,0.45,499,0.462,0
null,support_complete,481,400,0.45,499,0.292,0
null,generalized_cmh,481,400,0.45,499,0.292,0
null,complete_fibre_lr,481,400,0.45,499,0.292,0
null,ml_residual,481,400,0.45,499,0.126,0
null,support_complete,482,400,0.45,499,0.638,0
null,generalized_cmh,482,400,0.45,499,0.638,0
null,complete_fibre_lr,482,400,0.45,499,0.642,0
null,ml_residual,482,400,0.45,499,0.33,0
null,support_complete,483,400,0.45,499,0.098,0
null,generalized_cmh,483,400,0.45,499,0.098,0
null,complete_fibre_lr,483,400,0.45,499,0.098,0
null,ml_residual,483,400,0.45,499,0.792,0
null,support_complete,484,400,0.45,499,0.898,0
null,generalized_cmh,484,400,0.45,499,0.898,0
null,complete_fibre_lr,484,400,0.45,499,0.898,0
null,ml_residual,484,400,0.45,499,0.23,0
null,support_complete,485,400,0.45,499,0.926,0
null,generalized_cmh,485,400,0.45,499,0.926,0
null,complete_fibre_lr,485,400,0.45,499,0.926,0
null,ml_residual,485,400,0.45,499,0.902,0
null,support_complete,486,400,0.45,499,0.934,0
null,generalized_cmh,486,400,0.45,499,0.934,0
null,complete_fibre_lr,486,400,0.45,499,0.934,0
null,ml_residual,486,400,0.45,499,0.836,0
null,support_complete,487,400,0.45,499,0.184,0
null,generalized_cmh,487,400,0.45,499,0.184,0
null,complete_fibre_lr,487,400,0.45,499,0.178,0
null,ml_residual,487,400,0.45,499,0.488,0
null,support_complete,488,400,0.45,499,0.154,0
null,generalized_cmh,488,400,0.45,499,0.154,0
null,complete_fibre_lr,488,400,0.45,499,0.146,0
null,ml_residual,488,400,0.45,499,0.22,0
null,support_complete,489,400,0.45,499,0.534,0
null,generalized_cmh,489,400,0.45,499,0.534,0
null,complete_fibre_lr,489,400,0.45,499,0.534,0
null,ml_residual,489,400,0.45,499,0.424,0
null,support_complete,490,400,0.45,499,0.826,0
null,generalized_cmh,490,400,0.45,499,0.826,0
null,complete_fibre_lr,490,400,0.45,499,0.824,0
null,ml_residual,490,400,0.45,499,0.42,0
null,support_complete,491,400,0.45,499,0.834,0
null,generalized_cmh,491,400,0.45,499,0.834,0
null,complete_fibre_lr,491,400,0.45,499,0.834,0
null,ml_residual,491,400,0.45,499,0.65,0
null,support_complete,492,400,0.45,499,0.488,0
null,generalized_cmh,492,400,0.45,499,0.488,0
null,complete_fibre_lr,492,400,0.45,499,0.49,0
null,ml_residual,492,400,0.45,499,0.126,0
null,support_complete,493,400,0.45,499,0.224,0
null,generalized_cmh,493,400,0.45,499,0.224,0
null,complete_fibre_lr,493,400,0.45,499,0.224,0
null,ml_residual,493,400,0.45,499,0.894,0
null,support_complete,494,400,0.45,499,0.192,0
null,generalized_cmh,494,400,0.45,499,0.192,0
null,complete_fibre_lr,494,400,0.45,499,0.194,0
null,ml_residual,494,400,0.45,499,0.05,1
null,support_complete,495,400,0.45,499,0.202,0
null,generalized_cmh,495,400,0.45,499,0.202,0
null,complete_fibre_lr,495,400,0.45,499,0.202,0
null,ml_residual,495,400,0.45,499,0.228,0
null,support_complete,496,400,0.45,499,0.472,0
null,generalized_cmh,496,400,0.45,499,0.472,0
null,complete_fibre_lr,496,400,0.45,499,0.47,0
null,ml_residual,496,400,0.45,499,0.212,0
null,support_complete,497,400,0.45,499,0.724,0
null,generalized_cmh,497,400,0.45,499,0.724,0
null,complete_fibre_lr,497,400,0.45,499,0.724,0
null,ml_residual,497,400,0.45,499,0.668,0
null,support_complete,498,400,0.45,499,0.832,0
null,generalized_cmh,498,400,0.45,499,0.832,0
null,complete_fibre_lr,498,400,0.45,499,0.832,0
null,ml_residual,498,400,0.45,499,0.582,0
null,support_complete,499,400,0.45,499,0.534,0
null,generalized_cmh,499,400,0.45,499,0.534,0
null,complete_fibre_lr,499,400,0.45,499,0.534,0
null,ml_residual,499,400,0.45,499,0.704,0
aligned,support_complete,0,400,0.45,499,0.002,1
aligned,generalized_cmh,0,400,0.45,499,0.002,1
aligned,complete_fibre_lr,0,400,0.45,499,0.002,1
aligned,ml_residual,0,400,0.45,499,0.002,1
aligned,support_complete,1,400,0.45,499,0.002,1
aligned,generalized_cmh,1,400,0.45,499,0.002,1
aligned,complete_fibre_lr,1,400,0.45,499,0.002,1
aligned,ml_residual,1,400,0.45,499,0.002,1
aligned,support_complete,2,400,0.45,499,0.002,1
aligned,generalized_cmh,2,400,0.45,499,0.002,1
aligned,complete_fibre_lr,2,400,0.45,499,0.002,1
aligned,ml_residual,2,400,0.45,499,0.002,1
aligned,support_complete,3,400,0.45,499,0.002,1
aligned,generalized_cmh,3,400,0.45,499,0.002,1
aligned,complete_fibre_lr,3,400,0.45,499,0.002,1
aligned,ml_residual,3,400,0.45,499,0.004,1
aligned,support_complete,4,400,0.45,499,0.002,1
aligned,generalized_cmh,4,400,0.45,499,0.002,1
aligned,complete_fibre_lr,4,400,0.45,499,0.002,1
aligned,ml_residual,4,400,0.45,499,0.002,1
aligned,support_complete,5,400,0.45,499,0.002,1
aligned,generalized_cmh,5,400,0.45,499,0.002,1
aligned,complete_fibre_lr,5,400,0.45,499,0.002,1
aligned,ml_residual,5,400,0.45,499,0.002,1
aligned,support_complete,6,400,0.45,499,0.002,1
aligned,generalized_cmh,6,400,0.45,499,0.002,1
aligned,complete_fibre_lr,6,400,0.45,499,0.002,1
aligned,ml_residual,6,400,0.45,499,0.002,1
aligned,support_complete,7,400,0.45,499,0.002,1
aligned,generalized_cmh,7,400,0.45,499,0.002,1
aligned,complete_fibre_lr,7,400,0.45,499,0.002,1
aligned,ml_residual,7,400,0.45,499,0.002,1
aligned,support_complete,8,400,0.45,499,0.002,1
aligned,generalized_cmh,8,400,0.45,499,0.002,1
aligned,complete_fibre_lr,8,400,0.45,499,0.002,1
aligned,ml_residual,8,400,0.45,499,0.002,1
aligned,support_complete,9,400,0.45,499,0.002,1
aligned,generalized_cmh,9,400,0.45,499,0.002,1
aligned,complete_fibre_lr,9,400,0.45,499,0.002,1
aligned,ml_residual,9,400,0.45,499,0.002,1
aligned,support_complete,10,400,0.45,499,0.002,1
aligned,generalized_cmh,10,400,0.45,499,0.002,1
aligned,complete_fibre_lr,10,400,0.45,499,0.002,1
aligned,ml_residual,10,400,0.45,499,0.002,1
aligned,support_complete,11,400,0.45,499,0.002,1
aligned,generalized_cmh,11,400,0.45,499,0.002,1
aligned,complete_fibre_lr,11,400,0.45,499,0.002,1
aligned,ml_residual,11,400,0.45,499,0.002,1
aligned,support_complete,12,400,0.45,499,0.002,1
aligned,generalized_cmh,12,400,0.45,499,0.002,1
aligned,complete_fibre_lr,12,400,0.45,499,0.002,1
aligned,ml_residual,12,400,0.45,499,0.002,1
aligned,support_complete,13,400,0.45,499,0.002,1
aligned,generalized_cmh,13,400,0.45,499,0.002,1
aligned,complete_fibre_lr,13,400,0.45,499,0.002,1
aligned,ml_residual,13,400,0.45,499,0.002,1
aligned,support_complete,14,400,0.45,499,0.002,1
aligned,generalized_cmh,14,400,0.45,499,0.002,1
aligned,complete_fibre_lr,14,400,0.45,499,0.002,1
aligned,ml_residual,14,400,0.45,499,0.002,1
aligned,support_complete,15,400,0.45,499,0.002,1
aligned,generalized_cmh,15,400,0.45,499,0.002,1
aligned,complete_fibre_lr,15,400,0.45,499,0.002,1
aligned,ml_residual,15,400,0.45,499,0.002,1
aligned,support_complete,16,400,0.45,499,0.002,1
aligned,generalized_cmh,16,400,0.45,499,0.002,1
aligned,complete_fibre_lr,16,400,0.45,499,0.002,1
aligned,ml_residual,16,400,0.45,499,0.012,1
aligned,support_complete,17,400,0.45,499,0.002,1
aligned,generalized_cmh,17,400,0.45,499,0.002,1
aligned,complete_fibre_lr,17,400,0.45,499,0.002,1
aligned,ml_residual,17,400,0.45,499,0.002,1
aligned,support_complete,18,400,0.45,499,0.002,1
aligned,generalized_cmh,18,400,0.45,499,0.002,1
aligned,complete_fibre_lr,18,400,0.45,499,0.002,1
aligned,ml_residual,18,400,0.45,499,0.002,1
aligned,support_complete,19,400,0.45,499,0.002,1
aligned,generalized_cmh,19,400,0.45,499,0.002,1
aligned,complete_fibre_lr,19,400,0.45,499,0.002,1
aligned,ml_residual,19,400,0.45,499,0.002,1
aligned,support_complete,20,400,0.45,499,0.002,1
aligned,generalized_cmh,20,400,0.45,499,0.002,1
aligned,complete_fibre_lr,20,400,0.45,499,0.002,1
aligned,ml_residual,20,400,0.45,499,0.002,1
aligned,support_complete,21,400,0.45,499,0.002,1
aligned,generalized_cmh,21,400,0.45,499,0.002,1
aligned,complete_fibre_lr,21,400,0.45,499,0.002,1
aligned,ml_residual,21,400,0.45,499,0.002,1
aligned,support_complete,22,400,0.45,499,0.002,1
aligned,generalized_cmh,22,400,0.45,499,0.002,1
aligned,complete_fibre_lr,22,400,0.45,499,0.002,1
aligned,ml_residual,22,400,0.45,499,0.002,1
aligned,support_complete,23,400,0.45,499,0.002,1
aligned,generalized_cmh,23,400,0.45,499,0.002,1
aligned,complete_fibre_lr,23,400,0.45,499,0.002,1
aligned,ml_residual,23,400,0.45,499,0.002,1
aligned,support_complete,24,400,0.45,499,0.002,1
aligned,generalized_cmh,24,400,0.45,499,0.002,1
aligned,complete_fibre_lr,24,400,0.45,499,0.002,1
aligned,ml_residual,24,400,0.45,499,0.002,1
aligned,support_complete,25,400,0.45,499,0.002,1
aligned,generalized_cmh,25,400,0.45,499,0.002,1
aligned,complete_fibre_lr,25,400,0.45,499,0.002,1
aligned,ml_residual,25,400,0.45,499,0.002,1
aligned,support_complete,26,400,0.45,499,0.002,1
aligned,generalized_cmh,26,400,0.45,499,0.002,1
aligned,complete_fibre_lr,26,400,0.45,499,0.002,1
aligned,ml_residual,26,400,0.45,499,0.002,1
aligned,support_complete,27,400,0.45,499,0.002,1
aligned,generalized_cmh,27,400,0.45,499,0.002,1
aligned,complete_fibre_lr,27,400,0.45,499,0.002,1
aligned,ml_residual,27,400,0.45,499,0.002,1
aligned,support_complete,28,400,0.45,499,0.002,1
aligned,generalized_cmh,28,400,0.45,499,0.002,1
aligned,complete_fibre_lr,28,400,0.45,499,0.002,1
aligned,ml_residual,28,400,0.45,499,0.002,1
aligned,support_complete,29,400,0.45,499,0.002,1
aligned,generalized_cmh,29,400,0.45,499,0.002,1
aligned,complete_fibre_lr,29,400,0.45,499,0.002,1
aligned,ml_residual,29,400,0.45,499,0.034,1
aligned,support_complete,30,400,0.45,499,0.002,1
aligned,generalized_cmh,30,400,0.45,499,0.002,1
aligned,complete_fibre_lr,30,400,0.45,499,0.002,1
aligned,ml_residual,30,400,0.45,499,0.002,1
aligned,support_complete,31,400,0.45,499,0.002,1
aligned,generalized_cmh,31,400,0.45,499,0.002,1
aligned,complete_fibre_lr,31,400,0.45,499,0.002,1
aligned,ml_residual,31,400,0.45,499,0.002,1
aligned,support_complete,32,400,0.45,499,0.002,1
aligned,generalized_cmh,32,400,0.45,499,0.002,1
aligned,complete_fibre_lr,32,400,0.45,499,0.002,1
aligned,ml_residual,32,400,0.45,499,0.002,1
aligned,support_complete,33,400,0.45,499,0.002,1
aligned,generalized_cmh,33,400,0.45,499,0.002,1
aligned,complete_fibre_lr,33,400,0.45,499,0.002,1
aligned,ml_residual,33,400,0.45,499,0.002,1
aligned,support_complete,34,400,0.45,499,0.002,1
aligned,generalized_cmh,34,400,0.45,499,0.002,1
aligned,complete_fibre_lr,34,400,0.45,499,0.002,1
aligned,ml_residual,34,400,0.45,499,0.002,1
aligned,support_complete,35,400,0.45,499,0.002,1
aligned,generalized_cmh,35,400,0.45,499,0.002,1
aligned,complete_fibre_lr,35,400,0.45,499,0.002,1
aligned,ml_residual,35,400,0.45,499,0.002,1
aligned,support_complete,36,400,0.45,499,0.002,1
aligned,generalized_cmh,36,400,0.45,499,0.002,1
aligned,complete_fibre_lr,36,400,0.45,499,0.002,1
aligned,ml_residual,36,400,0.45,499,0.002,1
aligned,support_complete,37,400,0.45,499,0.002,1
aligned,generalized_cmh,37,400,0.45,499,0.002,1
aligned,complete_fibre_lr,37,400,0.45,499,0.002,1
aligned,ml_residual,37,400,0.45,499,0.006,1
aligned,support_complete,38,400,0.45,499,0.002,1
aligned,generalized_cmh,38,400,0.45,499,0.002,1
aligned,complete_fibre_lr,38,400,0.45,499,0.002,1
aligned,ml_residual,38,400,0.45,499,0.002,1
aligned,support_complete,39,400,0.45,499,0.002,1
aligned,generalized_cmh,39,400,0.45,499,0.002,1
aligned,complete_fibre_lr,39,400,0.45,499,0.002,1
aligned,ml_residual,39,400,0.45,499,0.002,1
aligned,support_complete,40,400,0.45,499,0.002,1
aligned,generalized_cmh,40,400,0.45,499,0.002,1
aligned,complete_fibre_lr,40,400,0.45,499,0.002,1
aligned,ml_residual,40,400,0.45,499,0.002,1
aligned,support_complete,41,400,0.45,499,0.002,1
aligned,generalized_cmh,41,400,0.45,499,0.002,1
aligned,complete_fibre_lr,41,400,0.45,499,0.002,1
aligned,ml_residual,41,400,0.45,499,0.002,1
aligned,support_complete,42,400,0.45,499,0.002,1
aligned,generalized_cmh,42,400,0.45,499,0.002,1
aligned,complete_fibre_lr,42,400,0.45,499,0.002,1
aligned,ml_residual,42,400,0.45,499,0.002,1
aligned,support_complete,43,400,0.45,499,0.002,1
aligned,generalized_cmh,43,400,0.45,499,0.002,1
aligned,complete_fibre_lr,43,400,0.45,499,0.002,1
aligned,ml_residual,43,400,0.45,499,0.002,1
aligned,support_complete,44,400,0.45,499,0.002,1
aligned,generalized_cmh,44,400,0.45,499,0.002,1
aligned,complete_fibre_lr,44,400,0.45,499,0.002,1
aligned,ml_residual,44,400,0.45,499,0.002,1
aligned,support_complete,45,400,0.45,499,0.002,1
aligned,generalized_cmh,45,400,0.45,499,0.002,1
aligned,complete_fibre_lr,45,400,0.45,499,0.002,1
aligned,ml_residual,45,400,0.45,499,0.002,1
aligned,support_complete,46,400,0.45,499,0.002,1
aligned,generalized_cmh,46,400,0.45,499,0.002,1
aligned,complete_fibre_lr,46,400,0.45,499,0.002,1
aligned,ml_residual,46,400,0.45,499,0.002,1
aligned,support_complete,47,400,0.45,499,0.002,1
aligned,generalized_cmh,47,400,0.45,499,0.002,1
aligned,complete_fibre_lr,47,400,0.45,499,0.002,1
aligned,ml_residual,47,400,0.45,499,0.002,1
aligned,support_complete,48,400,0.45,499,0.002,1
aligned,generalized_cmh,48,400,0.45,499,0.002,1
aligned,complete_fibre_lr,48,400,0.45,499,0.002,1
aligned,ml_residual,48,400,0.45,499,0.002,1
aligned,support_complete,49,400,0.45,499,0.002,1
aligned,generalized_cmh,49,400,0.45,499,0.002,1
aligned,complete_fibre_lr,49,400,0.45,499,0.002,1
aligned,ml_residual,49,400,0.45,499,0.002,1
aligned,support_complete,50,400,0.45,499,0.002,1
aligned,generalized_cmh,50,400,0.45,499,0.002,1
aligned,complete_fibre_lr,50,400,0.45,499,0.002,1
aligned,ml_residual,50,400,0.45,499,0.002,1
aligned,support_complete,51,400,0.45,499,0.002,1
aligned,generalized_cmh,51,400,0.45,499,0.002,1
aligned,complete_fibre_lr,51,400,0.45,499,0.002,1
aligned,ml_residual,51,400,0.45,499,0.002,1
aligned,support_complete,52,400,0.45,499,0.002,1
aligned,generalized_cmh,52,400,0.45,499,0.002,1
aligned,complete_fibre_lr,52,400,0.45,499,0.002,1
aligned,ml_residual,52,400,0.45,499,0.002,1
aligned,support_complete,53,400,0.45,499,0.002,1
aligned,generalized_cmh,53,400,0.45,499,0.002,1
aligned,complete_fibre_lr,53,400,0.45,499,0.002,1
aligned,ml_residual,53,400,0.45,499,0.002,1
aligned,support_complete,54,400,0.45,499,0.002,1
aligned,generalized_cmh,54,400,0.45,499,0.002,1
aligned,complete_fibre_lr,54,400,0.45,499,0.002,1
aligned,ml_residual,54,400,0.45,499,0.002,1
aligned,support_complete,55,400,0.45,499,0.002,1
aligned,generalized_cmh,55,400,0.45,499,0.002,1
aligned,complete_fibre_lr,55,400,0.45,499,0.002,1
aligned,ml_residual,55,400,0.45,499,0.002,1
aligned,support_complete,56,400,0.45,499,0.002,1
aligned,generalized_cmh,56,400,0.45,499,0.002,1
aligned,complete_fibre_lr,56,400,0.45,499,0.002,1
aligned,ml_residual,56,400,0.45,499,0.002,1
aligned,support_complete,57,400,0.45,499,0.002,1
aligned,generalized_cmh,57,400,0.45,499,0.002,1
aligned,complete_fibre_lr,57,400,0.45,499,0.002,1
aligned,ml_residual,57,400,0.45,499,0.002,1
aligned,support_complete,58,400,0.45,499,0.002,1
aligned,generalized_cmh,58,400,0.45,499,0.002,1
aligned,complete_fibre_lr,58,400,0.45,499,0.002,1
aligned,ml_residual,58,400,0.45,499,0.002,1
aligned,support_complete,59,400,0.45,499,0.002,1
aligned,generalized_cmh,59,400,0.45,499,0.002,1
aligned,complete_fibre_lr,59,400,0.45,499,0.002,1
aligned,ml_residual,59,400,0.45,499,0.002,1
aligned,support_complete,60,400,0.45,499,0.002,1
aligned,generalized_cmh,60,400,0.45,499,0.002,1
aligned,complete_fibre_lr,60,400,0.45,499,0.002,1
aligned,ml_residual,60,400,0.45,499,0.004,1
aligned,support_complete,61,400,0.45,499,0.002,1
aligned,generalized_cmh,61,400,0.45,499,0.002,1
aligned,complete_fibre_lr,61,400,0.45,499,0.002,1
aligned,ml_residual,61,400,0.45,499,0.002,1
aligned,support_complete,62,400,0.45,499,0.002,1
aligned,generalized_cmh,62,400,0.45,499,0.002,1
aligned,complete_fibre_lr,62,400,0.45,499,0.002,1
aligned,ml_residual,62,400,0.45,499,0.002,1
aligned,support_complete,63,400,0.45,499,0.002,1
aligned,generalized_cmh,63,400,0.45,499,0.002,1
aligned,complete_fibre_lr,63,400,0.45,499,0.002,1
aligned,ml_residual,63,400,0.45,499,0.008,1
aligned,support_complete,64,400,0.45,499,0.002,1
aligned,generalized_cmh,64,400,0.45,499,0.002,1
aligned,complete_fibre_lr,64,400,0.45,499,0.002,1
aligned,ml_residual,64,400,0.45,499,0.002,1
aligned,support_complete,65,400,0.45,499,0.002,1
aligned,generalized_cmh,65,400,0.45,499,0.002,1
aligned,complete_fibre_lr,65,400,0.45,499,0.002,1
aligned,ml_residual,65,400,0.45,499,0.002,1
aligned,support_complete,66,400,0.45,499,0.002,1
aligned,generalized_cmh,66,400,0.45,499,0.002,1
aligned,complete_fibre_lr,66,400,0.45,499,0.002,1
aligned,ml_residual,66,400,0.45,499,0.002,1
aligned,support_complete,67,400,0.45,499,0.002,1
aligned,generalized_cmh,67,400,0.45,499,0.002,1
aligned,complete_fibre_lr,67,400,0.45,499,0.002,1
aligned,ml_residual,67,400,0.45,499,0.002,1
aligned,support_complete,68,400,0.45,499,0.002,1
aligned,generalized_cmh,68,400,0.45,499,0.002,1
aligned,complete_fibre_lr,68,400,0.45,499,0.002,1
aligned,ml_residual,68,400,0.45,499,0.002,1
aligned,support_complete,69,400,0.45,499,0.002,1
aligned,generalized_cmh,69,400,0.45,499,0.002,1
aligned,complete_fibre_lr,69,400,0.45,499,0.002,1
aligned,ml_residual,69,400,0.45,499,0.002,1
aligned,support_complete,70,400,0.45,499,0.002,1
aligned,generalized_cmh,70,400,0.45,499,0.002,1
aligned,complete_fibre_lr,70,400,0.45,499,0.002,1
aligned,ml_residual,70,400,0.45,499,0.002,1
aligned,support_complete,71,400,0.45,499,0.002,1
aligned,generalized_cmh,71,400,0.45,499,0.002,1
aligned,complete_fibre_lr,71,400,0.45,499,0.002,1
aligned,ml_residual,71,400,0.45,499,0.002,1
aligned,support_complete,72,400,0.45,499,0.002,1
aligned,generalized_cmh,72,400,0.45,499,0.002,1
aligned,complete_fibre_lr,72,400,0.45,499,0.002,1
aligned,ml_residual,72,400,0.45,499,0.002,1
aligned,support_complete,73,400,0.45,499,0.002,1
aligned,generalized_cmh,73,400,0.45,499,0.002,1
aligned,complete_fibre_lr,73,400,0.45,499,0.002,1
aligned,ml_residual,73,400,0.45,499,0.01,1
aligned,support_complete,74,400,0.45,499,0.002,1
aligned,generalized_cmh,74,400,0.45,499,0.002,1
aligned,complete_fibre_lr,74,400,0.45,499,0.002,1
aligned,ml_residual,74,400,0.45,499,0.002,1
aligned,support_complete,75,400,0.45,499,0.002,1
aligned,generalized_cmh,75,400,0.45,499,0.002,1
aligned,complete_fibre_lr,75,400,0.45,499,0.002,1
aligned,ml_residual,75,400,0.45,499,0.002,1
aligned,support_complete,76,400,0.45,499,0.002,1
aligned,generalized_cmh,76,400,0.45,499,0.002,1
aligned,complete_fibre_lr,76,400,0.45,499,0.002,1
aligned,ml_residual,76,400,0.45,499,0.002,1
aligned,support_complete,77,400,0.45,499,0.002,1
aligned,generalized_cmh,77,400,0.45,499,0.002,1
aligned,complete_fibre_lr,77,400,0.45,499,0.002,1
aligned,ml_residual,77,400,0.45,499,0.002,1
aligned,support_complete,78,400,0.45,499,0.002,1
aligned,generalized_cmh,78,400,0.45,499,0.002,1
aligned,complete_fibre_lr,78,400,0.45,499,0.002,1
aligned,ml_residual,78,400,0.45,499,0.002,1
aligned,support_complete,79,400,0.45,499,0.002,1
aligned,generalized_cmh,79,400,0.45,499,0.002,1
aligned,complete_fibre_lr,79,400,0.45,499,0.002,1
aligned,ml_residual,79,400,0.45,499,0.002,1
aligned,support_complete,80,400,0.45,499,0.002,1
aligned,generalized_cmh,80,400,0.45,499,0.002,1
aligned,complete_fibre_lr,80,400,0.45,499,0.002,1
aligned,ml_residual,80,400,0.45,499,0.002,1
aligned,support_complete,81,400,0.45,499,0.002,1
aligned,generalized_cmh,81,400,0.45,499,0.002,1
aligned,complete_fibre_lr,81,400,0.45,499,0.002,1
aligned,ml_residual,81,400,0.45,499,0.002,1
aligned,support_complete,82,400,0.45,499,0.002,1
aligned,generalized_cmh,82,400,0.45,499,0.002,1
aligned,complete_fibre_lr,82,400,0.45,499,0.002,1
aligned,ml_residual,82,400,0.45,499,0.002,1
aligned,support_complete,83,400,0.45,499,0.002,1
aligned,generalized_cmh,83,400,0.45,499,0.002,1
aligned,complete_fibre_lr,83,400,0.45,499,0.002,1
aligned,ml_residual,83,400,0.45,499,0.002,1
aligned,support_complete,84,400,0.45,499,0.002,1
aligned,generalized_cmh,84,400,0.45,499,0.002,1
aligned,complete_fibre_lr,84,400,0.45,499,0.002,1
aligned,ml_residual,84,400,0.45,499,0.002,1
aligned,support_complete,85,400,0.45,499,0.002,1
aligned,generalized_cmh,85,400,0.45,499,0.002,1
aligned,complete_fibre_lr,85,400,0.45,499,0.002,1
aligned,ml_residual,85,400,0.45,499,0.022,1
aligned,support_complete,86,400,0.45,499,0.002,1
aligned,generalized_cmh,86,400,0.45,499,0.002,1
aligned,complete_fibre_lr,86,400,0.45,499,0.002,1
aligned,ml_residual,86,400,0.45,499,0.002,1
aligned,support_complete,87,400,0.45,499,0.002,1
aligned,generalized_cmh,87,400,0.45,499,0.002,1
aligned,complete_fibre_lr,87,400,0.45,499,0.002,1
aligned,ml_residual,87,400,0.45,499,0.002,1
aligned,support_complete,88,400,0.45,499,0.002,1
aligned,generalized_cmh,88,400,0.45,499,0.002,1
aligned,complete_fibre_lr,88,400,0.45,499,0.002,1
aligned,ml_residual,88,400,0.45,499,0.002,1
aligned,support_complete,89,400,0.45,499,0.002,1
aligned,generalized_cmh,89,400,0.45,499,0.002,1
aligned,complete_fibre_lr,89,400,0.45,499,0.002,1
aligned,ml_residual,89,400,0.45,499,0.002,1
aligned,support_complete,90,400,0.45,499,0.002,1
aligned,generalized_cmh,90,400,0.45,499,0.002,1
aligned,complete_fibre_lr,90,400,0.45,499,0.002,1
aligned,ml_residual,90,400,0.45,499,0.002,1
aligned,support_complete,91,400,0.45,499,0.002,1
aligned,generalized_cmh,91,400,0.45,499,0.002,1
aligned,complete_fibre_lr,91,400,0.45,499,0.002,1
aligned,ml_residual,91,400,0.45,499,0.002,1
aligned,support_complete,92,400,0.45,499,0.002,1
aligned,generalized_cmh,92,400,0.45,499,0.002,1
aligned,complete_fibre_lr,92,400,0.45,499,0.002,1
aligned,ml_residual,92,400,0.45,499,0.002,1
aligned,support_complete,93,400,0.45,499,0.002,1
aligned,generalized_cmh,93,400,0.45,499,0.002,1
aligned,complete_fibre_lr,93,400,0.45,499,0.002,1
aligned,ml_residual,93,400,0.45,499,0.002,1
aligned,support_complete,94,400,0.45,499,0.002,1
aligned,generalized_cmh,94,400,0.45,499,0.002,1
aligned,complete_fibre_lr,94,400,0.45,499,0.002,1
aligned,ml_residual,94,400,0.45,499,0.002,1
aligned,support_complete,95,400,0.45,499,0.002,1
aligned,generalized_cmh,95,400,0.45,499,0.002,1
aligned,complete_fibre_lr,95,400,0.45,499,0.002,1
aligned,ml_residual,95,400,0.45,499,0.002,1
aligned,support_complete,96,400,0.45,499,0.002,1
aligned,generalized_cmh,96,400,0.45,499,0.002,1
aligned,complete_fibre_lr,96,400,0.45,499,0.002,1
aligned,ml_residual,96,400,0.45,499,0.002,1
aligned,support_complete,97,400,0.45,499,0.002,1
aligned,generalized_cmh,97,400,0.45,499,0.002,1
aligned,complete_fibre_lr,97,400,0.45,499,0.002,1
aligned,ml_residual,97,400,0.45,499,0.002,1
aligned,support_complete,98,400,0.45,499,0.002,1
aligned,generalized_cmh,98,400,0.45,499,0.002,1
aligned,complete_fibre_lr,98,400,0.45,499,0.002,1
aligned,ml_residual,98,400,0.45,499,0.002,1
aligned,support_complete,99,400,0.45,499,0.002,1
aligned,generalized_cmh,99,400,0.45,499,0.002,1
aligned,complete_fibre_lr,99,400,0.45,499,0.002,1
aligned,ml_residual,99,400,0.45,499,0.002,1
aligned,support_complete,100,400,0.45,499,0.002,1
aligned,generalized_cmh,100,400,0.45,499,0.002,1
aligned,complete_fibre_lr,100,400,0.45,499,0.002,1
aligned,ml_residual,100,400,0.45,499,0.002,1
aligned,support_complete,101,400,0.45,499,0.002,1
aligned,generalized_cmh,101,400,0.45,499,0.002,1
aligned,complete_fibre_lr,101,400,0.45,499,0.002,1
aligned,ml_residual,101,400,0.45,499,0.002,1
aligned,support_complete,102,400,0.45,499,0.002,1
aligned,generalized_cmh,102,400,0.45,499,0.002,1
aligned,complete_fibre_lr,102,400,0.45,499,0.002,1
aligned,ml_residual,102,400,0.45,499,0.002,1
aligned,support_complete,103,400,0.45,499,0.002,1
aligned,generalized_cmh,103,400,0.45,499,0.002,1
aligned,complete_fibre_lr,103,400,0.45,499,0.002,1
aligned,ml_residual,103,400,0.45,499,0.002,1
aligned,support_complete,104,400,0.45,499,0.002,1
aligned,generalized_cmh,104,400,0.45,499,0.002,1
aligned,complete_fibre_lr,104,400,0.45,499,0.002,1
aligned,ml_residual,104,400,0.45,499,0.002,1
aligned,support_complete,105,400,0.45,499,0.002,1
aligned,generalized_cmh,105,400,0.45,499,0.002,1
aligned,complete_fibre_lr,105,400,0.45,499,0.002,1
aligned,ml_residual,105,400,0.45,499,0.002,1
aligned,support_complete,106,400,0.45,499,0.002,1
aligned,generalized_cmh,106,400,0.45,499,0.002,1
aligned,complete_fibre_lr,106,400,0.45,499,0.002,1
aligned,ml_residual,106,400,0.45,499,0.002,1
aligned,support_complete,107,400,0.45,499,0.002,1
aligned,generalized_cmh,107,400,0.45,499,0.002,1
aligned,complete_fibre_lr,107,400,0.45,499,0.002,1
aligned,ml_residual,107,400,0.45,499,0.002,1
aligned,support_complete,108,400,0.45,499,0.002,1
aligned,generalized_cmh,108,400,0.45,499,0.002,1
aligned,complete_fibre_lr,108,400,0.45,499,0.002,1
aligned,ml_residual,108,400,0.45,499,0.002,1
aligned,support_complete,109,400,0.45,499,0.002,1
aligned,generalized_cmh,109,400,0.45,499,0.002,1
aligned,complete_fibre_lr,109,400,0.45,499,0.002,1
aligned,ml_residual,109,400,0.45,499,0.002,1
aligned,support_complete,110,400,0.45,499,0.002,1
aligned,generalized_cmh,110,400,0.45,499,0.002,1
aligned,complete_fibre_lr,110,400,0.45,499,0.002,1
aligned,ml_residual,110,400,0.45,499,0.002,1
aligned,support_complete,111,400,0.45,499,0.002,1
aligned,generalized_cmh,111,400,0.45,499,0.002,1
aligned,complete_fibre_lr,111,400,0.45,499,0.002,1
aligned,ml_residual,111,400,0.45,499,0.002,1
aligned,support_complete,112,400,0.45,499,0.002,1
aligned,generalized_cmh,112,400,0.45,499,0.002,1
aligned,complete_fibre_lr,112,400,0.45,499,0.002,1
aligned,ml_residual,112,400,0.45,499,0.002,1
aligned,support_complete,113,400,0.45,499,0.002,1
aligned,generalized_cmh,113,400,0.45,499,0.002,1
aligned,complete_fibre_lr,113,400,0.45,499,0.002,1
aligned,ml_residual,113,400,0.45,499,0.002,1
aligned,support_complete,114,400,0.45,499,0.002,1
aligned,generalized_cmh,114,400,0.45,499,0.002,1
aligned,complete_fibre_lr,114,400,0.45,499,0.002,1
aligned,ml_residual,114,400,0.45,499,0.002,1
aligned,support_complete,115,400,0.45,499,0.002,1
aligned,generalized_cmh,115,400,0.45,499,0.002,1
aligned,complete_fibre_lr,115,400,0.45,499,0.002,1
aligned,ml_residual,115,400,0.45,499,0.002,1
aligned,support_complete,116,400,0.45,499,0.002,1
aligned,generalized_cmh,116,400,0.45,499,0.002,1
aligned,complete_fibre_lr,116,400,0.45,499,0.002,1
aligned,ml_residual,116,400,0.45,499,0.002,1
aligned,support_complete,117,400,0.45,499,0.002,1
aligned,generalized_cmh,117,400,0.45,499,0.002,1
aligned,complete_fibre_lr,117,400,0.45,499,0.002,1
aligned,ml_residual,117,400,0.45,499,0.002,1
aligned,support_complete,118,400,0.45,499,0.002,1
aligned,generalized_cmh,118,400,0.45,499,0.002,1
aligned,complete_fibre_lr,118,400,0.45,499,0.002,1
aligned,ml_residual,118,400,0.45,499,0.002,1
aligned,support_complete,119,400,0.45,499,0.002,1
aligned,generalized_cmh,119,400,0.45,499,0.002,1
aligned,complete_fibre_lr,119,400,0.45,499,0.002,1
aligned,ml_residual,119,400,0.45,499,0.002,1
aligned,support_complete,120,400,0.45,499,0.002,1
aligned,generalized_cmh,120,400,0.45,499,0.002,1
aligned,complete_fibre_lr,120,400,0.45,499,0.002,1
aligned,ml_residual,120,400,0.45,499,0.002,1
aligned,support_complete,121,400,0.45,499,0.002,1
aligned,generalized_cmh,121,400,0.45,499,0.002,1
aligned,complete_fibre_lr,121,400,0.45,499,0.002,1
aligned,ml_residual,121,400,0.45,499,0.002,1
aligned,support_complete,122,400,0.45,499,0.002,1
aligned,generalized_cmh,122,400,0.45,499,0.002,1
aligned,complete_fibre_lr,122,400,0.45,499,0.002,1
aligned,ml_residual,122,400,0.45,499,0.004,1
aligned,support_complete,123,400,0.45,499,0.002,1
aligned,generalized_cmh,123,400,0.45,499,0.002,1
aligned,complete_fibre_lr,123,400,0.45,499,0.002,1
aligned,ml_residual,123,400,0.45,499,0.002,1
aligned,support_complete,124,400,0.45,499,0.002,1
aligned,generalized_cmh,124,400,0.45,499,0.002,1
aligned,complete_fibre_lr,124,400,0.45,499,0.002,1
aligned,ml_residual,124,400,0.45,499,0.002,1
aligned,support_complete,125,400,0.45,499,0.002,1
aligned,generalized_cmh,125,400,0.45,499,0.002,1
aligned,complete_fibre_lr,125,400,0.45,499,0.002,1
aligned,ml_residual,125,400,0.45,499,0.006,1
aligned,support_complete,126,400,0.45,499,0.002,1
aligned,generalized_cmh,126,400,0.45,499,0.002,1
aligned,complete_fibre_lr,126,400,0.45,499,0.002,1
aligned,ml_residual,126,400,0.45,499,0.002,1
aligned,support_complete,127,400,0.45,499,0.002,1
aligned,generalized_cmh,127,400,0.45,499,0.002,1
aligned,complete_fibre_lr,127,400,0.45,499,0.002,1
aligned,ml_residual,127,400,0.45,499,0.002,1
aligned,support_complete,128,400,0.45,499,0.002,1
aligned,generalized_cmh,128,400,0.45,499,0.002,1
aligned,complete_fibre_lr,128,400,0.45,499,0.002,1
aligned,ml_residual,128,400,0.45,499,0.002,1
aligned,support_complete,129,400,0.45,499,0.002,1
aligned,generalized_cmh,129,400,0.45,499,0.002,1
aligned,complete_fibre_lr,129,400,0.45,499,0.002,1
aligned,ml_residual,129,400,0.45,499,0.002,1
aligned,support_complete,130,400,0.45,499,0.002,1
aligned,generalized_cmh,130,400,0.45,499,0.002,1
aligned,complete_fibre_lr,130,400,0.45,499,0.002,1
aligned,ml_residual,130,400,0.45,499,0.004,1
aligned,support_complete,131,400,0.45,499,0.002,1
aligned,generalized_cmh,131,400,0.45,499,0.002,1
aligned,complete_fibre_lr,131,400,0.45,499,0.002,1
aligned,ml_residual,131,400,0.45,499,0.004,1
aligned,support_complete,132,400,0.45,499,0.002,1
aligned,generalized_cmh,132,400,0.45,499,0.002,1
aligned,complete_fibre_lr,132,400,0.45,499,0.002,1
aligned,ml_residual,132,400,0.45,499,0.002,1
aligned,support_complete,133,400,0.45,499,0.002,1
aligned,generalized_cmh,133,400,0.45,499,0.002,1
aligned,complete_fibre_lr,133,400,0.45,499,0.002,1
aligned,ml_residual,133,400,0.45,499,0.002,1
aligned,support_complete,134,400,0.45,499,0.002,1
aligned,generalized_cmh,134,400,0.45,499,0.002,1
aligned,complete_fibre_lr,134,400,0.45,499,0.002,1
aligned,ml_residual,134,400,0.45,499,0.002,1
aligned,support_complete,135,400,0.45,499,0.002,1
aligned,generalized_cmh,135,400,0.45,499,0.002,1
aligned,complete_fibre_lr,135,400,0.45,499,0.002,1
aligned,ml_residual,135,400,0.45,499,0.002,1
aligned,support_complete,136,400,0.45,499,0.002,1
aligned,generalized_cmh,136,400,0.45,499,0.002,1
aligned,complete_fibre_lr,136,400,0.45,499,0.002,1
aligned,ml_residual,136,400,0.45,499,0.002,1
aligned,support_complete,137,400,0.45,499,0.002,1
aligned,generalized_cmh,137,400,0.45,499,0.002,1
aligned,complete_fibre_lr,137,400,0.45,499,0.002,1
aligned,ml_residual,137,400,0.45,499,0.004,1
aligned,support_complete,138,400,0.45,499,0.002,1
aligned,generalized_cmh,138,400,0.45,499,0.002,1
aligned,complete_fibre_lr,138,400,0.45,499,0.002,1
aligned,ml_residual,138,400,0.45,499,0.002,1
aligned,support_complete,139,400,0.45,499,0.002,1
aligned,generalized_cmh,139,400,0.45,499,0.002,1
aligned,complete_fibre_lr,139,400,0.45,499,0.002,1
aligned,ml_residual,139,400,0.45,499,0.002,1
aligned,support_complete,140,400,0.45,499,0.002,1
aligned,generalized_cmh,140,400,0.45,499,0.002,1
aligned,complete_fibre_lr,140,400,0.45,499,0.002,1
aligned,ml_residual,140,400,0.45,499,0.002,1
aligned,support_complete,141,400,0.45,499,0.002,1
aligned,generalized_cmh,141,400,0.45,499,0.002,1
aligned,complete_fibre_lr,141,400,0.45,499,0.002,1
aligned,ml_residual,141,400,0.45,499,0.002,1
aligned,support_complete,142,400,0.45,499,0.002,1
aligned,generalized_cmh,142,400,0.45,499,0.002,1
aligned,complete_fibre_lr,142,400,0.45,499,0.002,1
aligned,ml_residual,142,400,0.45,499,0.002,1
aligned,support_complete,143,400,0.45,499,0.002,1
aligned,generalized_cmh,143,400,0.45,499,0.002,1
aligned,complete_fibre_lr,143,400,0.45,499,0.002,1
aligned,ml_residual,143,400,0.45,499,0.006,1
aligned,support_complete,144,400,0.45,499,0.002,1
aligned,generalized_cmh,144,400,0.45,499,0.002,1
aligned,complete_fibre_lr,144,400,0.45,499,0.002,1
aligned,ml_residual,144,400,0.45,499,0.002,1
aligned,support_complete,145,400,0.45,499,0.002,1
aligned,generalized_cmh,145,400,0.45,499,0.002,1
aligned,complete_fibre_lr,145,400,0.45,499,0.002,1
aligned,ml_residual,145,400,0.45,499,0.002,1
aligned,support_complete,146,400,0.45,499,0.002,1
aligned,generalized_cmh,146,400,0.45,499,0.002,1
aligned,complete_fibre_lr,146,400,0.45,499,0.002,1
aligned,ml_residual,146,400,0.45,499,0.002,1
aligned,support_complete,147,400,0.45,499,0.002,1
aligned,generalized_cmh,147,400,0.45,499,0.002,1
aligned,complete_fibre_lr,147,400,0.45,499,0.002,1
aligned,ml_residual,147,400,0.45,499,0.002,1
aligned,support_complete,148,400,0.45,499,0.002,1
aligned,generalized_cmh,148,400,0.45,499,0.002,1
aligned,complete_fibre_lr,148,400,0.45,499,0.002,1
aligned,ml_residual,148,400,0.45,499,0.002,1
aligned,support_complete,149,400,0.45,499,0.002,1
aligned,generalized_cmh,149,400,0.45,499,0.002,1
aligned,complete_fibre_lr,149,400,0.45,499,0.002,1
aligned,ml_residual,149,400,0.45,499,0.002,1
aligned,support_complete,150,400,0.45,499,0.002,1
aligned,generalized_cmh,150,400,0.45,499,0.002,1
aligned,complete_fibre_lr,150,400,0.45,499,0.002,1
aligned,ml_residual,150,400,0.45,499,0.002,1
aligned,support_complete,151,400,0.45,499,0.002,1
aligned,generalized_cmh,151,400,0.45,499,0.002,1
aligned,complete_fibre_lr,151,400,0.45,499,0.002,1
aligned,ml_residual,151,400,0.45,499,0.002,1
aligned,support_complete,152,400,0.45,499,0.002,1
aligned,generalized_cmh,152,400,0.45,499,0.002,1
aligned,complete_fibre_lr,152,400,0.45,499,0.002,1
aligned,ml_residual,152,400,0.45,499,0.002,1
aligned,support_complete,153,400,0.45,499,0.002,1
aligned,generalized_cmh,153,400,0.45,499,0.002,1
aligned,complete_fibre_lr,153,400,0.45,499,0.002,1
aligned,ml_residual,153,400,0.45,499,0.002,1
aligned,support_complete,154,400,0.45,499,0.002,1
aligned,generalized_cmh,154,400,0.45,499,0.002,1
aligned,complete_fibre_lr,154,400,0.45,499,0.002,1
aligned,ml_residual,154,400,0.45,499,0.002,1
aligned,support_complete,155,400,0.45,499,0.002,1
aligned,generalized_cmh,155,400,0.45,499,0.002,1
aligned,complete_fibre_lr,155,400,0.45,499,0.002,1
aligned,ml_residual,155,400,0.45,499,0.008,1
aligned,support_complete,156,400,0.45,499,0.002,1
aligned,generalized_cmh,156,400,0.45,499,0.002,1
aligned,complete_fibre_lr,156,400,0.45,499,0.002,1
aligned,ml_residual,156,400,0.45,499,0.002,1
aligned,support_complete,157,400,0.45,499,0.002,1
aligned,generalized_cmh,157,400,0.45,499,0.002,1
aligned,complete_fibre_lr,157,400,0.45,499,0.002,1
aligned,ml_residual,157,400,0.45,499,0.006,1
aligned,support_complete,158,400,0.45,499,0.002,1
aligned,generalized_cmh,158,400,0.45,499,0.002,1
aligned,complete_fibre_lr,158,400,0.45,499,0.002,1
aligned,ml_residual,158,400,0.45,499,0.002,1
aligned,support_complete,159,400,0.45,499,0.002,1
aligned,generalized_cmh,159,400,0.45,499,0.002,1
aligned,complete_fibre_lr,159,400,0.45,499,0.002,1
aligned,ml_residual,159,400,0.45,499,0.002,1
aligned,support_complete,160,400,0.45,499,0.002,1
aligned,generalized_cmh,160,400,0.45,499,0.002,1
aligned,complete_fibre_lr,160,400,0.45,499,0.002,1
aligned,ml_residual,160,400,0.45,499,0.002,1
aligned,support_complete,161,400,0.45,499,0.002,1
aligned,generalized_cmh,161,400,0.45,499,0.002,1
aligned,complete_fibre_lr,161,400,0.45,499,0.002,1
aligned,ml_residual,161,400,0.45,499,0.002,1
aligned,support_complete,162,400,0.45,499,0.002,1
aligned,generalized_cmh,162,400,0.45,499,0.002,1
aligned,complete_fibre_lr,162,400,0.45,499,0.002,1
aligned,ml_residual,162,400,0.45,499,0.002,1
aligned,support_complete,163,400,0.45,499,0.002,1
aligned,generalized_cmh,163,400,0.45,499,0.002,1
aligned,complete_fibre_lr,163,400,0.45,499,0.002,1
aligned,ml_residual,163,400,0.45,499,0.002,1
aligned,support_complete,164,400,0.45,499,0.002,1
aligned,generalized_cmh,164,400,0.45,499,0.002,1
aligned,complete_fibre_lr,164,400,0.45,499,0.002,1
aligned,ml_residual,164,400,0.45,499,0.002,1
aligned,support_complete,165,400,0.45,499,0.002,1
aligned,generalized_cmh,165,400,0.45,499,0.002,1
aligned,complete_fibre_lr,165,400,0.45,499,0.002,1
aligned,ml_residual,165,400,0.45,499,0.002,1
aligned,support_complete,166,400,0.45,499,0.002,1
aligned,generalized_cmh,166,400,0.45,499,0.002,1
aligned,complete_fibre_lr,166,400,0.45,499,0.002,1
aligned,ml_residual,166,400,0.45,499,0.002,1
aligned,support_complete,167,400,0.45,499,0.002,1
aligned,generalized_cmh,167,400,0.45,499,0.002,1
aligned,complete_fibre_lr,167,400,0.45,499,0.002,1
aligned,ml_residual,167,400,0.45,499,0.002,1
aligned,support_complete,168,400,0.45,499,0.002,1
aligned,generalized_cmh,168,400,0.45,499,0.002,1
aligned,complete_fibre_lr,168,400,0.45,499,0.002,1
aligned,ml_residual,168,400,0.45,499,0.002,1
aligned,support_complete,169,400,0.45,499,0.002,1
aligned,generalized_cmh,169,400,0.45,499,0.002,1
aligned,complete_fibre_lr,169,400,0.45,499,0.002,1
aligned,ml_residual,169,400,0.45,499,0.002,1
aligned,support_complete,170,400,0.45,499,0.002,1
aligned,generalized_cmh,170,400,0.45,499,0.002,1
aligned,complete_fibre_lr,170,400,0.45,499,0.002,1
aligned,ml_residual,170,400,0.45,499,0.002,1
aligned,support_complete,171,400,0.45,499,0.002,1
aligned,generalized_cmh,171,400,0.45,499,0.002,1
aligned,complete_fibre_lr,171,400,0.45,499,0.002,1
aligned,ml_residual,171,400,0.45,499,0.004,1
aligned,support_complete,172,400,0.45,499,0.002,1
aligned,generalized_cmh,172,400,0.45,499,0.002,1
aligned,complete_fibre_lr,172,400,0.45,499,0.002,1
aligned,ml_residual,172,400,0.45,499,0.002,1
aligned,support_complete,173,400,0.45,499,0.002,1
aligned,generalized_cmh,173,400,0.45,499,0.002,1
aligned,complete_fibre_lr,173,400,0.45,499,0.002,1
aligned,ml_residual,173,400,0.45,499,0.002,1
aligned,support_complete,174,400,0.45,499,0.002,1
aligned,generalized_cmh,174,400,0.45,499,0.002,1
aligned,complete_fibre_lr,174,400,0.45,499,0.002,1
aligned,ml_residual,174,400,0.45,499,0.002,1
aligned,support_complete,175,400,0.45,499,0.002,1
aligned,generalized_cmh,175,400,0.45,499,0.002,1
aligned,complete_fibre_lr,175,400,0.45,499,0.002,1
aligned,ml_residual,175,400,0.45,499,0.004,1
aligned,support_complete,176,400,0.45,499,0.002,1
aligned,generalized_cmh,176,400,0.45,499,0.002,1
aligned,complete_fibre_lr,176,400,0.45,499,0.002,1
aligned,ml_residual,176,400,0.45,499,0.002,1
aligned,support_complete,177,400,0.45,499,0.002,1
aligned,generalized_cmh,177,400,0.45,499,0.002,1
aligned,complete_fibre_lr,177,400,0.45,499,0.002,1
aligned,ml_residual,177,400,0.45,499,0.002,1
aligned,support_complete,178,400,0.45,499,0.002,1
aligned,generalized_cmh,178,400,0.45,499,0.002,1
aligned,complete_fibre_lr,178,400,0.45,499,0.002,1
aligned,ml_residual,178,400,0.45,499,0.002,1
aligned,support_complete,179,400,0.45,499,0.002,1
aligned,generalized_cmh,179,400,0.45,499,0.002,1
aligned,complete_fibre_lr,179,400,0.45,499,0.002,1
aligned,ml_residual,179,400,0.45,499,0.002,1
aligned,support_complete,180,400,0.45,499,0.002,1
aligned,generalized_cmh,180,400,0.45,499,0.002,1
aligned,complete_fibre_lr,180,400,0.45,499,0.002,1
aligned,ml_residual,180,400,0.45,499,0.002,1
aligned,support_complete,181,400,0.45,499,0.002,1
aligned,generalized_cmh,181,400,0.45,499,0.002,1
aligned,complete_fibre_lr,181,400,0.45,499,0.002,1
aligned,ml_residual,181,400,0.45,499,0.002,1
aligned,support_complete,182,400,0.45,499,0.002,1
aligned,generalized_cmh,182,400,0.45,499,0.002,1
aligned,complete_fibre_lr,182,400,0.45,499,0.002,1
aligned,ml_residual,182,400,0.45,499,0.002,1
aligned,support_complete,183,400,0.45,499,0.002,1
aligned,generalized_cmh,183,400,0.45,499,0.002,1
aligned,complete_fibre_lr,183,400,0.45,499,0.002,1
aligned,ml_residual,183,400,0.45,499,0.002,1
aligned,support_complete,184,400,0.45,499,0.002,1
aligned,generalized_cmh,184,400,0.45,499,0.002,1
aligned,complete_fibre_lr,184,400,0.45,499,0.002,1
aligned,ml_residual,184,400,0.45,499,0.002,1
aligned,support_complete,185,400,0.45,499,0.002,1
aligned,generalized_cmh,185,400,0.45,499,0.002,1
aligned,complete_fibre_lr,185,400,0.45,499,0.002,1
aligned,ml_residual,185,400,0.45,499,0.002,1
aligned,support_complete,186,400,0.45,499,0.002,1
aligned,generalized_cmh,186,400,0.45,499,0.002,1
aligned,complete_fibre_lr,186,400,0.45,499,0.002,1
aligned,ml_residual,186,400,0.45,499,0.018,1
aligned,support_complete,187,400,0.45,499,0.002,1
aligned,generalized_cmh,187,400,0.45,499,0.002,1
aligned,complete_fibre_lr,187,400,0.45,499,0.002,1
aligned,ml_residual,187,400,0.45,499,0.002,1
aligned,support_complete,188,400,0.45,499,0.002,1
aligned,generalized_cmh,188,400,0.45,499,0.002,1
aligned,complete_fibre_lr,188,400,0.45,499,0.002,1
aligned,ml_residual,188,400,0.45,499,0.002,1
aligned,support_complete,189,400,0.45,499,0.002,1
aligned,generalized_cmh,189,400,0.45,499,0.002,1
aligned,complete_fibre_lr,189,400,0.45,499,0.002,1
aligned,ml_residual,189,400,0.45,499,0.002,1
aligned,support_complete,190,400,0.45,499,0.002,1
aligned,generalized_cmh,190,400,0.45,499,0.002,1
aligned,complete_fibre_lr,190,400,0.45,499,0.002,1
aligned,ml_residual,190,400,0.45,499,0.008,1
aligned,support_complete,191,400,0.45,499,0.002,1
aligned,generalized_cmh,191,400,0.45,499,0.002,1
aligned,complete_fibre_lr,191,400,0.45,499,0.002,1
aligned,ml_residual,191,400,0.45,499,0.002,1
aligned,support_complete,192,400,0.45,499,0.002,1
aligned,generalized_cmh,192,400,0.45,499,0.002,1
aligned,complete_fibre_lr,192,400,0.45,499,0.002,1
aligned,ml_residual,192,400,0.45,499,0.002,1
aligned,support_complete,193,400,0.45,499,0.002,1
aligned,generalized_cmh,193,400,0.45,499,0.002,1
aligned,complete_fibre_lr,193,400,0.45,499,0.002,1
aligned,ml_residual,193,400,0.45,499,0.004,1
aligned,support_complete,194,400,0.45,499,0.002,1
aligned,generalized_cmh,194,400,0.45,499,0.002,1
aligned,complete_fibre_lr,194,400,0.45,499,0.002,1
aligned,ml_residual,194,400,0.45,499,0.002,1
aligned,support_complete,195,400,0.45,499,0.002,1
aligned,generalized_cmh,195,400,0.45,499,0.002,1
aligned,complete_fibre_lr,195,400,0.45,499,0.002,1
aligned,ml_residual,195,400,0.45,499,0.002,1
aligned,support_complete,196,400,0.45,499,0.002,1
aligned,generalized_cmh,196,400,0.45,499,0.002,1
aligned,complete_fibre_lr,196,400,0.45,499,0.002,1
aligned,ml_residual,196,400,0.45,499,0.002,1
aligned,support_complete,197,400,0.45,499,0.002,1
aligned,generalized_cmh,197,400,0.45,499,0.002,1
aligned,complete_fibre_lr,197,400,0.45,499,0.002,1
aligned,ml_residual,197,400,0.45,499,0.006,1
aligned,support_complete,198,400,0.45,499,0.002,1
aligned,generalized_cmh,198,400,0.45,499,0.002,1
aligned,complete_fibre_lr,198,400,0.45,499,0.002,1
aligned,ml_residual,198,400,0.45,499,0.002,1
aligned,support_complete,199,400,0.45,499,0.002,1
aligned,generalized_cmh,199,400,0.45,499,0.002,1
aligned,complete_fibre_lr,199,400,0.45,499,0.002,1
aligned,ml_residual,199,400,0.45,499,0.002,1
aligned,support_complete,200,400,0.45,499,0.002,1
aligned,generalized_cmh,200,400,0.45,499,0.002,1
aligned,complete_fibre_lr,200,400,0.45,499,0.002,1
aligned,ml_residual,200,400,0.45,499,0.002,1
aligned,support_complete,201,400,0.45,499,0.002,1
aligned,generalized_cmh,201,400,0.45,499,0.002,1
aligned,complete_fibre_lr,201,400,0.45,499,0.002,1
aligned,ml_residual,201,400,0.45,499,0.002,1
aligned,support_complete,202,400,0.45,499,0.002,1
aligned,generalized_cmh,202,400,0.45,499,0.002,1
aligned,complete_fibre_lr,202,400,0.45,499,0.002,1
aligned,ml_residual,202,400,0.45,499,0.002,1
aligned,support_complete,203,400,0.45,499,0.002,1
aligned,generalized_cmh,203,400,0.45,499,0.002,1
aligned,complete_fibre_lr,203,400,0.45,499,0.002,1
aligned,ml_residual,203,400,0.45,499,0.002,1
aligned,support_complete,204,400,0.45,499,0.002,1
aligned,generalized_cmh,204,400,0.45,499,0.002,1
aligned,complete_fibre_lr,204,400,0.45,499,0.002,1
aligned,ml_residual,204,400,0.45,499,0.002,1
aligned,support_complete,205,400,0.45,499,0.002,1
aligned,generalized_cmh,205,400,0.45,499,0.002,1
aligned,complete_fibre_lr,205,400,0.45,499,0.002,1
aligned,ml_residual,205,400,0.45,499,0.002,1
aligned,support_complete,206,400,0.45,499,0.002,1
aligned,generalized_cmh,206,400,0.45,499,0.002,1
aligned,complete_fibre_lr,206,400,0.45,499,0.002,1
aligned,ml_residual,206,400,0.45,499,0.002,1
aligned,support_complete,207,400,0.45,499,0.002,1
aligned,generalized_cmh,207,400,0.45,499,0.002,1
aligned,complete_fibre_lr,207,400,0.45,499,0.002,1
aligned,ml_residual,207,400,0.45,499,0.002,1
aligned,support_complete,208,400,0.45,499,0.002,1
aligned,generalized_cmh,208,400,0.45,499,0.002,1
aligned,complete_fibre_lr,208,400,0.45,499,0.002,1
aligned,ml_residual,208,400,0.45,499,0.002,1
aligned,support_complete,209,400,0.45,499,0.002,1
aligned,generalized_cmh,209,400,0.45,499,0.002,1
aligned,complete_fibre_lr,209,400,0.45,499,0.002,1
aligned,ml_residual,209,400,0.45,499,0.002,1
aligned,support_complete,210,400,0.45,499,0.002,1
aligned,generalized_cmh,210,400,0.45,499,0.002,1
aligned,complete_fibre_lr,210,400,0.45,499,0.002,1
aligned,ml_residual,210,400,0.45,499,0.004,1
aligned,support_complete,211,400,0.45,499,0.002,1
aligned,generalized_cmh,211,400,0.45,499,0.002,1
aligned,complete_fibre_lr,211,400,0.45,499,0.002,1
aligned,ml_residual,211,400,0.45,499,0.002,1
aligned,support_complete,212,400,0.45,499,0.002,1
aligned,generalized_cmh,212,400,0.45,499,0.002,1
aligned,complete_fibre_lr,212,400,0.45,499,0.002,1
aligned,ml_residual,212,400,0.45,499,0.002,1
aligned,support_complete,213,400,0.45,499,0.002,1
aligned,generalized_cmh,213,400,0.45,499,0.002,1
aligned,complete_fibre_lr,213,400,0.45,499,0.002,1
aligned,ml_residual,213,400,0.45,499,0.002,1
aligned,support_complete,214,400,0.45,499,0.002,1
aligned,generalized_cmh,214,400,0.45,499,0.002,1
aligned,complete_fibre_lr,214,400,0.45,499,0.002,1
aligned,ml_residual,214,400,0.45,499,0.002,1
aligned,support_complete,215,400,0.45,499,0.002,1
aligned,generalized_cmh,215,400,0.45,499,0.002,1
aligned,complete_fibre_lr,215,400,0.45,499,0.002,1
aligned,ml_residual,215,400,0.45,499,0.002,1
aligned,support_complete,216,400,0.45,499,0.002,1
aligned,generalized_cmh,216,400,0.45,499,0.002,1
aligned,complete_fibre_lr,216,400,0.45,499,0.002,1
aligned,ml_residual,216,400,0.45,499,0.004,1
aligned,support_complete,217,400,0.45,499,0.002,1
aligned,generalized_cmh,217,400,0.45,499,0.002,1
aligned,complete_fibre_lr,217,400,0.45,499,0.002,1
aligned,ml_residual,217,400,0.45,499,0.002,1
aligned,support_complete,218,400,0.45,499,0.002,1
aligned,generalized_cmh,218,400,0.45,499,0.002,1
aligned,complete_fibre_lr,218,400,0.45,499,0.002,1
aligned,ml_residual,218,400,0.45,499,0.002,1
aligned,support_complete,219,400,0.45,499,0.002,1
aligned,generalized_cmh,219,400,0.45,499,0.002,1
aligned,complete_fibre_lr,219,400,0.45,499,0.002,1
aligned,ml_residual,219,400,0.45,499,0.002,1
aligned,support_complete,220,400,0.45,499,0.002,1
aligned,generalized_cmh,220,400,0.45,499,0.002,1
aligned,complete_fibre_lr,220,400,0.45,499,0.002,1
aligned,ml_residual,220,400,0.45,499,0.002,1
aligned,support_complete,221,400,0.45,499,0.002,1
aligned,generalized_cmh,221,400,0.45,499,0.002,1
aligned,complete_fibre_lr,221,400,0.45,499,0.002,1
aligned,ml_residual,221,400,0.45,499,0.002,1
aligned,support_complete,222,400,0.45,499,0.002,1
aligned,generalized_cmh,222,400,0.45,499,0.002,1
aligned,complete_fibre_lr,222,400,0.45,499,0.002,1
aligned,ml_residual,222,400,0.45,499,0.002,1
aligned,support_complete,223,400,0.45,499,0.002,1
aligned,generalized_cmh,223,400,0.45,499,0.002,1
aligned,complete_fibre_lr,223,400,0.45,499,0.002,1
aligned,ml_residual,223,400,0.45,499,0.002,1
aligned,support_complete,224,400,0.45,499,0.002,1
aligned,generalized_cmh,224,400,0.45,499,0.002,1
aligned,complete_fibre_lr,224,400,0.45,499,0.002,1
aligned,ml_residual,224,400,0.45,499,0.002,1
aligned,support_complete,225,400,0.45,499,0.002,1
aligned,generalized_cmh,225,400,0.45,499,0.002,1
aligned,complete_fibre_lr,225,400,0.45,499,0.002,1
aligned,ml_residual,225,400,0.45,499,0.002,1
aligned,support_complete,226,400,0.45,499,0.002,1
aligned,generalized_cmh,226,400,0.45,499,0.002,1
aligned,complete_fibre_lr,226,400,0.45,499,0.002,1
aligned,ml_residual,226,400,0.45,499,0.002,1
aligned,support_complete,227,400,0.45,499,0.002,1
aligned,generalized_cmh,227,400,0.45,499,0.002,1
aligned,complete_fibre_lr,227,400,0.45,499,0.002,1
aligned,ml_residual,227,400,0.45,499,0.002,1
aligned,support_complete,228,400,0.45,499,0.002,1
aligned,generalized_cmh,228,400,0.45,499,0.002,1
aligned,complete_fibre_lr,228,400,0.45,499,0.002,1
aligned,ml_residual,228,400,0.45,499,0.002,1
aligned,support_complete,229,400,0.45,499,0.002,1
aligned,generalized_cmh,229,400,0.45,499,0.002,1
aligned,complete_fibre_lr,229,400,0.45,499,0.002,1
aligned,ml_residual,229,400,0.45,499,0.002,1
aligned,support_complete,230,400,0.45,499,0.002,1
aligned,generalized_cmh,230,400,0.45,499,0.002,1
aligned,complete_fibre_lr,230,400,0.45,499,0.002,1
aligned,ml_residual,230,400,0.45,499,0.002,1
aligned,support_complete,231,400,0.45,499,0.002,1
aligned,generalized_cmh,231,400,0.45,499,0.002,1
aligned,complete_fibre_lr,231,400,0.45,499,0.002,1
aligned,ml_residual,231,400,0.45,499,0.002,1
aligned,support_complete,232,400,0.45,499,0.002,1
aligned,generalized_cmh,232,400,0.45,499,0.002,1
aligned,complete_fibre_lr,232,400,0.45,499,0.002,1
aligned,ml_residual,232,400,0.45,499,0.002,1
aligned,support_complete,233,400,0.45,499,0.002,1
aligned,generalized_cmh,233,400,0.45,499,0.002,1
aligned,complete_fibre_lr,233,400,0.45,499,0.002,1
aligned,ml_residual,233,400,0.45,499,0.002,1
aligned,support_complete,234,400,0.45,499,0.002,1
aligned,generalized_cmh,234,400,0.45,499,0.002,1
aligned,complete_fibre_lr,234,400,0.45,499,0.002,1
aligned,ml_residual,234,400,0.45,499,0.002,1
aligned,support_complete,235,400,0.45,499,0.002,1
aligned,generalized_cmh,235,400,0.45,499,0.002,1
aligned,complete_fibre_lr,235,400,0.45,499,0.002,1
aligned,ml_residual,235,400,0.45,499,0.002,1
aligned,support_complete,236,400,0.45,499,0.002,1
aligned,generalized_cmh,236,400,0.45,499,0.002,1
aligned,complete_fibre_lr,236,400,0.45,499,0.002,1
aligned,ml_residual,236,400,0.45,499,0.002,1
aligned,support_complete,237,400,0.45,499,0.002,1
aligned,generalized_cmh,237,400,0.45,499,0.002,1
aligned,complete_fibre_lr,237,400,0.45,499,0.002,1
aligned,ml_residual,237,400,0.45,499,0.002,1
aligned,support_complete,238,400,0.45,499,0.002,1
aligned,generalized_cmh,238,400,0.45,499,0.002,1
aligned,complete_fibre_lr,238,400,0.45,499,0.002,1
aligned,ml_residual,238,400,0.45,499,0.004,1
aligned,support_complete,239,400,0.45,499,0.002,1
aligned,generalized_cmh,239,400,0.45,499,0.002,1
aligned,complete_fibre_lr,239,400,0.45,499,0.002,1
aligned,ml_residual,239,400,0.45,499,0.002,1
aligned,support_complete,240,400,0.45,499,0.002,1
aligned,generalized_cmh,240,400,0.45,499,0.002,1
aligned,complete_fibre_lr,240,400,0.45,499,0.002,1
aligned,ml_residual,240,400,0.45,499,0.002,1
aligned,support_complete,241,400,0.45,499,0.002,1
aligned,generalized_cmh,241,400,0.45,499,0.002,1
aligned,complete_fibre_lr,241,400,0.45,499,0.002,1
aligned,ml_residual,241,400,0.45,499,0.002,1
aligned,support_complete,242,400,0.45,499,0.002,1
aligned,generalized_cmh,242,400,0.45,499,0.002,1
aligned,complete_fibre_lr,242,400,0.45,499,0.002,1
aligned,ml_residual,242,400,0.45,499,0.002,1
aligned,support_complete,243,400,0.45,499,0.002,1
aligned,generalized_cmh,243,400,0.45,499,0.002,1
aligned,complete_fibre_lr,243,400,0.45,499,0.002,1
aligned,ml_residual,243,400,0.45,499,0.002,1
aligned,support_complete,244,400,0.45,499,0.002,1
aligned,generalized_cmh,244,400,0.45,499,0.002,1
aligned,complete_fibre_lr,244,400,0.45,499,0.002,1
aligned,ml_residual,244,400,0.45,499,0.002,1
aligned,support_complete,245,400,0.45,499,0.002,1
aligned,generalized_cmh,245,400,0.45,499,0.002,1
aligned,complete_fibre_lr,245,400,0.45,499,0.002,1
aligned,ml_residual,245,400,0.45,499,0.002,1
aligned,support_complete,246,400,0.45,499,0.002,1
aligned,generalized_cmh,246,400,0.45,499,0.002,1
aligned,complete_fibre_lr,246,400,0.45,499,0.002,1
aligned,ml_residual,246,400,0.45,499,0.002,1
aligned,support_complete,247,400,0.45,499,0.002,1
aligned,generalized_cmh,247,400,0.45,499,0.002,1
aligned,complete_fibre_lr,247,400,0.45,499,0.002,1
aligned,ml_residual,247,400,0.45,499,0.002,1
aligned,support_complete,248,400,0.45,499,0.002,1
aligned,generalized_cmh,248,400,0.45,499,0.002,1
aligned,complete_fibre_lr,248,400,0.45,499,0.002,1
aligned,ml_residual,248,400,0.45,499,0.002,1
aligned,support_complete,249,400,0.45,499,0.002,1
aligned,generalized_cmh,249,400,0.45,499,0.002,1
aligned,complete_fibre_lr,249,400,0.45,499,0.002,1
aligned,ml_residual,249,400,0.45,499,0.002,1
aligned,support_complete,250,400,0.45,499,0.002,1
aligned,generalized_cmh,250,400,0.45,499,0.002,1
aligned,complete_fibre_lr,250,400,0.45,499,0.002,1
aligned,ml_residual,250,400,0.45,499,0.002,1
aligned,support_complete,251,400,0.45,499,0.002,1
aligned,generalized_cmh,251,400,0.45,499,0.002,1
aligned,complete_fibre_lr,251,400,0.45,499,0.002,1
aligned,ml_residual,251,400,0.45,499,0.002,1
aligned,support_complete,252,400,0.45,499,0.002,1
aligned,generalized_cmh,252,400,0.45,499,0.002,1
aligned,complete_fibre_lr,252,400,0.45,499,0.002,1
aligned,ml_residual,252,400,0.45,499,0.002,1
aligned,support_complete,253,400,0.45,499,0.002,1
aligned,generalized_cmh,253,400,0.45,499,0.002,1
aligned,complete_fibre_lr,253,400,0.45,499,0.002,1
aligned,ml_residual,253,400,0.45,499,0.002,1
aligned,support_complete,254,400,0.45,499,0.002,1
aligned,generalized_cmh,254,400,0.45,499,0.002,1
aligned,complete_fibre_lr,254,400,0.45,499,0.002,1
aligned,ml_residual,254,400,0.45,499,0.002,1
aligned,support_complete,255,400,0.45,499,0.002,1
aligned,generalized_cmh,255,400,0.45,499,0.002,1
aligned,complete_fibre_lr,255,400,0.45,499,0.002,1
aligned,ml_residual,255,400,0.45,499,0.002,1
aligned,support_complete,256,400,0.45,499,0.002,1
aligned,generalized_cmh,256,400,0.45,499,0.002,1
aligned,complete_fibre_lr,256,400,0.45,499,0.002,1
aligned,ml_residual,256,400,0.45,499,0.002,1
aligned,support_complete,257,400,0.45,499,0.002,1
aligned,generalized_cmh,257,400,0.45,499,0.002,1
aligned,complete_fibre_lr,257,400,0.45,499,0.002,1
aligned,ml_residual,257,400,0.45,499,0.002,1
aligned,support_complete,258,400,0.45,499,0.002,1
aligned,generalized_cmh,258,400,0.45,499,0.002,1
aligned,complete_fibre_lr,258,400,0.45,499,0.002,1
aligned,ml_residual,258,400,0.45,499,0.002,1
aligned,support_complete,259,400,0.45,499,0.002,1
aligned,generalized_cmh,259,400,0.45,499,0.002,1
aligned,complete_fibre_lr,259,400,0.45,499,0.002,1
aligned,ml_residual,259,400,0.45,499,0.002,1
aligned,support_complete,260,400,0.45,499,0.002,1
aligned,generalized_cmh,260,400,0.45,499,0.002,1
aligned,complete_fibre_lr,260,400,0.45,499,0.002,1
aligned,ml_residual,260,400,0.45,499,0.002,1
aligned,support_complete,261,400,0.45,499,0.002,1
aligned,generalized_cmh,261,400,0.45,499,0.002,1
aligned,complete_fibre_lr,261,400,0.45,499,0.002,1
aligned,ml_residual,261,400,0.45,499,0.002,1
aligned,support_complete,262,400,0.45,499,0.002,1
aligned,generalized_cmh,262,400,0.45,499,0.002,1
aligned,complete_fibre_lr,262,400,0.45,499,0.002,1
aligned,ml_residual,262,400,0.45,499,0.002,1
aligned,support_complete,263,400,0.45,499,0.002,1
aligned,generalized_cmh,263,400,0.45,499,0.002,1
aligned,complete_fibre_lr,263,400,0.45,499,0.002,1
aligned,ml_residual,263,400,0.45,499,0.002,1
aligned,support_complete,264,400,0.45,499,0.002,1
aligned,generalized_cmh,264,400,0.45,499,0.002,1
aligned,complete_fibre_lr,264,400,0.45,499,0.002,1
aligned,ml_residual,264,400,0.45,499,0.002,1
aligned,support_complete,265,400,0.45,499,0.002,1
aligned,generalized_cmh,265,400,0.45,499,0.002,1
aligned,complete_fibre_lr,265,400,0.45,499,0.002,1
aligned,ml_residual,265,400,0.45,499,0.002,1
aligned,support_complete,266,400,0.45,499,0.002,1
aligned,generalized_cmh,266,400,0.45,499,0.002,1
aligned,complete_fibre_lr,266,400,0.45,499,0.002,1
aligned,ml_residual,266,400,0.45,499,0.002,1
aligned,support_complete,267,400,0.45,499,0.002,1
aligned,generalized_cmh,267,400,0.45,499,0.002,1
aligned,complete_fibre_lr,267,400,0.45,499,0.002,1
aligned,ml_residual,267,400,0.45,499,0.002,1
aligned,support_complete,268,400,0.45,499,0.002,1
aligned,generalized_cmh,268,400,0.45,499,0.002,1
aligned,complete_fibre_lr,268,400,0.45,499,0.002,1
aligned,ml_residual,268,400,0.45,499,0.002,1
aligned,support_complete,269,400,0.45,499,0.002,1
aligned,generalized_cmh,269,400,0.45,499,0.002,1
aligned,complete_fibre_lr,269,400,0.45,499,0.002,1
aligned,ml_residual,269,400,0.45,499,0.002,1
aligned,support_complete,270,400,0.45,499,0.002,1
aligned,generalized_cmh,270,400,0.45,499,0.002,1
aligned,complete_fibre_lr,270,400,0.45,499,0.002,1
aligned,ml_residual,270,400,0.45,499,0.002,1
aligned,support_complete,271,400,0.45,499,0.002,1
aligned,generalized_cmh,271,400,0.45,499,0.002,1
aligned,complete_fibre_lr,271,400,0.45,499,0.002,1
aligned,ml_residual,271,400,0.45,499,0.002,1
aligned,support_complete,272,400,0.45,499,0.002,1
aligned,generalized_cmh,272,400,0.45,499,0.002,1
aligned,complete_fibre_lr,272,400,0.45,499,0.002,1
aligned,ml_residual,272,400,0.45,499,0.014,1
aligned,support_complete,273,400,0.45,499,0.002,1
aligned,generalized_cmh,273,400,0.45,499,0.002,1
aligned,complete_fibre_lr,273,400,0.45,499,0.002,1
aligned,ml_residual,273,400,0.45,499,0.002,1
aligned,support_complete,274,400,0.45,499,0.002,1
aligned,generalized_cmh,274,400,0.45,499,0.002,1
aligned,complete_fibre_lr,274,400,0.45,499,0.002,1
aligned,ml_residual,274,400,0.45,499,0.002,1
aligned,support_complete,275,400,0.45,499,0.002,1
aligned,generalized_cmh,275,400,0.45,499,0.002,1
aligned,complete_fibre_lr,275,400,0.45,499,0.002,1
aligned,ml_residual,275,400,0.45,499,0.002,1
aligned,support_complete,276,400,0.45,499,0.002,1
aligned,generalized_cmh,276,400,0.45,499,0.002,1
aligned,complete_fibre_lr,276,400,0.45,499,0.002,1
aligned,ml_residual,276,400,0.45,499,0.002,1
aligned,support_complete,277,400,0.45,499,0.002,1
aligned,generalized_cmh,277,400,0.45,499,0.002,1
aligned,complete_fibre_lr,277,400,0.45,499,0.002,1
aligned,ml_residual,277,400,0.45,499,0.002,1
aligned,support_complete,278,400,0.45,499,0.002,1
aligned,generalized_cmh,278,400,0.45,499,0.002,1
aligned,complete_fibre_lr,278,400,0.45,499,0.002,1
aligned,ml_residual,278,400,0.45,499,0.002,1
aligned,support_complete,279,400,0.45,499,0.002,1
aligned,generalized_cmh,279,400,0.45,499,0.002,1
aligned,complete_fibre_lr,279,400,0.45,499,0.002,1
aligned,ml_residual,279,400,0.45,499,0.002,1
aligned,support_complete,280,400,0.45,499,0.002,1
aligned,generalized_cmh,280,400,0.45,499,0.002,1
aligned,complete_fibre_lr,280,400,0.45,499,0.002,1
aligned,ml_residual,280,400,0.45,499,0.002,1
aligned,support_complete,281,400,0.45,499,0.002,1
aligned,generalized_cmh,281,400,0.45,499,0.002,1
aligned,complete_fibre_lr,281,400,0.45,499,0.002,1
aligned,ml_residual,281,400,0.45,499,0.004,1
aligned,support_complete,282,400,0.45,499,0.002,1
aligned,generalized_cmh,282,400,0.45,499,0.002,1
aligned,complete_fibre_lr,282,400,0.45,499,0.002,1
aligned,ml_residual,282,400,0.45,499,0.002,1
aligned,support_complete,283,400,0.45,499,0.002,1
aligned,generalized_cmh,283,400,0.45,499,0.002,1
aligned,complete_fibre_lr,283,400,0.45,499,0.002,1
aligned,ml_residual,283,400,0.45,499,0.002,1
aligned,support_complete,284,400,0.45,499,0.002,1
aligned,generalized_cmh,284,400,0.45,499,0.002,1
aligned,complete_fibre_lr,284,400,0.45,499,0.002,1
aligned,ml_residual,284,400,0.45,499,0.002,1
aligned,support_complete,285,400,0.45,499,0.002,1
aligned,generalized_cmh,285,400,0.45,499,0.002,1
aligned,complete_fibre_lr,285,400,0.45,499,0.002,1
aligned,ml_residual,285,400,0.45,499,0.002,1
aligned,support_complete,286,400,0.45,499,0.002,1
aligned,generalized_cmh,286,400,0.45,499,0.002,1
aligned,complete_fibre_lr,286,400,0.45,499,0.002,1
aligned,ml_residual,286,400,0.45,499,0.002,1
aligned,support_complete,287,400,0.45,499,0.002,1
aligned,generalized_cmh,287,400,0.45,499,0.002,1
aligned,complete_fibre_lr,287,400,0.45,499,0.002,1
aligned,ml_residual,287,400,0.45,499,0.002,1
aligned,support_complete,288,400,0.45,499,0.002,1
aligned,generalized_cmh,288,400,0.45,499,0.002,1
aligned,complete_fibre_lr,288,400,0.45,499,0.002,1
aligned,ml_residual,288,400,0.45,499,0.002,1
aligned,support_complete,289,400,0.45,499,0.002,1
aligned,generalized_cmh,289,400,0.45,499,0.002,1
aligned,complete_fibre_lr,289,400,0.45,499,0.002,1
aligned,ml_residual,289,400,0.45,499,0.002,1
aligned,support_complete,290,400,0.45,499,0.002,1
aligned,generalized_cmh,290,400,0.45,499,0.002,1
aligned,complete_fibre_lr,290,400,0.45,499,0.002,1
aligned,ml_residual,290,400,0.45,499,0.002,1
aligned,support_complete,291,400,0.45,499,0.002,1
aligned,generalized_cmh,291,400,0.45,499,0.002,1
aligned,complete_fibre_lr,291,400,0.45,499,0.002,1
aligned,ml_residual,291,400,0.45,499,0.002,1
aligned,support_complete,292,400,0.45,499,0.002,1
aligned,generalized_cmh,292,400,0.45,499,0.002,1
aligned,complete_fibre_lr,292,400,0.45,499,0.002,1
aligned,ml_residual,292,400,0.45,499,0.002,1
aligned,support_complete,293,400,0.45,499,0.002,1
aligned,generalized_cmh,293,400,0.45,499,0.002,1
aligned,complete_fibre_lr,293,400,0.45,499,0.002,1
aligned,ml_residual,293,400,0.45,499,0.002,1
aligned,support_complete,294,400,0.45,499,0.002,1
aligned,generalized_cmh,294,400,0.45,499,0.002,1
aligned,complete_fibre_lr,294,400,0.45,499,0.002,1
aligned,ml_residual,294,400,0.45,499,0.004,1
aligned,support_complete,295,400,0.45,499,0.002,1
aligned,generalized_cmh,295,400,0.45,499,0.002,1
aligned,complete_fibre_lr,295,400,0.45,499,0.002,1
aligned,ml_residual,295,400,0.45,499,0.002,1
aligned,support_complete,296,400,0.45,499,0.002,1
aligned,generalized_cmh,296,400,0.45,499,0.002,1
aligned,complete_fibre_lr,296,400,0.45,499,0.002,1
aligned,ml_residual,296,400,0.45,499,0.002,1
aligned,support_complete,297,400,0.45,499,0.002,1
aligned,generalized_cmh,297,400,0.45,499,0.002,1
aligned,complete_fibre_lr,297,400,0.45,499,0.002,1
aligned,ml_residual,297,400,0.45,499,0.002,1
aligned,support_complete,298,400,0.45,499,0.002,1
aligned,generalized_cmh,298,400,0.45,499,0.002,1
aligned,complete_fibre_lr,298,400,0.45,499,0.002,1
aligned,ml_residual,298,400,0.45,499,0.002,1
aligned,support_complete,299,400,0.45,499,0.002,1
aligned,generalized_cmh,299,400,0.45,499,0.002,1
aligned,complete_fibre_lr,299,400,0.45,499,0.002,1
aligned,ml_residual,299,400,0.45,499,0.002,1
aligned,support_complete,300,400,0.45,499,0.002,1
aligned,generalized_cmh,300,400,0.45,499,0.002,1
aligned,complete_fibre_lr,300,400,0.45,499,0.002,1
aligned,ml_residual,300,400,0.45,499,0.002,1
aligned,support_complete,301,400,0.45,499,0.002,1
aligned,generalized_cmh,301,400,0.45,499,0.002,1
aligned,complete_fibre_lr,301,400,0.45,499,0.002,1
aligned,ml_residual,301,400,0.45,499,0.01,1
aligned,support_complete,302,400,0.45,499,0.002,1
aligned,generalized_cmh,302,400,0.45,499,0.002,1
aligned,complete_fibre_lr,302,400,0.45,499,0.002,1
aligned,ml_residual,302,400,0.45,499,0.002,1
aligned,support_complete,303,400,0.45,499,0.002,1
aligned,generalized_cmh,303,400,0.45,499,0.002,1
aligned,complete_fibre_lr,303,400,0.45,499,0.002,1
aligned,ml_residual,303,400,0.45,499,0.002,1
aligned,support_complete,304,400,0.45,499,0.002,1
aligned,generalized_cmh,304,400,0.45,499,0.002,1
aligned,complete_fibre_lr,304,400,0.45,499,0.002,1
aligned,ml_residual,304,400,0.45,499,0.002,1
aligned,support_complete,305,400,0.45,499,0.002,1
aligned,generalized_cmh,305,400,0.45,499,0.002,1
aligned,complete_fibre_lr,305,400,0.45,499,0.002,1
aligned,ml_residual,305,400,0.45,499,0.002,1
aligned,support_complete,306,400,0.45,499,0.002,1
aligned,generalized_cmh,306,400,0.45,499,0.002,1
aligned,complete_fibre_lr,306,400,0.45,499,0.002,1
aligned,ml_residual,306,400,0.45,499,0.002,1
aligned,support_complete,307,400,0.45,499,0.002,1
aligned,generalized_cmh,307,400,0.45,499,0.002,1
aligned,complete_fibre_lr,307,400,0.45,499,0.002,1
aligned,ml_residual,307,400,0.45,499,0.002,1
aligned,support_complete,308,400,0.45,499,0.002,1
aligned,generalized_cmh,308,400,0.45,499,0.002,1
aligned,complete_fibre_lr,308,400,0.45,499,0.002,1
aligned,ml_residual,308,400,0.45,499,0.002,1
aligned,support_complete,309,400,0.45,499,0.002,1
aligned,generalized_cmh,309,400,0.45,499,0.002,1
aligned,complete_fibre_lr,309,400,0.45,499,0.002,1
aligned,ml_residual,309,400,0.45,499,0.004,1
aligned,support_complete,310,400,0.45,499,0.002,1
aligned,generalized_cmh,310,400,0.45,499,0.002,1
aligned,complete_fibre_lr,310,400,0.45,499,0.002,1
aligned,ml_residual,310,400,0.45,499,0.002,1
aligned,support_complete,311,400,0.45,499,0.002,1
aligned,generalized_cmh,311,400,0.45,499,0.002,1
aligned,complete_fibre_lr,311,400,0.45,499,0.002,1
aligned,ml_residual,311,400,0.45,499,0.002,1
aligned,support_complete,312,400,0.45,499,0.002,1
aligned,generalized_cmh,312,400,0.45,499,0.002,1
aligned,complete_fibre_lr,312,400,0.45,499,0.002,1
aligned,ml_residual,312,400,0.45,499,0.004,1
aligned,support_complete,313,400,0.45,499,0.002,1
aligned,generalized_cmh,313,400,0.45,499,0.002,1
aligned,complete_fibre_lr,313,400,0.45,499,0.002,1
aligned,ml_residual,313,400,0.45,499,0.002,1
aligned,support_complete,314,400,0.45,499,0.002,1
aligned,generalized_cmh,314,400,0.45,499,0.002,1
aligned,complete_fibre_lr,314,400,0.45,499,0.002,1
aligned,ml_residual,314,400,0.45,499,0.002,1
aligned,support_complete,315,400,0.45,499,0.002,1
aligned,generalized_cmh,315,400,0.45,499,0.002,1
aligned,complete_fibre_lr,315,400,0.45,499,0.002,1
aligned,ml_residual,315,400,0.45,499,0.002,1
aligned,support_complete,316,400,0.45,499,0.002,1
aligned,generalized_cmh,316,400,0.45,499,0.002,1
aligned,complete_fibre_lr,316,400,0.45,499,0.002,1
aligned,ml_residual,316,400,0.45,499,0.002,1
aligned,support_complete,317,400,0.45,499,0.002,1
aligned,generalized_cmh,317,400,0.45,499,0.002,1
aligned,complete_fibre_lr,317,400,0.45,499,0.002,1
aligned,ml_residual,317,400,0.45,499,0.002,1
aligned,support_complete,318,400,0.45,499,0.002,1
aligned,generalized_cmh,318,400,0.45,499,0.002,1
aligned,complete_fibre_lr,318,400,0.45,499,0.002,1
aligned,ml_residual,318,400,0.45,499,0.002,1
aligned,support_complete,319,400,0.45,499,0.002,1
aligned,generalized_cmh,319,400,0.45,499,0.002,1
aligned,complete_fibre_lr,319,400,0.45,499,0.002,1
aligned,ml_residual,319,400,0.45,499,0.002,1
aligned,support_complete,320,400,0.45,499,0.002,1
aligned,generalized_cmh,320,400,0.45,499,0.002,1
aligned,complete_fibre_lr,320,400,0.45,499,0.002,1
aligned,ml_residual,320,400,0.45,499,0.002,1
aligned,support_complete,321,400,0.45,499,0.002,1
aligned,generalized_cmh,321,400,0.45,499,0.002,1
aligned,complete_fibre_lr,321,400,0.45,499,0.002,1
aligned,ml_residual,321,400,0.45,499,0.008,1
aligned,support_complete,322,400,0.45,499,0.002,1
aligned,generalized_cmh,322,400,0.45,499,0.002,1
aligned,complete_fibre_lr,322,400,0.45,499,0.002,1
aligned,ml_residual,322,400,0.45,499,0.002,1
aligned,support_complete,323,400,0.45,499,0.002,1
aligned,generalized_cmh,323,400,0.45,499,0.002,1
aligned,complete_fibre_lr,323,400,0.45,499,0.002,1
aligned,ml_residual,323,400,0.45,499,0.056,0
aligned,support_complete,324,400,0.45,499,0.002,1
aligned,generalized_cmh,324,400,0.45,499,0.002,1
aligned,complete_fibre_lr,324,400,0.45,499,0.002,1
aligned,ml_residual,324,400,0.45,499,0.002,1
aligned,support_complete,325,400,0.45,499,0.002,1
aligned,generalized_cmh,325,400,0.45,499,0.002,1
aligned,complete_fibre_lr,325,400,0.45,499,0.002,1
aligned,ml_residual,325,400,0.45,499,0.002,1
aligned,support_complete,326,400,0.45,499,0.002,1
aligned,generalized_cmh,326,400,0.45,499,0.002,1
aligned,complete_fibre_lr,326,400,0.45,499,0.002,1
aligned,ml_residual,326,400,0.45,499,0.002,1
aligned,support_complete,327,400,0.45,499,0.002,1
aligned,generalized_cmh,327,400,0.45,499,0.002,1
aligned,complete_fibre_lr,327,400,0.45,499,0.002,1
aligned,ml_residual,327,400,0.45,499,0.002,1
aligned,support_complete,328,400,0.45,499,0.002,1
aligned,generalized_cmh,328,400,0.45,499,0.002,1
aligned,complete_fibre_lr,328,400,0.45,499,0.002,1
aligned,ml_residual,328,400,0.45,499,0.002,1
aligned,support_complete,329,400,0.45,499,0.002,1
aligned,generalized_cmh,329,400,0.45,499,0.002,1
aligned,complete_fibre_lr,329,400,0.45,499,0.002,1
aligned,ml_residual,329,400,0.45,499,0.002,1
aligned,support_complete,330,400,0.45,499,0.002,1
aligned,generalized_cmh,330,400,0.45,499,0.002,1
aligned,complete_fibre_lr,330,400,0.45,499,0.002,1
aligned,ml_residual,330,400,0.45,499,0.008,1
aligned,support_complete,331,400,0.45,499,0.002,1
aligned,generalized_cmh,331,400,0.45,499,0.002,1
aligned,complete_fibre_lr,331,400,0.45,499,0.002,1
aligned,ml_residual,331,400,0.45,499,0.002,1
aligned,support_complete,332,400,0.45,499,0.002,1
aligned,generalized_cmh,332,400,0.45,499,0.002,1
aligned,complete_fibre_lr,332,400,0.45,499,0.002,1
aligned,ml_residual,332,400,0.45,499,0.002,1
aligned,support_complete,333,400,0.45,499,0.002,1
aligned,generalized_cmh,333,400,0.45,499,0.002,1
aligned,complete_fibre_lr,333,400,0.45,499,0.002,1
aligned,ml_residual,333,400,0.45,499,0.002,1
aligned,support_complete,334,400,0.45,499,0.002,1
aligned,generalized_cmh,334,400,0.45,499,0.002,1
aligned,complete_fibre_lr,334,400,0.45,499,0.002,1
aligned,ml_residual,334,400,0.45,499,0.002,1
aligned,support_complete,335,400,0.45,499,0.002,1
aligned,generalized_cmh,335,400,0.45,499,0.002,1
aligned,complete_fibre_lr,335,400,0.45,499,0.002,1
aligned,ml_residual,335,400,0.45,499,0.002,1
aligned,support_complete,336,400,0.45,499,0.002,1
aligned,generalized_cmh,336,400,0.45,499,0.002,1
aligned,complete_fibre_lr,336,400,0.45,499,0.002,1
aligned,ml_residual,336,400,0.45,499,0.002,1
aligned,support_complete,337,400,0.45,499,0.002,1
aligned,generalized_cmh,337,400,0.45,499,0.002,1
aligned,complete_fibre_lr,337,400,0.45,499,0.002,1
aligned,ml_residual,337,400,0.45,499,0.002,1
aligned,support_complete,338,400,0.45,499,0.002,1
aligned,generalized_cmh,338,400,0.45,499,0.002,1
aligned,complete_fibre_lr,338,400,0.45,499,0.002,1
aligned,ml_residual,338,400,0.45,499,0.002,1
aligned,support_complete,339,400,0.45,499,0.002,1
aligned,generalized_cmh,339,400,0.45,499,0.002,1
aligned,complete_fibre_lr,339,400,0.45,499,0.002,1
aligned,ml_residual,339,400,0.45,499,0.002,1
aligned,support_complete,340,400,0.45,499,0.002,1
aligned,generalized_cmh,340,400,0.45,499,0.002,1
aligned,complete_fibre_lr,340,400,0.45,499,0.002,1
aligned,ml_residual,340,400,0.45,499,0.002,1
aligned,support_complete,341,400,0.45,499,0.002,1
aligned,generalized_cmh,341,400,0.45,499,0.002,1
aligned,complete_fibre_lr,341,400,0.45,499,0.002,1
aligned,ml_residual,341,400,0.45,499,0.002,1
aligned,support_complete,342,400,0.45,499,0.002,1
aligned,generalized_cmh,342,400,0.45,499,0.002,1
aligned,complete_fibre_lr,342,400,0.45,499,0.002,1
aligned,ml_residual,342,400,0.45,499,0.002,1
aligned,support_complete,343,400,0.45,499,0.002,1
aligned,generalized_cmh,343,400,0.45,499,0.002,1
aligned,complete_fibre_lr,343,400,0.45,499,0.002,1
aligned,ml_residual,343,400,0.45,499,0.002,1
aligned,support_complete,344,400,0.45,499,0.002,1
aligned,generalized_cmh,344,400,0.45,499,0.002,1
aligned,complete_fibre_lr,344,400,0.45,499,0.002,1
aligned,ml_residual,344,400,0.45,499,0.002,1
aligned,support_complete,345,400,0.45,499,0.002,1
aligned,generalized_cmh,345,400,0.45,499,0.002,1
aligned,complete_fibre_lr,345,400,0.45,499,0.002,1
aligned,ml_residual,345,400,0.45,499,0.002,1
aligned,support_complete,346,400,0.45,499,0.002,1
aligned,generalized_cmh,346,400,0.45,499,0.002,1
aligned,complete_fibre_lr,346,400,0.45,499,0.002,1
aligned,ml_residual,346,400,0.45,499,0.002,1
aligned,support_complete,347,400,0.45,499,0.002,1
aligned,generalized_cmh,347,400,0.45,499,0.002,1
aligned,complete_fibre_lr,347,400,0.45,499,0.002,1
aligned,ml_residual,347,400,0.45,499,0.002,1
aligned,support_complete,348,400,0.45,499,0.002,1
aligned,generalized_cmh,348,400,0.45,499,0.002,1
aligned,complete_fibre_lr,348,400,0.45,499,0.002,1
aligned,ml_residual,348,400,0.45,499,0.002,1
aligned,support_complete,349,400,0.45,499,0.002,1
aligned,generalized_cmh,349,400,0.45,499,0.002,1
aligned,complete_fibre_lr,349,400,0.45,499,0.002,1
aligned,ml_residual,349,400,0.45,499,0.002,1
aligned,support_complete,350,400,0.45,499,0.002,1
aligned,generalized_cmh,350,400,0.45,499,0.002,1
aligned,complete_fibre_lr,350,400,0.45,499,0.002,1
aligned,ml_residual,350,400,0.45,499,0.002,1
aligned,support_complete,351,400,0.45,499,0.002,1
aligned,generalized_cmh,351,400,0.45,499,0.002,1
aligned,complete_fibre_lr,351,400,0.45,499,0.002,1
aligned,ml_residual,351,400,0.45,499,0.002,1
aligned,support_complete,352,400,0.45,499,0.002,1
aligned,generalized_cmh,352,400,0.45,499,0.002,1
aligned,complete_fibre_lr,352,400,0.45,499,0.002,1
aligned,ml_residual,352,400,0.45,499,0.002,1
aligned,support_complete,353,400,0.45,499,0.002,1
aligned,generalized_cmh,353,400,0.45,499,0.002,1
aligned,complete_fibre_lr,353,400,0.45,499,0.002,1
aligned,ml_residual,353,400,0.45,499,0.002,1
aligned,support_complete,354,400,0.45,499,0.002,1
aligned,generalized_cmh,354,400,0.45,499,0.002,1
aligned,complete_fibre_lr,354,400,0.45,499,0.002,1
aligned,ml_residual,354,400,0.45,499,0.006,1
aligned,support_complete,355,400,0.45,499,0.002,1
aligned,generalized_cmh,355,400,0.45,499,0.002,1
aligned,complete_fibre_lr,355,400,0.45,499,0.002,1
aligned,ml_residual,355,400,0.45,499,0.002,1
aligned,support_complete,356,400,0.45,499,0.002,1
aligned,generalized_cmh,356,400,0.45,499,0.002,1
aligned,complete_fibre_lr,356,400,0.45,499,0.002,1
aligned,ml_residual,356,400,0.45,499,0.002,1
aligned,support_complete,357,400,0.45,499,0.002,1
aligned,generalized_cmh,357,400,0.45,499,0.002,1
aligned,complete_fibre_lr,357,400,0.45,499,0.002,1
aligned,ml_residual,357,400,0.45,499,0.002,1
aligned,support_complete,358,400,0.45,499,0.002,1
aligned,generalized_cmh,358,400,0.45,499,0.002,1
aligned,complete_fibre_lr,358,400,0.45,499,0.002,1
aligned,ml_residual,358,400,0.45,499,0.002,1
aligned,support_complete,359,400,0.45,499,0.002,1
aligned,generalized_cmh,359,400,0.45,499,0.002,1
aligned,complete_fibre_lr,359,400,0.45,499,0.002,1
aligned,ml_residual,359,400,0.45,499,0.002,1
aligned,support_complete,360,400,0.45,499,0.002,1
aligned,generalized_cmh,360,400,0.45,499,0.002,1
aligned,complete_fibre_lr,360,400,0.45,499,0.002,1
aligned,ml_residual,360,400,0.45,499,0.002,1
aligned,support_complete,361,400,0.45,499,0.002,1
aligned,generalized_cmh,361,400,0.45,499,0.002,1
aligned,complete_fibre_lr,361,400,0.45,499,0.002,1
aligned,ml_residual,361,400,0.45,499,0.002,1
aligned,support_complete,362,400,0.45,499,0.002,1
aligned,generalized_cmh,362,400,0.45,499,0.002,1
aligned,complete_fibre_lr,362,400,0.45,499,0.002,1
aligned,ml_residual,362,400,0.45,499,0.002,1
aligned,support_complete,363,400,0.45,499,0.002,1
aligned,generalized_cmh,363,400,0.45,499,0.002,1
aligned,complete_fibre_lr,363,400,0.45,499,0.002,1
aligned,ml_residual,363,400,0.45,499,0.002,1
aligned,support_complete,364,400,0.45,499,0.002,1
aligned,generalized_cmh,364,400,0.45,499,0.002,1
aligned,complete_fibre_lr,364,400,0.45,499,0.002,1
aligned,ml_residual,364,400,0.45,499,0.002,1
aligned,support_complete,365,400,0.45,499,0.002,1
aligned,generalized_cmh,365,400,0.45,499,0.002,1
aligned,complete_fibre_lr,365,400,0.45,499,0.002,1
aligned,ml_residual,365,400,0.45,499,0.004,1
aligned,support_complete,366,400,0.45,499,0.002,1
aligned,generalized_cmh,366,400,0.45,499,0.002,1
aligned,complete_fibre_lr,366,400,0.45,499,0.002,1
aligned,ml_residual,366,400,0.45,499,0.002,1
aligned,support_complete,367,400,0.45,499,0.002,1
aligned,generalized_cmh,367,400,0.45,499,0.002,1
aligned,complete_fibre_lr,367,400,0.45,499,0.002,1
aligned,ml_residual,367,400,0.45,499,0.002,1
aligned,support_complete,368,400,0.45,499,0.002,1
aligned,generalized_cmh,368,400,0.45,499,0.002,1
aligned,complete_fibre_lr,368,400,0.45,499,0.002,1
aligned,ml_residual,368,400,0.45,499,0.002,1
aligned,support_complete,369,400,0.45,499,0.002,1
aligned,generalized_cmh,369,400,0.45,499,0.002,1
aligned,complete_fibre_lr,369,400,0.45,499,0.002,1
aligned,ml_residual,369,400,0.45,499,0.002,1
aligned,support_complete,370,400,0.45,499,0.002,1
aligned,generalized_cmh,370,400,0.45,499,0.002,1
aligned,complete_fibre_lr,370,400,0.45,499,0.002,1
aligned,ml_residual,370,400,0.45,499,0.002,1
aligned,support_complete,371,400,0.45,499,0.002,1
aligned,generalized_cmh,371,400,0.45,499,0.002,1
aligned,complete_fibre_lr,371,400,0.45,499,0.002,1
aligned,ml_residual,371,400,0.45,499,0.002,1
aligned,support_complete,372,400,0.45,499,0.002,1
aligned,generalized_cmh,372,400,0.45,499,0.002,1
aligned,complete_fibre_lr,372,400,0.45,499,0.002,1
aligned,ml_residual,372,400,0.45,499,0.002,1
aligned,support_complete,373,400,0.45,499,0.002,1
aligned,generalized_cmh,373,400,0.45,499,0.002,1
aligned,complete_fibre_lr,373,400,0.45,499,0.002,1
aligned,ml_residual,373,400,0.45,499,0.002,1
aligned,support_complete,374,400,0.45,499,0.002,1
aligned,generalized_cmh,374,400,0.45,499,0.002,1
aligned,complete_fibre_lr,374,400,0.45,499,0.002,1
aligned,ml_residual,374,400,0.45,499,0.008,1
aligned,support_complete,375,400,0.45,499,0.002,1
aligned,generalized_cmh,375,400,0.45,499,0.002,1
aligned,complete_fibre_lr,375,400,0.45,499,0.002,1
aligned,ml_residual,375,400,0.45,499,0.002,1
aligned,support_complete,376,400,0.45,499,0.002,1
aligned,generalized_cmh,376,400,0.45,499,0.002,1
aligned,complete_fibre_lr,376,400,0.45,499,0.002,1
aligned,ml_residual,376,400,0.45,499,0.002,1
aligned,support_complete,377,400,0.45,499,0.002,1
aligned,generalized_cmh,377,400,0.45,499,0.002,1
aligned,complete_fibre_lr,377,400,0.45,499,0.002,1
aligned,ml_residual,377,400,0.45,499,0.002,1
aligned,support_complete,378,400,0.45,499,0.002,1
aligned,generalized_cmh,378,400,0.45,499,0.002,1
aligned,complete_fibre_lr,378,400,0.45,499,0.002,1
aligned,ml_residual,378,400,0.45,499,0.002,1
aligned,support_complete,379,400,0.45,499,0.002,1
aligned,generalized_cmh,379,400,0.45,499,0.002,1
aligned,complete_fibre_lr,379,400,0.45,499,0.002,1
aligned,ml_residual,379,400,0.45,499,0.002,1
aligned,support_complete,380,400,0.45,499,0.002,1
aligned,generalized_cmh,380,400,0.45,499,0.002,1
aligned,complete_fibre_lr,380,400,0.45,499,0.002,1
aligned,ml_residual,380,400,0.45,499,0.002,1
aligned,support_complete,381,400,0.45,499,0.002,1
aligned,generalized_cmh,381,400,0.45,499,0.002,1
aligned,complete_fibre_lr,381,400,0.45,499,0.002,1
aligned,ml_residual,381,400,0.45,499,0.002,1
aligned,support_complete,382,400,0.45,499,0.002,1
aligned,generalized_cmh,382,400,0.45,499,0.002,1
aligned,complete_fibre_lr,382,400,0.45,499,0.002,1
aligned,ml_residual,382,400,0.45,499,0.002,1
aligned,support_complete,383,400,0.45,499,0.002,1
aligned,generalized_cmh,383,400,0.45,499,0.002,1
aligned,complete_fibre_lr,383,400,0.45,499,0.002,1
aligned,ml_residual,383,400,0.45,499,0.002,1
aligned,support_complete,384,400,0.45,499,0.002,1
aligned,generalized_cmh,384,400,0.45,499,0.002,1
aligned,complete_fibre_lr,384,400,0.45,499,0.002,1
aligned,ml_residual,384,400,0.45,499,0.002,1
aligned,support_complete,385,400,0.45,499,0.002,1
aligned,generalized_cmh,385,400,0.45,499,0.002,1
aligned,complete_fibre_lr,385,400,0.45,499,0.002,1
aligned,ml_residual,385,400,0.45,499,0.006,1
aligned,support_complete,386,400,0.45,499,0.002,1
aligned,generalized_cmh,386,400,0.45,499,0.002,1
aligned,complete_fibre_lr,386,400,0.45,499,0.002,1
aligned,ml_residual,386,400,0.45,499,0.004,1
aligned,support_complete,387,400,0.45,499,0.002,1
aligned,generalized_cmh,387,400,0.45,499,0.002,1
aligned,complete_fibre_lr,387,400,0.45,499,0.002,1
aligned,ml_residual,387,400,0.45,499,0.002,1
aligned,support_complete,388,400,0.45,499,0.002,1
aligned,generalized_cmh,388,400,0.45,499,0.002,1
aligned,complete_fibre_lr,388,400,0.45,499,0.002,1
aligned,ml_residual,388,400,0.45,499,0.002,1
aligned,support_complete,389,400,0.45,499,0.002,1
aligned,generalized_cmh,389,400,0.45,499,0.002,1
aligned,complete_fibre_lr,389,400,0.45,499,0.002,1
aligned,ml_residual,389,400,0.45,499,0.002,1
aligned,support_complete,390,400,0.45,499,0.002,1
aligned,generalized_cmh,390,400,0.45,499,0.002,1
aligned,complete_fibre_lr,390,400,0.45,499,0.002,1
aligned,ml_residual,390,400,0.45,499,0.002,1
aligned,support_complete,391,400,0.45,499,0.002,1
aligned,generalized_cmh,391,400,0.45,499,0.002,1
aligned,complete_fibre_lr,391,400,0.45,499,0.002,1
aligned,ml_residual,391,400,0.45,499,0.002,1
aligned,support_complete,392,400,0.45,499,0.002,1
aligned,generalized_cmh,392,400,0.45,499,0.002,1
aligned,complete_fibre_lr,392,400,0.45,499,0.002,1
aligned,ml_residual,392,400,0.45,499,0.002,1
aligned,support_complete,393,400,0.45,499,0.002,1
aligned,generalized_cmh,393,400,0.45,499,0.002,1
aligned,complete_fibre_lr,393,400,0.45,499,0.002,1
aligned,ml_residual,393,400,0.45,499,0.002,1
aligned,support_complete,394,400,0.45,499,0.002,1
aligned,generalized_cmh,394,400,0.45,499,0.002,1
aligned,complete_fibre_lr,394,400,0.45,499,0.002,1
aligned,ml_residual,394,400,0.45,499,0.002,1
aligned,support_complete,395,400,0.45,499,0.002,1
aligned,generalized_cmh,395,400,0.45,499,0.002,1
aligned,complete_fibre_lr,395,400,0.45,499,0.002,1
aligned,ml_residual,395,400,0.45,499,0.002,1
aligned,support_complete,396,400,0.45,499,0.002,1
aligned,generalized_cmh,396,400,0.45,499,0.002,1
aligned,complete_fibre_lr,396,400,0.45,499,0.002,1
aligned,ml_residual,396,400,0.45,499,0.002,1
aligned,support_complete,397,400,0.45,499,0.002,1
aligned,generalized_cmh,397,400,0.45,499,0.002,1
aligned,complete_fibre_lr,397,400,0.45,499,0.002,1
aligned,ml_residual,397,400,0.45,499,0.002,1
aligned,support_complete,398,400,0.45,499,0.002,1
aligned,generalized_cmh,398,400,0.45,499,0.002,1
aligned,complete_fibre_lr,398,400,0.45,499,0.002,1
aligned,ml_residual,398,400,0.45,499,0.004,1
aligned,support_complete,399,400,0.45,499,0.002,1
aligned,generalized_cmh,399,400,0.45,499,0.002,1
aligned,complete_fibre_lr,399,400,0.45,499,0.002,1
aligned,ml_residual,399,400,0.45,499,0.002,1
aligned,support_complete,400,400,0.45,499,0.002,1
aligned,generalized_cmh,400,400,0.45,499,0.002,1
aligned,complete_fibre_lr,400,400,0.45,499,0.002,1
aligned,ml_residual,400,400,0.45,499,0.002,1
aligned,support_complete,401,400,0.45,499,0.002,1
aligned,generalized_cmh,401,400,0.45,499,0.002,1
aligned,complete_fibre_lr,401,400,0.45,499,0.002,1
aligned,ml_residual,401,400,0.45,499,0.002,1
aligned,support_complete,402,400,0.45,499,0.002,1
aligned,generalized_cmh,402,400,0.45,499,0.002,1
aligned,complete_fibre_lr,402,400,0.45,499,0.002,1
aligned,ml_residual,402,400,0.45,499,0.002,1
aligned,support_complete,403,400,0.45,499,0.002,1
aligned,generalized_cmh,403,400,0.45,499,0.002,1
aligned,complete_fibre_lr,403,400,0.45,499,0.002,1
aligned,ml_residual,403,400,0.45,499,0.002,1
aligned,support_complete,404,400,0.45,499,0.002,1
aligned,generalized_cmh,404,400,0.45,499,0.002,1
aligned,complete_fibre_lr,404,400,0.45,499,0.002,1
aligned,ml_residual,404,400,0.45,499,0.002,1
aligned,support_complete,405,400,0.45,499,0.002,1
aligned,generalized_cmh,405,400,0.45,499,0.002,1
aligned,complete_fibre_lr,405,400,0.45,499,0.002,1
aligned,ml_residual,405,400,0.45,499,0.002,1
aligned,support_complete,406,400,0.45,499,0.002,1
aligned,generalized_cmh,406,400,0.45,499,0.002,1
aligned,complete_fibre_lr,406,400,0.45,499,0.002,1
aligned,ml_residual,406,400,0.45,499,0.002,1
aligned,support_complete,407,400,0.45,499,0.002,1
aligned,generalized_cmh,407,400,0.45,499,0.002,1
aligned,complete_fibre_lr,407,400,0.45,499,0.002,1
aligned,ml_residual,407,400,0.45,499,0.002,1
aligned,support_complete,408,400,0.45,499,0.002,1
aligned,generalized_cmh,408,400,0.45,499,0.002,1
aligned,complete_fibre_lr,408,400,0.45,499,0.002,1
aligned,ml_residual,408,400,0.45,499,0.002,1
aligned,support_complete,409,400,0.45,499,0.002,1
aligned,generalized_cmh,409,400,0.45,499,0.002,1
aligned,complete_fibre_lr,409,400,0.45,499,0.002,1
aligned,ml_residual,409,400,0.45,499,0.002,1
aligned,support_complete,410,400,0.45,499,0.002,1
aligned,generalized_cmh,410,400,0.45,499,0.002,1
aligned,complete_fibre_lr,410,400,0.45,499,0.002,1
aligned,ml_residual,410,400,0.45,499,0.002,1
aligned,support_complete,411,400,0.45,499,0.002,1
aligned,generalized_cmh,411,400,0.45,499,0.002,1
aligned,complete_fibre_lr,411,400,0.45,499,0.002,1
aligned,ml_residual,411,400,0.45,499,0.006,1
aligned,support_complete,412,400,0.45,499,0.002,1
aligned,generalized_cmh,412,400,0.45,499,0.002,1
aligned,complete_fibre_lr,412,400,0.45,499,0.002,1
aligned,ml_residual,412,400,0.45,499,0.002,1
aligned,support_complete,413,400,0.45,499,0.002,1
aligned,generalized_cmh,413,400,0.45,499,0.002,1
aligned,complete_fibre_lr,413,400,0.45,499,0.002,1
aligned,ml_residual,413,400,0.45,499,0.002,1
aligned,support_complete,414,400,0.45,499,0.002,1
aligned,generalized_cmh,414,400,0.45,499,0.002,1
aligned,complete_fibre_lr,414,400,0.45,499,0.002,1
aligned,ml_residual,414,400,0.45,499,0.002,1
aligned,support_complete,415,400,0.45,499,0.002,1
aligned,generalized_cmh,415,400,0.45,499,0.002,1
aligned,complete_fibre_lr,415,400,0.45,499,0.002,1
aligned,ml_residual,415,400,0.45,499,0.012,1
aligned,support_complete,416,400,0.45,499,0.002,1
aligned,generalized_cmh,416,400,0.45,499,0.002,1
aligned,complete_fibre_lr,416,400,0.45,499,0.002,1
aligned,ml_residual,416,400,0.45,499,0.002,1
aligned,support_complete,417,400,0.45,499,0.002,1
aligned,generalized_cmh,417,400,0.45,499,0.002,1
aligned,complete_fibre_lr,417,400,0.45,499,0.002,1
aligned,ml_residual,417,400,0.45,499,0.002,1
aligned,support_complete,418,400,0.45,499,0.002,1
aligned,generalized_cmh,418,400,0.45,499,0.002,1
aligned,complete_fibre_lr,418,400,0.45,499,0.002,1
aligned,ml_residual,418,400,0.45,499,0.002,1
aligned,support_complete,419,400,0.45,499,0.002,1
aligned,generalized_cmh,419,400,0.45,499,0.002,1
aligned,complete_fibre_lr,419,400,0.45,499,0.002,1
aligned,ml_residual,419,400,0.45,499,0.002,1
aligned,support_complete,420,400,0.45,499,0.002,1
aligned,generalized_cmh,420,400,0.45,499,0.002,1
aligned,complete_fibre_lr,420,400,0.45,499,0.002,1
aligned,ml_residual,420,400,0.45,499,0.002,1
aligned,support_complete,421,400,0.45,499,0.002,1
aligned,generalized_cmh,421,400,0.45,499,0.002,1
aligned,complete_fibre_lr,421,400,0.45,499,0.002,1
aligned,ml_residual,421,400,0.45,499,0.002,1
aligned,support_complete,422,400,0.45,499,0.002,1
aligned,generalized_cmh,422,400,0.45,499,0.002,1
aligned,complete_fibre_lr,422,400,0.45,499,0.002,1
aligned,ml_residual,422,400,0.45,499,0.002,1
aligned,support_complete,423,400,0.45,499,0.002,1
aligned,generalized_cmh,423,400,0.45,499,0.002,1
aligned,complete_fibre_lr,423,400,0.45,499,0.002,1
aligned,ml_residual,423,400,0.45,499,0.002,1
aligned,support_complete,424,400,0.45,499,0.002,1
aligned,generalized_cmh,424,400,0.45,499,0.002,1
aligned,complete_fibre_lr,424,400,0.45,499,0.002,1
aligned,ml_residual,424,400,0.45,499,0.002,1
aligned,support_complete,425,400,0.45,499,0.002,1
aligned,generalized_cmh,425,400,0.45,499,0.002,1
aligned,complete_fibre_lr,425,400,0.45,499,0.002,1
aligned,ml_residual,425,400,0.45,499,0.002,1
aligned,support_complete,426,400,0.45,499,0.002,1
aligned,generalized_cmh,426,400,0.45,499,0.002,1
aligned,complete_fibre_lr,426,400,0.45,499,0.002,1
aligned,ml_residual,426,400,0.45,499,0.002,1
aligned,support_complete,427,400,0.45,499,0.002,1
aligned,generalized_cmh,427,400,0.45,499,0.002,1
aligned,complete_fibre_lr,427,400,0.45,499,0.002,1
aligned,ml_residual,427,400,0.45,499,0.002,1
aligned,support_complete,428,400,0.45,499,0.002,1
aligned,generalized_cmh,428,400,0.45,499,0.002,1
aligned,complete_fibre_lr,428,400,0.45,499,0.002,1
aligned,ml_residual,428,400,0.45,499,0.002,1
aligned,support_complete,429,400,0.45,499,0.002,1
aligned,generalized_cmh,429,400,0.45,499,0.002,1
aligned,complete_fibre_lr,429,400,0.45,499,0.002,1
aligned,ml_residual,429,400,0.45,499,0.002,1
aligned,support_complete,430,400,0.45,499,0.002,1
aligned,generalized_cmh,430,400,0.45,499,0.002,1
aligned,complete_fibre_lr,430,400,0.45,499,0.002,1
aligned,ml_residual,430,400,0.45,499,0.002,1
aligned,support_complete,431,400,0.45,499,0.002,1
aligned,generalized_cmh,431,400,0.45,499,0.002,1
aligned,complete_fibre_lr,431,400,0.45,499,0.002,1
aligned,ml_residual,431,400,0.45,499,0.002,1
aligned,support_complete,432,400,0.45,499,0.002,1
aligned,generalized_cmh,432,400,0.45,499,0.002,1
aligned,complete_fibre_lr,432,400,0.45,499,0.002,1
aligned,ml_residual,432,400,0.45,499,0.002,1
aligned,support_complete,433,400,0.45,499,0.002,1
aligned,generalized_cmh,433,400,0.45,499,0.002,1
aligned,complete_fibre_lr,433,400,0.45,499,0.002,1
aligned,ml_residual,433,400,0.45,499,0.002,1
aligned,support_complete,434,400,0.45,499,0.002,1
aligned,generalized_cmh,434,400,0.45,499,0.002,1
aligned,complete_fibre_lr,434,400,0.45,499,0.002,1
aligned,ml_residual,434,400,0.45,499,0.002,1
aligned,support_complete,435,400,0.45,499,0.002,1
aligned,generalized_cmh,435,400,0.45,499,0.002,1
aligned,complete_fibre_lr,435,400,0.45,499,0.002,1
aligned,ml_residual,435,400,0.45,499,0.002,1
aligned,support_complete,436,400,0.45,499,0.002,1
aligned,generalized_cmh,436,400,0.45,499,0.002,1
aligned,complete_fibre_lr,436,400,0.45,499,0.002,1
aligned,ml_residual,436,400,0.45,499,0.002,1
aligned,support_complete,437,400,0.45,499,0.002,1
aligned,generalized_cmh,437,400,0.45,499,0.002,1
aligned,complete_fibre_lr,437,400,0.45,499,0.002,1
aligned,ml_residual,437,400,0.45,499,0.002,1
aligned,support_complete,438,400,0.45,499,0.002,1
aligned,generalized_cmh,438,400,0.45,499,0.002,1
aligned,complete_fibre_lr,438,400,0.45,499,0.002,1
aligned,ml_residual,438,400,0.45,499,0.002,1
aligned,support_complete,439,400,0.45,499,0.002,1
aligned,generalized_cmh,439,400,0.45,499,0.002,1
aligned,complete_fibre_lr,439,400,0.45,499,0.002,1
aligned,ml_residual,439,400,0.45,499,0.002,1
aligned,support_complete,440,400,0.45,499,0.002,1
aligned,generalized_cmh,440,400,0.45,499,0.002,1
aligned,complete_fibre_lr,440,400,0.45,499,0.002,1
aligned,ml_residual,440,400,0.45,499,0.002,1
aligned,support_complete,441,400,0.45,499,0.002,1
aligned,generalized_cmh,441,400,0.45,499,0.002,1
aligned,complete_fibre_lr,441,400,0.45,499,0.002,1
aligned,ml_residual,441,400,0.45,499,0.002,1
aligned,support_complete,442,400,0.45,499,0.002,1
aligned,generalized_cmh,442,400,0.45,499,0.002,1
aligned,complete_fibre_lr,442,400,0.45,499,0.002,1
aligned,ml_residual,442,400,0.45,499,0.002,1
aligned,support_complete,443,400,0.45,499,0.002,1
aligned,generalized_cmh,443,400,0.45,499,0.002,1
aligned,complete_fibre_lr,443,400,0.45,499,0.002,1
aligned,ml_residual,443,400,0.45,499,0.002,1
aligned,support_complete,444,400,0.45,499,0.002,1
aligned,generalized_cmh,444,400,0.45,499,0.002,1
aligned,complete_fibre_lr,444,400,0.45,499,0.002,1
aligned,ml_residual,444,400,0.45,499,0.004,1
aligned,support_complete,445,400,0.45,499,0.002,1
aligned,generalized_cmh,445,400,0.45,499,0.002,1
aligned,complete_fibre_lr,445,400,0.45,499,0.002,1
aligned,ml_residual,445,400,0.45,499,0.006,1
aligned,support_complete,446,400,0.45,499,0.002,1
aligned,generalized_cmh,446,400,0.45,499,0.002,1
aligned,complete_fibre_lr,446,400,0.45,499,0.002,1
aligned,ml_residual,446,400,0.45,499,0.002,1
aligned,support_complete,447,400,0.45,499,0.002,1
aligned,generalized_cmh,447,400,0.45,499,0.002,1
aligned,complete_fibre_lr,447,400,0.45,499,0.002,1
aligned,ml_residual,447,400,0.45,499,0.002,1
aligned,support_complete,448,400,0.45,499,0.002,1
aligned,generalized_cmh,448,400,0.45,499,0.002,1
aligned,complete_fibre_lr,448,400,0.45,499,0.002,1
aligned,ml_residual,448,400,0.45,499,0.004,1
aligned,support_complete,449,400,0.45,499,0.002,1
aligned,generalized_cmh,449,400,0.45,499,0.002,1
aligned,complete_fibre_lr,449,400,0.45,499,0.002,1
aligned,ml_residual,449,400,0.45,499,0.002,1
aligned,support_complete,450,400,0.45,499,0.002,1
aligned,generalized_cmh,450,400,0.45,499,0.002,1
aligned,complete_fibre_lr,450,400,0.45,499,0.002,1
aligned,ml_residual,450,400,0.45,499,0.002,1
aligned,support_complete,451,400,0.45,499,0.002,1
aligned,generalized_cmh,451,400,0.45,499,0.002,1
aligned,complete_fibre_lr,451,400,0.45,499,0.002,1
aligned,ml_residual,451,400,0.45,499,0.002,1
aligned,support_complete,452,400,0.45,499,0.002,1
aligned,generalized_cmh,452,400,0.45,499,0.002,1
aligned,complete_fibre_lr,452,400,0.45,499,0.002,1
aligned,ml_residual,452,400,0.45,499,0.002,1
aligned,support_complete,453,400,0.45,499,0.002,1
aligned,generalized_cmh,453,400,0.45,499,0.002,1
aligned,complete_fibre_lr,453,400,0.45,499,0.002,1
aligned,ml_residual,453,400,0.45,499,0.002,1
aligned,support_complete,454,400,0.45,499,0.002,1
aligned,generalized_cmh,454,400,0.45,499,0.002,1
aligned,complete_fibre_lr,454,400,0.45,499,0.002,1
aligned,ml_residual,454,400,0.45,499,0.004,1
aligned,support_complete,455,400,0.45,499,0.002,1
aligned,generalized_cmh,455,400,0.45,499,0.002,1
aligned,complete_fibre_lr,455,400,0.45,499,0.002,1
aligned,ml_residual,455,400,0.45,499,0.002,1
aligned,support_complete,456,400,0.45,499,0.002,1
aligned,generalized_cmh,456,400,0.45,499,0.002,1
aligned,complete_fibre_lr,456,400,0.45,499,0.002,1
aligned,ml_residual,456,400,0.45,499,0.002,1
aligned,support_complete,457,400,0.45,499,0.002,1
aligned,generalized_cmh,457,400,0.45,499,0.002,1
aligned,complete_fibre_lr,457,400,0.45,499,0.002,1
aligned,ml_residual,457,400,0.45,499,0.004,1
aligned,support_complete,458,400,0.45,499,0.002,1
aligned,generalized_cmh,458,400,0.45,499,0.002,1
aligned,complete_fibre_lr,458,400,0.45,499,0.002,1
aligned,ml_residual,458,400,0.45,499,0.002,1
aligned,support_complete,459,400,0.45,499,0.002,1
aligned,generalized_cmh,459,400,0.45,499,0.002,1
aligned,complete_fibre_lr,459,400,0.45,499,0.002,1
aligned,ml_residual,459,400,0.45,499,0.004,1
aligned,support_complete,460,400,0.45,499,0.002,1
aligned,generalized_cmh,460,400,0.45,499,0.002,1
aligned,complete_fibre_lr,460,400,0.45,499,0.002,1
aligned,ml_residual,460,400,0.45,499,0.002,1
aligned,support_complete,461,400,0.45,499,0.002,1
aligned,generalized_cmh,461,400,0.45,499,0.002,1
aligned,complete_fibre_lr,461,400,0.45,499,0.002,1
aligned,ml_residual,461,400,0.45,499,0.006,1
aligned,support_complete,462,400,0.45,499,0.002,1
aligned,generalized_cmh,462,400,0.45,499,0.002,1
aligned,complete_fibre_lr,462,400,0.45,499,0.002,1
aligned,ml_residual,462,400,0.45,499,0.002,1
aligned,support_complete,463,400,0.45,499,0.002,1
aligned,generalized_cmh,463,400,0.45,499,0.002,1
aligned,complete_fibre_lr,463,400,0.45,499,0.002,1
aligned,ml_residual,463,400,0.45,499,0.002,1
aligned,support_complete,464,400,0.45,499,0.002,1
aligned,generalized_cmh,464,400,0.45,499,0.002,1
aligned,complete_fibre_lr,464,400,0.45,499,0.002,1
aligned,ml_residual,464,400,0.45,499,0.018,1
aligned,support_complete,465,400,0.45,499,0.002,1
aligned,generalized_cmh,465,400,0.45,499,0.002,1
aligned,complete_fibre_lr,465,400,0.45,499,0.002,1
aligned,ml_residual,465,400,0.45,499,0.002,1
aligned,support_complete,466,400,0.45,499,0.002,1
aligned,generalized_cmh,466,400,0.45,499,0.002,1
aligned,complete_fibre_lr,466,400,0.45,499,0.002,1
aligned,ml_residual,466,400,0.45,499,0.002,1
aligned,support_complete,467,400,0.45,499,0.002,1
aligned,generalized_cmh,467,400,0.45,499,0.002,1
aligned,complete_fibre_lr,467,400,0.45,499,0.002,1
aligned,ml_residual,467,400,0.45,499,0.002,1
aligned,support_complete,468,400,0.45,499,0.002,1
aligned,generalized_cmh,468,400,0.45,499,0.002,1
aligned,complete_fibre_lr,468,400,0.45,499,0.002,1
aligned,ml_residual,468,400,0.45,499,0.002,1
aligned,support_complete,469,400,0.45,499,0.002,1
aligned,generalized_cmh,469,400,0.45,499,0.002,1
aligned,complete_fibre_lr,469,400,0.45,499,0.002,1
aligned,ml_residual,469,400,0.45,499,0.002,1
aligned,support_complete,470,400,0.45,499,0.002,1
aligned,generalized_cmh,470,400,0.45,499,0.002,1
aligned,complete_fibre_lr,470,400,0.45,499,0.002,1
aligned,ml_residual,470,400,0.45,499,0.002,1
aligned,support_complete,471,400,0.45,499,0.002,1
aligned,generalized_cmh,471,400,0.45,499,0.002,1
aligned,complete_fibre_lr,471,400,0.45,499,0.002,1
aligned,ml_residual,471,400,0.45,499,0.002,1
aligned,support_complete,472,400,0.45,499,0.002,1
aligned,generalized_cmh,472,400,0.45,499,0.002,1
aligned,complete_fibre_lr,472,400,0.45,499,0.002,1
aligned,ml_residual,472,400,0.45,499,0.002,1
aligned,support_complete,473,400,0.45,499,0.002,1
aligned,generalized_cmh,473,400,0.45,499,0.002,1
aligned,complete_fibre_lr,473,400,0.45,499,0.002,1
aligned,ml_residual,473,400,0.45,499,0.002,1
aligned,support_complete,474,400,0.45,499,0.002,1
aligned,generalized_cmh,474,400,0.45,499,0.002,1
aligned,complete_fibre_lr,474,400,0.45,499,0.002,1
aligned,ml_residual,474,400,0.45,499,0.05,1
aligned,support_complete,475,400,0.45,499,0.002,1
aligned,generalized_cmh,475,400,0.45,499,0.002,1
aligned,complete_fibre_lr,475,400,0.45,499,0.002,1
aligned,ml_residual,475,400,0.45,499,0.002,1
aligned,support_complete,476,400,0.45,499,0.002,1
aligned,generalized_cmh,476,400,0.45,499,0.002,1
aligned,complete_fibre_lr,476,400,0.45,499,0.002,1
aligned,ml_residual,476,400,0.45,499,0.002,1
aligned,support_complete,477,400,0.45,499,0.002,1
aligned,generalized_cmh,477,400,0.45,499,0.002,1
aligned,complete_fibre_lr,477,400,0.45,499,0.002,1
aligned,ml_residual,477,400,0.45,499,0.002,1
aligned,support_complete,478,400,0.45,499,0.002,1
aligned,generalized_cmh,478,400,0.45,499,0.002,1
aligned,complete_fibre_lr,478,400,0.45,499,0.002,1
aligned,ml_residual,478,400,0.45,499,0.002,1
aligned,support_complete,479,400,0.45,499,0.002,1
aligned,generalized_cmh,479,400,0.45,499,0.002,1
aligned,complete_fibre_lr,479,400,0.45,499,0.002,1
aligned,ml_residual,479,400,0.45,499,0.002,1
aligned,support_complete,480,400,0.45,499,0.002,1
aligned,generalized_cmh,480,400,0.45,499,0.002,1
aligned,complete_fibre_lr,480,400,0.45,499,0.002,1
aligned,ml_residual,480,400,0.45,499,0.002,1
aligned,support_complete,481,400,0.45,499,0.002,1
aligned,generalized_cmh,481,400,0.45,499,0.002,1
aligned,complete_fibre_lr,481,400,0.45,499,0.002,1
aligned,ml_residual,481,400,0.45,499,0.002,1
aligned,support_complete,482,400,0.45,499,0.002,1
aligned,generalized_cmh,482,400,0.45,499,0.002,1
aligned,complete_fibre_lr,482,400,0.45,499,0.002,1
aligned,ml_residual,482,400,0.45,499,0.002,1
aligned,support_complete,483,400,0.45,499,0.002,1
aligned,generalized_cmh,483,400,0.45,499,0.002,1
aligned,complete_fibre_lr,483,400,0.45,499,0.002,1
aligned,ml_residual,483,400,0.45,499,0.002,1
aligned,support_complete,484,400,0.45,499,0.002,1
aligned,generalized_cmh,484,400,0.45,499,0.002,1
aligned,complete_fibre_lr,484,400,0.45,499,0.002,1
aligned,ml_residual,484,400,0.45,499,0.002,1
aligned,support_complete,485,400,0.45,499,0.002,1
aligned,generalized_cmh,485,400,0.45,499,0.002,1
aligned,complete_fibre_lr,485,400,0.45,499,0.002,1
aligned,ml_residual,485,400,0.45,499,0.002,1
aligned,support_complete,486,400,0.45,499,0.002,1
aligned,generalized_cmh,486,400,0.45,499,0.002,1
aligned,complete_fibre_lr,486,400,0.45,499,0.002,1
aligned,ml_residual,486,400,0.45,499,0.002,1
aligned,support_complete,487,400,0.45,499,0.002,1
aligned,generalized_cmh,487,400,0.45,499,0.002,1
aligned,complete_fibre_lr,487,400,0.45,499,0.002,1
aligned,ml_residual,487,400,0.45,499,0.002,1
aligned,support_complete,488,400,0.45,499,0.002,1
aligned,generalized_cmh,488,400,0.45,499,0.002,1
aligned,complete_fibre_lr,488,400,0.45,499,0.002,1
aligned,ml_residual,488,400,0.45,499,0.002,1
aligned,support_complete,489,400,0.45,499,0.002,1
aligned,generalized_cmh,489,400,0.45,499,0.002,1
aligned,complete_fibre_lr,489,400,0.45,499,0.002,1
aligned,ml_residual,489,400,0.45,499,0.002,1
aligned,support_complete,490,400,0.45,499,0.002,1
aligned,generalized_cmh,490,400,0.45,499,0.002,1
aligned,complete_fibre_lr,490,400,0.45,499,0.002,1
aligned,ml_residual,490,400,0.45,499,0.002,1
aligned,support_complete,491,400,0.45,499,0.002,1
aligned,generalized_cmh,491,400,0.45,499,0.002,1
aligned,complete_fibre_lr,491,400,0.45,499,0.002,1
aligned,ml_residual,491,400,0.45,499,0.002,1
aligned,support_complete,492,400,0.45,499,0.002,1
aligned,generalized_cmh,492,400,0.45,499,0.002,1
aligned,complete_fibre_lr,492,400,0.45,499,0.002,1
aligned,ml_residual,492,400,0.45,499,0.002,1
aligned,support_complete,493,400,0.45,499,0.002,1
aligned,generalized_cmh,493,400,0.45,499,0.002,1
aligned,complete_fibre_lr,493,400,0.45,499,0.002,1
aligned,ml_residual,493,400,0.45,499,0.004,1
aligned,support_complete,494,400,0.45,499,0.002,1
aligned,generalized_cmh,494,400,0.45,499,0.002,1
aligned,complete_fibre_lr,494,400,0.45,499,0.002,1
aligned,ml_residual,494,400,0.45,499,0.002,1
aligned,support_complete,495,400,0.45,499,0.002,1
aligned,generalized_cmh,495,400,0.45,499,0.002,1
aligned,complete_fibre_lr,495,400,0.45,499,0.002,1
aligned,ml_residual,495,400,0.45,499,0.002,1
aligned,support_complete,496,400,0.45,499,0.002,1
aligned,generalized_cmh,496,400,0.45,499,0.002,1
aligned,complete_fibre_lr,496,400,0.45,499,0.002,1
aligned,ml_residual,496,400,0.45,499,0.002,1
aligned,support_complete,497,400,0.45,499,0.002,1
aligned,generalized_cmh,497,400,0.45,499,0.002,1
aligned,complete_fibre_lr,497,400,0.45,499,0.002,1
aligned,ml_residual,497,400,0.45,499,0.002,1
aligned,support_complete,498,400,0.45,499,0.002,1
aligned,generalized_cmh,498,400,0.45,499,0.002,1
aligned,complete_fibre_lr,498,400,0.45,499,0.002,1
aligned,ml_residual,498,400,0.45,499,0.004,1
aligned,support_complete,499,400,0.45,499,0.002,1
aligned,generalized_cmh,499,400,0.45,499,0.002,1
aligned,complete_fibre_lr,499,400,0.45,499,0.002,1
aligned,ml_residual,499,400,0.45,499,0.002,1
interaction,support_complete,0,400,0.45,499,0.002,1
interaction,generalized_cmh,0,400,0.45,499,0.002,1
interaction,complete_fibre_lr,0,400,0.45,499,0.002,1
interaction,ml_residual,0,400,0.45,499,0.002,1
interaction,support_complete,1,400,0.45,499,0.002,1
interaction,generalized_cmh,1,400,0.45,499,0.002,1
interaction,complete_fibre_lr,1,400,0.45,499,0.002,1
interaction,ml_residual,1,400,0.45,499,0.002,1
interaction,support_complete,2,400,0.45,499,0.002,1
interaction,generalized_cmh,2,400,0.45,499,0.002,1
interaction,complete_fibre_lr,2,400,0.45,499,0.002,1
interaction,ml_residual,2,400,0.45,499,0.002,1
interaction,support_complete,3,400,0.45,499,0.002,1
interaction,generalized_cmh,3,400,0.45,499,0.002,1
interaction,complete_fibre_lr,3,400,0.45,499,0.002,1
interaction,ml_residual,3,400,0.45,499,0.002,1
interaction,support_complete,4,400,0.45,499,0.002,1
interaction,generalized_cmh,4,400,0.45,499,0.002,1
interaction,complete_fibre_lr,4,400,0.45,499,0.002,1
interaction,ml_residual,4,400,0.45,499,0.002,1
interaction,support_complete,5,400,0.45,499,0.002,1
interaction,generalized_cmh,5,400,0.45,499,0.002,1
interaction,complete_fibre_lr,5,400,0.45,499,0.002,1
interaction,ml_residual,5,400,0.45,499,0.002,1
interaction,support_complete,6,400,0.45,499,0.002,1
interaction,generalized_cmh,6,400,0.45,499,0.002,1
interaction,complete_fibre_lr,6,400,0.45,499,0.002,1
interaction,ml_residual,6,400,0.45,499,0.006,1
interaction,support_complete,7,400,0.45,499,0.002,1
interaction,generalized_cmh,7,400,0.45,499,0.002,1
interaction,complete_fibre_lr,7,400,0.45,499,0.002,1
interaction,ml_residual,7,400,0.45,499,0.002,1
interaction,support_complete,8,400,0.45,499,0.002,1
interaction,generalized_cmh,8,400,0.45,499,0.002,1
interaction,complete_fibre_lr,8,400,0.45,499,0.002,1
interaction,ml_residual,8,400,0.45,499,0.002,1
interaction,support_complete,9,400,0.45,499,0.002,1
interaction,generalized_cmh,9,400,0.45,499,0.002,1
interaction,complete_fibre_lr,9,400,0.45,499,0.002,1
interaction,ml_residual,9,400,0.45,499,0.006,1
interaction,support_complete,10,400,0.45,499,0.002,1
interaction,generalized_cmh,10,400,0.45,499,0.002,1
interaction,complete_fibre_lr,10,400,0.45,499,0.002,1
interaction,ml_residual,10,400,0.45,499,0.002,1
interaction,support_complete,11,400,0.45,499,0.002,1
interaction,generalized_cmh,11,400,0.45,499,0.002,1
interaction,complete_fibre_lr,11,400,0.45,499,0.002,1
interaction,ml_residual,11,400,0.45,499,0.002,1
interaction,support_complete,12,400,0.45,499,0.002,1
interaction,generalized_cmh,12,400,0.45,499,0.002,1
interaction,complete_fibre_lr,12,400,0.45,499,0.002,1
interaction,ml_residual,12,400,0.45,499,0.002,1
interaction,support_complete,13,400,0.45,499,0.002,1
interaction,generalized_cmh,13,400,0.45,499,0.002,1
interaction,complete_fibre_lr,13,400,0.45,499,0.002,1
interaction,ml_residual,13,400,0.45,499,0.002,1
interaction,support_complete,14,400,0.45,499,0.002,1
interaction,generalized_cmh,14,400,0.45,499,0.002,1
interaction,complete_fibre_lr,14,400,0.45,499,0.002,1
interaction,ml_residual,14,400,0.45,499,0.002,1
interaction,support_complete,15,400,0.45,499,0.002,1
interaction,generalized_cmh,15,400,0.45,499,0.002,1
interaction,complete_fibre_lr,15,400,0.45,499,0.002,1
interaction,ml_residual,15,400,0.45,499,0.002,1
interaction,support_complete,16,400,0.45,499,0.002,1
interaction,generalized_cmh,16,400,0.45,499,0.002,1
interaction,complete_fibre_lr,16,400,0.45,499,0.002,1
interaction,ml_residual,16,400,0.45,499,0.012,1
interaction,support_complete,17,400,0.45,499,0.002,1
interaction,generalized_cmh,17,400,0.45,499,0.002,1
interaction,complete_fibre_lr,17,400,0.45,499,0.002,1
interaction,ml_residual,17,400,0.45,499,0.036,1
interaction,support_complete,18,400,0.45,499,0.002,1
interaction,generalized_cmh,18,400,0.45,499,0.002,1
interaction,complete_fibre_lr,18,400,0.45,499,0.002,1
interaction,ml_residual,18,400,0.45,499,0.002,1
interaction,support_complete,19,400,0.45,499,0.002,1
interaction,generalized_cmh,19,400,0.45,499,0.002,1
interaction,complete_fibre_lr,19,400,0.45,499,0.002,1
interaction,ml_residual,19,400,0.45,499,0.002,1
interaction,support_complete,20,400,0.45,499,0.002,1
interaction,generalized_cmh,20,400,0.45,499,0.002,1
interaction,complete_fibre_lr,20,400,0.45,499,0.002,1
interaction,ml_residual,20,400,0.45,499,0.004,1
interaction,support_complete,21,400,0.45,499,0.002,1
interaction,generalized_cmh,21,400,0.45,499,0.002,1
interaction,complete_fibre_lr,21,400,0.45,499,0.002,1
interaction,ml_residual,21,400,0.45,499,0.002,1
interaction,support_complete,22,400,0.45,499,0.002,1
interaction,generalized_cmh,22,400,0.45,499,0.002,1
interaction,complete_fibre_lr,22,400,0.45,499,0.002,1
interaction,ml_residual,22,400,0.45,499,0.01,1
interaction,support_complete,23,400,0.45,499,0.002,1
interaction,generalized_cmh,23,400,0.45,499,0.002,1
interaction,complete_fibre_lr,23,400,0.45,499,0.002,1
interaction,ml_residual,23,400,0.45,499,0.128,0
interaction,support_complete,24,400,0.45,499,0.002,1
interaction,generalized_cmh,24,400,0.45,499,0.002,1
interaction,complete_fibre_lr,24,400,0.45,499,0.002,1
interaction,ml_residual,24,400,0.45,499,0.002,1
interaction,support_complete,25,400,0.45,499,0.002,1
interaction,generalized_cmh,25,400,0.45,499,0.002,1
interaction,complete_fibre_lr,25,400,0.45,499,0.002,1
interaction,ml_residual,25,400,0.45,499,0.002,1
interaction,support_complete,26,400,0.45,499,0.002,1
interaction,generalized_cmh,26,400,0.45,499,0.002,1
interaction,complete_fibre_lr,26,400,0.45,499,0.002,1
interaction,ml_residual,26,400,0.45,499,0.002,1
interaction,support_complete,27,400,0.45,499,0.002,1
interaction,generalized_cmh,27,400,0.45,499,0.002,1
interaction,complete_fibre_lr,27,400,0.45,499,0.002,1
interaction,ml_residual,27,400,0.45,499,0.002,1
interaction,support_complete,28,400,0.45,499,0.002,1
interaction,generalized_cmh,28,400,0.45,499,0.002,1
interaction,complete_fibre_lr,28,400,0.45,499,0.002,1
interaction,ml_residual,28,400,0.45,499,0.002,1
interaction,support_complete,29,400,0.45,499,0.002,1
interaction,generalized_cmh,29,400,0.45,499,0.002,1
interaction,complete_fibre_lr,29,400,0.45,499,0.002,1
interaction,ml_residual,29,400,0.45,499,0.002,1
interaction,support_complete,30,400,0.45,499,0.002,1
interaction,generalized_cmh,30,400,0.45,499,0.002,1
interaction,complete_fibre_lr,30,400,0.45,499,0.002,1
interaction,ml_residual,30,400,0.45,499,0.004,1
interaction,support_complete,31,400,0.45,499,0.002,1
interaction,generalized_cmh,31,400,0.45,499,0.002,1
interaction,complete_fibre_lr,31,400,0.45,499,0.002,1
interaction,ml_residual,31,400,0.45,499,0.002,1
interaction,support_complete,32,400,0.45,499,0.002,1
interaction,generalized_cmh,32,400,0.45,499,0.002,1
interaction,complete_fibre_lr,32,400,0.45,499,0.002,1
interaction,ml_residual,32,400,0.45,499,0.002,1
interaction,support_complete,33,400,0.45,499,0.002,1
interaction,generalized_cmh,33,400,0.45,499,0.002,1
interaction,complete_fibre_lr,33,400,0.45,499,0.002,1
interaction,ml_residual,33,400,0.45,499,0.002,1
interaction,support_complete,34,400,0.45,499,0.002,1
interaction,generalized_cmh,34,400,0.45,499,0.002,1
interaction,complete_fibre_lr,34,400,0.45,499,0.002,1
interaction,ml_residual,34,400,0.45,499,0.002,1
interaction,support_complete,35,400,0.45,499,0.002,1
interaction,generalized_cmh,35,400,0.45,499,0.002,1
interaction,complete_fibre_lr,35,400,0.45,499,0.002,1
interaction,ml_residual,35,400,0.45,499,0.002,1
interaction,support_complete,36,400,0.45,499,0.002,1
interaction,generalized_cmh,36,400,0.45,499,0.002,1
interaction,complete_fibre_lr,36,400,0.45,499,0.002,1
interaction,ml_residual,36,400,0.45,499,0.002,1
interaction,support_complete,37,400,0.45,499,0.002,1
interaction,generalized_cmh,37,400,0.45,499,0.002,1
interaction,complete_fibre_lr,37,400,0.45,499,0.002,1
interaction,ml_residual,37,400,0.45,499,0.002,1
interaction,support_complete,38,400,0.45,499,0.002,1
interaction,generalized_cmh,38,400,0.45,499,0.002,1
interaction,complete_fibre_lr,38,400,0.45,499,0.002,1
interaction,ml_residual,38,400,0.45,499,0.002,1
interaction,support_complete,39,400,0.45,499,0.002,1
interaction,generalized_cmh,39,400,0.45,499,0.002,1
interaction,complete_fibre_lr,39,400,0.45,499,0.002,1
interaction,ml_residual,39,400,0.45,499,0.002,1
interaction,support_complete,40,400,0.45,499,0.002,1
interaction,generalized_cmh,40,400,0.45,499,0.002,1
interaction,complete_fibre_lr,40,400,0.45,499,0.002,1
interaction,ml_residual,40,400,0.45,499,0.004,1
interaction,support_complete,41,400,0.45,499,0.002,1
interaction,generalized_cmh,41,400,0.45,499,0.002,1
interaction,complete_fibre_lr,41,400,0.45,499,0.002,1
interaction,ml_residual,41,400,0.45,499,0.002,1
interaction,support_complete,42,400,0.45,499,0.002,1
interaction,generalized_cmh,42,400,0.45,499,0.002,1
interaction,complete_fibre_lr,42,400,0.45,499,0.002,1
interaction,ml_residual,42,400,0.45,499,0.002,1
interaction,support_complete,43,400,0.45,499,0.002,1
interaction,generalized_cmh,43,400,0.45,499,0.002,1
interaction,complete_fibre_lr,43,400,0.45,499,0.002,1
interaction,ml_residual,43,400,0.45,499,0.002,1
interaction,support_complete,44,400,0.45,499,0.002,1
interaction,generalized_cmh,44,400,0.45,499,0.002,1
interaction,complete_fibre_lr,44,400,0.45,499,0.002,1
interaction,ml_residual,44,400,0.45,499,0.002,1
interaction,support_complete,45,400,0.45,499,0.002,1
interaction,generalized_cmh,45,400,0.45,499,0.002,1
interaction,complete_fibre_lr,45,400,0.45,499,0.002,1
interaction,ml_residual,45,400,0.45,499,0.022,1
interaction,support_complete,46,400,0.45,499,0.002,1
interaction,generalized_cmh,46,400,0.45,499,0.002,1
interaction,complete_fibre_lr,46,400,0.45,499,0.002,1
interaction,ml_residual,46,400,0.45,499,0.008,1
interaction,support_complete,47,400,0.45,499,0.002,1
interaction,generalized_cmh,47,400,0.45,499,0.002,1
interaction,complete_fibre_lr,47,400,0.45,499,0.002,1
interaction,ml_residual,47,400,0.45,499,0.002,1
interaction,support_complete,48,400,0.45,499,0.002,1
interaction,generalized_cmh,48,400,0.45,499,0.002,1
interaction,complete_fibre_lr,48,400,0.45,499,0.002,1
interaction,ml_residual,48,400,0.45,499,0.002,1
interaction,support_complete,49,400,0.45,499,0.002,1
interaction,generalized_cmh,49,400,0.45,499,0.002,1
interaction,complete_fibre_lr,49,400,0.45,499,0.002,1
interaction,ml_residual,49,400,0.45,499,0.002,1
interaction,support_complete,50,400,0.45,499,0.002,1
interaction,generalized_cmh,50,400,0.45,499,0.002,1
interaction,complete_fibre_lr,50,400,0.45,499,0.002,1
interaction,ml_residual,50,400,0.45,499,0.002,1
interaction,support_complete,51,400,0.45,499,0.002,1
interaction,generalized_cmh,51,400,0.45,499,0.002,1
interaction,complete_fibre_lr,51,400,0.45,499,0.002,1
interaction,ml_residual,51,400,0.45,499,0.002,1
interaction,support_complete,52,400,0.45,499,0.002,1
interaction,generalized_cmh,52,400,0.45,499,0.002,1
interaction,complete_fibre_lr,52,400,0.45,499,0.002,1
interaction,ml_residual,52,400,0.45,499,0.002,1
interaction,support_complete,53,400,0.45,499,0.002,1
interaction,generalized_cmh,53,400,0.45,499,0.002,1
interaction,complete_fibre_lr,53,400,0.45,499,0.002,1
interaction,ml_residual,53,400,0.45,499,0.002,1
interaction,support_complete,54,400,0.45,499,0.002,1
interaction,generalized_cmh,54,400,0.45,499,0.002,1
interaction,complete_fibre_lr,54,400,0.45,499,0.002,1
interaction,ml_residual,54,400,0.45,499,0.002,1
interaction,support_complete,55,400,0.45,499,0.002,1
interaction,generalized_cmh,55,400,0.45,499,0.002,1
interaction,complete_fibre_lr,55,400,0.45,499,0.002,1
interaction,ml_residual,55,400,0.45,499,0.002,1
interaction,support_complete,56,400,0.45,499,0.002,1
interaction,generalized_cmh,56,400,0.45,499,0.002,1
interaction,complete_fibre_lr,56,400,0.45,499,0.002,1
interaction,ml_residual,56,400,0.45,499,0.002,1
interaction,support_complete,57,400,0.45,499,0.002,1
interaction,generalized_cmh,57,400,0.45,499,0.002,1
interaction,complete_fibre_lr,57,400,0.45,499,0.002,1
interaction,ml_residual,57,400,0.45,499,0.002,1
interaction,support_complete,58,400,0.45,499,0.002,1
interaction,generalized_cmh,58,400,0.45,499,0.002,1
interaction,complete_fibre_lr,58,400,0.45,499,0.002,1
interaction,ml_residual,58,400,0.45,499,0.002,1
interaction,support_complete,59,400,0.45,499,0.002,1
interaction,generalized_cmh,59,400,0.45,499,0.002,1
interaction,complete_fibre_lr,59,400,0.45,499,0.002,1
interaction,ml_residual,59,400,0.45,499,0.132,0
interaction,support_complete,60,400,0.45,499,0.002,1
interaction,generalized_cmh,60,400,0.45,499,0.002,1
interaction,complete_fibre_lr,60,400,0.45,499,0.002,1
interaction,ml_residual,60,400,0.45,499,0.002,1
interaction,support_complete,61,400,0.45,499,0.002,1
interaction,generalized_cmh,61,400,0.45,499,0.002,1
interaction,complete_fibre_lr,61,400,0.45,499,0.002,1
interaction,ml_residual,61,400,0.45,499,0.002,1
interaction,support_complete,62,400,0.45,499,0.002,1
interaction,generalized_cmh,62,400,0.45,499,0.002,1
interaction,complete_fibre_lr,62,400,0.45,499,0.002,1
interaction,ml_residual,62,400,0.45,499,0.002,1
interaction,support_complete,63,400,0.45,499,0.002,1
interaction,generalized_cmh,63,400,0.45,499,0.002,1
interaction,complete_fibre_lr,63,400,0.45,499,0.002,1
interaction,ml_residual,63,400,0.45,499,0.012,1
interaction,support_complete,64,400,0.45,499,0.002,1
interaction,generalized_cmh,64,400,0.45,499,0.002,1
interaction,complete_fibre_lr,64,400,0.45,499,0.002,1
interaction,ml_residual,64,400,0.45,499,0.002,1
interaction,support_complete,65,400,0.45,499,0.002,1
interaction,generalized_cmh,65,400,0.45,499,0.002,1
interaction,complete_fibre_lr,65,400,0.45,499,0.002,1
interaction,ml_residual,65,400,0.45,499,0.002,1
interaction,support_complete,66,400,0.45,499,0.002,1
interaction,generalized_cmh,66,400,0.45,499,0.002,1
interaction,complete_fibre_lr,66,400,0.45,499,0.002,1
interaction,ml_residual,66,400,0.45,499,0.002,1
interaction,support_complete,67,400,0.45,499,0.002,1
interaction,generalized_cmh,67,400,0.45,499,0.002,1
interaction,complete_fibre_lr,67,400,0.45,499,0.002,1
interaction,ml_residual,67,400,0.45,499,0.002,1
interaction,support_complete,68,400,0.45,499,0.002,1
interaction,generalized_cmh,68,400,0.45,499,0.002,1
interaction,complete_fibre_lr,68,400,0.45,499,0.002,1
interaction,ml_residual,68,400,0.45,499,0.002,1
interaction,support_complete,69,400,0.45,499,0.002,1
interaction,generalized_cmh,69,400,0.45,499,0.002,1
interaction,complete_fibre_lr,69,400,0.45,499,0.002,1
interaction,ml_residual,69,400,0.45,499,0.002,1
interaction,support_complete,70,400,0.45,499,0.002,1
interaction,generalized_cmh,70,400,0.45,499,0.002,1
interaction,complete_fibre_lr,70,400,0.45,499,0.002,1
interaction,ml_residual,70,400,0.45,499,0.01,1
interaction,support_complete,71,400,0.45,499,0.002,1
interaction,generalized_cmh,71,400,0.45,499,0.002,1
interaction,complete_fibre_lr,71,400,0.45,499,0.002,1
interaction,ml_residual,71,400,0.45,499,0.002,1
interaction,support_complete,72,400,0.45,499,0.002,1
interaction,generalized_cmh,72,400,0.45,499,0.002,1
interaction,complete_fibre_lr,72,400,0.45,499,0.002,1
interaction,ml_residual,72,400,0.45,499,0.002,1
interaction,support_complete,73,400,0.45,499,0.002,1
interaction,generalized_cmh,73,400,0.45,499,0.002,1
interaction,complete_fibre_lr,73,400,0.45,499,0.002,1
interaction,ml_residual,73,400,0.45,499,0.002,1
interaction,support_complete,74,400,0.45,499,0.002,1
interaction,generalized_cmh,74,400,0.45,499,0.002,1
interaction,complete_fibre_lr,74,400,0.45,499,0.002,1
interaction,ml_residual,74,400,0.45,499,0.004,1
interaction,support_complete,75,400,0.45,499,0.002,1
interaction,generalized_cmh,75,400,0.45,499,0.002,1
interaction,complete_fibre_lr,75,400,0.45,499,0.002,1
interaction,ml_residual,75,400,0.45,499,0.004,1
interaction,support_complete,76,400,0.45,499,0.002,1
interaction,generalized_cmh,76,400,0.45,499,0.002,1
interaction,complete_fibre_lr,76,400,0.45,499,0.002,1
interaction,ml_residual,76,400,0.45,499,0.002,1
interaction,support_complete,77,400,0.45,499,0.002,1
interaction,generalized_cmh,77,400,0.45,499,0.002,1
interaction,complete_fibre_lr,77,400,0.45,499,0.002,1
interaction,ml_residual,77,400,0.45,499,0.002,1
interaction,support_complete,78,400,0.45,499,0.002,1
interaction,generalized_cmh,78,400,0.45,499,0.002,1
interaction,complete_fibre_lr,78,400,0.45,499,0.002,1
interaction,ml_residual,78,400,0.45,499,0.002,1
interaction,support_complete,79,400,0.45,499,0.002,1
interaction,generalized_cmh,79,400,0.45,499,0.002,1
interaction,complete_fibre_lr,79,400,0.45,499,0.002,1
interaction,ml_residual,79,400,0.45,499,0.002,1
interaction,support_complete,80,400,0.45,499,0.002,1
interaction,generalized_cmh,80,400,0.45,499,0.002,1
interaction,complete_fibre_lr,80,400,0.45,499,0.002,1
interaction,ml_residual,80,400,0.45,499,0.002,1
interaction,support_complete,81,400,0.45,499,0.002,1
interaction,generalized_cmh,81,400,0.45,499,0.002,1
interaction,complete_fibre_lr,81,400,0.45,499,0.002,1
interaction,ml_residual,81,400,0.45,499,0.02,1
interaction,support_complete,82,400,0.45,499,0.002,1
interaction,generalized_cmh,82,400,0.45,499,0.002,1
interaction,complete_fibre_lr,82,400,0.45,499,0.002,1
interaction,ml_residual,82,400,0.45,499,0.002,1
interaction,support_complete,83,400,0.45,499,0.002,1
interaction,generalized_cmh,83,400,0.45,499,0.002,1
interaction,complete_fibre_lr,83,400,0.45,499,0.002,1
interaction,ml_residual,83,400,0.45,499,0.002,1
interaction,support_complete,84,400,0.45,499,0.002,1
interaction,generalized_cmh,84,400,0.45,499,0.002,1
interaction,complete_fibre_lr,84,400,0.45,499,0.002,1
interaction,ml_residual,84,400,0.45,499,0.002,1
interaction,support_complete,85,400,0.45,499,0.002,1
interaction,generalized_cmh,85,400,0.45,499,0.002,1
interaction,complete_fibre_lr,85,400,0.45,499,0.002,1
interaction,ml_residual,85,400,0.45,499,0.002,1
interaction,support_complete,86,400,0.45,499,0.002,1
interaction,generalized_cmh,86,400,0.45,499,0.002,1
interaction,complete_fibre_lr,86,400,0.45,499,0.002,1
interaction,ml_residual,86,400,0.45,499,0.002,1
interaction,support_complete,87,400,0.45,499,0.002,1
interaction,generalized_cmh,87,400,0.45,499,0.002,1
interaction,complete_fibre_lr,87,400,0.45,499,0.002,1
interaction,ml_residual,87,400,0.45,499,0.002,1
interaction,support_complete,88,400,0.45,499,0.002,1
interaction,generalized_cmh,88,400,0.45,499,0.002,1
interaction,complete_fibre_lr,88,400,0.45,499,0.002,1
interaction,ml_residual,88,400,0.45,499,0.002,1
interaction,support_complete,89,400,0.45,499,0.002,1
interaction,generalized_cmh,89,400,0.45,499,0.002,1
interaction,complete_fibre_lr,89,400,0.45,499,0.002,1
interaction,ml_residual,89,400,0.45,499,0.002,1
interaction,support_complete,90,400,0.45,499,0.002,1
interaction,generalized_cmh,90,400,0.45,499,0.002,1
interaction,complete_fibre_lr,90,400,0.45,499,0.002,1
interaction,ml_residual,90,400,0.45,499,0.002,1
interaction,support_complete,91,400,0.45,499,0.002,1
interaction,generalized_cmh,91,400,0.45,499,0.002,1
interaction,complete_fibre_lr,91,400,0.45,499,0.002,1
interaction,ml_residual,91,400,0.45,499,0.002,1
interaction,support_complete,92,400,0.45,499,0.002,1
interaction,generalized_cmh,92,400,0.45,499,0.002,1
interaction,complete_fibre_lr,92,400,0.45,499,0.002,1
interaction,ml_residual,92,400,0.45,499,0.002,1
interaction,support_complete,93,400,0.45,499,0.002,1
interaction,generalized_cmh,93,400,0.45,499,0.002,1
interaction,complete_fibre_lr,93,400,0.45,499,0.002,1
interaction,ml_residual,93,400,0.45,499,0.002,1
interaction,support_complete,94,400,0.45,499,0.002,1
interaction,generalized_cmh,94,400,0.45,499,0.002,1
interaction,complete_fibre_lr,94,400,0.45,499,0.002,1
interaction,ml_residual,94,400,0.45,499,0.002,1
interaction,support_complete,95,400,0.45,499,0.002,1
interaction,generalized_cmh,95,400,0.45,499,0.002,1
interaction,complete_fibre_lr,95,400,0.45,499,0.002,1
interaction,ml_residual,95,400,0.45,499,0.018,1
interaction,support_complete,96,400,0.45,499,0.002,1
interaction,generalized_cmh,96,400,0.45,499,0.002,1
interaction,complete_fibre_lr,96,400,0.45,499,0.002,1
interaction,ml_residual,96,400,0.45,499,0.012,1
interaction,support_complete,97,400,0.45,499,0.002,1
interaction,generalized_cmh,97,400,0.45,499,0.002,1
interaction,complete_fibre_lr,97,400,0.45,499,0.002,1
interaction,ml_residual,97,400,0.45,499,0.002,1
interaction,support_complete,98,400,0.45,499,0.002,1
interaction,generalized_cmh,98,400,0.45,499,0.002,1
interaction,complete_fibre_lr,98,400,0.45,499,0.002,1
interaction,ml_residual,98,400,0.45,499,0.002,1
interaction,support_complete,99,400,0.45,499,0.002,1
interaction,generalized_cmh,99,400,0.45,499,0.002,1
interaction,complete_fibre_lr,99,400,0.45,499,0.002,1
interaction,ml_residual,99,400,0.45,499,0.002,1
interaction,support_complete,100,400,0.45,499,0.002,1
interaction,generalized_cmh,100,400,0.45,499,0.002,1
interaction,complete_fibre_lr,100,400,0.45,499,0.002,1
interaction,ml_residual,100,400,0.45,499,0.002,1
interaction,support_complete,101,400,0.45,499,0.002,1
interaction,generalized_cmh,101,400,0.45,499,0.002,1
interaction,complete_fibre_lr,101,400,0.45,499,0.002,1
interaction,ml_residual,101,400,0.45,499,0.002,1
interaction,support_complete,102,400,0.45,499,0.002,1
interaction,generalized_cmh,102,400,0.45,499,0.002,1
interaction,complete_fibre_lr,102,400,0.45,499,0.002,1
interaction,ml_residual,102,400,0.45,499,0.012,1
interaction,support_complete,103,400,0.45,499,0.002,1
interaction,generalized_cmh,103,400,0.45,499,0.002,1
interaction,complete_fibre_lr,103,400,0.45,499,0.002,1
interaction,ml_residual,103,400,0.45,499,0.002,1
interaction,support_complete,104,400,0.45,499,0.002,1
interaction,generalized_cmh,104,400,0.45,499,0.002,1
interaction,complete_fibre_lr,104,400,0.45,499,0.002,1
interaction,ml_residual,104,400,0.45,499,0.004,1
interaction,support_complete,105,400,0.45,499,0.002,1
interaction,generalized_cmh,105,400,0.45,499,0.002,1
interaction,complete_fibre_lr,105,400,0.45,499,0.002,1
interaction,ml_residual,105,400,0.45,499,0.002,1
interaction,support_complete,106,400,0.45,499,0.002,1
interaction,generalized_cmh,106,400,0.45,499,0.002,1
interaction,complete_fibre_lr,106,400,0.45,499,0.002,1
interaction,ml_residual,106,400,0.45,499,0.038,1
interaction,support_complete,107,400,0.45,499,0.002,1
interaction,generalized_cmh,107,400,0.45,499,0.002,1
interaction,complete_fibre_lr,107,400,0.45,499,0.002,1
interaction,ml_residual,107,400,0.45,499,0.002,1
interaction,support_complete,108,400,0.45,499,0.002,1
interaction,generalized_cmh,108,400,0.45,499,0.002,1
interaction,complete_fibre_lr,108,400,0.45,499,0.002,1
interaction,ml_residual,108,400,0.45,499,0.002,1
interaction,support_complete,109,400,0.45,499,0.002,1
interaction,generalized_cmh,109,400,0.45,499,0.002,1
interaction,complete_fibre_lr,109,400,0.45,499,0.002,1
interaction,ml_residual,109,400,0.45,499,0.002,1
interaction,support_complete,110,400,0.45,499,0.002,1
interaction,generalized_cmh,110,400,0.45,499,0.002,1
interaction,complete_fibre_lr,110,400,0.45,499,0.002,1
interaction,ml_residual,110,400,0.45,499,0.048,1
interaction,support_complete,111,400,0.45,499,0.002,1
interaction,generalized_cmh,111,400,0.45,499,0.002,1
interaction,complete_fibre_lr,111,400,0.45,499,0.002,1
interaction,ml_residual,111,400,0.45,499,0.002,1
interaction,support_complete,112,400,0.45,499,0.002,1
interaction,generalized_cmh,112,400,0.45,499,0.002,1
interaction,complete_fibre_lr,112,400,0.45,499,0.002,1
interaction,ml_residual,112,400,0.45,499,0.002,1
interaction,support_complete,113,400,0.45,499,0.002,1
interaction,generalized_cmh,113,400,0.45,499,0.002,1
interaction,complete_fibre_lr,113,400,0.45,499,0.002,1
interaction,ml_residual,113,400,0.45,499,0.002,1
interaction,support_complete,114,400,0.45,499,0.002,1
interaction,generalized_cmh,114,400,0.45,499,0.002,1
interaction,complete_fibre_lr,114,400,0.45,499,0.002,1
interaction,ml_residual,114,400,0.45,499,0.002,1
interaction,support_complete,115,400,0.45,499,0.002,1
interaction,generalized_cmh,115,400,0.45,499,0.002,1
interaction,complete_fibre_lr,115,400,0.45,499,0.002,1
interaction,ml_residual,115,400,0.45,499,0.002,1
interaction,support_complete,116,400,0.45,499,0.002,1
interaction,generalized_cmh,116,400,0.45,499,0.002,1
interaction,complete_fibre_lr,116,400,0.45,499,0.002,1
interaction,ml_residual,116,400,0.45,499,0.002,1
interaction,support_complete,117,400,0.45,499,0.002,1
interaction,generalized_cmh,117,400,0.45,499,0.002,1
interaction,complete_fibre_lr,117,400,0.45,499,0.002,1
interaction,ml_residual,117,400,0.45,499,0.02,1
interaction,support_complete,118,400,0.45,499,0.002,1
interaction,generalized_cmh,118,400,0.45,499,0.002,1
interaction,complete_fibre_lr,118,400,0.45,499,0.002,1
interaction,ml_residual,118,400,0.45,499,0.002,1
interaction,support_complete,119,400,0.45,499,0.002,1
interaction,generalized_cmh,119,400,0.45,499,0.002,1
interaction,complete_fibre_lr,119,400,0.45,499,0.002,1
interaction,ml_residual,119,400,0.45,499,0.002,1
interaction,support_complete,120,400,0.45,499,0.002,1
interaction,generalized_cmh,120,400,0.45,499,0.002,1
interaction,complete_fibre_lr,120,400,0.45,499,0.002,1
interaction,ml_residual,120,400,0.45,499,0.002,1
interaction,support_complete,121,400,0.45,499,0.002,1
interaction,generalized_cmh,121,400,0.45,499,0.002,1
interaction,complete_fibre_lr,121,400,0.45,499,0.002,1
interaction,ml_residual,121,400,0.45,499,0.002,1
interaction,support_complete,122,400,0.45,499,0.002,1
interaction,generalized_cmh,122,400,0.45,499,0.002,1
interaction,complete_fibre_lr,122,400,0.45,499,0.002,1
interaction,ml_residual,122,400,0.45,499,0.004,1
interaction,support_complete,123,400,0.45,499,0.002,1
interaction,generalized_cmh,123,400,0.45,499,0.002,1
interaction,complete_fibre_lr,123,400,0.45,499,0.002,1
interaction,ml_residual,123,400,0.45,499,0.002,1
interaction,support_complete,124,400,0.45,499,0.002,1
interaction,generalized_cmh,124,400,0.45,499,0.002,1
interaction,complete_fibre_lr,124,400,0.45,499,0.002,1
interaction,ml_residual,124,400,0.45,499,0.002,1
interaction,support_complete,125,400,0.45,499,0.002,1
interaction,generalized_cmh,125,400,0.45,499,0.002,1
interaction,complete_fibre_lr,125,400,0.45,499,0.002,1
interaction,ml_residual,125,400,0.45,499,0.006,1
interaction,support_complete,126,400,0.45,499,0.002,1
interaction,generalized_cmh,126,400,0.45,499,0.002,1
interaction,complete_fibre_lr,126,400,0.45,499,0.002,1
interaction,ml_residual,126,400,0.45,499,0.002,1
interaction,support_complete,127,400,0.45,499,0.002,1
interaction,generalized_cmh,127,400,0.45,499,0.002,1
interaction,complete_fibre_lr,127,400,0.45,499,0.002,1
interaction,ml_residual,127,400,0.45,499,0.002,1
interaction,support_complete,128,400,0.45,499,0.002,1
interaction,generalized_cmh,128,400,0.45,499,0.002,1
interaction,complete_fibre_lr,128,400,0.45,499,0.002,1
interaction,ml_residual,128,400,0.45,499,0.008,1
interaction,support_complete,129,400,0.45,499,0.002,1
interaction,generalized_cmh,129,400,0.45,499,0.002,1
interaction,complete_fibre_lr,129,400,0.45,499,0.002,1
interaction,ml_residual,129,400,0.45,499,0.002,1
interaction,support_complete,130,400,0.45,499,0.002,1
interaction,generalized_cmh,130,400,0.45,499,0.002,1
interaction,complete_fibre_lr,130,400,0.45,499,0.002,1
interaction,ml_residual,130,400,0.45,499,0.002,1
interaction,support_complete,131,400,0.45,499,0.002,1
interaction,generalized_cmh,131,400,0.45,499,0.002,1
interaction,complete_fibre_lr,131,400,0.45,499,0.002,1
interaction,ml_residual,131,400,0.45,499,0.004,1
interaction,support_complete,132,400,0.45,499,0.002,1
interaction,generalized_cmh,132,400,0.45,499,0.002,1
interaction,complete_fibre_lr,132,400,0.45,499,0.002,1
interaction,ml_residual,132,400,0.45,499,0.002,1
interaction,support_complete,133,400,0.45,499,0.002,1
interaction,generalized_cmh,133,400,0.45,499,0.002,1
interaction,complete_fibre_lr,133,400,0.45,499,0.002,1
interaction,ml_residual,133,400,0.45,499,0.002,1
interaction,support_complete,134,400,0.45,499,0.002,1
interaction,generalized_cmh,134,400,0.45,499,0.002,1
interaction,complete_fibre_lr,134,400,0.45,499,0.002,1
interaction,ml_residual,134,400,0.45,499,0.006,1
interaction,support_complete,135,400,0.45,499,0.002,1
interaction,generalized_cmh,135,400,0.45,499,0.002,1
interaction,complete_fibre_lr,135,400,0.45,499,0.002,1
interaction,ml_residual,135,400,0.45,499,0.002,1
interaction,support_complete,136,400,0.45,499,0.002,1
interaction,generalized_cmh,136,400,0.45,499,0.002,1
interaction,complete_fibre_lr,136,400,0.45,499,0.002,1
interaction,ml_residual,136,400,0.45,499,0.002,1
interaction,support_complete,137,400,0.45,499,0.002,1
interaction,generalized_cmh,137,400,0.45,499,0.002,1
interaction,complete_fibre_lr,137,400,0.45,499,0.002,1
interaction,ml_residual,137,400,0.45,499,0.002,1
interaction,support_complete,138,400,0.45,499,0.002,1
interaction,generalized_cmh,138,400,0.45,499,0.002,1
interaction,complete_fibre_lr,138,400,0.45,499,0.002,1
interaction,ml_residual,138,400,0.45,499,0.002,1
interaction,support_complete,139,400,0.45,499,0.002,1
interaction,generalized_cmh,139,400,0.45,499,0.002,1
interaction,complete_fibre_lr,139,400,0.45,499,0.002,1
interaction,ml_residual,139,400,0.45,499,0.002,1
interaction,support_complete,140,400,0.45,499,0.002,1
interaction,generalized_cmh,140,400,0.45,499,0.002,1
interaction,complete_fibre_lr,140,400,0.45,499,0.002,1
interaction,ml_residual,140,400,0.45,499,0.002,1
interaction,support_complete,141,400,0.45,499,0.002,1
interaction,generalized_cmh,141,400,0.45,499,0.002,1
interaction,complete_fibre_lr,141,400,0.45,499,0.002,1
interaction,ml_residual,141,400,0.45,499,0.002,1
interaction,support_complete,142,400,0.45,499,0.002,1
interaction,generalized_cmh,142,400,0.45,499,0.002,1
interaction,complete_fibre_lr,142,400,0.45,499,0.002,1
interaction,ml_residual,142,400,0.45,499,0.002,1
interaction,support_complete,143,400,0.45,499,0.002,1
interaction,generalized_cmh,143,400,0.45,499,0.002,1
interaction,complete_fibre_lr,143,400,0.45,499,0.002,1
interaction,ml_residual,143,400,0.45,499,0.002,1
interaction,support_complete,144,400,0.45,499,0.002,1
interaction,generalized_cmh,144,400,0.45,499,0.002,1
interaction,complete_fibre_lr,144,400,0.45,499,0.002,1
interaction,ml_residual,144,400,0.45,499,0.002,1
interaction,support_complete,145,400,0.45,499,0.002,1
interaction,generalized_cmh,145,400,0.45,499,0.002,1
interaction,complete_fibre_lr,145,400,0.45,499,0.002,1
interaction,ml_residual,145,400,0.45,499,0.002,1
interaction,support_complete,146,400,0.45,499,0.002,1
interaction,generalized_cmh,146,400,0.45,499,0.002,1
interaction,complete_fibre_lr,146,400,0.45,499,0.002,1
interaction,ml_residual,146,400,0.45,499,0.002,1
interaction,support_complete,147,400,0.45,499,0.002,1
interaction,generalized_cmh,147,400,0.45,499,0.002,1
interaction,complete_fibre_lr,147,400,0.45,499,0.002,1
interaction,ml_residual,147,400,0.45,499,0.002,1
interaction,support_complete,148,400,0.45,499,0.002,1
interaction,generalized_cmh,148,400,0.45,499,0.002,1
interaction,complete_fibre_lr,148,400,0.45,499,0.002,1
interaction,ml_residual,148,400,0.45,499,0.002,1
interaction,support_complete,149,400,0.45,499,0.002,1
interaction,generalized_cmh,149,400,0.45,499,0.002,1
interaction,complete_fibre_lr,149,400,0.45,499,0.002,1
interaction,ml_residual,149,400,0.45,499,0.002,1
interaction,support_complete,150,400,0.45,499,0.002,1
interaction,generalized_cmh,150,400,0.45,499,0.002,1
interaction,complete_fibre_lr,150,400,0.45,499,0.002,1
interaction,ml_residual,150,400,0.45,499,0.002,1
interaction,support_complete,151,400,0.45,499,0.002,1
interaction,generalized_cmh,151,400,0.45,499,0.002,1
interaction,complete_fibre_lr,151,400,0.45,499,0.002,1
interaction,ml_residual,151,400,0.45,499,0.002,1
interaction,support_complete,152,400,0.45,499,0.002,1
interaction,generalized_cmh,152,400,0.45,499,0.002,1
interaction,complete_fibre_lr,152,400,0.45,499,0.002,1
interaction,ml_residual,152,400,0.45,499,0.012,1
interaction,support_complete,153,400,0.45,499,0.002,1
interaction,generalized_cmh,153,400,0.45,499,0.002,1
interaction,complete_fibre_lr,153,400,0.45,499,0.002,1
interaction,ml_residual,153,400,0.45,499,0.022,1
interaction,support_complete,154,400,0.45,499,0.002,1
interaction,generalized_cmh,154,400,0.45,499,0.002,1
interaction,complete_fibre_lr,154,400,0.45,499,0.002,1
interaction,ml_residual,154,400,0.45,499,0.002,1
interaction,support_complete,155,400,0.45,499,0.002,1
interaction,generalized_cmh,155,400,0.45,499,0.002,1
interaction,complete_fibre_lr,155,400,0.45,499,0.002,1
interaction,ml_residual,155,400,0.45,499,0.002,1
interaction,support_complete,156,400,0.45,499,0.002,1
interaction,generalized_cmh,156,400,0.45,499,0.002,1
interaction,complete_fibre_lr,156,400,0.45,499,0.002,1
interaction,ml_residual,156,400,0.45,499,0.002,1
interaction,support_complete,157,400,0.45,499,0.002,1
interaction,generalized_cmh,157,400,0.45,499,0.002,1
interaction,complete_fibre_lr,157,400,0.45,499,0.002,1
interaction,ml_residual,157,400,0.45,499,0.032,1
interaction,support_complete,158,400,0.45,499,0.002,1
interaction,generalized_cmh,158,400,0.45,499,0.002,1
interaction,complete_fibre_lr,158,400,0.45,499,0.002,1
interaction,ml_residual,158,400,0.45,499,0.002,1
interaction,support_complete,159,400,0.45,499,0.002,1
interaction,generalized_cmh,159,400,0.45,499,0.002,1
interaction,complete_fibre_lr,159,400,0.45,499,0.002,1
interaction,ml_residual,159,400,0.45,499,0.002,1
interaction,support_complete,160,400,0.45,499,0.002,1
interaction,generalized_cmh,160,400,0.45,499,0.002,1
interaction,complete_fibre_lr,160,400,0.45,499,0.002,1
interaction,ml_residual,160,400,0.45,499,0.002,1
interaction,support_complete,161,400,0.45,499,0.002,1
interaction,generalized_cmh,161,400,0.45,499,0.002,1
interaction,complete_fibre_lr,161,400,0.45,499,0.002,1
interaction,ml_residual,161,400,0.45,499,0.002,1
interaction,support_complete,162,400,0.45,499,0.002,1
interaction,generalized_cmh,162,400,0.45,499,0.002,1
interaction,complete_fibre_lr,162,400,0.45,499,0.002,1
interaction,ml_residual,162,400,0.45,499,0.002,1
interaction,support_complete,163,400,0.45,499,0.002,1
interaction,generalized_cmh,163,400,0.45,499,0.002,1
interaction,complete_fibre_lr,163,400,0.45,499,0.002,1
interaction,ml_residual,163,400,0.45,499,0.004,1
interaction,support_complete,164,400,0.45,499,0.002,1
interaction,generalized_cmh,164,400,0.45,499,0.002,1
interaction,complete_fibre_lr,164,400,0.45,499,0.002,1
interaction,ml_residual,164,400,0.45,499,0.002,1
interaction,support_complete,165,400,0.45,499,0.002,1
interaction,generalized_cmh,165,400,0.45,499,0.002,1
interaction,complete_fibre_lr,165,400,0.45,499,0.002,1
interaction,ml_residual,165,400,0.45,499,0.002,1
interaction,support_complete,166,400,0.45,499,0.002,1
interaction,generalized_cmh,166,400,0.45,499,0.002,1
interaction,complete_fibre_lr,166,400,0.45,499,0.002,1
interaction,ml_residual,166,400,0.45,499,0.002,1
interaction,support_complete,167,400,0.45,499,0.002,1
interaction,generalized_cmh,167,400,0.45,499,0.002,1
interaction,complete_fibre_lr,167,400,0.45,499,0.002,1
interaction,ml_residual,167,400,0.45,499,0.002,1
interaction,support_complete,168,400,0.45,499,0.002,1
interaction,generalized_cmh,168,400,0.45,499,0.002,1
interaction,complete_fibre_lr,168,400,0.45,499,0.002,1
interaction,ml_residual,168,400,0.45,499,0.006,1
interaction,support_complete,169,400,0.45,499,0.002,1
interaction,generalized_cmh,169,400,0.45,499,0.002,1
interaction,complete_fibre_lr,169,400,0.45,499,0.002,1
interaction,ml_residual,169,400,0.45,499,0.002,1
interaction,support_complete,170,400,0.45,499,0.002,1
interaction,generalized_cmh,170,400,0.45,499,0.002,1
interaction,complete_fibre_lr,170,400,0.45,499,0.002,1
interaction,ml_residual,170,400,0.45,499,0.002,1
interaction,support_complete,171,400,0.45,499,0.002,1
interaction,generalized_cmh,171,400,0.45,499,0.002,1
interaction,complete_fibre_lr,171,400,0.45,499,0.002,1
interaction,ml_residual,171,400,0.45,499,0.002,1
interaction,support_complete,172,400,0.45,499,0.002,1
interaction,generalized_cmh,172,400,0.45,499,0.002,1
interaction,complete_fibre_lr,172,400,0.45,499,0.002,1
interaction,ml_residual,172,400,0.45,499,0.002,1
interaction,support_complete,173,400,0.45,499,0.002,1
interaction,generalized_cmh,173,400,0.45,499,0.002,1
interaction,complete_fibre_lr,173,400,0.45,499,0.002,1
interaction,ml_residual,173,400,0.45,499,0.006,1
interaction,support_complete,174,400,0.45,499,0.002,1
interaction,generalized_cmh,174,400,0.45,499,0.002,1
interaction,complete_fibre_lr,174,400,0.45,499,0.002,1
interaction,ml_residual,174,400,0.45,499,0.002,1
interaction,support_complete,175,400,0.45,499,0.002,1
interaction,generalized_cmh,175,400,0.45,499,0.002,1
interaction,complete_fibre_lr,175,400,0.45,499,0.002,1
interaction,ml_residual,175,400,0.45,499,0.002,1
interaction,support_complete,176,400,0.45,499,0.002,1
interaction,generalized_cmh,176,400,0.45,499,0.002,1
interaction,complete_fibre_lr,176,400,0.45,499,0.002,1
interaction,ml_residual,176,400,0.45,499,0.002,1
interaction,support_complete,177,400,0.45,499,0.002,1
interaction,generalized_cmh,177,400,0.45,499,0.002,1
interaction,complete_fibre_lr,177,400,0.45,499,0.002,1
interaction,ml_residual,177,400,0.45,499,0.002,1
interaction,support_complete,178,400,0.45,499,0.002,1
interaction,generalized_cmh,178,400,0.45,499,0.002,1
interaction,complete_fibre_lr,178,400,0.45,499,0.002,1
interaction,ml_residual,178,400,0.45,499,0.002,1
interaction,support_complete,179,400,0.45,499,0.002,1
interaction,generalized_cmh,179,400,0.45,499,0.002,1
interaction,complete_fibre_lr,179,400,0.45,499,0.002,1
interaction,ml_residual,179,400,0.45,499,0.002,1
interaction,support_complete,180,400,0.45,499,0.002,1
interaction,generalized_cmh,180,400,0.45,499,0.002,1
interaction,complete_fibre_lr,180,400,0.45,499,0.002,1
interaction,ml_residual,180,400,0.45,499,0.002,1
interaction,support_complete,181,400,0.45,499,0.002,1
interaction,generalized_cmh,181,400,0.45,499,0.002,1
interaction,complete_fibre_lr,181,400,0.45,499,0.002,1
interaction,ml_residual,181,400,0.45,499,0.004,1
interaction,support_complete,182,400,0.45,499,0.002,1
interaction,generalized_cmh,182,400,0.45,499,0.002,1
interaction,complete_fibre_lr,182,400,0.45,499,0.002,1
interaction,ml_residual,182,400,0.45,499,0.036,1
interaction,support_complete,183,400,0.45,499,0.002,1
interaction,generalized_cmh,183,400,0.45,499,0.002,1
interaction,complete_fibre_lr,183,400,0.45,499,0.002,1
interaction,ml_residual,183,400,0.45,499,0.008,1
interaction,support_complete,184,400,0.45,499,0.002,1
interaction,generalized_cmh,184,400,0.45,499,0.002,1
interaction,complete_fibre_lr,184,400,0.45,499,0.002,1
interaction,ml_residual,184,400,0.45,499,0.002,1
interaction,support_complete,185,400,0.45,499,0.002,1
interaction,generalized_cmh,185,400,0.45,499,0.002,1
interaction,complete_fibre_lr,185,400,0.45,499,0.002,1
interaction,ml_residual,185,400,0.45,499,0.008,1
interaction,support_complete,186,400,0.45,499,0.002,1
interaction,generalized_cmh,186,400,0.45,499,0.002,1
interaction,complete_fibre_lr,186,400,0.45,499,0.002,1
interaction,ml_residual,186,400,0.45,499,0.002,1
interaction,support_complete,187,400,0.45,499,0.002,1
interaction,generalized_cmh,187,400,0.45,499,0.002,1
interaction,complete_fibre_lr,187,400,0.45,499,0.002,1
interaction,ml_residual,187,400,0.45,499,0.002,1
interaction,support_complete,188,400,0.45,499,0.002,1
interaction,generalized_cmh,188,400,0.45,499,0.002,1
interaction,complete_fibre_lr,188,400,0.45,499,0.002,1
interaction,ml_residual,188,400,0.45,499,0.002,1
interaction,support_complete,189,400,0.45,499,0.002,1
interaction,generalized_cmh,189,400,0.45,499,0.002,1
interaction,complete_fibre_lr,189,400,0.45,499,0.002,1
interaction,ml_residual,189,400,0.45,499,0.006,1
interaction,support_complete,190,400,0.45,499,0.002,1
interaction,generalized_cmh,190,400,0.45,499,0.002,1
interaction,complete_fibre_lr,190,400,0.45,499,0.002,1
interaction,ml_residual,190,400,0.45,499,0.018,1
interaction,support_complete,191,400,0.45,499,0.002,1
interaction,generalized_cmh,191,400,0.45,499,0.002,1
interaction,complete_fibre_lr,191,400,0.45,499,0.002,1
interaction,ml_residual,191,400,0.45,499,0.002,1
interaction,support_complete,192,400,0.45,499,0.002,1
interaction,generalized_cmh,192,400,0.45,499,0.002,1
interaction,complete_fibre_lr,192,400,0.45,499,0.002,1
interaction,ml_residual,192,400,0.45,499,0.002,1
interaction,support_complete,193,400,0.45,499,0.002,1
interaction,generalized_cmh,193,400,0.45,499,0.002,1
interaction,complete_fibre_lr,193,400,0.45,499,0.002,1
interaction,ml_residual,193,400,0.45,499,0.002,1
interaction,support_complete,194,400,0.45,499,0.002,1
interaction,generalized_cmh,194,400,0.45,499,0.002,1
interaction,complete_fibre_lr,194,400,0.45,499,0.002,1
interaction,ml_residual,194,400,0.45,499,0.002,1
interaction,support_complete,195,400,0.45,499,0.002,1
interaction,generalized_cmh,195,400,0.45,499,0.002,1
interaction,complete_fibre_lr,195,400,0.45,499,0.002,1
interaction,ml_residual,195,400,0.45,499,0.002,1
interaction,support_complete,196,400,0.45,499,0.002,1
interaction,generalized_cmh,196,400,0.45,499,0.002,1
interaction,complete_fibre_lr,196,400,0.45,499,0.002,1
interaction,ml_residual,196,400,0.45,499,0.002,1
interaction,support_complete,197,400,0.45,499,0.002,1
interaction,generalized_cmh,197,400,0.45,499,0.002,1
interaction,complete_fibre_lr,197,400,0.45,499,0.002,1
interaction,ml_residual,197,400,0.45,499,0.002,1
interaction,support_complete,198,400,0.45,499,0.002,1
interaction,generalized_cmh,198,400,0.45,499,0.002,1
interaction,complete_fibre_lr,198,400,0.45,499,0.002,1
interaction,ml_residual,198,400,0.45,499,0.002,1
interaction,support_complete,199,400,0.45,499,0.002,1
interaction,generalized_cmh,199,400,0.45,499,0.002,1
interaction,complete_fibre_lr,199,400,0.45,499,0.002,1
interaction,ml_residual,199,400,0.45,499,0.002,1
interaction,support_complete,200,400,0.45,499,0.002,1
interaction,generalized_cmh,200,400,0.45,499,0.002,1
interaction,complete_fibre_lr,200,400,0.45,499,0.002,1
interaction,ml_residual,200,400,0.45,499,0.002,1
interaction,support_complete,201,400,0.45,499,0.002,1
interaction,generalized_cmh,201,400,0.45,499,0.002,1
interaction,complete_fibre_lr,201,400,0.45,499,0.002,1
interaction,ml_residual,201,400,0.45,499,0.002,1
interaction,support_complete,202,400,0.45,499,0.002,1
interaction,generalized_cmh,202,400,0.45,499,0.002,1
interaction,complete_fibre_lr,202,400,0.45,499,0.002,1
interaction,ml_residual,202,400,0.45,499,0.002,1
interaction,support_complete,203,400,0.45,499,0.002,1
interaction,generalized_cmh,203,400,0.45,499,0.002,1
interaction,complete_fibre_lr,203,400,0.45,499,0.002,1
interaction,ml_residual,203,400,0.45,499,0.002,1
interaction,support_complete,204,400,0.45,499,0.002,1
interaction,generalized_cmh,204,400,0.45,499,0.002,1
interaction,complete_fibre_lr,204,400,0.45,499,0.002,1
interaction,ml_residual,204,400,0.45,499,0.008,1
interaction,support_complete,205,400,0.45,499,0.002,1
interaction,generalized_cmh,205,400,0.45,499,0.002,1
interaction,complete_fibre_lr,205,400,0.45,499,0.002,1
interaction,ml_residual,205,400,0.45,499,0.002,1
interaction,support_complete,206,400,0.45,499,0.002,1
interaction,generalized_cmh,206,400,0.45,499,0.002,1
interaction,complete_fibre_lr,206,400,0.45,499,0.002,1
interaction,ml_residual,206,400,0.45,499,0.01,1
interaction,support_complete,207,400,0.45,499,0.002,1
interaction,generalized_cmh,207,400,0.45,499,0.002,1
interaction,complete_fibre_lr,207,400,0.45,499,0.002,1
interaction,ml_residual,207,400,0.45,499,0.002,1
interaction,support_complete,208,400,0.45,499,0.002,1
interaction,generalized_cmh,208,400,0.45,499,0.002,1
interaction,complete_fibre_lr,208,400,0.45,499,0.002,1
interaction,ml_residual,208,400,0.45,499,0.002,1
interaction,support_complete,209,400,0.45,499,0.002,1
interaction,generalized_cmh,209,400,0.45,499,0.002,1
interaction,complete_fibre_lr,209,400,0.45,499,0.002,1
interaction,ml_residual,209,400,0.45,499,0.002,1
interaction,support_complete,210,400,0.45,499,0.002,1
interaction,generalized_cmh,210,400,0.45,499,0.002,1
interaction,complete_fibre_lr,210,400,0.45,499,0.002,1
interaction,ml_residual,210,400,0.45,499,0.004,1
interaction,support_complete,211,400,0.45,499,0.002,1
interaction,generalized_cmh,211,400,0.45,499,0.002,1
interaction,complete_fibre_lr,211,400,0.45,499,0.002,1
interaction,ml_residual,211,400,0.45,499,0.002,1
interaction,support_complete,212,400,0.45,499,0.002,1
interaction,generalized_cmh,212,400,0.45,499,0.002,1
interaction,complete_fibre_lr,212,400,0.45,499,0.002,1
interaction,ml_residual,212,400,0.45,499,0.002,1
interaction,support_complete,213,400,0.45,499,0.002,1
interaction,generalized_cmh,213,400,0.45,499,0.002,1
interaction,complete_fibre_lr,213,400,0.45,499,0.002,1
interaction,ml_residual,213,400,0.45,499,0.002,1
interaction,support_complete,214,400,0.45,499,0.002,1
interaction,generalized_cmh,214,400,0.45,499,0.002,1
interaction,complete_fibre_lr,214,400,0.45,499,0.002,1
interaction,ml_residual,214,400,0.45,499,0.002,1
interaction,support_complete,215,400,0.45,499,0.002,1
interaction,generalized_cmh,215,400,0.45,499,0.002,1
interaction,complete_fibre_lr,215,400,0.45,499,0.002,1
interaction,ml_residual,215,400,0.45,499,0.002,1
interaction,support_complete,216,400,0.45,499,0.002,1
interaction,generalized_cmh,216,400,0.45,499,0.002,1
interaction,complete_fibre_lr,216,400,0.45,499,0.002,1
interaction,ml_residual,216,400,0.45,499,0.002,1
interaction,support_complete,217,400,0.45,499,0.002,1
interaction,generalized_cmh,217,400,0.45,499,0.002,1
interaction,complete_fibre_lr,217,400,0.45,499,0.002,1
interaction,ml_residual,217,400,0.45,499,0.002,1
interaction,support_complete,218,400,0.45,499,0.002,1
interaction,generalized_cmh,218,400,0.45,499,0.002,1
interaction,complete_fibre_lr,218,400,0.45,499,0.002,1
interaction,ml_residual,218,400,0.45,499,0.006,1
interaction,support_complete,219,400,0.45,499,0.002,1
interaction,generalized_cmh,219,400,0.45,499,0.002,1
interaction,complete_fibre_lr,219,400,0.45,499,0.002,1
interaction,ml_residual,219,400,0.45,499,0.002,1
interaction,support_complete,220,400,0.45,499,0.002,1
interaction,generalized_cmh,220,400,0.45,499,0.002,1
interaction,complete_fibre_lr,220,400,0.45,499,0.002,1
interaction,ml_residual,220,400,0.45,499,0.002,1
interaction,support_complete,221,400,0.45,499,0.002,1
interaction,generalized_cmh,221,400,0.45,499,0.002,1
interaction,complete_fibre_lr,221,400,0.45,499,0.002,1
interaction,ml_residual,221,400,0.45,499,0.002,1
interaction,support_complete,222,400,0.45,499,0.002,1
interaction,generalized_cmh,222,400,0.45,499,0.002,1
interaction,complete_fibre_lr,222,400,0.45,499,0.002,1
interaction,ml_residual,222,400,0.45,499,0.002,1
interaction,support_complete,223,400,0.45,499,0.002,1
interaction,generalized_cmh,223,400,0.45,499,0.002,1
interaction,complete_fibre_lr,223,400,0.45,499,0.002,1
interaction,ml_residual,223,400,0.45,499,0.002,1
interaction,support_complete,224,400,0.45,499,0.002,1
interaction,generalized_cmh,224,400,0.45,499,0.002,1
interaction,complete_fibre_lr,224,400,0.45,499,0.002,1
interaction,ml_residual,224,400,0.45,499,0.002,1
interaction,support_complete,225,400,0.45,499,0.002,1
interaction,generalized_cmh,225,400,0.45,499,0.002,1
interaction,complete_fibre_lr,225,400,0.45,499,0.002,1
interaction,ml_residual,225,400,0.45,499,0.002,1
interaction,support_complete,226,400,0.45,499,0.002,1
interaction,generalized_cmh,226,400,0.45,499,0.002,1
interaction,complete_fibre_lr,226,400,0.45,499,0.002,1
interaction,ml_residual,226,400,0.45,499,0.002,1
interaction,support_complete,227,400,0.45,499,0.002,1
interaction,generalized_cmh,227,400,0.45,499,0.002,1
interaction,complete_fibre_lr,227,400,0.45,499,0.002,1
interaction,ml_residual,227,400,0.45,499,0.002,1
interaction,support_complete,228,400,0.45,499,0.002,1
interaction,generalized_cmh,228,400,0.45,499,0.002,1
interaction,complete_fibre_lr,228,400,0.45,499,0.002,1
interaction,ml_residual,228,400,0.45,499,0.002,1
interaction,support_complete,229,400,0.45,499,0.002,1
interaction,generalized_cmh,229,400,0.45,499,0.002,1
interaction,complete_fibre_lr,229,400,0.45,499,0.002,1
interaction,ml_residual,229,400,0.45,499,0.002,1
interaction,support_complete,230,400,0.45,499,0.002,1
interaction,generalized_cmh,230,400,0.45,499,0.002,1
interaction,complete_fibre_lr,230,400,0.45,499,0.002,1
interaction,ml_residual,230,400,0.45,499,0.012,1
interaction,support_complete,231,400,0.45,499,0.002,1
interaction,generalized_cmh,231,400,0.45,499,0.002,1
interaction,complete_fibre_lr,231,400,0.45,499,0.002,1
interaction,ml_residual,231,400,0.45,499,0.002,1
interaction,support_complete,232,400,0.45,499,0.002,1
interaction,generalized_cmh,232,400,0.45,499,0.002,1
interaction,complete_fibre_lr,232,400,0.45,499,0.002,1
interaction,ml_residual,232,400,0.45,499,0.002,1
interaction,support_complete,233,400,0.45,499,0.002,1
interaction,generalized_cmh,233,400,0.45,499,0.002,1
interaction,complete_fibre_lr,233,400,0.45,499,0.002,1
interaction,ml_residual,233,400,0.45,499,0.002,1
interaction,support_complete,234,400,0.45,499,0.002,1
interaction,generalized_cmh,234,400,0.45,499,0.002,1
interaction,complete_fibre_lr,234,400,0.45,499,0.002,1
interaction,ml_residual,234,400,0.45,499,0.002,1
interaction,support_complete,235,400,0.45,499,0.002,1
interaction,generalized_cmh,235,400,0.45,499,0.002,1
interaction,complete_fibre_lr,235,400,0.45,499,0.002,1
interaction,ml_residual,235,400,0.45,499,0.002,1
interaction,support_complete,236,400,0.45,499,0.002,1
interaction,generalized_cmh,236,400,0.45,499,0.002,1
interaction,complete_fibre_lr,236,400,0.45,499,0.002,1
interaction,ml_residual,236,400,0.45,499,0.002,1
interaction,support_complete,237,400,0.45,499,0.002,1
interaction,generalized_cmh,237,400,0.45,499,0.002,1
interaction,complete_fibre_lr,237,400,0.45,499,0.002,1
interaction,ml_residual,237,400,0.45,499,0.004,1
interaction,support_complete,238,400,0.45,499,0.002,1
interaction,generalized_cmh,238,400,0.45,499,0.002,1
interaction,complete_fibre_lr,238,400,0.45,499,0.002,1
interaction,ml_residual,238,400,0.45,499,0.004,1
interaction,support_complete,239,400,0.45,499,0.002,1
interaction,generalized_cmh,239,400,0.45,499,0.002,1
interaction,complete_fibre_lr,239,400,0.45,499,0.002,1
interaction,ml_residual,239,400,0.45,499,0.024,1
interaction,support_complete,240,400,0.45,499,0.002,1
interaction,generalized_cmh,240,400,0.45,499,0.002,1
interaction,complete_fibre_lr,240,400,0.45,499,0.002,1
interaction,ml_residual,240,400,0.45,499,0.002,1
interaction,support_complete,241,400,0.45,499,0.002,1
interaction,generalized_cmh,241,400,0.45,499,0.002,1
interaction,complete_fibre_lr,241,400,0.45,499,0.002,1
interaction,ml_residual,241,400,0.45,499,0.004,1
interaction,support_complete,242,400,0.45,499,0.002,1
interaction,generalized_cmh,242,400,0.45,499,0.002,1
interaction,complete_fibre_lr,242,400,0.45,499,0.002,1
interaction,ml_residual,242,400,0.45,499,0.006,1
interaction,support_complete,243,400,0.45,499,0.002,1
interaction,generalized_cmh,243,400,0.45,499,0.002,1
interaction,complete_fibre_lr,243,400,0.45,499,0.002,1
interaction,ml_residual,243,400,0.45,499,0.002,1
interaction,support_complete,244,400,0.45,499,0.002,1
interaction,generalized_cmh,244,400,0.45,499,0.002,1
interaction,complete_fibre_lr,244,400,0.45,499,0.002,1
interaction,ml_residual,244,400,0.45,499,0.002,1
interaction,support_complete,245,400,0.45,499,0.002,1
interaction,generalized_cmh,245,400,0.45,499,0.002,1
interaction,complete_fibre_lr,245,400,0.45,499,0.002,1
interaction,ml_residual,245,400,0.45,499,0.002,1
interaction,support_complete,246,400,0.45,499,0.002,1
interaction,generalized_cmh,246,400,0.45,499,0.002,1
interaction,complete_fibre_lr,246,400,0.45,499,0.002,1
interaction,ml_residual,246,400,0.45,499,0.002,1
interaction,support_complete,247,400,0.45,499,0.002,1
interaction,generalized_cmh,247,400,0.45,499,0.002,1
interaction,complete_fibre_lr,247,400,0.45,499,0.002,1
interaction,ml_residual,247,400,0.45,499,0.006,1
interaction,support_complete,248,400,0.45,499,0.002,1
interaction,generalized_cmh,248,400,0.45,499,0.002,1
interaction,complete_fibre_lr,248,400,0.45,499,0.002,1
interaction,ml_residual,248,400,0.45,499,0.002,1
interaction,support_complete,249,400,0.45,499,0.002,1
interaction,generalized_cmh,249,400,0.45,499,0.002,1
interaction,complete_fibre_lr,249,400,0.45,499,0.002,1
interaction,ml_residual,249,400,0.45,499,0.006,1
interaction,support_complete,250,400,0.45,499,0.002,1
interaction,generalized_cmh,250,400,0.45,499,0.002,1
interaction,complete_fibre_lr,250,400,0.45,499,0.002,1
interaction,ml_residual,250,400,0.45,499,0.054,0
interaction,support_complete,251,400,0.45,499,0.002,1
interaction,generalized_cmh,251,400,0.45,499,0.002,1
interaction,complete_fibre_lr,251,400,0.45,499,0.002,1
interaction,ml_residual,251,400,0.45,499,0.002,1
interaction,support_complete,252,400,0.45,499,0.002,1
interaction,generalized_cmh,252,400,0.45,499,0.002,1
interaction,complete_fibre_lr,252,400,0.45,499,0.002,1
interaction,ml_residual,252,400,0.45,499,0.002,1
interaction,support_complete,253,400,0.45,499,0.002,1
interaction,generalized_cmh,253,400,0.45,499,0.002,1
interaction,complete_fibre_lr,253,400,0.45,499,0.002,1
interaction,ml_residual,253,400,0.45,499,0.002,1
interaction,support_complete,254,400,0.45,499,0.002,1
interaction,generalized_cmh,254,400,0.45,499,0.002,1
interaction,complete_fibre_lr,254,400,0.45,499,0.002,1
interaction,ml_residual,254,400,0.45,499,0.014,1
interaction,support_complete,255,400,0.45,499,0.002,1
interaction,generalized_cmh,255,400,0.45,499,0.002,1
interaction,complete_fibre_lr,255,400,0.45,499,0.002,1
interaction,ml_residual,255,400,0.45,499,0.002,1
interaction,support_complete,256,400,0.45,499,0.002,1
interaction,generalized_cmh,256,400,0.45,499,0.002,1
interaction,complete_fibre_lr,256,400,0.45,499,0.002,1
interaction,ml_residual,256,400,0.45,499,0.002,1
interaction,support_complete,257,400,0.45,499,0.002,1
interaction,generalized_cmh,257,400,0.45,499,0.002,1
interaction,complete_fibre_lr,257,400,0.45,499,0.002,1
interaction,ml_residual,257,400,0.45,499,0.004,1
interaction,support_complete,258,400,0.45,499,0.002,1
interaction,generalized_cmh,258,400,0.45,499,0.002,1
interaction,complete_fibre_lr,258,400,0.45,499,0.002,1
interaction,ml_residual,258,400,0.45,499,0.002,1
interaction,support_complete,259,400,0.45,499,0.002,1
interaction,generalized_cmh,259,400,0.45,499,0.002,1
interaction,complete_fibre_lr,259,400,0.45,499,0.002,1
interaction,ml_residual,259,400,0.45,499,0.002,1
interaction,support_complete,260,400,0.45,499,0.002,1
interaction,generalized_cmh,260,400,0.45,499,0.002,1
interaction,complete_fibre_lr,260,400,0.45,499,0.002,1
interaction,ml_residual,260,400,0.45,499,0.002,1
interaction,support_complete,261,400,0.45,499,0.002,1
interaction,generalized_cmh,261,400,0.45,499,0.002,1
interaction,complete_fibre_lr,261,400,0.45,499,0.002,1
interaction,ml_residual,261,400,0.45,499,0.002,1
interaction,support_complete,262,400,0.45,499,0.002,1
interaction,generalized_cmh,262,400,0.45,499,0.002,1
interaction,complete_fibre_lr,262,400,0.45,499,0.002,1
interaction,ml_residual,262,400,0.45,499,0.002,1
interaction,support_complete,263,400,0.45,499,0.002,1
interaction,generalized_cmh,263,400,0.45,499,0.002,1
interaction,complete_fibre_lr,263,400,0.45,499,0.002,1
interaction,ml_residual,263,400,0.45,499,0.002,1
interaction,support_complete,264,400,0.45,499,0.002,1
interaction,generalized_cmh,264,400,0.45,499,0.002,1
interaction,complete_fibre_lr,264,400,0.45,499,0.002,1
interaction,ml_residual,264,400,0.45,499,0.002,1
interaction,support_complete,265,400,0.45,499,0.002,1
interaction,generalized_cmh,265,400,0.45,499,0.002,1
interaction,complete_fibre_lr,265,400,0.45,499,0.002,1
interaction,ml_residual,265,400,0.45,499,0.002,1
interaction,support_complete,266,400,0.45,499,0.002,1
interaction,generalized_cmh,266,400,0.45,499,0.002,1
interaction,complete_fibre_lr,266,400,0.45,499,0.002,1
interaction,ml_residual,266,400,0.45,499,0.004,1
interaction,support_complete,267,400,0.45,499,0.002,1
interaction,generalized_cmh,267,400,0.45,499,0.002,1
interaction,complete_fibre_lr,267,400,0.45,499,0.002,1
interaction,ml_residual,267,400,0.45,499,0.002,1
interaction,support_complete,268,400,0.45,499,0.002,1
interaction,generalized_cmh,268,400,0.45,499,0.002,1
interaction,complete_fibre_lr,268,400,0.45,499,0.002,1
interaction,ml_residual,268,400,0.45,499,0.002,1
interaction,support_complete,269,400,0.45,499,0.002,1
interaction,generalized_cmh,269,400,0.45,499,0.002,1
interaction,complete_fibre_lr,269,400,0.45,499,0.002,1
interaction,ml_residual,269,400,0.45,499,0.002,1
interaction,support_complete,270,400,0.45,499,0.002,1
interaction,generalized_cmh,270,400,0.45,499,0.002,1
interaction,complete_fibre_lr,270,400,0.45,499,0.002,1
interaction,ml_residual,270,400,0.45,499,0.002,1
interaction,support_complete,271,400,0.45,499,0.002,1
interaction,generalized_cmh,271,400,0.45,499,0.002,1
interaction,complete_fibre_lr,271,400,0.45,499,0.002,1
interaction,ml_residual,271,400,0.45,499,0.002,1
interaction,support_complete,272,400,0.45,499,0.002,1
interaction,generalized_cmh,272,400,0.45,499,0.002,1
interaction,complete_fibre_lr,272,400,0.45,499,0.002,1
interaction,ml_residual,272,400,0.45,499,0.004,1
interaction,support_complete,273,400,0.45,499,0.002,1
interaction,generalized_cmh,273,400,0.45,499,0.002,1
interaction,complete_fibre_lr,273,400,0.45,499,0.002,1
interaction,ml_residual,273,400,0.45,499,0.002,1
interaction,support_complete,274,400,0.45,499,0.002,1
interaction,generalized_cmh,274,400,0.45,499,0.002,1
interaction,complete_fibre_lr,274,400,0.45,499,0.002,1
interaction,ml_residual,274,400,0.45,499,0.002,1
interaction,support_complete,275,400,0.45,499,0.002,1
interaction,generalized_cmh,275,400,0.45,499,0.002,1
interaction,complete_fibre_lr,275,400,0.45,499,0.002,1
interaction,ml_residual,275,400,0.45,499,0.002,1
interaction,support_complete,276,400,0.45,499,0.002,1
interaction,generalized_cmh,276,400,0.45,499,0.002,1
interaction,complete_fibre_lr,276,400,0.45,499,0.002,1
interaction,ml_residual,276,400,0.45,499,0.002,1
interaction,support_complete,277,400,0.45,499,0.002,1
interaction,generalized_cmh,277,400,0.45,499,0.002,1
interaction,complete_fibre_lr,277,400,0.45,499,0.002,1
interaction,ml_residual,277,400,0.45,499,0.002,1
interaction,support_complete,278,400,0.45,499,0.002,1
interaction,generalized_cmh,278,400,0.45,499,0.002,1
interaction,complete_fibre_lr,278,400,0.45,499,0.002,1
interaction,ml_residual,278,400,0.45,499,0.002,1
interaction,support_complete,279,400,0.45,499,0.002,1
interaction,generalized_cmh,279,400,0.45,499,0.002,1
interaction,complete_fibre_lr,279,400,0.45,499,0.002,1
interaction,ml_residual,279,400,0.45,499,0.002,1
interaction,support_complete,280,400,0.45,499,0.002,1
interaction,generalized_cmh,280,400,0.45,499,0.002,1
interaction,complete_fibre_lr,280,400,0.45,499,0.002,1
interaction,ml_residual,280,400,0.45,499,0.002,1
interaction,support_complete,281,400,0.45,499,0.002,1
interaction,generalized_cmh,281,400,0.45,499,0.002,1
interaction,complete_fibre_lr,281,400,0.45,499,0.002,1
interaction,ml_residual,281,400,0.45,499,0.002,1
interaction,support_complete,282,400,0.45,499,0.002,1
interaction,generalized_cmh,282,400,0.45,499,0.002,1
interaction,complete_fibre_lr,282,400,0.45,499,0.002,1
interaction,ml_residual,282,400,0.45,499,0.002,1
interaction,support_complete,283,400,0.45,499,0.002,1
interaction,generalized_cmh,283,400,0.45,499,0.002,1
interaction,complete_fibre_lr,283,400,0.45,499,0.002,1
interaction,ml_residual,283,400,0.45,499,0.002,1
interaction,support_complete,284,400,0.45,499,0.002,1
interaction,generalized_cmh,284,400,0.45,499,0.002,1
interaction,complete_fibre_lr,284,400,0.45,499,0.002,1
interaction,ml_residual,284,400,0.45,499,0.008,1
interaction,support_complete,285,400,0.45,499,0.002,1
interaction,generalized_cmh,285,400,0.45,499,0.002,1
interaction,complete_fibre_lr,285,400,0.45,499,0.002,1
interaction,ml_residual,285,400,0.45,499,0.002,1
interaction,support_complete,286,400,0.45,499,0.002,1
interaction,generalized_cmh,286,400,0.45,499,0.002,1
interaction,complete_fibre_lr,286,400,0.45,499,0.002,1
interaction,ml_residual,286,400,0.45,499,0.002,1
interaction,support_complete,287,400,0.45,499,0.002,1
interaction,generalized_cmh,287,400,0.45,499,0.002,1
interaction,complete_fibre_lr,287,400,0.45,499,0.002,1
interaction,ml_residual,287,400,0.45,499,0.002,1
interaction,support_complete,288,400,0.45,499,0.002,1
interaction,generalized_cmh,288,400,0.45,499,0.002,1
interaction,complete_fibre_lr,288,400,0.45,499,0.002,1
interaction,ml_residual,288,400,0.45,499,0.004,1
interaction,support_complete,289,400,0.45,499,0.002,1
interaction,generalized_cmh,289,400,0.45,499,0.002,1
interaction,complete_fibre_lr,289,400,0.45,499,0.002,1
interaction,ml_residual,289,400,0.45,499,0.002,1
interaction,support_complete,290,400,0.45,499,0.002,1
interaction,generalized_cmh,290,400,0.45,499,0.002,1
interaction,complete_fibre_lr,290,400,0.45,499,0.002,1
interaction,ml_residual,290,400,0.45,499,0.002,1
interaction,support_complete,291,400,0.45,499,0.002,1
interaction,generalized_cmh,291,400,0.45,499,0.002,1
interaction,complete_fibre_lr,291,400,0.45,499,0.002,1
interaction,ml_residual,291,400,0.45,499,0.002,1
interaction,support_complete,292,400,0.45,499,0.002,1
interaction,generalized_cmh,292,400,0.45,499,0.002,1
interaction,complete_fibre_lr,292,400,0.45,499,0.002,1
interaction,ml_residual,292,400,0.45,499,0.002,1
interaction,support_complete,293,400,0.45,499,0.002,1
interaction,generalized_cmh,293,400,0.45,499,0.002,1
interaction,complete_fibre_lr,293,400,0.45,499,0.002,1
interaction,ml_residual,293,400,0.45,499,0.002,1
interaction,support_complete,294,400,0.45,499,0.002,1
interaction,generalized_cmh,294,400,0.45,499,0.002,1
interaction,complete_fibre_lr,294,400,0.45,499,0.002,1
interaction,ml_residual,294,400,0.45,499,0.012,1
interaction,support_complete,295,400,0.45,499,0.002,1
interaction,generalized_cmh,295,400,0.45,499,0.002,1
interaction,complete_fibre_lr,295,400,0.45,499,0.002,1
interaction,ml_residual,295,400,0.45,499,0.002,1
interaction,support_complete,296,400,0.45,499,0.002,1
interaction,generalized_cmh,296,400,0.45,499,0.002,1
interaction,complete_fibre_lr,296,400,0.45,499,0.002,1
interaction,ml_residual,296,400,0.45,499,0.006,1
interaction,support_complete,297,400,0.45,499,0.002,1
interaction,generalized_cmh,297,400,0.45,499,0.002,1
interaction,complete_fibre_lr,297,400,0.45,499,0.002,1
interaction,ml_residual,297,400,0.45,499,0.002,1
interaction,support_complete,298,400,0.45,499,0.002,1
interaction,generalized_cmh,298,400,0.45,499,0.002,1
interaction,complete_fibre_lr,298,400,0.45,499,0.002,1
interaction,ml_residual,298,400,0.45,499,0.012,1
interaction,support_complete,299,400,0.45,499,0.002,1
interaction,generalized_cmh,299,400,0.45,499,0.002,1
interaction,complete_fibre_lr,299,400,0.45,499,0.002,1
interaction,ml_residual,299,400,0.45,499,0.002,1
interaction,support_complete,300,400,0.45,499,0.002,1
interaction,generalized_cmh,300,400,0.45,499,0.002,1
interaction,complete_fibre_lr,300,400,0.45,499,0.002,1
interaction,ml_residual,300,400,0.45,499,0.002,1
interaction,support_complete,301,400,0.45,499,0.002,1
interaction,generalized_cmh,301,400,0.45,499,0.002,1
interaction,complete_fibre_lr,301,400,0.45,499,0.002,1
interaction,ml_residual,301,400,0.45,499,0.036,1
interaction,support_complete,302,400,0.45,499,0.002,1
interaction,generalized_cmh,302,400,0.45,499,0.002,1
interaction,complete_fibre_lr,302,400,0.45,499,0.002,1
interaction,ml_residual,302,400,0.45,499,0.002,1
interaction,support_complete,303,400,0.45,499,0.002,1
interaction,generalized_cmh,303,400,0.45,499,0.002,1
interaction,complete_fibre_lr,303,400,0.45,499,0.002,1
interaction,ml_residual,303,400,0.45,499,0.002,1
interaction,support_complete,304,400,0.45,499,0.002,1
interaction,generalized_cmh,304,400,0.45,499,0.002,1
interaction,complete_fibre_lr,304,400,0.45,499,0.002,1
interaction,ml_residual,304,400,0.45,499,0.002,1
interaction,support_complete,305,400,0.45,499,0.002,1
interaction,generalized_cmh,305,400,0.45,499,0.002,1
interaction,complete_fibre_lr,305,400,0.45,499,0.002,1
interaction,ml_residual,305,400,0.45,499,0.004,1
interaction,support_complete,306,400,0.45,499,0.002,1
interaction,generalized_cmh,306,400,0.45,499,0.002,1
interaction,complete_fibre_lr,306,400,0.45,499,0.002,1
interaction,ml_residual,306,400,0.45,499,0.002,1
interaction,support_complete,307,400,0.45,499,0.002,1
interaction,generalized_cmh,307,400,0.45,499,0.002,1
interaction,complete_fibre_lr,307,400,0.45,499,0.002,1
interaction,ml_residual,307,400,0.45,499,0.002,1
interaction,support_complete,308,400,0.45,499,0.002,1
interaction,generalized_cmh,308,400,0.45,499,0.002,1
interaction,complete_fibre_lr,308,400,0.45,499,0.002,1
interaction,ml_residual,308,400,0.45,499,0.002,1
interaction,support_complete,309,400,0.45,499,0.002,1
interaction,generalized_cmh,309,400,0.45,499,0.002,1
interaction,complete_fibre_lr,309,400,0.45,499,0.002,1
interaction,ml_residual,309,400,0.45,499,0.004,1
interaction,support_complete,310,400,0.45,499,0.002,1
interaction,generalized_cmh,310,400,0.45,499,0.002,1
interaction,complete_fibre_lr,310,400,0.45,499,0.002,1
interaction,ml_residual,310,400,0.45,499,0.002,1
interaction,support_complete,311,400,0.45,499,0.002,1
interaction,generalized_cmh,311,400,0.45,499,0.002,1
interaction,complete_fibre_lr,311,400,0.45,499,0.002,1
interaction,ml_residual,311,400,0.45,499,0.002,1
interaction,support_complete,312,400,0.45,499,0.002,1
interaction,generalized_cmh,312,400,0.45,499,0.002,1
interaction,complete_fibre_lr,312,400,0.45,499,0.002,1
interaction,ml_residual,312,400,0.45,499,0.002,1
interaction,support_complete,313,400,0.45,499,0.002,1
interaction,generalized_cmh,313,400,0.45,499,0.002,1
interaction,complete_fibre_lr,313,400,0.45,499,0.002,1
interaction,ml_residual,313,400,0.45,499,0.032,1
interaction,support_complete,314,400,0.45,499,0.002,1
interaction,generalized_cmh,314,400,0.45,499,0.002,1
interaction,complete_fibre_lr,314,400,0.45,499,0.002,1
interaction,ml_residual,314,400,0.45,499,0.002,1
interaction,support_complete,315,400,0.45,499,0.002,1
interaction,generalized_cmh,315,400,0.45,499,0.002,1
interaction,complete_fibre_lr,315,400,0.45,499,0.002,1
interaction,ml_residual,315,400,0.45,499,0.002,1
interaction,support_complete,316,400,0.45,499,0.002,1
interaction,generalized_cmh,316,400,0.45,499,0.002,1
interaction,complete_fibre_lr,316,400,0.45,499,0.002,1
interaction,ml_residual,316,400,0.45,499,0.002,1
interaction,support_complete,317,400,0.45,499,0.002,1
interaction,generalized_cmh,317,400,0.45,499,0.002,1
interaction,complete_fibre_lr,317,400,0.45,499,0.002,1
interaction,ml_residual,317,400,0.45,499,0.002,1
interaction,support_complete,318,400,0.45,499,0.002,1
interaction,generalized_cmh,318,400,0.45,499,0.002,1
interaction,complete_fibre_lr,318,400,0.45,499,0.002,1
interaction,ml_residual,318,400,0.45,499,0.002,1
interaction,support_complete,319,400,0.45,499,0.002,1
interaction,generalized_cmh,319,400,0.45,499,0.002,1
interaction,complete_fibre_lr,319,400,0.45,499,0.002,1
interaction,ml_residual,319,400,0.45,499,0.002,1
interaction,support_complete,320,400,0.45,499,0.002,1
interaction,generalized_cmh,320,400,0.45,499,0.002,1
interaction,complete_fibre_lr,320,400,0.45,499,0.002,1
interaction,ml_residual,320,400,0.45,499,0.002,1
interaction,support_complete,321,400,0.45,499,0.002,1
interaction,generalized_cmh,321,400,0.45,499,0.002,1
interaction,complete_fibre_lr,321,400,0.45,499,0.002,1
interaction,ml_residual,321,400,0.45,499,0.002,1
interaction,support_complete,322,400,0.45,499,0.002,1
interaction,generalized_cmh,322,400,0.45,499,0.002,1
interaction,complete_fibre_lr,322,400,0.45,499,0.002,1
interaction,ml_residual,322,400,0.45,499,0.002,1
interaction,support_complete,323,400,0.45,499,0.002,1
interaction,generalized_cmh,323,400,0.45,499,0.002,1
interaction,complete_fibre_lr,323,400,0.45,499,0.002,1
interaction,ml_residual,323,400,0.45,499,0.048,1
interaction,support_complete,324,400,0.45,499,0.002,1
interaction,generalized_cmh,324,400,0.45,499,0.002,1
interaction,complete_fibre_lr,324,400,0.45,499,0.002,1
interaction,ml_residual,324,400,0.45,499,0.006,1
interaction,support_complete,325,400,0.45,499,0.002,1
interaction,generalized_cmh,325,400,0.45,499,0.002,1
interaction,complete_fibre_lr,325,400,0.45,499,0.002,1
interaction,ml_residual,325,400,0.45,499,0.002,1
interaction,support_complete,326,400,0.45,499,0.002,1
interaction,generalized_cmh,326,400,0.45,499,0.002,1
interaction,complete_fibre_lr,326,400,0.45,499,0.002,1
interaction,ml_residual,326,400,0.45,499,0.002,1
interaction,support_complete,327,400,0.45,499,0.002,1
interaction,generalized_cmh,327,400,0.45,499,0.002,1
interaction,complete_fibre_lr,327,400,0.45,499,0.002,1
interaction,ml_residual,327,400,0.45,499,0.002,1
interaction,support_complete,328,400,0.45,499,0.002,1
interaction,generalized_cmh,328,400,0.45,499,0.002,1
interaction,complete_fibre_lr,328,400,0.45,499,0.002,1
interaction,ml_residual,328,400,0.45,499,0.002,1
interaction,support_complete,329,400,0.45,499,0.002,1
interaction,generalized_cmh,329,400,0.45,499,0.002,1
interaction,complete_fibre_lr,329,400,0.45,499,0.002,1
interaction,ml_residual,329,400,0.45,499,0.002,1
interaction,support_complete,330,400,0.45,499,0.002,1
interaction,generalized_cmh,330,400,0.45,499,0.002,1
interaction,complete_fibre_lr,330,400,0.45,499,0.002,1
interaction,ml_residual,330,400,0.45,499,0.002,1
interaction,support_complete,331,400,0.45,499,0.002,1
interaction,generalized_cmh,331,400,0.45,499,0.002,1
interaction,complete_fibre_lr,331,400,0.45,499,0.002,1
interaction,ml_residual,331,400,0.45,499,0.002,1
interaction,support_complete,332,400,0.45,499,0.002,1
interaction,generalized_cmh,332,400,0.45,499,0.002,1
interaction,complete_fibre_lr,332,400,0.45,499,0.002,1
interaction,ml_residual,332,400,0.45,499,0.002,1
interaction,support_complete,333,400,0.45,499,0.002,1
interaction,generalized_cmh,333,400,0.45,499,0.002,1
interaction,complete_fibre_lr,333,400,0.45,499,0.002,1
interaction,ml_residual,333,400,0.45,499,0.002,1
interaction,support_complete,334,400,0.45,499,0.002,1
interaction,generalized_cmh,334,400,0.45,499,0.002,1
interaction,complete_fibre_lr,334,400,0.45,499,0.002,1
interaction,ml_residual,334,400,0.45,499,0.002,1
interaction,support_complete,335,400,0.45,499,0.002,1
interaction,generalized_cmh,335,400,0.45,499,0.002,1
interaction,complete_fibre_lr,335,400,0.45,499,0.002,1
interaction,ml_residual,335,400,0.45,499,0.002,1
interaction,support_complete,336,400,0.45,499,0.002,1
interaction,generalized_cmh,336,400,0.45,499,0.002,1
interaction,complete_fibre_lr,336,400,0.45,499,0.002,1
interaction,ml_residual,336,400,0.45,499,0.002,1
interaction,support_complete,337,400,0.45,499,0.002,1
interaction,generalized_cmh,337,400,0.45,499,0.002,1
interaction,complete_fibre_lr,337,400,0.45,499,0.002,1
interaction,ml_residual,337,400,0.45,499,0.006,1
interaction,support_complete,338,400,0.45,499,0.002,1
interaction,generalized_cmh,338,400,0.45,499,0.002,1
interaction,complete_fibre_lr,338,400,0.45,499,0.002,1
interaction,ml_residual,338,400,0.45,499,0.004,1
interaction,support_complete,339,400,0.45,499,0.002,1
interaction,generalized_cmh,339,400,0.45,499,0.002,1
interaction,complete_fibre_lr,339,400,0.45,499,0.002,1
interaction,ml_residual,339,400,0.45,499,0.002,1
interaction,support_complete,340,400,0.45,499,0.002,1
interaction,generalized_cmh,340,400,0.45,499,0.002,1
interaction,complete_fibre_lr,340,400,0.45,499,0.002,1
interaction,ml_residual,340,400,0.45,499,0.002,1
interaction,support_complete,341,400,0.45,499,0.002,1
interaction,generalized_cmh,341,400,0.45,499,0.002,1
interaction,complete_fibre_lr,341,400,0.45,499,0.002,1
interaction,ml_residual,341,400,0.45,499,0.002,1
interaction,support_complete,342,400,0.45,499,0.002,1
interaction,generalized_cmh,342,400,0.45,499,0.002,1
interaction,complete_fibre_lr,342,400,0.45,499,0.002,1
interaction,ml_residual,342,400,0.45,499,0.002,1
interaction,support_complete,343,400,0.45,499,0.002,1
interaction,generalized_cmh,343,400,0.45,499,0.002,1
interaction,complete_fibre_lr,343,400,0.45,499,0.002,1
interaction,ml_residual,343,400,0.45,499,0.002,1
interaction,support_complete,344,400,0.45,499,0.002,1
interaction,generalized_cmh,344,400,0.45,499,0.002,1
interaction,complete_fibre_lr,344,400,0.45,499,0.002,1
interaction,ml_residual,344,400,0.45,499,0.002,1
interaction,support_complete,345,400,0.45,499,0.002,1
interaction,generalized_cmh,345,400,0.45,499,0.002,1
interaction,complete_fibre_lr,345,400,0.45,499,0.002,1
interaction,ml_residual,345,400,0.45,499,0.002,1
interaction,support_complete,346,400,0.45,499,0.002,1
interaction,generalized_cmh,346,400,0.45,499,0.002,1
interaction,complete_fibre_lr,346,400,0.45,499,0.002,1
interaction,ml_residual,346,400,0.45,499,0.002,1
interaction,support_complete,347,400,0.45,499,0.002,1
interaction,generalized_cmh,347,400,0.45,499,0.002,1
interaction,complete_fibre_lr,347,400,0.45,499,0.002,1
interaction,ml_residual,347,400,0.45,499,0.002,1
interaction,support_complete,348,400,0.45,499,0.002,1
interaction,generalized_cmh,348,400,0.45,499,0.002,1
interaction,complete_fibre_lr,348,400,0.45,499,0.002,1
interaction,ml_residual,348,400,0.45,499,0.008,1
interaction,support_complete,349,400,0.45,499,0.002,1
interaction,generalized_cmh,349,400,0.45,499,0.002,1
interaction,complete_fibre_lr,349,400,0.45,499,0.002,1
interaction,ml_residual,349,400,0.45,499,0.002,1
interaction,support_complete,350,400,0.45,499,0.002,1
interaction,generalized_cmh,350,400,0.45,499,0.002,1
interaction,complete_fibre_lr,350,400,0.45,499,0.002,1
interaction,ml_residual,350,400,0.45,499,0.002,1
interaction,support_complete,351,400,0.45,499,0.002,1
interaction,generalized_cmh,351,400,0.45,499,0.002,1
interaction,complete_fibre_lr,351,400,0.45,499,0.002,1
interaction,ml_residual,351,400,0.45,499,0.002,1
interaction,support_complete,352,400,0.45,499,0.002,1
interaction,generalized_cmh,352,400,0.45,499,0.002,1
interaction,complete_fibre_lr,352,400,0.45,499,0.002,1
interaction,ml_residual,352,400,0.45,499,0.002,1
interaction,support_complete,353,400,0.45,499,0.002,1
interaction,generalized_cmh,353,400,0.45,499,0.002,1
interaction,complete_fibre_lr,353,400,0.45,499,0.002,1
interaction,ml_residual,353,400,0.45,499,0.008,1
interaction,support_complete,354,400,0.45,499,0.002,1
interaction,generalized_cmh,354,400,0.45,499,0.002,1
interaction,complete_fibre_lr,354,400,0.45,499,0.002,1
interaction,ml_residual,354,400,0.45,499,0.004,1
interaction,support_complete,355,400,0.45,499,0.002,1
interaction,generalized_cmh,355,400,0.45,499,0.002,1
interaction,complete_fibre_lr,355,400,0.45,499,0.002,1
interaction,ml_residual,355,400,0.45,499,0.01,1
interaction,support_complete,356,400,0.45,499,0.002,1
interaction,generalized_cmh,356,400,0.45,499,0.002,1
interaction,complete_fibre_lr,356,400,0.45,499,0.002,1
interaction,ml_residual,356,400,0.45,499,0.002,1
interaction,support_complete,357,400,0.45,499,0.002,1
interaction,generalized_cmh,357,400,0.45,499,0.002,1
interaction,complete_fibre_lr,357,400,0.45,499,0.002,1
interaction,ml_residual,357,400,0.45,499,0.002,1
interaction,support_complete,358,400,0.45,499,0.002,1
interaction,generalized_cmh,358,400,0.45,499,0.002,1
interaction,complete_fibre_lr,358,400,0.45,499,0.002,1
interaction,ml_residual,358,400,0.45,499,0.002,1
interaction,support_complete,359,400,0.45,499,0.002,1
interaction,generalized_cmh,359,400,0.45,499,0.002,1
interaction,complete_fibre_lr,359,400,0.45,499,0.002,1
interaction,ml_residual,359,400,0.45,499,0.002,1
interaction,support_complete,360,400,0.45,499,0.002,1
interaction,generalized_cmh,360,400,0.45,499,0.002,1
interaction,complete_fibre_lr,360,400,0.45,499,0.002,1
interaction,ml_residual,360,400,0.45,499,0.004,1
interaction,support_complete,361,400,0.45,499,0.002,1
interaction,generalized_cmh,361,400,0.45,499,0.002,1
interaction,complete_fibre_lr,361,400,0.45,499,0.002,1
interaction,ml_residual,361,400,0.45,499,0.004,1
interaction,support_complete,362,400,0.45,499,0.002,1
interaction,generalized_cmh,362,400,0.45,499,0.002,1
interaction,complete_fibre_lr,362,400,0.45,499,0.002,1
interaction,ml_residual,362,400,0.45,499,0.004,1
interaction,support_complete,363,400,0.45,499,0.002,1
interaction,generalized_cmh,363,400,0.45,499,0.002,1
interaction,complete_fibre_lr,363,400,0.45,499,0.002,1
interaction,ml_residual,363,400,0.45,499,0.002,1
interaction,support_complete,364,400,0.45,499,0.002,1
interaction,generalized_cmh,364,400,0.45,499,0.002,1
interaction,complete_fibre_lr,364,400,0.45,499,0.002,1
interaction,ml_residual,364,400,0.45,499,0.002,1
interaction,support_complete,365,400,0.45,499,0.002,1
interaction,generalized_cmh,365,400,0.45,499,0.002,1
interaction,complete_fibre_lr,365,400,0.45,499,0.002,1
interaction,ml_residual,365,400,0.45,499,0.002,1
interaction,support_complete,366,400,0.45,499,0.002,1
interaction,generalized_cmh,366,400,0.45,499,0.002,1
interaction,complete_fibre_lr,366,400,0.45,499,0.002,1
interaction,ml_residual,366,400,0.45,499,0.002,1
interaction,support_complete,367,400,0.45,499,0.002,1
interaction,generalized_cmh,367,400,0.45,499,0.002,1
interaction,complete_fibre_lr,367,400,0.45,499,0.002,1
interaction,ml_residual,367,400,0.45,499,0.006,1
interaction,support_complete,368,400,0.45,499,0.002,1
interaction,generalized_cmh,368,400,0.45,499,0.002,1
interaction,complete_fibre_lr,368,400,0.45,499,0.002,1
interaction,ml_residual,368,400,0.45,499,0.002,1
interaction,support_complete,369,400,0.45,499,0.002,1
interaction,generalized_cmh,369,400,0.45,499,0.002,1
interaction,complete_fibre_lr,369,400,0.45,499,0.002,1
interaction,ml_residual,369,400,0.45,499,0.002,1
interaction,support_complete,370,400,0.45,499,0.002,1
interaction,generalized_cmh,370,400,0.45,499,0.002,1
interaction,complete_fibre_lr,370,400,0.45,499,0.002,1
interaction,ml_residual,370,400,0.45,499,0.002,1
interaction,support_complete,371,400,0.45,499,0.002,1
interaction,generalized_cmh,371,400,0.45,499,0.002,1
interaction,complete_fibre_lr,371,400,0.45,499,0.002,1
interaction,ml_residual,371,400,0.45,499,0.002,1
interaction,support_complete,372,400,0.45,499,0.002,1
interaction,generalized_cmh,372,400,0.45,499,0.002,1
interaction,complete_fibre_lr,372,400,0.45,499,0.002,1
interaction,ml_residual,372,400,0.45,499,0.002,1
interaction,support_complete,373,400,0.45,499,0.002,1
interaction,generalized_cmh,373,400,0.45,499,0.002,1
interaction,complete_fibre_lr,373,400,0.45,499,0.002,1
interaction,ml_residual,373,400,0.45,499,0.002,1
interaction,support_complete,374,400,0.45,499,0.002,1
interaction,generalized_cmh,374,400,0.45,499,0.002,1
interaction,complete_fibre_lr,374,400,0.45,499,0.002,1
interaction,ml_residual,374,400,0.45,499,0.002,1
interaction,support_complete,375,400,0.45,499,0.002,1
interaction,generalized_cmh,375,400,0.45,499,0.002,1
interaction,complete_fibre_lr,375,400,0.45,499,0.002,1
interaction,ml_residual,375,400,0.45,499,0.002,1
interaction,support_complete,376,400,0.45,499,0.002,1
interaction,generalized_cmh,376,400,0.45,499,0.002,1
interaction,complete_fibre_lr,376,400,0.45,499,0.002,1
interaction,ml_residual,376,400,0.45,499,0.002,1
interaction,support_complete,377,400,0.45,499,0.002,1
interaction,generalized_cmh,377,400,0.45,499,0.002,1
interaction,complete_fibre_lr,377,400,0.45,499,0.002,1
interaction,ml_residual,377,400,0.45,499,0.002,1
interaction,support_complete,378,400,0.45,499,0.002,1
interaction,generalized_cmh,378,400,0.45,499,0.002,1
interaction,complete_fibre_lr,378,400,0.45,499,0.002,1
interaction,ml_residual,378,400,0.45,499,0.01,1
interaction,support_complete,379,400,0.45,499,0.002,1
interaction,generalized_cmh,379,400,0.45,499,0.002,1
interaction,complete_fibre_lr,379,400,0.45,499,0.002,1
interaction,ml_residual,379,400,0.45,499,0.002,1
interaction,support_complete,380,400,0.45,499,0.002,1
interaction,generalized_cmh,380,400,0.45,499,0.002,1
interaction,complete_fibre_lr,380,400,0.45,499,0.002,1
interaction,ml_residual,380,400,0.45,499,0.002,1
interaction,support_complete,381,400,0.45,499,0.002,1
interaction,generalized_cmh,381,400,0.45,499,0.002,1
interaction,complete_fibre_lr,381,400,0.45,499,0.002,1
interaction,ml_residual,381,400,0.45,499,0.002,1
interaction,support_complete,382,400,0.45,499,0.002,1
interaction,generalized_cmh,382,400,0.45,499,0.002,1
interaction,complete_fibre_lr,382,400,0.45,499,0.002,1
interaction,ml_residual,382,400,0.45,499,0.002,1
interaction,support_complete,383,400,0.45,499,0.002,1
interaction,generalized_cmh,383,400,0.45,499,0.002,1
interaction,complete_fibre_lr,383,400,0.45,499,0.002,1
interaction,ml_residual,383,400,0.45,499,0.002,1
interaction,support_complete,384,400,0.45,499,0.002,1
interaction,generalized_cmh,384,400,0.45,499,0.002,1
interaction,complete_fibre_lr,384,400,0.45,499,0.002,1
interaction,ml_residual,384,400,0.45,499,0.002,1
interaction,support_complete,385,400,0.45,499,0.002,1
interaction,generalized_cmh,385,400,0.45,499,0.002,1
interaction,complete_fibre_lr,385,400,0.45,499,0.002,1
interaction,ml_residual,385,400,0.45,499,0.002,1
interaction,support_complete,386,400,0.45,499,0.002,1
interaction,generalized_cmh,386,400,0.45,499,0.002,1
interaction,complete_fibre_lr,386,400,0.45,499,0.002,1
interaction,ml_residual,386,400,0.45,499,0.002,1
interaction,support_complete,387,400,0.45,499,0.002,1
interaction,generalized_cmh,387,400,0.45,499,0.002,1
interaction,complete_fibre_lr,387,400,0.45,499,0.002,1
interaction,ml_residual,387,400,0.45,499,0.002,1
interaction,support_complete,388,400,0.45,499,0.002,1
interaction,generalized_cmh,388,400,0.45,499,0.002,1
interaction,complete_fibre_lr,388,400,0.45,499,0.002,1
interaction,ml_residual,388,400,0.45,499,0.002,1
interaction,support_complete,389,400,0.45,499,0.002,1
interaction,generalized_cmh,389,400,0.45,499,0.002,1
interaction,complete_fibre_lr,389,400,0.45,499,0.002,1
interaction,ml_residual,389,400,0.45,499,0.002,1
interaction,support_complete,390,400,0.45,499,0.002,1
interaction,generalized_cmh,390,400,0.45,499,0.002,1
interaction,complete_fibre_lr,390,400,0.45,499,0.002,1
interaction,ml_residual,390,400,0.45,499,0.004,1
interaction,support_complete,391,400,0.45,499,0.002,1
interaction,generalized_cmh,391,400,0.45,499,0.002,1
interaction,complete_fibre_lr,391,400,0.45,499,0.002,1
interaction,ml_residual,391,400,0.45,499,0.002,1
interaction,support_complete,392,400,0.45,499,0.002,1
interaction,generalized_cmh,392,400,0.45,499,0.002,1
interaction,complete_fibre_lr,392,400,0.45,499,0.002,1
interaction,ml_residual,392,400,0.45,499,0.002,1
interaction,support_complete,393,400,0.45,499,0.002,1
interaction,generalized_cmh,393,400,0.45,499,0.002,1
interaction,complete_fibre_lr,393,400,0.45,499,0.002,1
interaction,ml_residual,393,400,0.45,499,0.002,1
interaction,support_complete,394,400,0.45,499,0.002,1
interaction,generalized_cmh,394,400,0.45,499,0.002,1
interaction,complete_fibre_lr,394,400,0.45,499,0.002,1
interaction,ml_residual,394,400,0.45,499,0.004,1
interaction,support_complete,395,400,0.45,499,0.002,1
interaction,generalized_cmh,395,400,0.45,499,0.002,1
interaction,complete_fibre_lr,395,400,0.45,499,0.002,1
interaction,ml_residual,395,400,0.45,499,0.004,1
interaction,support_complete,396,400,0.45,499,0.002,1
interaction,generalized_cmh,396,400,0.45,499,0.002,1
interaction,complete_fibre_lr,396,400,0.45,499,0.002,1
interaction,ml_residual,396,400,0.45,499,0.002,1
interaction,support_complete,397,400,0.45,499,0.002,1
interaction,generalized_cmh,397,400,0.45,499,0.002,1
interaction,complete_fibre_lr,397,400,0.45,499,0.002,1
interaction,ml_residual,397,400,0.45,499,0.002,1
interaction,support_complete,398,400,0.45,499,0.002,1
interaction,generalized_cmh,398,400,0.45,499,0.002,1
interaction,complete_fibre_lr,398,400,0.45,499,0.002,1
interaction,ml_residual,398,400,0.45,499,0.012,1
interaction,support_complete,399,400,0.45,499,0.002,1
interaction,generalized_cmh,399,400,0.45,499,0.002,1
interaction,complete_fibre_lr,399,400,0.45,499,0.002,1
interaction,ml_residual,399,400,0.45,499,0.002,1
interaction,support_complete,400,400,0.45,499,0.002,1
interaction,generalized_cmh,400,400,0.45,499,0.002,1
interaction,complete_fibre_lr,400,400,0.45,499,0.002,1
interaction,ml_residual,400,400,0.45,499,0.002,1
interaction,support_complete,401,400,0.45,499,0.002,1
interaction,generalized_cmh,401,400,0.45,499,0.002,1
interaction,complete_fibre_lr,401,400,0.45,499,0.002,1
interaction,ml_residual,401,400,0.45,499,0.006,1
interaction,support_complete,402,400,0.45,499,0.002,1
interaction,generalized_cmh,402,400,0.45,499,0.002,1
interaction,complete_fibre_lr,402,400,0.45,499,0.002,1
interaction,ml_residual,402,400,0.45,499,0.002,1
interaction,support_complete,403,400,0.45,499,0.002,1
interaction,generalized_cmh,403,400,0.45,499,0.002,1
interaction,complete_fibre_lr,403,400,0.45,499,0.002,1
interaction,ml_residual,403,400,0.45,499,0.002,1
interaction,support_complete,404,400,0.45,499,0.002,1
interaction,generalized_cmh,404,400,0.45,499,0.002,1
interaction,complete_fibre_lr,404,400,0.45,499,0.002,1
interaction,ml_residual,404,400,0.45,499,0.002,1
interaction,support_complete,405,400,0.45,499,0.002,1
interaction,generalized_cmh,405,400,0.45,499,0.002,1
interaction,complete_fibre_lr,405,400,0.45,499,0.002,1
interaction,ml_residual,405,400,0.45,499,0.002,1
interaction,support_complete,406,400,0.45,499,0.002,1
interaction,generalized_cmh,406,400,0.45,499,0.002,1
interaction,complete_fibre_lr,406,400,0.45,499,0.002,1
interaction,ml_residual,406,400,0.45,499,0.002,1
interaction,support_complete,407,400,0.45,499,0.002,1
interaction,generalized_cmh,407,400,0.45,499,0.002,1
interaction,complete_fibre_lr,407,400,0.45,499,0.002,1
interaction,ml_residual,407,400,0.45,499,0.002,1
interaction,support_complete,408,400,0.45,499,0.002,1
interaction,generalized_cmh,408,400,0.45,499,0.002,1
interaction,complete_fibre_lr,408,400,0.45,499,0.002,1
interaction,ml_residual,408,400,0.45,499,0.002,1
interaction,support_complete,409,400,0.45,499,0.002,1
interaction,generalized_cmh,409,400,0.45,499,0.002,1
interaction,complete_fibre_lr,409,400,0.45,499,0.002,1
interaction,ml_residual,409,400,0.45,499,0.002,1
interaction,support_complete,410,400,0.45,499,0.002,1
interaction,generalized_cmh,410,400,0.45,499,0.002,1
interaction,complete_fibre_lr,410,400,0.45,499,0.002,1
interaction,ml_residual,410,400,0.45,499,0.002,1
interaction,support_complete,411,400,0.45,499,0.002,1
interaction,generalized_cmh,411,400,0.45,499,0.002,1
interaction,complete_fibre_lr,411,400,0.45,499,0.002,1
interaction,ml_residual,411,400,0.45,499,0.002,1
interaction,support_complete,412,400,0.45,499,0.002,1
interaction,generalized_cmh,412,400,0.45,499,0.002,1
interaction,complete_fibre_lr,412,400,0.45,499,0.002,1
interaction,ml_residual,412,400,0.45,499,0.006,1
interaction,support_complete,413,400,0.45,499,0.002,1
interaction,generalized_cmh,413,400,0.45,499,0.002,1
interaction,complete_fibre_lr,413,400,0.45,499,0.002,1
interaction,ml_residual,413,400,0.45,499,0.002,1
interaction,support_complete,414,400,0.45,499,0.002,1
interaction,generalized_cmh,414,400,0.45,499,0.002,1
interaction,complete_fibre_lr,414,400,0.45,499,0.002,1
interaction,ml_residual,414,400,0.45,499,0.002,1
interaction,support_complete,415,400,0.45,499,0.002,1
interaction,generalized_cmh,415,400,0.45,499,0.002,1
interaction,complete_fibre_lr,415,400,0.45,499,0.002,1
interaction,ml_residual,415,400,0.45,499,0.002,1
interaction,support_complete,416,400,0.45,499,0.002,1
interaction,generalized_cmh,416,400,0.45,499,0.002,1
interaction,complete_fibre_lr,416,400,0.45,499,0.002,1
interaction,ml_residual,416,400,0.45,499,0.002,1
interaction,support_complete,417,400,0.45,499,0.002,1
interaction,generalized_cmh,417,400,0.45,499,0.002,1
interaction,complete_fibre_lr,417,400,0.45,499,0.002,1
interaction,ml_residual,417,400,0.45,499,0.002,1
interaction,support_complete,418,400,0.45,499,0.002,1
interaction,generalized_cmh,418,400,0.45,499,0.002,1
interaction,complete_fibre_lr,418,400,0.45,499,0.002,1
interaction,ml_residual,418,400,0.45,499,0.002,1
interaction,support_complete,419,400,0.45,499,0.002,1
interaction,generalized_cmh,419,400,0.45,499,0.002,1
interaction,complete_fibre_lr,419,400,0.45,499,0.002,1
interaction,ml_residual,419,400,0.45,499,0.002,1
interaction,support_complete,420,400,0.45,499,0.002,1
interaction,generalized_cmh,420,400,0.45,499,0.002,1
interaction,complete_fibre_lr,420,400,0.45,499,0.002,1
interaction,ml_residual,420,400,0.45,499,0.012,1
interaction,support_complete,421,400,0.45,499,0.002,1
interaction,generalized_cmh,421,400,0.45,499,0.002,1
interaction,complete_fibre_lr,421,400,0.45,499,0.002,1
interaction,ml_residual,421,400,0.45,499,0.002,1
interaction,support_complete,422,400,0.45,499,0.002,1
interaction,generalized_cmh,422,400,0.45,499,0.002,1
interaction,complete_fibre_lr,422,400,0.45,499,0.002,1
interaction,ml_residual,422,400,0.45,499,0.002,1
interaction,support_complete,423,400,0.45,499,0.002,1
interaction,generalized_cmh,423,400,0.45,499,0.002,1
interaction,complete_fibre_lr,423,400,0.45,499,0.002,1
interaction,ml_residual,423,400,0.45,499,0.002,1
interaction,support_complete,424,400,0.45,499,0.002,1
interaction,generalized_cmh,424,400,0.45,499,0.002,1
interaction,complete_fibre_lr,424,400,0.45,499,0.002,1
interaction,ml_residual,424,400,0.45,499,0.002,1
interaction,support_complete,425,400,0.45,499,0.002,1
interaction,generalized_cmh,425,400,0.45,499,0.002,1
interaction,complete_fibre_lr,425,400,0.45,499,0.002,1
interaction,ml_residual,425,400,0.45,499,0.002,1
interaction,support_complete,426,400,0.45,499,0.002,1
interaction,generalized_cmh,426,400,0.45,499,0.002,1
interaction,complete_fibre_lr,426,400,0.45,499,0.002,1
interaction,ml_residual,426,400,0.45,499,0.002,1
interaction,support_complete,427,400,0.45,499,0.002,1
interaction,generalized_cmh,427,400,0.45,499,0.002,1
interaction,complete_fibre_lr,427,400,0.45,499,0.002,1
interaction,ml_residual,427,400,0.45,499,0.002,1
interaction,support_complete,428,400,0.45,499,0.002,1
interaction,generalized_cmh,428,400,0.45,499,0.002,1
interaction,complete_fibre_lr,428,400,0.45,499,0.002,1
interaction,ml_residual,428,400,0.45,499,0.002,1
interaction,support_complete,429,400,0.45,499,0.002,1
interaction,generalized_cmh,429,400,0.45,499,0.002,1
interaction,complete_fibre_lr,429,400,0.45,499,0.002,1
interaction,ml_residual,429,400,0.45,499,0.002,1
interaction,support_complete,430,400,0.45,499,0.002,1
interaction,generalized_cmh,430,400,0.45,499,0.002,1
interaction,complete_fibre_lr,430,400,0.45,499,0.002,1
interaction,ml_residual,430,400,0.45,499,0.004,1
interaction,support_complete,431,400,0.45,499,0.002,1
interaction,generalized_cmh,431,400,0.45,499,0.002,1
interaction,complete_fibre_lr,431,400,0.45,499,0.002,1
interaction,ml_residual,431,400,0.45,499,0.004,1
interaction,support_complete,432,400,0.45,499,0.002,1
interaction,generalized_cmh,432,400,0.45,499,0.002,1
interaction,complete_fibre_lr,432,400,0.45,499,0.002,1
interaction,ml_residual,432,400,0.45,499,0.004,1
interaction,support_complete,433,400,0.45,499,0.002,1
interaction,generalized_cmh,433,400,0.45,499,0.002,1
interaction,complete_fibre_lr,433,400,0.45,499,0.002,1
interaction,ml_residual,433,400,0.45,499,0.002,1
interaction,support_complete,434,400,0.45,499,0.002,1
interaction,generalized_cmh,434,400,0.45,499,0.002,1
interaction,complete_fibre_lr,434,400,0.45,499,0.002,1
interaction,ml_residual,434,400,0.45,499,0.002,1
interaction,support_complete,435,400,0.45,499,0.002,1
interaction,generalized_cmh,435,400,0.45,499,0.002,1
interaction,complete_fibre_lr,435,400,0.45,499,0.002,1
interaction,ml_residual,435,400,0.45,499,0.002,1
interaction,support_complete,436,400,0.45,499,0.002,1
interaction,generalized_cmh,436,400,0.45,499,0.002,1
interaction,complete_fibre_lr,436,400,0.45,499,0.002,1
interaction,ml_residual,436,400,0.45,499,0.002,1
interaction,support_complete,437,400,0.45,499,0.002,1
interaction,generalized_cmh,437,400,0.45,499,0.002,1
interaction,complete_fibre_lr,437,400,0.45,499,0.002,1
interaction,ml_residual,437,400,0.45,499,0.002,1
interaction,support_complete,438,400,0.45,499,0.002,1
interaction,generalized_cmh,438,400,0.45,499,0.002,1
interaction,complete_fibre_lr,438,400,0.45,499,0.002,1
interaction,ml_residual,438,400,0.45,499,0.002,1
interaction,support_complete,439,400,0.45,499,0.002,1
interaction,generalized_cmh,439,400,0.45,499,0.002,1
interaction,complete_fibre_lr,439,400,0.45,499,0.002,1
interaction,ml_residual,439,400,0.45,499,0.002,1
interaction,support_complete,440,400,0.45,499,0.002,1
interaction,generalized_cmh,440,400,0.45,499,0.002,1
interaction,complete_fibre_lr,440,400,0.45,499,0.002,1
interaction,ml_residual,440,400,0.45,499,0.002,1
interaction,support_complete,441,400,0.45,499,0.002,1
interaction,generalized_cmh,441,400,0.45,499,0.002,1
interaction,complete_fibre_lr,441,400,0.45,499,0.002,1
interaction,ml_residual,441,400,0.45,499,0.002,1
interaction,support_complete,442,400,0.45,499,0.002,1
interaction,generalized_cmh,442,400,0.45,499,0.002,1
interaction,complete_fibre_lr,442,400,0.45,499,0.002,1
interaction,ml_residual,442,400,0.45,499,0.002,1
interaction,support_complete,443,400,0.45,499,0.002,1
interaction,generalized_cmh,443,400,0.45,499,0.002,1
interaction,complete_fibre_lr,443,400,0.45,499,0.002,1
interaction,ml_residual,443,400,0.45,499,0.002,1
interaction,support_complete,444,400,0.45,499,0.002,1
interaction,generalized_cmh,444,400,0.45,499,0.002,1
interaction,complete_fibre_lr,444,400,0.45,499,0.002,1
interaction,ml_residual,444,400,0.45,499,0.002,1
interaction,support_complete,445,400,0.45,499,0.002,1
interaction,generalized_cmh,445,400,0.45,499,0.002,1
interaction,complete_fibre_lr,445,400,0.45,499,0.002,1
interaction,ml_residual,445,400,0.45,499,0.002,1
interaction,support_complete,446,400,0.45,499,0.002,1
interaction,generalized_cmh,446,400,0.45,499,0.002,1
interaction,complete_fibre_lr,446,400,0.45,499,0.002,1
interaction,ml_residual,446,400,0.45,499,0.002,1
interaction,support_complete,447,400,0.45,499,0.002,1
interaction,generalized_cmh,447,400,0.45,499,0.002,1
interaction,complete_fibre_lr,447,400,0.45,499,0.002,1
interaction,ml_residual,447,400,0.45,499,0.006,1
interaction,support_complete,448,400,0.45,499,0.002,1
interaction,generalized_cmh,448,400,0.45,499,0.002,1
interaction,complete_fibre_lr,448,400,0.45,499,0.002,1
interaction,ml_residual,448,400,0.45,499,0.002,1
interaction,support_complete,449,400,0.45,499,0.002,1
interaction,generalized_cmh,449,400,0.45,499,0.002,1
interaction,complete_fibre_lr,449,400,0.45,499,0.002,1
interaction,ml_residual,449,400,0.45,499,0.002,1
interaction,support_complete,450,400,0.45,499,0.002,1
interaction,generalized_cmh,450,400,0.45,499,0.002,1
interaction,complete_fibre_lr,450,400,0.45,499,0.002,1
interaction,ml_residual,450,400,0.45,499,0.002,1
interaction,support_complete,451,400,0.45,499,0.002,1
interaction,generalized_cmh,451,400,0.45,499,0.002,1
interaction,complete_fibre_lr,451,400,0.45,499,0.002,1
interaction,ml_residual,451,400,0.45,499,0.002,1
interaction,support_complete,452,400,0.45,499,0.002,1
interaction,generalized_cmh,452,400,0.45,499,0.002,1
interaction,complete_fibre_lr,452,400,0.45,499,0.002,1
interaction,ml_residual,452,400,0.45,499,0.002,1
interaction,support_complete,453,400,0.45,499,0.002,1
interaction,generalized_cmh,453,400,0.45,499,0.002,1
interaction,complete_fibre_lr,453,400,0.45,499,0.002,1
interaction,ml_residual,453,400,0.45,499,0.002,1
interaction,support_complete,454,400,0.45,499,0.002,1
interaction,generalized_cmh,454,400,0.45,499,0.002,1
interaction,complete_fibre_lr,454,400,0.45,499,0.002,1
interaction,ml_residual,454,400,0.45,499,0.002,1
interaction,support_complete,455,400,0.45,499,0.002,1
interaction,generalized_cmh,455,400,0.45,499,0.002,1
interaction,complete_fibre_lr,455,400,0.45,499,0.002,1
interaction,ml_residual,455,400,0.45,499,0.002,1
interaction,support_complete,456,400,0.45,499,0.002,1
interaction,generalized_cmh,456,400,0.45,499,0.002,1
interaction,complete_fibre_lr,456,400,0.45,499,0.002,1
interaction,ml_residual,456,400,0.45,499,0.008,1
interaction,support_complete,457,400,0.45,499,0.002,1
interaction,generalized_cmh,457,400,0.45,499,0.002,1
interaction,complete_fibre_lr,457,400,0.45,499,0.002,1
interaction,ml_residual,457,400,0.45,499,0.004,1
interaction,support_complete,458,400,0.45,499,0.002,1
interaction,generalized_cmh,458,400,0.45,499,0.002,1
interaction,complete_fibre_lr,458,400,0.45,499,0.002,1
interaction,ml_residual,458,400,0.45,499,0.002,1
interaction,support_complete,459,400,0.45,499,0.002,1
interaction,generalized_cmh,459,400,0.45,499,0.002,1
interaction,complete_fibre_lr,459,400,0.45,499,0.002,1
interaction,ml_residual,459,400,0.45,499,0.002,1
interaction,support_complete,460,400,0.45,499,0.002,1
interaction,generalized_cmh,460,400,0.45,499,0.002,1
interaction,complete_fibre_lr,460,400,0.45,499,0.002,1
interaction,ml_residual,460,400,0.45,499,0.002,1
interaction,support_complete,461,400,0.45,499,0.002,1
interaction,generalized_cmh,461,400,0.45,499,0.002,1
interaction,complete_fibre_lr,461,400,0.45,499,0.002,1
interaction,ml_residual,461,400,0.45,499,0.008,1
interaction,support_complete,462,400,0.45,499,0.002,1
interaction,generalized_cmh,462,400,0.45,499,0.002,1
interaction,complete_fibre_lr,462,400,0.45,499,0.002,1
interaction,ml_residual,462,400,0.45,499,0.004,1
interaction,support_complete,463,400,0.45,499,0.002,1
interaction,generalized_cmh,463,400,0.45,499,0.002,1
interaction,complete_fibre_lr,463,400,0.45,499,0.002,1
interaction,ml_residual,463,400,0.45,499,0.002,1
interaction,support_complete,464,400,0.45,499,0.002,1
interaction,generalized_cmh,464,400,0.45,499,0.002,1
interaction,complete_fibre_lr,464,400,0.45,499,0.002,1
interaction,ml_residual,464,400,0.45,499,0.002,1
interaction,support_complete,465,400,0.45,499,0.002,1
interaction,generalized_cmh,465,400,0.45,499,0.002,1
interaction,complete_fibre_lr,465,400,0.45,499,0.002,1
interaction,ml_residual,465,400,0.45,499,0.002,1
interaction,support_complete,466,400,0.45,499,0.002,1
interaction,generalized_cmh,466,400,0.45,499,0.002,1
interaction,complete_fibre_lr,466,400,0.45,499,0.002,1
interaction,ml_residual,466,400,0.45,499,0.002,1
interaction,support_complete,467,400,0.45,499,0.002,1
interaction,generalized_cmh,467,400,0.45,499,0.002,1
interaction,complete_fibre_lr,467,400,0.45,499,0.002,1
interaction,ml_residual,467,400,0.45,499,0.002,1
interaction,support_complete,468,400,0.45,499,0.002,1
interaction,generalized_cmh,468,400,0.45,499,0.002,1
interaction,complete_fibre_lr,468,400,0.45,499,0.002,1
interaction,ml_residual,468,400,0.45,499,0.002,1
interaction,support_complete,469,400,0.45,499,0.002,1
interaction,generalized_cmh,469,400,0.45,499,0.002,1
interaction,complete_fibre_lr,469,400,0.45,499,0.002,1
interaction,ml_residual,469,400,0.45,499,0.002,1
interaction,support_complete,470,400,0.45,499,0.002,1
interaction,generalized_cmh,470,400,0.45,499,0.002,1
interaction,complete_fibre_lr,470,400,0.45,499,0.002,1
interaction,ml_residual,470,400,0.45,499,0.002,1
interaction,support_complete,471,400,0.45,499,0.002,1
interaction,generalized_cmh,471,400,0.45,499,0.002,1
interaction,complete_fibre_lr,471,400,0.45,499,0.002,1
interaction,ml_residual,471,400,0.45,499,0.002,1
interaction,support_complete,472,400,0.45,499,0.002,1
interaction,generalized_cmh,472,400,0.45,499,0.002,1
interaction,complete_fibre_lr,472,400,0.45,499,0.002,1
interaction,ml_residual,472,400,0.45,499,0.002,1
interaction,support_complete,473,400,0.45,499,0.002,1
interaction,generalized_cmh,473,400,0.45,499,0.002,1
interaction,complete_fibre_lr,473,400,0.45,499,0.002,1
interaction,ml_residual,473,400,0.45,499,0.002,1
interaction,support_complete,474,400,0.45,499,0.002,1
interaction,generalized_cmh,474,400,0.45,499,0.002,1
interaction,complete_fibre_lr,474,400,0.45,499,0.002,1
interaction,ml_residual,474,400,0.45,499,0.002,1
interaction,support_complete,475,400,0.45,499,0.002,1
interaction,generalized_cmh,475,400,0.45,499,0.002,1
interaction,complete_fibre_lr,475,400,0.45,499,0.002,1
interaction,ml_residual,475,400,0.45,499,0.002,1
interaction,support_complete,476,400,0.45,499,0.002,1
interaction,generalized_cmh,476,400,0.45,499,0.002,1
interaction,complete_fibre_lr,476,400,0.45,499,0.002,1
interaction,ml_residual,476,400,0.45,499,0.006,1
interaction,support_complete,477,400,0.45,499,0.002,1
interaction,generalized_cmh,477,400,0.45,499,0.002,1
interaction,complete_fibre_lr,477,400,0.45,499,0.002,1
interaction,ml_residual,477,400,0.45,499,0.014,1
interaction,support_complete,478,400,0.45,499,0.002,1
interaction,generalized_cmh,478,400,0.45,499,0.002,1
interaction,complete_fibre_lr,478,400,0.45,499,0.002,1
interaction,ml_residual,478,400,0.45,499,0.002,1
interaction,support_complete,479,400,0.45,499,0.002,1
interaction,generalized_cmh,479,400,0.45,499,0.002,1
interaction,complete_fibre_lr,479,400,0.45,499,0.002,1
interaction,ml_residual,479,400,0.45,499,0.002,1
interaction,support_complete,480,400,0.45,499,0.002,1
interaction,generalized_cmh,480,400,0.45,499,0.002,1
interaction,complete_fibre_lr,480,400,0.45,499,0.002,1
interaction,ml_residual,480,400,0.45,499,0.002,1
interaction,support_complete,481,400,0.45,499,0.002,1
interaction,generalized_cmh,481,400,0.45,499,0.002,1
interaction,complete_fibre_lr,481,400,0.45,499,0.002,1
interaction,ml_residual,481,400,0.45,499,0.002,1
interaction,support_complete,482,400,0.45,499,0.002,1
interaction,generalized_cmh,482,400,0.45,499,0.002,1
interaction,complete_fibre_lr,482,400,0.45,499,0.002,1
interaction,ml_residual,482,400,0.45,499,0.002,1
interaction,support_complete,483,400,0.45,499,0.002,1
interaction,generalized_cmh,483,400,0.45,499,0.002,1
interaction,complete_fibre_lr,483,400,0.45,499,0.002,1
interaction,ml_residual,483,400,0.45,499,0.002,1
interaction,support_complete,484,400,0.45,499,0.002,1
interaction,generalized_cmh,484,400,0.45,499,0.002,1
interaction,complete_fibre_lr,484,400,0.45,499,0.002,1
interaction,ml_residual,484,400,0.45,499,0.002,1
interaction,support_complete,485,400,0.45,499,0.002,1
interaction,generalized_cmh,485,400,0.45,499,0.002,1
interaction,complete_fibre_lr,485,400,0.45,499,0.002,1
interaction,ml_residual,485,400,0.45,499,0.008,1
interaction,support_complete,486,400,0.45,499,0.002,1
interaction,generalized_cmh,486,400,0.45,499,0.002,1
interaction,complete_fibre_lr,486,400,0.45,499,0.002,1
interaction,ml_residual,486,400,0.45,499,0.002,1
interaction,support_complete,487,400,0.45,499,0.002,1
interaction,generalized_cmh,487,400,0.45,499,0.002,1
interaction,complete_fibre_lr,487,400,0.45,499,0.002,1
interaction,ml_residual,487,400,0.45,499,0.002,1
interaction,support_complete,488,400,0.45,499,0.002,1
interaction,generalized_cmh,488,400,0.45,499,0.002,1
interaction,complete_fibre_lr,488,400,0.45,499,0.002,1
interaction,ml_residual,488,400,0.45,499,0.002,1
interaction,support_complete,489,400,0.45,499,0.002,1
interaction,generalized_cmh,489,400,0.45,499,0.002,1
interaction,complete_fibre_lr,489,400,0.45,499,0.002,1
interaction,ml_residual,489,400,0.45,499,0.002,1
interaction,support_complete,490,400,0.45,499,0.002,1
interaction,generalized_cmh,490,400,0.45,499,0.002,1
interaction,complete_fibre_lr,490,400,0.45,499,0.002,1
interaction,ml_residual,490,400,0.45,499,0.002,1
interaction,support_complete,491,400,0.45,499,0.002,1
interaction,generalized_cmh,491,400,0.45,499,0.002,1
interaction,complete_fibre_lr,491,400,0.45,499,0.002,1
interaction,ml_residual,491,400,0.45,499,0.002,1
interaction,support_complete,492,400,0.45,499,0.002,1
interaction,generalized_cmh,492,400,0.45,499,0.002,1
interaction,complete_fibre_lr,492,400,0.45,499,0.002,1
interaction,ml_residual,492,400,0.45,499,0.002,1
interaction,support_complete,493,400,0.45,499,0.002,1
interaction,generalized_cmh,493,400,0.45,499,0.002,1
interaction,complete_fibre_lr,493,400,0.45,499,0.002,1
interaction,ml_residual,493,400,0.45,499,0.002,1
interaction,support_complete,494,400,0.45,499,0.002,1
interaction,generalized_cmh,494,400,0.45,499,0.002,1
interaction,complete_fibre_lr,494,400,0.45,499,0.002,1
interaction,ml_residual,494,400,0.45,499,0.002,1
interaction,support_complete,495,400,0.45,499,0.002,1
interaction,generalized_cmh,495,400,0.45,499,0.002,1
interaction,complete_fibre_lr,495,400,0.45,499,0.002,1
interaction,ml_residual,495,400,0.45,499,0.002,1
interaction,support_complete,496,400,0.45,499,0.002,1
interaction,generalized_cmh,496,400,0.45,499,0.002,1
interaction,complete_fibre_lr,496,400,0.45,499,0.002,1
interaction,ml_residual,496,400,0.45,499,0.002,1
interaction,support_complete,497,400,0.45,499,0.002,1
interaction,generalized_cmh,497,400,0.45,499,0.002,1
interaction,complete_fibre_lr,497,400,0.45,499,0.002,1
interaction,ml_residual,497,400,0.45,499,0.002,1
interaction,support_complete,498,400,0.45,499,0.002,1
interaction,generalized_cmh,498,400,0.45,499,0.002,1
interaction,complete_fibre_lr,498,400,0.45,499,0.002,1
interaction,ml_residual,498,400,0.45,499,0.002,1
interaction,support_complete,499,400,0.45,499,0.002,1
interaction,generalized_cmh,499,400,0.45,499,0.002,1
interaction,complete_fibre_lr,499,400,0.45,499,0.002,1
interaction,ml_residual,499,400,0.45,499,0.002,1
hidden_quadratic,support_complete,0,400,0.45,499,0.002,1
hidden_quadratic,generalized_cmh,0,400,0.45,499,0.002,1
hidden_quadratic,complete_fibre_lr,0,400,0.45,499,0.002,1
hidden_quadratic,ml_residual,0,400,0.45,499,0.002,1
hidden_quadratic,support_complete,1,400,0.45,499,0.002,1
hidden_quadratic,generalized_cmh,1,400,0.45,499,0.002,1
hidden_quadratic,complete_fibre_lr,1,400,0.45,499,0.002,1
hidden_quadratic,ml_residual,1,400,0.45,499,0.002,1
hidden_quadratic,support_complete,2,400,0.45,499,0.002,1
hidden_quadratic,generalized_cmh,2,400,0.45,499,0.002,1
hidden_quadratic,complete_fibre_lr,2,400,0.45,499,0.002,1
hidden_quadratic,ml_residual,2,400,0.45,499,0.004,1
hidden_quadratic,support_complete,3,400,0.45,499,0.002,1
hidden_quadratic,generalized_cmh,3,400,0.45,499,0.002,1
hidden_quadratic,complete_fibre_lr,3,400,0.45,499,0.002,1
hidden_quadratic,ml_residual,3,400,0.45,499,0.002,1
hidden_quadratic,support_complete,4,400,0.45,499,0.002,1
hidden_quadratic,generalized_cmh,4,400,0.45,499,0.002,1
hidden_quadratic,complete_fibre_lr,4,400,0.45,499,0.002,1
hidden_quadratic,ml_residual,4,400,0.45,499,0.002,1
hidden_quadratic,support_complete,5,400,0.45,499,0.002,1
hidden_quadratic,generalized_cmh,5,400,0.45,499,0.002,1
hidden_quadratic,complete_fibre_lr,5,400,0.45,499,0.002,1
hidden_quadratic,ml_residual,5,400,0.45,499,0.002,1
hidden_quadratic,support_complete,6,400,0.45,499,0.002,1
hidden_quadratic,generalized_cmh,6,400,0.45,499,0.002,1
hidden_quadratic,complete_fibre_lr,6,400,0.45,499,0.002,1
hidden_quadratic,ml_residual,6,400,0.45,499,0.002,1
hidden_quadratic,support_complete,7,400,0.45,499,0.002,1
hidden_quadratic,generalized_cmh,7,400,0.45,499,0.002,1
hidden_quadratic,complete_fibre_lr,7,400,0.45,499,0.002,1
hidden_quadratic,ml_residual,7,400,0.45,499,0.002,1
hidden_quadratic,support_complete,8,400,0.45,499,0.002,1
hidden_quadratic,generalized_cmh,8,400,0.45,499,0.002,1
hidden_quadratic,complete_fibre_lr,8,400,0.45,499,0.002,1
hidden_quadratic,ml_residual,8,400,0.45,499,0.002,1
hidden_quadratic,support_complete,9,400,0.45,499,0.002,1
hidden_quadratic,generalized_cmh,9,400,0.45,499,0.002,1
hidden_quadratic,complete_fibre_lr,9,400,0.45,499,0.002,1
hidden_quadratic,ml_residual,9,400,0.45,499,0.002,1
hidden_quadratic,support_complete,10,400,0.45,499,0.002,1
hidden_quadratic,generalized_cmh,10,400,0.45,499,0.002,1
hidden_quadratic,complete_fibre_lr,10,400,0.45,499,0.002,1
hidden_quadratic,ml_residual,10,400,0.45,499,0.002,1
hidden_quadratic,support_complete,11,400,0.45,499,0.002,1
hidden_quadratic,generalized_cmh,11,400,0.45,499,0.002,1
hidden_quadratic,complete_fibre_lr,11,400,0.45,499,0.002,1
hidden_quadratic,ml_residual,11,400,0.45,499,0.002,1
hidden_quadratic,support_complete,12,400,0.45,499,0.002,1
hidden_quadratic,generalized_cmh,12,400,0.45,499,0.002,1
hidden_quadratic,complete_fibre_lr,12,400,0.45,499,0.002,1
hidden_quadratic,ml_residual,12,400,0.45,499,0.002,1
hidden_quadratic,support_complete,13,400,0.45,499,0.002,1
hidden_quadratic,generalized_cmh,13,400,0.45,499,0.002,1
hidden_quadratic,complete_fibre_lr,13,400,0.45,499,0.002,1
hidden_quadratic,ml_residual,13,400,0.45,499,0.002,1
hidden_quadratic,support_complete,14,400,0.45,499,0.002,1
hidden_quadratic,generalized_cmh,14,400,0.45,499,0.002,1
hidden_quadratic,complete_fibre_lr,14,400,0.45,499,0.002,1
hidden_quadratic,ml_residual,14,400,0.45,499,0.002,1
hidden_quadratic,support_complete,15,400,0.45,499,0.002,1
hidden_quadratic,generalized_cmh,15,400,0.45,499,0.002,1
hidden_quadratic,complete_fibre_lr,15,400,0.45,499,0.002,1
hidden_quadratic,ml_residual,15,400,0.45,499,0.002,1
hidden_quadratic,support_complete,16,400,0.45,499,0.002,1
hidden_quadratic,generalized_cmh,16,400,0.45,499,0.002,1
hidden_quadratic,complete_fibre_lr,16,400,0.45,499,0.002,1
hidden_quadratic,ml_residual,16,400,0.45,499,0.006,1
hidden_quadratic,support_complete,17,400,0.45,499,0.002,1
hidden_quadratic,generalized_cmh,17,400,0.45,499,0.002,1
hidden_quadratic,complete_fibre_lr,17,400,0.45,499,0.002,1
hidden_quadratic,ml_residual,17,400,0.45,499,0.046,1
hidden_quadratic,support_complete,18,400,0.45,499,0.002,1
hidden_quadratic,generalized_cmh,18,400,0.45,499,0.002,1
hidden_quadratic,complete_fibre_lr,18,400,0.45,499,0.002,1
hidden_quadratic,ml_residual,18,400,0.45,499,0.002,1
hidden_quadratic,support_complete,19,400,0.45,499,0.002,1
hidden_quadratic,generalized_cmh,19,400,0.45,499,0.002,1
hidden_quadratic,complete_fibre_lr,19,400,0.45,499,0.002,1
hidden_quadratic,ml_residual,19,400,0.45,499,0.002,1
hidden_quadratic,support_complete,20,400,0.45,499,0.002,1
hidden_quadratic,generalized_cmh,20,400,0.45,499,0.002,1
hidden_quadratic,complete_fibre_lr,20,400,0.45,499,0.002,1
hidden_quadratic,ml_residual,20,400,0.45,499,0.004,1
hidden_quadratic,support_complete,21,400,0.45,499,0.002,1
hidden_quadratic,generalized_cmh,21,400,0.45,499,0.002,1
hidden_quadratic,complete_fibre_lr,21,400,0.45,499,0.002,1
hidden_quadratic,ml_residual,21,400,0.45,499,0.002,1
hidden_quadratic,support_complete,22,400,0.45,499,0.002,1
hidden_quadratic,generalized_cmh,22,400,0.45,499,0.002,1
hidden_quadratic,complete_fibre_lr,22,400,0.45,499,0.002,1
hidden_quadratic,ml_residual,22,400,0.45,499,0.006,1
hidden_quadratic,support_complete,23,400,0.45,499,0.002,1
hidden_quadratic,generalized_cmh,23,400,0.45,499,0.002,1
hidden_quadratic,complete_fibre_lr,23,400,0.45,499,0.002,1
hidden_quadratic,ml_residual,23,400,0.45,499,0.03,1
hidden_quadratic,support_complete,24,400,0.45,499,0.002,1
hidden_quadratic,generalized_cmh,24,400,0.45,499,0.002,1
hidden_quadratic,complete_fibre_lr,24,400,0.45,499,0.002,1
hidden_quadratic,ml_residual,24,400,0.45,499,0.002,1
hidden_quadratic,support_complete,25,400,0.45,499,0.002,1
hidden_quadratic,generalized_cmh,25,400,0.45,499,0.002,1
hidden_quadratic,complete_fibre_lr,25,400,0.45,499,0.002,1
hidden_quadratic,ml_residual,25,400,0.45,499,0.002,1
hidden_quadratic,support_complete,26,400,0.45,499,0.002,1
hidden_quadratic,generalized_cmh,26,400,0.45,499,0.002,1
hidden_quadratic,complete_fibre_lr,26,400,0.45,499,0.002,1
hidden_quadratic,ml_residual,26,400,0.45,499,0.002,1
hidden_quadratic,support_complete,27,400,0.45,499,0.002,1
hidden_quadratic,generalized_cmh,27,400,0.45,499,0.002,1
hidden_quadratic,complete_fibre_lr,27,400,0.45,499,0.002,1
hidden_quadratic,ml_residual,27,400,0.45,499,0.002,1
hidden_quadratic,support_complete,28,400,0.45,499,0.002,1
hidden_quadratic,generalized_cmh,28,400,0.45,499,0.002,1
hidden_quadratic,complete_fibre_lr,28,400,0.45,499,0.002,1
hidden_quadratic,ml_residual,28,400,0.45,499,0.002,1
hidden_quadratic,support_complete,29,400,0.45,499,0.002,1
hidden_quadratic,generalized_cmh,29,400,0.45,499,0.002,1
hidden_quadratic,complete_fibre_lr,29,400,0.45,499,0.002,1
hidden_quadratic,ml_residual,29,400,0.45,499,0.008,1
hidden_quadratic,support_complete,30,400,0.45,499,0.002,1
hidden_quadratic,generalized_cmh,30,400,0.45,499,0.002,1
hidden_quadratic,complete_fibre_lr,30,400,0.45,499,0.002,1
hidden_quadratic,ml_residual,30,400,0.45,499,0.002,1
hidden_quadratic,support_complete,31,400,0.45,499,0.002,1
hidden_quadratic,generalized_cmh,31,400,0.45,499,0.002,1
hidden_quadratic,complete_fibre_lr,31,400,0.45,499,0.002,1
hidden_quadratic,ml_residual,31,400,0.45,499,0.002,1
hidden_quadratic,support_complete,32,400,0.45,499,0.002,1
hidden_quadratic,generalized_cmh,32,400,0.45,499,0.002,1
hidden_quadratic,complete_fibre_lr,32,400,0.45,499,0.002,1
hidden_quadratic,ml_residual,32,400,0.45,499,0.002,1
hidden_quadratic,support_complete,33,400,0.45,499,0.002,1
hidden_quadratic,generalized_cmh,33,400,0.45,499,0.002,1
hidden_quadratic,complete_fibre_lr,33,400,0.45,499,0.002,1
hidden_quadratic,ml_residual,33,400,0.45,499,0.002,1
hidden_quadratic,support_complete,34,400,0.45,499,0.002,1
hidden_quadratic,generalized_cmh,34,400,0.45,499,0.002,1
hidden_quadratic,complete_fibre_lr,34,400,0.45,499,0.002,1
hidden_quadratic,ml_residual,34,400,0.45,499,0.002,1
hidden_quadratic,support_complete,35,400,0.45,499,0.002,1
hidden_quadratic,generalized_cmh,35,400,0.45,499,0.002,1
hidden_quadratic,complete_fibre_lr,35,400,0.45,499,0.002,1
hidden_quadratic,ml_residual,35,400,0.45,499,0.002,1
hidden_quadratic,support_complete,36,400,0.45,499,0.002,1
hidden_quadratic,generalized_cmh,36,400,0.45,499,0.002,1
hidden_quadratic,complete_fibre_lr,36,400,0.45,499,0.002,1
hidden_quadratic,ml_residual,36,400,0.45,499,0.002,1
hidden_quadratic,support_complete,37,400,0.45,499,0.002,1
hidden_quadratic,generalized_cmh,37,400,0.45,499,0.002,1
hidden_quadratic,complete_fibre_lr,37,400,0.45,499,0.002,1
hidden_quadratic,ml_residual,37,400,0.45,499,0.002,1
hidden_quadratic,support_complete,38,400,0.45,499,0.002,1
hidden_quadratic,generalized_cmh,38,400,0.45,499,0.002,1
hidden_quadratic,complete_fibre_lr,38,400,0.45,499,0.002,1
hidden_quadratic,ml_residual,38,400,0.45,499,0.002,1
hidden_quadratic,support_complete,39,400,0.45,499,0.002,1
hidden_quadratic,generalized_cmh,39,400,0.45,499,0.002,1
hidden_quadratic,complete_fibre_lr,39,400,0.45,499,0.002,1
hidden_quadratic,ml_residual,39,400,0.45,499,0.002,1
hidden_quadratic,support_complete,40,400,0.45,499,0.002,1
hidden_quadratic,generalized_cmh,40,400,0.45,499,0.002,1
hidden_quadratic,complete_fibre_lr,40,400,0.45,499,0.002,1
hidden_quadratic,ml_residual,40,400,0.45,499,0.002,1
hidden_quadratic,support_complete,41,400,0.45,499,0.002,1
hidden_quadratic,generalized_cmh,41,400,0.45,499,0.002,1
hidden_quadratic,complete_fibre_lr,41,400,0.45,499,0.002,1
hidden_quadratic,ml_residual,41,400,0.45,499,0.002,1
hidden_quadratic,support_complete,42,400,0.45,499,0.002,1
hidden_quadratic,generalized_cmh,42,400,0.45,499,0.002,1
hidden_quadratic,complete_fibre_lr,42,400,0.45,499,0.002,1
hidden_quadratic,ml_residual,42,400,0.45,499,0.002,1
hidden_quadratic,support_complete,43,400,0.45,499,0.002,1
hidden_quadratic,generalized_cmh,43,400,0.45,499,0.002,1
hidden_quadratic,complete_fibre_lr,43,400,0.45,499,0.002,1
hidden_quadratic,ml_residual,43,400,0.45,499,0.002,1
hidden_quadratic,support_complete,44,400,0.45,499,0.002,1
hidden_quadratic,generalized_cmh,44,400,0.45,499,0.002,1
hidden_quadratic,complete_fibre_lr,44,400,0.45,499,0.002,1
hidden_quadratic,ml_residual,44,400,0.45,499,0.008,1
hidden_quadratic,support_complete,45,400,0.45,499,0.002,1
hidden_quadratic,generalized_cmh,45,400,0.45,499,0.002,1
hidden_quadratic,complete_fibre_lr,45,400,0.45,499,0.002,1
hidden_quadratic,ml_residual,45,400,0.45,499,0.002,1
hidden_quadratic,support_complete,46,400,0.45,499,0.002,1
hidden_quadratic,generalized_cmh,46,400,0.45,499,0.002,1
hidden_quadratic,complete_fibre_lr,46,400,0.45,499,0.002,1
hidden_quadratic,ml_residual,46,400,0.45,499,0.008,1
hidden_quadratic,support_complete,47,400,0.45,499,0.002,1
hidden_quadratic,generalized_cmh,47,400,0.45,499,0.002,1
hidden_quadratic,complete_fibre_lr,47,400,0.45,499,0.002,1
hidden_quadratic,ml_residual,47,400,0.45,499,0.002,1
hidden_quadratic,support_complete,48,400,0.45,499,0.002,1
hidden_quadratic,generalized_cmh,48,400,0.45,499,0.002,1
hidden_quadratic,complete_fibre_lr,48,400,0.45,499,0.002,1
hidden_quadratic,ml_residual,48,400,0.45,499,0.002,1
hidden_quadratic,support_complete,49,400,0.45,499,0.002,1
hidden_quadratic,generalized_cmh,49,400,0.45,499,0.002,1
hidden_quadratic,complete_fibre_lr,49,400,0.45,499,0.002,1
hidden_quadratic,ml_residual,49,400,0.45,499,0.002,1
hidden_quadratic,support_complete,50,400,0.45,499,0.002,1
hidden_quadratic,generalized_cmh,50,400,0.45,499,0.002,1
hidden_quadratic,complete_fibre_lr,50,400,0.45,499,0.002,1
hidden_quadratic,ml_residual,50,400,0.45,499,0.002,1
hidden_quadratic,support_complete,51,400,0.45,499,0.002,1
hidden_quadratic,generalized_cmh,51,400,0.45,499,0.002,1
hidden_quadratic,complete_fibre_lr,51,400,0.45,499,0.002,1
hidden_quadratic,ml_residual,51,400,0.45,499,0.002,1
hidden_quadratic,support_complete,52,400,0.45,499,0.002,1
hidden_quadratic,generalized_cmh,52,400,0.45,499,0.002,1
hidden_quadratic,complete_fibre_lr,52,400,0.45,499,0.002,1
hidden_quadratic,ml_residual,52,400,0.45,499,0.002,1
hidden_quadratic,support_complete,53,400,0.45,499,0.002,1
hidden_quadratic,generalized_cmh,53,400,0.45,499,0.002,1
hidden_quadratic,complete_fibre_lr,53,400,0.45,499,0.002,1
hidden_quadratic,ml_residual,53,400,0.45,499,0.002,1
hidden_quadratic,support_complete,54,400,0.45,499,0.002,1
hidden_quadratic,generalized_cmh,54,400,0.45,499,0.002,1
hidden_quadratic,complete_fibre_lr,54,400,0.45,499,0.002,1
hidden_quadratic,ml_residual,54,400,0.45,499,0.002,1
hidden_quadratic,support_complete,55,400,0.45,499,0.002,1
hidden_quadratic,generalized_cmh,55,400,0.45,499,0.002,1
hidden_quadratic,complete_fibre_lr,55,400,0.45,499,0.002,1
hidden_quadratic,ml_residual,55,400,0.45,499,0.002,1
hidden_quadratic,support_complete,56,400,0.45,499,0.002,1
hidden_quadratic,generalized_cmh,56,400,0.45,499,0.002,1
hidden_quadratic,complete_fibre_lr,56,400,0.45,499,0.002,1
hidden_quadratic,ml_residual,56,400,0.45,499,0.002,1
hidden_quadratic,support_complete,57,400,0.45,499,0.002,1
hidden_quadratic,generalized_cmh,57,400,0.45,499,0.002,1
hidden_quadratic,complete_fibre_lr,57,400,0.45,499,0.002,1
hidden_quadratic,ml_residual,57,400,0.45,499,0.002,1
hidden_quadratic,support_complete,58,400,0.45,499,0.002,1
hidden_quadratic,generalized_cmh,58,400,0.45,499,0.002,1
hidden_quadratic,complete_fibre_lr,58,400,0.45,499,0.002,1
hidden_quadratic,ml_residual,58,400,0.45,499,0.002,1
hidden_quadratic,support_complete,59,400,0.45,499,0.002,1
hidden_quadratic,generalized_cmh,59,400,0.45,499,0.002,1
hidden_quadratic,complete_fibre_lr,59,400,0.45,499,0.002,1
hidden_quadratic,ml_residual,59,400,0.45,499,0.04,1
hidden_quadratic,support_complete,60,400,0.45,499,0.002,1
hidden_quadratic,generalized_cmh,60,400,0.45,499,0.002,1
hidden_quadratic,complete_fibre_lr,60,400,0.45,499,0.002,1
hidden_quadratic,ml_residual,60,400,0.45,499,0.002,1
hidden_quadratic,support_complete,61,400,0.45,499,0.002,1
hidden_quadratic,generalized_cmh,61,400,0.45,499,0.002,1
hidden_quadratic,complete_fibre_lr,61,400,0.45,499,0.002,1
hidden_quadratic,ml_residual,61,400,0.45,499,0.002,1
hidden_quadratic,support_complete,62,400,0.45,499,0.002,1
hidden_quadratic,generalized_cmh,62,400,0.45,499,0.002,1
hidden_quadratic,complete_fibre_lr,62,400,0.45,499,0.002,1
hidden_quadratic,ml_residual,62,400,0.45,499,0.008,1
hidden_quadratic,support_complete,63,400,0.45,499,0.002,1
hidden_quadratic,generalized_cmh,63,400,0.45,499,0.002,1
hidden_quadratic,complete_fibre_lr,63,400,0.45,499,0.002,1
hidden_quadratic,ml_residual,63,400,0.45,499,0.006,1
hidden_quadratic,support_complete,64,400,0.45,499,0.002,1
hidden_quadratic,generalized_cmh,64,400,0.45,499,0.002,1
hidden_quadratic,complete_fibre_lr,64,400,0.45,499,0.002,1
hidden_quadratic,ml_residual,64,400,0.45,499,0.002,1
hidden_quadratic,support_complete,65,400,0.45,499,0.002,1
hidden_quadratic,generalized_cmh,65,400,0.45,499,0.002,1
hidden_quadratic,complete_fibre_lr,65,400,0.45,499,0.002,1
hidden_quadratic,ml_residual,65,400,0.45,499,0.002,1
hidden_quadratic,support_complete,66,400,0.45,499,0.002,1
hidden_quadratic,generalized_cmh,66,400,0.45,499,0.002,1
hidden_quadratic,complete_fibre_lr,66,400,0.45,499,0.002,1
hidden_quadratic,ml_residual,66,400,0.45,499,0.002,1
hidden_quadratic,support_complete,67,400,0.45,499,0.002,1
hidden_quadratic,generalized_cmh,67,400,0.45,499,0.002,1
hidden_quadratic,complete_fibre_lr,67,400,0.45,499,0.002,1
hidden_quadratic,ml_residual,67,400,0.45,499,0.002,1
hidden_quadratic,support_complete,68,400,0.45,499,0.002,1
hidden_quadratic,generalized_cmh,68,400,0.45,499,0.002,1
hidden_quadratic,complete_fibre_lr,68,400,0.45,499,0.002,1
hidden_quadratic,ml_residual,68,400,0.45,499,0.004,1
hidden_quadratic,support_complete,69,400,0.45,499,0.002,1
hidden_quadratic,generalized_cmh,69,400,0.45,499,0.002,1
hidden_quadratic,complete_fibre_lr,69,400,0.45,499,0.002,1
hidden_quadratic,ml_residual,69,400,0.45,499,0.002,1
hidden_quadratic,support_complete,70,400,0.45,499,0.002,1
hidden_quadratic,generalized_cmh,70,400,0.45,499,0.002,1
hidden_quadratic,complete_fibre_lr,70,400,0.45,499,0.002,1
hidden_quadratic,ml_residual,70,400,0.45,499,0.014,1
hidden_quadratic,support_complete,71,400,0.45,499,0.002,1
hidden_quadratic,generalized_cmh,71,400,0.45,499,0.002,1
hidden_quadratic,complete_fibre_lr,71,400,0.45,499,0.002,1
hidden_quadratic,ml_residual,71,400,0.45,499,0.002,1
hidden_quadratic,support_complete,72,400,0.45,499,0.002,1
hidden_quadratic,generalized_cmh,72,400,0.45,499,0.002,1
hidden_quadratic,complete_fibre_lr,72,400,0.45,499,0.002,1
hidden_quadratic,ml_residual,72,400,0.45,499,0.002,1
hidden_quadratic,support_complete,73,400,0.45,499,0.002,1
hidden_quadratic,generalized_cmh,73,400,0.45,499,0.002,1
hidden_quadratic,complete_fibre_lr,73,400,0.45,499,0.002,1
hidden_quadratic,ml_residual,73,400,0.45,499,0.002,1
hidden_quadratic,support_complete,74,400,0.45,499,0.002,1
hidden_quadratic,generalized_cmh,74,400,0.45,499,0.002,1
hidden_quadratic,complete_fibre_lr,74,400,0.45,499,0.002,1
hidden_quadratic,ml_residual,74,400,0.45,499,0.004,1
hidden_quadratic,support_complete,75,400,0.45,499,0.002,1
hidden_quadratic,generalized_cmh,75,400,0.45,499,0.002,1
hidden_quadratic,complete_fibre_lr,75,400,0.45,499,0.002,1
hidden_quadratic,ml_residual,75,400,0.45,499,0.002,1
hidden_quadratic,support_complete,76,400,0.45,499,0.002,1
hidden_quadratic,generalized_cmh,76,400,0.45,499,0.002,1
hidden_quadratic,complete_fibre_lr,76,400,0.45,499,0.002,1
hidden_quadratic,ml_residual,76,400,0.45,499,0.002,1
hidden_quadratic,support_complete,77,400,0.45,499,0.002,1
hidden_quadratic,generalized_cmh,77,400,0.45,499,0.002,1
hidden_quadratic,complete_fibre_lr,77,400,0.45,499,0.002,1
hidden_quadratic,ml_residual,77,400,0.45,499,0.002,1
hidden_quadratic,support_complete,78,400,0.45,499,0.002,1
hidden_quadratic,generalized_cmh,78,400,0.45,499,0.002,1
hidden_quadratic,complete_fibre_lr,78,400,0.45,499,0.002,1
hidden_quadratic,ml_residual,78,400,0.45,499,0.002,1
hidden_quadratic,support_complete,79,400,0.45,499,0.002,1
hidden_quadratic,generalized_cmh,79,400,0.45,499,0.002,1
hidden_quadratic,complete_fibre_lr,79,400,0.45,499,0.002,1
hidden_quadratic,ml_residual,79,400,0.45,499,0.002,1
hidden_quadratic,support_complete,80,400,0.45,499,0.002,1
hidden_quadratic,generalized_cmh,80,400,0.45,499,0.002,1
hidden_quadratic,complete_fibre_lr,80,400,0.45,499,0.002,1
hidden_quadratic,ml_residual,80,400,0.45,499,0.002,1
hidden_quadratic,support_complete,81,400,0.45,499,0.002,1
hidden_quadratic,generalized_cmh,81,400,0.45,499,0.002,1
hidden_quadratic,complete_fibre_lr,81,400,0.45,499,0.002,1
hidden_quadratic,ml_residual,81,400,0.45,499,0.004,1
hidden_quadratic,support_complete,82,400,0.45,499,0.002,1
hidden_quadratic,generalized_cmh,82,400,0.45,499,0.002,1
hidden_quadratic,complete_fibre_lr,82,400,0.45,499,0.002,1
hidden_quadratic,ml_residual,82,400,0.45,499,0.002,1
hidden_quadratic,support_complete,83,400,0.45,499,0.002,1
hidden_quadratic,generalized_cmh,83,400,0.45,499,0.002,1
hidden_quadratic,complete_fibre_lr,83,400,0.45,499,0.002,1
hidden_quadratic,ml_residual,83,400,0.45,499,0.002,1
hidden_quadratic,support_complete,84,400,0.45,499,0.002,1
hidden_quadratic,generalized_cmh,84,400,0.45,499,0.002,1
hidden_quadratic,complete_fibre_lr,84,400,0.45,499,0.002,1
hidden_quadratic,ml_residual,84,400,0.45,499,0.002,1
hidden_quadratic,support_complete,85,400,0.45,499,0.002,1
hidden_quadratic,generalized_cmh,85,400,0.45,499,0.002,1
hidden_quadratic,complete_fibre_lr,85,400,0.45,499,0.002,1
hidden_quadratic,ml_residual,85,400,0.45,499,0.002,1
hidden_quadratic,support_complete,86,400,0.45,499,0.002,1
hidden_quadratic,generalized_cmh,86,400,0.45,499,0.002,1
hidden_quadratic,complete_fibre_lr,86,400,0.45,499,0.002,1
hidden_quadratic,ml_residual,86,400,0.45,499,0.002,1
hidden_quadratic,support_complete,87,400,0.45,499,0.002,1
hidden_quadratic,generalized_cmh,87,400,0.45,499,0.002,1
hidden_quadratic,complete_fibre_lr,87,400,0.45,499,0.002,1
hidden_quadratic,ml_residual,87,400,0.45,499,0.002,1
hidden_quadratic,support_complete,88,400,0.45,499,0.002,1
hidden_quadratic,generalized_cmh,88,400,0.45,499,0.002,1
hidden_quadratic,complete_fibre_lr,88,400,0.45,499,0.002,1
hidden_quadratic,ml_residual,88,400,0.45,499,0.002,1
hidden_quadratic,support_complete,89,400,0.45,499,0.002,1
hidden_quadratic,generalized_cmh,89,400,0.45,499,0.002,1
hidden_quadratic,complete_fibre_lr,89,400,0.45,499,0.002,1
hidden_quadratic,ml_residual,89,400,0.45,499,0.002,1
hidden_quadratic,support_complete,90,400,0.45,499,0.002,1
hidden_quadratic,generalized_cmh,90,400,0.45,499,0.002,1
hidden_quadratic,complete_fibre_lr,90,400,0.45,499,0.002,1
hidden_quadratic,ml_residual,90,400,0.45,499,0.002,1
hidden_quadratic,support_complete,91,400,0.45,499,0.002,1
hidden_quadratic,generalized_cmh,91,400,0.45,499,0.002,1
hidden_quadratic,complete_fibre_lr,91,400,0.45,499,0.002,1
hidden_quadratic,ml_residual,91,400,0.45,499,0.002,1
hidden_quadratic,support_complete,92,400,0.45,499,0.002,1
hidden_quadratic,generalized_cmh,92,400,0.45,499,0.002,1
hidden_quadratic,complete_fibre_lr,92,400,0.45,499,0.002,1
hidden_quadratic,ml_residual,92,400,0.45,499,0.002,1
hidden_quadratic,support_complete,93,400,0.45,499,0.002,1
hidden_quadratic,generalized_cmh,93,400,0.45,499,0.002,1
hidden_quadratic,complete_fibre_lr,93,400,0.45,499,0.002,1
hidden_quadratic,ml_residual,93,400,0.45,499,0.002,1
hidden_quadratic,support_complete,94,400,0.45,499,0.002,1
hidden_quadratic,generalized_cmh,94,400,0.45,499,0.002,1
hidden_quadratic,complete_fibre_lr,94,400,0.45,499,0.002,1
hidden_quadratic,ml_residual,94,400,0.45,499,0.002,1
hidden_quadratic,support_complete,95,400,0.45,499,0.002,1
hidden_quadratic,generalized_cmh,95,400,0.45,499,0.002,1
hidden_quadratic,complete_fibre_lr,95,400,0.45,499,0.002,1
hidden_quadratic,ml_residual,95,400,0.45,499,0.002,1
hidden_quadratic,support_complete,96,400,0.45,499,0.002,1
hidden_quadratic,generalized_cmh,96,400,0.45,499,0.002,1
hidden_quadratic,complete_fibre_lr,96,400,0.45,499,0.002,1
hidden_quadratic,ml_residual,96,400,0.45,499,0.002,1
hidden_quadratic,support_complete,97,400,0.45,499,0.002,1
hidden_quadratic,generalized_cmh,97,400,0.45,499,0.002,1
hidden_quadratic,complete_fibre_lr,97,400,0.45,499,0.002,1
hidden_quadratic,ml_residual,97,400,0.45,499,0.002,1
hidden_quadratic,support_complete,98,400,0.45,499,0.002,1
hidden_quadratic,generalized_cmh,98,400,0.45,499,0.002,1
hidden_quadratic,complete_fibre_lr,98,400,0.45,499,0.002,1
hidden_quadratic,ml_residual,98,400,0.45,499,0.002,1
hidden_quadratic,support_complete,99,400,0.45,499,0.002,1
hidden_quadratic,generalized_cmh,99,400,0.45,499,0.002,1
hidden_quadratic,complete_fibre_lr,99,400,0.45,499,0.002,1
hidden_quadratic,ml_residual,99,400,0.45,499,0.002,1
hidden_quadratic,support_complete,100,400,0.45,499,0.002,1
hidden_quadratic,generalized_cmh,100,400,0.45,499,0.002,1
hidden_quadratic,complete_fibre_lr,100,400,0.45,499,0.002,1
hidden_quadratic,ml_residual,100,400,0.45,499,0.002,1
hidden_quadratic,support_complete,101,400,0.45,499,0.002,1
hidden_quadratic,generalized_cmh,101,400,0.45,499,0.002,1
hidden_quadratic,complete_fibre_lr,101,400,0.45,499,0.002,1
hidden_quadratic,ml_residual,101,400,0.45,499,0.002,1
hidden_quadratic,support_complete,102,400,0.45,499,0.002,1
hidden_quadratic,generalized_cmh,102,400,0.45,499,0.002,1
hidden_quadratic,complete_fibre_lr,102,400,0.45,499,0.002,1
hidden_quadratic,ml_residual,102,400,0.45,499,0.002,1
hidden_quadratic,support_complete,103,400,0.45,499,0.002,1
hidden_quadratic,generalized_cmh,103,400,0.45,499,0.002,1
hidden_quadratic,complete_fibre_lr,103,400,0.45,499,0.002,1
hidden_quadratic,ml_residual,103,400,0.45,499,0.02,1
hidden_quadratic,support_complete,104,400,0.45,499,0.002,1
hidden_quadratic,generalized_cmh,104,400,0.45,499,0.002,1
hidden_quadratic,complete_fibre_lr,104,400,0.45,499,0.002,1
hidden_quadratic,ml_residual,104,400,0.45,499,0.002,1
hidden_quadratic,support_complete,105,400,0.45,499,0.002,1
hidden_quadratic,generalized_cmh,105,400,0.45,499,0.002,1
hidden_quadratic,complete_fibre_lr,105,400,0.45,499,0.002,1
hidden_quadratic,ml_residual,105,400,0.45,499,0.002,1
hidden_quadratic,support_complete,106,400,0.45,499,0.002,1
hidden_quadratic,generalized_cmh,106,400,0.45,499,0.002,1
hidden_quadratic,complete_fibre_lr,106,400,0.45,499,0.002,1
hidden_quadratic,ml_residual,106,400,0.45,499,0.002,1
hidden_quadratic,support_complete,107,400,0.45,499,0.002,1
hidden_quadratic,generalized_cmh,107,400,0.45,499,0.002,1
hidden_quadratic,complete_fibre_lr,107,400,0.45,499,0.002,1
hidden_quadratic,ml_residual,107,400,0.45,499,0.002,1
hidden_quadratic,support_complete,108,400,0.45,499,0.002,1
hidden_quadratic,generalized_cmh,108,400,0.45,499,0.002,1
hidden_quadratic,complete_fibre_lr,108,400,0.45,499,0.002,1
hidden_quadratic,ml_residual,108,400,0.45,499,0.002,1
hidden_quadratic,support_complete,109,400,0.45,499,0.002,1
hidden_quadratic,generalized_cmh,109,400,0.45,499,0.002,1
hidden_quadratic,complete_fibre_lr,109,400,0.45,499,0.002,1
hidden_quadratic,ml_residual,109,400,0.45,499,0.002,1
hidden_quadratic,support_complete,110,400,0.45,499,0.002,1
hidden_quadratic,generalized_cmh,110,400,0.45,499,0.002,1
hidden_quadratic,complete_fibre_lr,110,400,0.45,499,0.002,1
hidden_quadratic,ml_residual,110,400,0.45,499,0.008,1
hidden_quadratic,support_complete,111,400,0.45,499,0.002,1
hidden_quadratic,generalized_cmh,111,400,0.45,499,0.002,1
hidden_quadratic,complete_fibre_lr,111,400,0.45,499,0.002,1
hidden_quadratic,ml_residual,111,400,0.45,499,0.002,1
hidden_quadratic,support_complete,112,400,0.45,499,0.002,1
hidden_quadratic,generalized_cmh,112,400,0.45,499,0.002,1
hidden_quadratic,complete_fibre_lr,112,400,0.45,499,0.002,1
hidden_quadratic,ml_residual,112,400,0.45,499,0.002,1
hidden_quadratic,support_complete,113,400,0.45,499,0.002,1
hidden_quadratic,generalized_cmh,113,400,0.45,499,0.002,1
hidden_quadratic,complete_fibre_lr,113,400,0.45,499,0.002,1
hidden_quadratic,ml_residual,113,400,0.45,499,0.002,1
hidden_quadratic,support_complete,114,400,0.45,499,0.002,1
hidden_quadratic,generalized_cmh,114,400,0.45,499,0.002,1
hidden_quadratic,complete_fibre_lr,114,400,0.45,499,0.002,1
hidden_quadratic,ml_residual,114,400,0.45,499,0.002,1
hidden_quadratic,support_complete,115,400,0.45,499,0.002,1
hidden_quadratic,generalized_cmh,115,400,0.45,499,0.002,1
hidden_quadratic,complete_fibre_lr,115,400,0.45,499,0.002,1
hidden_quadratic,ml_residual,115,400,0.45,499,0.002,1
hidden_quadratic,support_complete,116,400,0.45,499,0.002,1
hidden_quadratic,generalized_cmh,116,400,0.45,499,0.002,1
hidden_quadratic,complete_fibre_lr,116,400,0.45,499,0.002,1
hidden_quadratic,ml_residual,116,400,0.45,499,0.002,1
hidden_quadratic,support_complete,117,400,0.45,499,0.002,1
hidden_quadratic,generalized_cmh,117,400,0.45,499,0.002,1
hidden_quadratic,complete_fibre_lr,117,400,0.45,499,0.002,1
hidden_quadratic,ml_residual,117,400,0.45,499,0.054,0
hidden_quadratic,support_complete,118,400,0.45,499,0.002,1
hidden_quadratic,generalized_cmh,118,400,0.45,499,0.002,1
hidden_quadratic,complete_fibre_lr,118,400,0.45,499,0.002,1
hidden_quadratic,ml_residual,118,400,0.45,499,0.002,1
hidden_quadratic,support_complete,119,400,0.45,499,0.002,1
hidden_quadratic,generalized_cmh,119,400,0.45,499,0.002,1
hidden_quadratic,complete_fibre_lr,119,400,0.45,499,0.002,1
hidden_quadratic,ml_residual,119,400,0.45,499,0.002,1
hidden_quadratic,support_complete,120,400,0.45,499,0.002,1
hidden_quadratic,generalized_cmh,120,400,0.45,499,0.002,1
hidden_quadratic,complete_fibre_lr,120,400,0.45,499,0.002,1
hidden_quadratic,ml_residual,120,400,0.45,499,0.002,1
hidden_quadratic,support_complete,121,400,0.45,499,0.002,1
hidden_quadratic,generalized_cmh,121,400,0.45,499,0.002,1
hidden_quadratic,complete_fibre_lr,121,400,0.45,499,0.002,1
hidden_quadratic,ml_residual,121,400,0.45,499,0.002,1
hidden_quadratic,support_complete,122,400,0.45,499,0.002,1
hidden_quadratic,generalized_cmh,122,400,0.45,499,0.002,1
hidden_quadratic,complete_fibre_lr,122,400,0.45,499,0.002,1
hidden_quadratic,ml_residual,122,400,0.45,499,0.002,1
hidden_quadratic,support_complete,123,400,0.45,499,0.002,1
hidden_quadratic,generalized_cmh,123,400,0.45,499,0.002,1
hidden_quadratic,complete_fibre_lr,123,400,0.45,499,0.002,1
hidden_quadratic,ml_residual,123,400,0.45,499,0.002,1
hidden_quadratic,support_complete,124,400,0.45,499,0.002,1
hidden_quadratic,generalized_cmh,124,400,0.45,499,0.002,1
hidden_quadratic,complete_fibre_lr,124,400,0.45,499,0.002,1
hidden_quadratic,ml_residual,124,400,0.45,499,0.002,1
hidden_quadratic,support_complete,125,400,0.45,499,0.002,1
hidden_quadratic,generalized_cmh,125,400,0.45,499,0.002,1
hidden_quadratic,complete_fibre_lr,125,400,0.45,499,0.002,1
hidden_quadratic,ml_residual,125,400,0.45,499,0.004,1
hidden_quadratic,support_complete,126,400,0.45,499,0.002,1
hidden_quadratic,generalized_cmh,126,400,0.45,499,0.002,1
hidden_quadratic,complete_fibre_lr,126,400,0.45,499,0.002,1
hidden_quadratic,ml_residual,126,400,0.45,499,0.002,1
hidden_quadratic,support_complete,127,400,0.45,499,0.002,1
hidden_quadratic,generalized_cmh,127,400,0.45,499,0.002,1
hidden_quadratic,complete_fibre_lr,127,400,0.45,499,0.002,1
hidden_quadratic,ml_residual,127,400,0.45,499,0.002,1
hidden_quadratic,support_complete,128,400,0.45,499,0.002,1
hidden_quadratic,generalized_cmh,128,400,0.45,499,0.002,1
hidden_quadratic,complete_fibre_lr,128,400,0.45,499,0.002,1
hidden_quadratic,ml_residual,128,400,0.45,499,0.002,1
hidden_quadratic,support_complete,129,400,0.45,499,0.002,1
hidden_quadratic,generalized_cmh,129,400,0.45,499,0.002,1
hidden_quadratic,complete_fibre_lr,129,400,0.45,499,0.002,1
hidden_quadratic,ml_residual,129,400,0.45,499,0.002,1
hidden_quadratic,support_complete,130,400,0.45,499,0.002,1
hidden_quadratic,generalized_cmh,130,400,0.45,499,0.002,1
hidden_quadratic,complete_fibre_lr,130,400,0.45,499,0.002,1
hidden_quadratic,ml_residual,130,400,0.45,499,0.002,1
hidden_quadratic,support_complete,131,400,0.45,499,0.002,1
hidden_quadratic,generalized_cmh,131,400,0.45,499,0.002,1
hidden_quadratic,complete_fibre_lr,131,400,0.45,499,0.002,1
hidden_quadratic,ml_residual,131,400,0.45,499,0.002,1
hidden_quadratic,support_complete,132,400,0.45,499,0.002,1
hidden_quadratic,generalized_cmh,132,400,0.45,499,0.002,1
hidden_quadratic,complete_fibre_lr,132,400,0.45,499,0.002,1
hidden_quadratic,ml_residual,132,400,0.45,499,0.002,1
hidden_quadratic,support_complete,133,400,0.45,499,0.002,1
hidden_quadratic,generalized_cmh,133,400,0.45,499,0.002,1
hidden_quadratic,complete_fibre_lr,133,400,0.45,499,0.002,1
hidden_quadratic,ml_residual,133,400,0.45,499,0.002,1
hidden_quadratic,support_complete,134,400,0.45,499,0.002,1
hidden_quadratic,generalized_cmh,134,400,0.45,499,0.002,1
hidden_quadratic,complete_fibre_lr,134,400,0.45,499,0.002,1
hidden_quadratic,ml_residual,134,400,0.45,499,0.002,1
hidden_quadratic,support_complete,135,400,0.45,499,0.002,1
hidden_quadratic,generalized_cmh,135,400,0.45,499,0.002,1
hidden_quadratic,complete_fibre_lr,135,400,0.45,499,0.002,1
hidden_quadratic,ml_residual,135,400,0.45,499,0.002,1
hidden_quadratic,support_complete,136,400,0.45,499,0.002,1
hidden_quadratic,generalized_cmh,136,400,0.45,499,0.002,1
hidden_quadratic,complete_fibre_lr,136,400,0.45,499,0.002,1
hidden_quadratic,ml_residual,136,400,0.45,499,0.002,1
hidden_quadratic,support_complete,137,400,0.45,499,0.002,1
hidden_quadratic,generalized_cmh,137,400,0.45,499,0.002,1
hidden_quadratic,complete_fibre_lr,137,400,0.45,499,0.002,1
hidden_quadratic,ml_residual,137,400,0.45,499,0.002,1
hidden_quadratic,support_complete,138,400,0.45,499,0.002,1
hidden_quadratic,generalized_cmh,138,400,0.45,499,0.002,1
hidden_quadratic,complete_fibre_lr,138,400,0.45,499,0.002,1
hidden_quadratic,ml_residual,138,400,0.45,499,0.002,1
hidden_quadratic,support_complete,139,400,0.45,499,0.002,1
hidden_quadratic,generalized_cmh,139,400,0.45,499,0.002,1
hidden_quadratic,complete_fibre_lr,139,400,0.45,499,0.002,1
hidden_quadratic,ml_residual,139,400,0.45,499,0.002,1
hidden_quadratic,support_complete,140,400,0.45,499,0.002,1
hidden_quadratic,generalized_cmh,140,400,0.45,499,0.002,1
hidden_quadratic,complete_fibre_lr,140,400,0.45,499,0.002,1
hidden_quadratic,ml_residual,140,400,0.45,499,0.002,1
hidden_quadratic,support_complete,141,400,0.45,499,0.002,1
hidden_quadratic,generalized_cmh,141,400,0.45,499,0.002,1
hidden_quadratic,complete_fibre_lr,141,400,0.45,499,0.002,1
hidden_quadratic,ml_residual,141,400,0.45,499,0.002,1
hidden_quadratic,support_complete,142,400,0.45,499,0.002,1
hidden_quadratic,generalized_cmh,142,400,0.45,499,0.002,1
hidden_quadratic,complete_fibre_lr,142,400,0.45,499,0.002,1
hidden_quadratic,ml_residual,142,400,0.45,499,0.002,1
hidden_quadratic,support_complete,143,400,0.45,499,0.002,1
hidden_quadratic,generalized_cmh,143,400,0.45,499,0.002,1
hidden_quadratic,complete_fibre_lr,143,400,0.45,499,0.002,1
hidden_quadratic,ml_residual,143,400,0.45,499,0.008,1
hidden_quadratic,support_complete,144,400,0.45,499,0.002,1
hidden_quadratic,generalized_cmh,144,400,0.45,499,0.002,1
hidden_quadratic,complete_fibre_lr,144,400,0.45,499,0.002,1
hidden_quadratic,ml_residual,144,400,0.45,499,0.002,1
hidden_quadratic,support_complete,145,400,0.45,499,0.002,1
hidden_quadratic,generalized_cmh,145,400,0.45,499,0.002,1
hidden_quadratic,complete_fibre_lr,145,400,0.45,499,0.002,1
hidden_quadratic,ml_residual,145,400,0.45,499,0.002,1
hidden_quadratic,support_complete,146,400,0.45,499,0.002,1
hidden_quadratic,generalized_cmh,146,400,0.45,499,0.002,1
hidden_quadratic,complete_fibre_lr,146,400,0.45,499,0.002,1
hidden_quadratic,ml_residual,146,400,0.45,499,0.002,1
hidden_quadratic,support_complete,147,400,0.45,499,0.002,1
hidden_quadratic,generalized_cmh,147,400,0.45,499,0.002,1
hidden_quadratic,complete_fibre_lr,147,400,0.45,499,0.002,1
hidden_quadratic,ml_residual,147,400,0.45,499,0.002,1
hidden_quadratic,support_complete,148,400,0.45,499,0.002,1
hidden_quadratic,generalized_cmh,148,400,0.45,499,0.002,1
hidden_quadratic,complete_fibre_lr,148,400,0.45,499,0.002,1
hidden_quadratic,ml_residual,148,400,0.45,499,0.002,1
hidden_quadratic,support_complete,149,400,0.45,499,0.002,1
hidden_quadratic,generalized_cmh,149,400,0.45,499,0.002,1
hidden_quadratic,complete_fibre_lr,149,400,0.45,499,0.002,1
hidden_quadratic,ml_residual,149,400,0.45,499,0.002,1
hidden_quadratic,support_complete,150,400,0.45,499,0.002,1
hidden_quadratic,generalized_cmh,150,400,0.45,499,0.002,1
hidden_quadratic,complete_fibre_lr,150,400,0.45,499,0.002,1
hidden_quadratic,ml_residual,150,400,0.45,499,0.002,1
hidden_quadratic,support_complete,151,400,0.45,499,0.002,1
hidden_quadratic,generalized_cmh,151,400,0.45,499,0.002,1
hidden_quadratic,complete_fibre_lr,151,400,0.45,499,0.002,1
hidden_quadratic,ml_residual,151,400,0.45,499,0.002,1
hidden_quadratic,support_complete,152,400,0.45,499,0.002,1
hidden_quadratic,generalized_cmh,152,400,0.45,499,0.002,1
hidden_quadratic,complete_fibre_lr,152,400,0.45,499,0.002,1
hidden_quadratic,ml_residual,152,400,0.45,499,0.002,1
hidden_quadratic,support_complete,153,400,0.45,499,0.002,1
hidden_quadratic,generalized_cmh,153,400,0.45,499,0.002,1
hidden_quadratic,complete_fibre_lr,153,400,0.45,499,0.002,1
hidden_quadratic,ml_residual,153,400,0.45,499,0.002,1
hidden_quadratic,support_complete,154,400,0.45,499,0.002,1
hidden_quadratic,generalized_cmh,154,400,0.45,499,0.002,1
hidden_quadratic,complete_fibre_lr,154,400,0.45,499,0.002,1
hidden_quadratic,ml_residual,154,400,0.45,499,0.002,1
hidden_quadratic,support_complete,155,400,0.45,499,0.002,1
hidden_quadratic,generalized_cmh,155,400,0.45,499,0.002,1
hidden_quadratic,complete_fibre_lr,155,400,0.45,499,0.002,1
hidden_quadratic,ml_residual,155,400,0.45,499,0.008,1
hidden_quadratic,support_complete,156,400,0.45,499,0.002,1
hidden_quadratic,generalized_cmh,156,400,0.45,499,0.002,1
hidden_quadratic,complete_fibre_lr,156,400,0.45,499,0.002,1
hidden_quadratic,ml_residual,156,400,0.45,499,0.002,1
hidden_quadratic,support_complete,157,400,0.45,499,0.002,1
hidden_quadratic,generalized_cmh,157,400,0.45,499,0.002,1
hidden_quadratic,complete_fibre_lr,157,400,0.45,499,0.002,1
hidden_quadratic,ml_residual,157,400,0.45,499,0.036,1
hidden_quadratic,support_complete,158,400,0.45,499,0.002,1
hidden_quadratic,generalized_cmh,158,400,0.45,499,0.002,1
hidden_quadratic,complete_fibre_lr,158,400,0.45,499,0.002,1
hidden_quadratic,ml_residual,158,400,0.45,499,0.002,1
hidden_quadratic,support_complete,159,400,0.45,499,0.002,1
hidden_quadratic,generalized_cmh,159,400,0.45,499,0.002,1
hidden_quadratic,complete_fibre_lr,159,400,0.45,499,0.002,1
hidden_quadratic,ml_residual,159,400,0.45,499,0.004,1
hidden_quadratic,support_complete,160,400,0.45,499,0.002,1
hidden_quadratic,generalized_cmh,160,400,0.45,499,0.002,1
hidden_quadratic,complete_fibre_lr,160,400,0.45,499,0.002,1
hidden_quadratic,ml_residual,160,400,0.45,499,0.002,1
hidden_quadratic,support_complete,161,400,0.45,499,0.002,1
hidden_quadratic,generalized_cmh,161,400,0.45,499,0.002,1
hidden_quadratic,complete_fibre_lr,161,400,0.45,499,0.002,1
hidden_quadratic,ml_residual,161,400,0.45,499,0.002,1
hidden_quadratic,support_complete,162,400,0.45,499,0.002,1
hidden_quadratic,generalized_cmh,162,400,0.45,499,0.002,1
hidden_quadratic,complete_fibre_lr,162,400,0.45,499,0.002,1
hidden_quadratic,ml_residual,162,400,0.45,499,0.002,1
hidden_quadratic,support_complete,163,400,0.45,499,0.002,1
hidden_quadratic,generalized_cmh,163,400,0.45,499,0.002,1
hidden_quadratic,complete_fibre_lr,163,400,0.45,499,0.002,1
hidden_quadratic,ml_residual,163,400,0.45,499,0.002,1
hidden_quadratic,support_complete,164,400,0.45,499,0.002,1
hidden_quadratic,generalized_cmh,164,400,0.45,499,0.002,1
hidden_quadratic,complete_fibre_lr,164,400,0.45,499,0.002,1
hidden_quadratic,ml_residual,164,400,0.45,499,0.002,1
hidden_quadratic,support_complete,165,400,0.45,499,0.002,1
hidden_quadratic,generalized_cmh,165,400,0.45,499,0.002,1
hidden_quadratic,complete_fibre_lr,165,400,0.45,499,0.002,1
hidden_quadratic,ml_residual,165,400,0.45,499,0.002,1
hidden_quadratic,support_complete,166,400,0.45,499,0.002,1
hidden_quadratic,generalized_cmh,166,400,0.45,499,0.002,1
hidden_quadratic,complete_fibre_lr,166,400,0.45,499,0.002,1
hidden_quadratic,ml_residual,166,400,0.45,499,0.002,1
hidden_quadratic,support_complete,167,400,0.45,499,0.002,1
hidden_quadratic,generalized_cmh,167,400,0.45,499,0.002,1
hidden_quadratic,complete_fibre_lr,167,400,0.45,499,0.002,1
hidden_quadratic,ml_residual,167,400,0.45,499,0.002,1
hidden_quadratic,support_complete,168,400,0.45,499,0.002,1
hidden_quadratic,generalized_cmh,168,400,0.45,499,0.002,1
hidden_quadratic,complete_fibre_lr,168,400,0.45,499,0.002,1
hidden_quadratic,ml_residual,168,400,0.45,499,0.01,1
hidden_quadratic,support_complete,169,400,0.45,499,0.002,1
hidden_quadratic,generalized_cmh,169,400,0.45,499,0.002,1
hidden_quadratic,complete_fibre_lr,169,400,0.45,499,0.002,1
hidden_quadratic,ml_residual,169,400,0.45,499,0.002,1
hidden_quadratic,support_complete,170,400,0.45,499,0.002,1
hidden_quadratic,generalized_cmh,170,400,0.45,499,0.002,1
hidden_quadratic,complete_fibre_lr,170,400,0.45,499,0.002,1
hidden_quadratic,ml_residual,170,400,0.45,499,0.002,1
hidden_quadratic,support_complete,171,400,0.45,499,0.002,1
hidden_quadratic,generalized_cmh,171,400,0.45,499,0.002,1
hidden_quadratic,complete_fibre_lr,171,400,0.45,499,0.002,1
hidden_quadratic,ml_residual,171,400,0.45,499,0.002,1
hidden_quadratic,support_complete,172,400,0.45,499,0.002,1
hidden_quadratic,generalized_cmh,172,400,0.45,499,0.002,1
hidden_quadratic,complete_fibre_lr,172,400,0.45,499,0.002,1
hidden_quadratic,ml_residual,172,400,0.45,499,0.002,1
hidden_quadratic,support_complete,173,400,0.45,499,0.002,1
hidden_quadratic,generalized_cmh,173,400,0.45,499,0.002,1
hidden_quadratic,complete_fibre_lr,173,400,0.45,499,0.002,1
hidden_quadratic,ml_residual,173,400,0.45,499,0.004,1
hidden_quadratic,support_complete,174,400,0.45,499,0.002,1
hidden_quadratic,generalized_cmh,174,400,0.45,499,0.002,1
hidden_quadratic,complete_fibre_lr,174,400,0.45,499,0.002,1
hidden_quadratic,ml_residual,174,400,0.45,499,0.002,1
hidden_quadratic,support_complete,175,400,0.45,499,0.002,1
hidden_quadratic,generalized_cmh,175,400,0.45,499,0.002,1
hidden_quadratic,complete_fibre_lr,175,400,0.45,499,0.002,1
hidden_quadratic,ml_residual,175,400,0.45,499,0.004,1
hidden_quadratic,support_complete,176,400,0.45,499,0.002,1
hidden_quadratic,generalized_cmh,176,400,0.45,499,0.002,1
hidden_quadratic,complete_fibre_lr,176,400,0.45,499,0.002,1
hidden_quadratic,ml_residual,176,400,0.45,499,0.002,1
hidden_quadratic,support_complete,177,400,0.45,499,0.002,1
hidden_quadratic,generalized_cmh,177,400,0.45,499,0.002,1
hidden_quadratic,complete_fibre_lr,177,400,0.45,499,0.002,1
hidden_quadratic,ml_residual,177,400,0.45,499,0.002,1
hidden_quadratic,support_complete,178,400,0.45,499,0.002,1
hidden_quadratic,generalized_cmh,178,400,0.45,499,0.002,1
hidden_quadratic,complete_fibre_lr,178,400,0.45,499,0.002,1
hidden_quadratic,ml_residual,178,400,0.45,499,0.004,1
hidden_quadratic,support_complete,179,400,0.45,499,0.002,1
hidden_quadratic,generalized_cmh,179,400,0.45,499,0.002,1
hidden_quadratic,complete_fibre_lr,179,400,0.45,499,0.002,1
hidden_quadratic,ml_residual,179,400,0.45,499,0.002,1
hidden_quadratic,support_complete,180,400,0.45,499,0.002,1
hidden_quadratic,generalized_cmh,180,400,0.45,499,0.002,1
hidden_quadratic,complete_fibre_lr,180,400,0.45,499,0.002,1
hidden_quadratic,ml_residual,180,400,0.45,499,0.002,1
hidden_quadratic,support_complete,181,400,0.45,499,0.002,1
hidden_quadratic,generalized_cmh,181,400,0.45,499,0.002,1
hidden_quadratic,complete_fibre_lr,181,400,0.45,499,0.002,1
hidden_quadratic,ml_residual,181,400,0.45,499,0.002,1
hidden_quadratic,support_complete,182,400,0.45,499,0.002,1
hidden_quadratic,generalized_cmh,182,400,0.45,499,0.002,1
hidden_quadratic,complete_fibre_lr,182,400,0.45,499,0.002,1
hidden_quadratic,ml_residual,182,400,0.45,499,0.042,1
hidden_quadratic,support_complete,183,400,0.45,499,0.002,1
hidden_quadratic,generalized_cmh,183,400,0.45,499,0.002,1
hidden_quadratic,complete_fibre_lr,183,400,0.45,499,0.002,1
hidden_quadratic,ml_residual,183,400,0.45,499,0.006,1
hidden_quadratic,support_complete,184,400,0.45,499,0.002,1
hidden_quadratic,generalized_cmh,184,400,0.45,499,0.002,1
hidden_quadratic,complete_fibre_lr,184,400,0.45,499,0.002,1
hidden_quadratic,ml_residual,184,400,0.45,499,0.002,1
hidden_quadratic,support_complete,185,400,0.45,499,0.002,1
hidden_quadratic,generalized_cmh,185,400,0.45,499,0.002,1
hidden_quadratic,complete_fibre_lr,185,400,0.45,499,0.002,1
hidden_quadratic,ml_residual,185,400,0.45,499,0.002,1
hidden_quadratic,support_complete,186,400,0.45,499,0.002,1
hidden_quadratic,generalized_cmh,186,400,0.45,499,0.002,1
hidden_quadratic,complete_fibre_lr,186,400,0.45,499,0.002,1
hidden_quadratic,ml_residual,186,400,0.45,499,0.002,1
hidden_quadratic,support_complete,187,400,0.45,499,0.002,1
hidden_quadratic,generalized_cmh,187,400,0.45,499,0.002,1
hidden_quadratic,complete_fibre_lr,187,400,0.45,499,0.002,1
hidden_quadratic,ml_residual,187,400,0.45,499,0.002,1
hidden_quadratic,support_complete,188,400,0.45,499,0.002,1
hidden_quadratic,generalized_cmh,188,400,0.45,499,0.002,1
hidden_quadratic,complete_fibre_lr,188,400,0.45,499,0.002,1
hidden_quadratic,ml_residual,188,400,0.45,499,0.002,1
hidden_quadratic,support_complete,189,400,0.45,499,0.002,1
hidden_quadratic,generalized_cmh,189,400,0.45,499,0.002,1
hidden_quadratic,complete_fibre_lr,189,400,0.45,499,0.002,1
hidden_quadratic,ml_residual,189,400,0.45,499,0.004,1
hidden_quadratic,support_complete,190,400,0.45,499,0.002,1
hidden_quadratic,generalized_cmh,190,400,0.45,499,0.002,1
hidden_quadratic,complete_fibre_lr,190,400,0.45,499,0.002,1
hidden_quadratic,ml_residual,190,400,0.45,499,0.014,1
hidden_quadratic,support_complete,191,400,0.45,499,0.002,1
hidden_quadratic,generalized_cmh,191,400,0.45,499,0.002,1
hidden_quadratic,complete_fibre_lr,191,400,0.45,499,0.002,1
hidden_quadratic,ml_residual,191,400,0.45,499,0.002,1
hidden_quadratic,support_complete,192,400,0.45,499,0.002,1
hidden_quadratic,generalized_cmh,192,400,0.45,499,0.002,1
hidden_quadratic,complete_fibre_lr,192,400,0.45,499,0.002,1
hidden_quadratic,ml_residual,192,400,0.45,499,0.012,1
hidden_quadratic,support_complete,193,400,0.45,499,0.002,1
hidden_quadratic,generalized_cmh,193,400,0.45,499,0.002,1
hidden_quadratic,complete_fibre_lr,193,400,0.45,499,0.002,1
hidden_quadratic,ml_residual,193,400,0.45,499,0.002,1
hidden_quadratic,support_complete,194,400,0.45,499,0.002,1
hidden_quadratic,generalized_cmh,194,400,0.45,499,0.002,1
hidden_quadratic,complete_fibre_lr,194,400,0.45,499,0.002,1
hidden_quadratic,ml_residual,194,400,0.45,499,0.002,1
hidden_quadratic,support_complete,195,400,0.45,499,0.002,1
hidden_quadratic,generalized_cmh,195,400,0.45,499,0.002,1
hidden_quadratic,complete_fibre_lr,195,400,0.45,499,0.002,1
hidden_quadratic,ml_residual,195,400,0.45,499,0.002,1
hidden_quadratic,support_complete,196,400,0.45,499,0.002,1
hidden_quadratic,generalized_cmh,196,400,0.45,499,0.002,1
hidden_quadratic,complete_fibre_lr,196,400,0.45,499,0.002,1
hidden_quadratic,ml_residual,196,400,0.45,499,0.002,1
hidden_quadratic,support_complete,197,400,0.45,499,0.002,1
hidden_quadratic,generalized_cmh,197,400,0.45,499,0.002,1
hidden_quadratic,complete_fibre_lr,197,400,0.45,499,0.002,1
hidden_quadratic,ml_residual,197,400,0.45,499,0.002,1
hidden_quadratic,support_complete,198,400,0.45,499,0.002,1
hidden_quadratic,generalized_cmh,198,400,0.45,499,0.002,1
hidden_quadratic,complete_fibre_lr,198,400,0.45,499,0.002,1
hidden_quadratic,ml_residual,198,400,0.45,499,0.002,1
hidden_quadratic,support_complete,199,400,0.45,499,0.002,1
hidden_quadratic,generalized_cmh,199,400,0.45,499,0.002,1
hidden_quadratic,complete_fibre_lr,199,400,0.45,499,0.002,1
hidden_quadratic,ml_residual,199,400,0.45,499,0.002,1
hidden_quadratic,support_complete,200,400,0.45,499,0.002,1
hidden_quadratic,generalized_cmh,200,400,0.45,499,0.002,1
hidden_quadratic,complete_fibre_lr,200,400,0.45,499,0.002,1
hidden_quadratic,ml_residual,200,400,0.45,499,0.002,1
hidden_quadratic,support_complete,201,400,0.45,499,0.002,1
hidden_quadratic,generalized_cmh,201,400,0.45,499,0.002,1
hidden_quadratic,complete_fibre_lr,201,400,0.45,499,0.002,1
hidden_quadratic,ml_residual,201,400,0.45,499,0.002,1
hidden_quadratic,support_complete,202,400,0.45,499,0.002,1
hidden_quadratic,generalized_cmh,202,400,0.45,499,0.002,1
hidden_quadratic,complete_fibre_lr,202,400,0.45,499,0.002,1
hidden_quadratic,ml_residual,202,400,0.45,499,0.002,1
hidden_quadratic,support_complete,203,400,0.45,499,0.002,1
hidden_quadratic,generalized_cmh,203,400,0.45,499,0.002,1
hidden_quadratic,complete_fibre_lr,203,400,0.45,499,0.002,1
hidden_quadratic,ml_residual,203,400,0.45,499,0.004,1
hidden_quadratic,support_complete,204,400,0.45,499,0.002,1
hidden_quadratic,generalized_cmh,204,400,0.45,499,0.002,1
hidden_quadratic,complete_fibre_lr,204,400,0.45,499,0.002,1
hidden_quadratic,ml_residual,204,400,0.45,499,0.016,1
hidden_quadratic,support_complete,205,400,0.45,499,0.002,1
hidden_quadratic,generalized_cmh,205,400,0.45,499,0.002,1
hidden_quadratic,complete_fibre_lr,205,400,0.45,499,0.002,1
hidden_quadratic,ml_residual,205,400,0.45,499,0.002,1
hidden_quadratic,support_complete,206,400,0.45,499,0.002,1
hidden_quadratic,generalized_cmh,206,400,0.45,499,0.002,1
hidden_quadratic,complete_fibre_lr,206,400,0.45,499,0.002,1
hidden_quadratic,ml_residual,206,400,0.45,499,0.008,1
hidden_quadratic,support_complete,207,400,0.45,499,0.002,1
hidden_quadratic,generalized_cmh,207,400,0.45,499,0.002,1
hidden_quadratic,complete_fibre_lr,207,400,0.45,499,0.002,1
hidden_quadratic,ml_residual,207,400,0.45,499,0.002,1
hidden_quadratic,support_complete,208,400,0.45,499,0.002,1
hidden_quadratic,generalized_cmh,208,400,0.45,499,0.002,1
hidden_quadratic,complete_fibre_lr,208,400,0.45,499,0.002,1
hidden_quadratic,ml_residual,208,400,0.45,499,0.002,1
hidden_quadratic,support_complete,209,400,0.45,499,0.002,1
hidden_quadratic,generalized_cmh,209,400,0.45,499,0.002,1
hidden_quadratic,complete_fibre_lr,209,400,0.45,499,0.002,1
hidden_quadratic,ml_residual,209,400,0.45,499,0.002,1
hidden_quadratic,support_complete,210,400,0.45,499,0.002,1
hidden_quadratic,generalized_cmh,210,400,0.45,499,0.002,1
hidden_quadratic,complete_fibre_lr,210,400,0.45,499,0.002,1
hidden_quadratic,ml_residual,210,400,0.45,499,0.002,1
hidden_quadratic,support_complete,211,400,0.45,499,0.002,1
hidden_quadratic,generalized_cmh,211,400,0.45,499,0.002,1
hidden_quadratic,complete_fibre_lr,211,400,0.45,499,0.002,1
hidden_quadratic,ml_residual,211,400,0.45,499,0.006,1
hidden_quadratic,support_complete,212,400,0.45,499,0.002,1
hidden_quadratic,generalized_cmh,212,400,0.45,499,0.002,1
hidden_quadratic,complete_fibre_lr,212,400,0.45,499,0.002,1
hidden_quadratic,ml_residual,212,400,0.45,499,0.002,1
hidden_quadratic,support_complete,213,400,0.45,499,0.002,1
hidden_quadratic,generalized_cmh,213,400,0.45,499,0.002,1
hidden_quadratic,complete_fibre_lr,213,400,0.45,499,0.002,1
hidden_quadratic,ml_residual,213,400,0.45,499,0.002,1
hidden_quadratic,support_complete,214,400,0.45,499,0.002,1
hidden_quadratic,generalized_cmh,214,400,0.45,499,0.002,1
hidden_quadratic,complete_fibre_lr,214,400,0.45,499,0.002,1
hidden_quadratic,ml_residual,214,400,0.45,499,0.124,0
hidden_quadratic,support_complete,215,400,0.45,499,0.002,1
hidden_quadratic,generalized_cmh,215,400,0.45,499,0.002,1
hidden_quadratic,complete_fibre_lr,215,400,0.45,499,0.002,1
hidden_quadratic,ml_residual,215,400,0.45,499,0.002,1
hidden_quadratic,support_complete,216,400,0.45,499,0.002,1
hidden_quadratic,generalized_cmh,216,400,0.45,499,0.002,1
hidden_quadratic,complete_fibre_lr,216,400,0.45,499,0.002,1
hidden_quadratic,ml_residual,216,400,0.45,499,0.004,1
hidden_quadratic,support_complete,217,400,0.45,499,0.002,1
hidden_quadratic,generalized_cmh,217,400,0.45,499,0.002,1
hidden_quadratic,complete_fibre_lr,217,400,0.45,499,0.002,1
hidden_quadratic,ml_residual,217,400,0.45,499,0.002,1
hidden_quadratic,support_complete,218,400,0.45,499,0.002,1
hidden_quadratic,generalized_cmh,218,400,0.45,499,0.002,1
hidden_quadratic,complete_fibre_lr,218,400,0.45,499,0.002,1
hidden_quadratic,ml_residual,218,400,0.45,499,0.004,1
hidden_quadratic,support_complete,219,400,0.45,499,0.002,1
hidden_quadratic,generalized_cmh,219,400,0.45,499,0.002,1
hidden_quadratic,complete_fibre_lr,219,400,0.45,499,0.002,1
hidden_quadratic,ml_residual,219,400,0.45,499,0.002,1
hidden_quadratic,support_complete,220,400,0.45,499,0.002,1
hidden_quadratic,generalized_cmh,220,400,0.45,499,0.002,1
hidden_quadratic,complete_fibre_lr,220,400,0.45,499,0.002,1
hidden_quadratic,ml_residual,220,400,0.45,499,0.002,1
hidden_quadratic,support_complete,221,400,0.45,499,0.002,1
hidden_quadratic,generalized_cmh,221,400,0.45,499,0.002,1
hidden_quadratic,complete_fibre_lr,221,400,0.45,499,0.002,1
hidden_quadratic,ml_residual,221,400,0.45,499,0.002,1
hidden_quadratic,support_complete,222,400,0.45,499,0.002,1
hidden_quadratic,generalized_cmh,222,400,0.45,499,0.002,1
hidden_quadratic,complete_fibre_lr,222,400,0.45,499,0.002,1
hidden_quadratic,ml_residual,222,400,0.45,499,0.002,1
hidden_quadratic,support_complete,223,400,0.45,499,0.002,1
hidden_quadratic,generalized_cmh,223,400,0.45,499,0.002,1
hidden_quadratic,complete_fibre_lr,223,400,0.45,499,0.002,1
hidden_quadratic,ml_residual,223,400,0.45,499,0.002,1
hidden_quadratic,support_complete,224,400,0.45,499,0.002,1
hidden_quadratic,generalized_cmh,224,400,0.45,499,0.002,1
hidden_quadratic,complete_fibre_lr,224,400,0.45,499,0.002,1
hidden_quadratic,ml_residual,224,400,0.45,499,0.002,1
hidden_quadratic,support_complete,225,400,0.45,499,0.002,1
hidden_quadratic,generalized_cmh,225,400,0.45,499,0.002,1
hidden_quadratic,complete_fibre_lr,225,400,0.45,499,0.002,1
hidden_quadratic,ml_residual,225,400,0.45,499,0.002,1
hidden_quadratic,support_complete,226,400,0.45,499,0.002,1
hidden_quadratic,generalized_cmh,226,400,0.45,499,0.002,1
hidden_quadratic,complete_fibre_lr,226,400,0.45,499,0.002,1
hidden_quadratic,ml_residual,226,400,0.45,499,0.002,1
hidden_quadratic,support_complete,227,400,0.45,499,0.002,1
hidden_quadratic,generalized_cmh,227,400,0.45,499,0.002,1
hidden_quadratic,complete_fibre_lr,227,400,0.45,499,0.002,1
hidden_quadratic,ml_residual,227,400,0.45,499,0.002,1
hidden_quadratic,support_complete,228,400,0.45,499,0.002,1
hidden_quadratic,generalized_cmh,228,400,0.45,499,0.002,1
hidden_quadratic,complete_fibre_lr,228,400,0.45,499,0.002,1
hidden_quadratic,ml_residual,228,400,0.45,499,0.002,1
hidden_quadratic,support_complete,229,400,0.45,499,0.002,1
hidden_quadratic,generalized_cmh,229,400,0.45,499,0.002,1
hidden_quadratic,complete_fibre_lr,229,400,0.45,499,0.002,1
hidden_quadratic,ml_residual,229,400,0.45,499,0.002,1
hidden_quadratic,support_complete,230,400,0.45,499,0.002,1
hidden_quadratic,generalized_cmh,230,400,0.45,499,0.002,1
hidden_quadratic,complete_fibre_lr,230,400,0.45,499,0.002,1
hidden_quadratic,ml_residual,230,400,0.45,499,0.002,1
hidden_quadratic,support_complete,231,400,0.45,499,0.002,1
hidden_quadratic,generalized_cmh,231,400,0.45,499,0.002,1
hidden_quadratic,complete_fibre_lr,231,400,0.45,499,0.002,1
hidden_quadratic,ml_residual,231,400,0.45,499,0.002,1
hidden_quadratic,support_complete,232,400,0.45,499,0.002,1
hidden_quadratic,generalized_cmh,232,400,0.45,499,0.002,1
hidden_quadratic,complete_fibre_lr,232,400,0.45,499,0.002,1
hidden_quadratic,ml_residual,232,400,0.45,499,0.002,1
hidden_quadratic,support_complete,233,400,0.45,499,0.002,1
hidden_quadratic,generalized_cmh,233,400,0.45,499,0.002,1
hidden_quadratic,complete_fibre_lr,233,400,0.45,499,0.002,1
hidden_quadratic,ml_residual,233,400,0.45,499,0.002,1
hidden_quadratic,support_complete,234,400,0.45,499,0.002,1
hidden_quadratic,generalized_cmh,234,400,0.45,499,0.002,1
hidden_quadratic,complete_fibre_lr,234,400,0.45,499,0.002,1
hidden_quadratic,ml_residual,234,400,0.45,499,0.002,1
hidden_quadratic,support_complete,235,400,0.45,499,0.002,1
hidden_quadratic,generalized_cmh,235,400,0.45,499,0.002,1
hidden_quadratic,complete_fibre_lr,235,400,0.45,499,0.002,1
hidden_quadratic,ml_residual,235,400,0.45,499,0.002,1
hidden_quadratic,support_complete,236,400,0.45,499,0.002,1
hidden_quadratic,generalized_cmh,236,400,0.45,499,0.002,1
hidden_quadratic,complete_fibre_lr,236,400,0.45,499,0.002,1
hidden_quadratic,ml_residual,236,400,0.45,499,0.002,1
hidden_quadratic,support_complete,237,400,0.45,499,0.002,1
hidden_quadratic,generalized_cmh,237,400,0.45,499,0.002,1
hidden_quadratic,complete_fibre_lr,237,400,0.45,499,0.002,1
hidden_quadratic,ml_residual,237,400,0.45,499,0.014,1
hidden_quadratic,support_complete,238,400,0.45,499,0.002,1
hidden_quadratic,generalized_cmh,238,400,0.45,499,0.002,1
hidden_quadratic,complete_fibre_lr,238,400,0.45,499,0.002,1
hidden_quadratic,ml_residual,238,400,0.45,499,0.008,1
hidden_quadratic,support_complete,239,400,0.45,499,0.002,1
hidden_quadratic,generalized_cmh,239,400,0.45,499,0.002,1
hidden_quadratic,complete_fibre_lr,239,400,0.45,499,0.002,1
hidden_quadratic,ml_residual,239,400,0.45,499,0.002,1
hidden_quadratic,support_complete,240,400,0.45,499,0.002,1
hidden_quadratic,generalized_cmh,240,400,0.45,499,0.002,1
hidden_quadratic,complete_fibre_lr,240,400,0.45,499,0.002,1
hidden_quadratic,ml_residual,240,400,0.45,499,0.002,1
hidden_quadratic,support_complete,241,400,0.45,499,0.002,1
hidden_quadratic,generalized_cmh,241,400,0.45,499,0.002,1
hidden_quadratic,complete_fibre_lr,241,400,0.45,499,0.002,1
hidden_quadratic,ml_residual,241,400,0.45,499,0.002,1
hidden_quadratic,support_complete,242,400,0.45,499,0.002,1
hidden_quadratic,generalized_cmh,242,400,0.45,499,0.002,1
hidden_quadratic,complete_fibre_lr,242,400,0.45,499,0.002,1
hidden_quadratic,ml_residual,242,400,0.45,499,0.002,1
hidden_quadratic,support_complete,243,400,0.45,499,0.002,1
hidden_quadratic,generalized_cmh,243,400,0.45,499,0.002,1
hidden_quadratic,complete_fibre_lr,243,400,0.45,499,0.002,1
hidden_quadratic,ml_residual,243,400,0.45,499,0.002,1
hidden_quadratic,support_complete,244,400,0.45,499,0.002,1
hidden_quadratic,generalized_cmh,244,400,0.45,499,0.002,1
hidden_quadratic,complete_fibre_lr,244,400,0.45,499,0.002,1
hidden_quadratic,ml_residual,244,400,0.45,499,0.002,1
hidden_quadratic,support_complete,245,400,0.45,499,0.002,1
hidden_quadratic,generalized_cmh,245,400,0.45,499,0.002,1
hidden_quadratic,complete_fibre_lr,245,400,0.45,499,0.002,1
hidden_quadratic,ml_residual,245,400,0.45,499,0.002,1
hidden_quadratic,support_complete,246,400,0.45,499,0.002,1
hidden_quadratic,generalized_cmh,246,400,0.45,499,0.002,1
hidden_quadratic,complete_fibre_lr,246,400,0.45,499,0.002,1
hidden_quadratic,ml_residual,246,400,0.45,499,0.002,1
hidden_quadratic,support_complete,247,400,0.45,499,0.002,1
hidden_quadratic,generalized_cmh,247,400,0.45,499,0.002,1
hidden_quadratic,complete_fibre_lr,247,400,0.45,499,0.002,1
hidden_quadratic,ml_residual,247,400,0.45,499,0.002,1
hidden_quadratic,support_complete,248,400,0.45,499,0.002,1
hidden_quadratic,generalized_cmh,248,400,0.45,499,0.002,1
hidden_quadratic,complete_fibre_lr,248,400,0.45,499,0.002,1
hidden_quadratic,ml_residual,248,400,0.45,499,0.002,1
hidden_quadratic,support_complete,249,400,0.45,499,0.002,1
hidden_quadratic,generalized_cmh,249,400,0.45,499,0.002,1
hidden_quadratic,complete_fibre_lr,249,400,0.45,499,0.002,1
hidden_quadratic,ml_residual,249,400,0.45,499,0.002,1
hidden_quadratic,support_complete,250,400,0.45,499,0.002,1
hidden_quadratic,generalized_cmh,250,400,0.45,499,0.002,1
hidden_quadratic,complete_fibre_lr,250,400,0.45,499,0.002,1
hidden_quadratic,ml_residual,250,400,0.45,499,0.01,1
hidden_quadratic,support_complete,251,400,0.45,499,0.002,1
hidden_quadratic,generalized_cmh,251,400,0.45,499,0.002,1
hidden_quadratic,complete_fibre_lr,251,400,0.45,499,0.002,1
hidden_quadratic,ml_residual,251,400,0.45,499,0.002,1
hidden_quadratic,support_complete,252,400,0.45,499,0.002,1
hidden_quadratic,generalized_cmh,252,400,0.45,499,0.002,1
hidden_quadratic,complete_fibre_lr,252,400,0.45,499,0.002,1
hidden_quadratic,ml_residual,252,400,0.45,499,0.002,1
hidden_quadratic,support_complete,253,400,0.45,499,0.002,1
hidden_quadratic,generalized_cmh,253,400,0.45,499,0.002,1
hidden_quadratic,complete_fibre_lr,253,400,0.45,499,0.002,1
hidden_quadratic,ml_residual,253,400,0.45,499,0.002,1
hidden_quadratic,support_complete,254,400,0.45,499,0.002,1
hidden_quadratic,generalized_cmh,254,400,0.45,499,0.002,1
hidden_quadratic,complete_fibre_lr,254,400,0.45,499,0.002,1
hidden_quadratic,ml_residual,254,400,0.45,499,0.002,1
hidden_quadratic,support_complete,255,400,0.45,499,0.002,1
hidden_quadratic,generalized_cmh,255,400,0.45,499,0.002,1
hidden_quadratic,complete_fibre_lr,255,400,0.45,499,0.002,1
hidden_quadratic,ml_residual,255,400,0.45,499,0.002,1
hidden_quadratic,support_complete,256,400,0.45,499,0.002,1
hidden_quadratic,generalized_cmh,256,400,0.45,499,0.002,1
hidden_quadratic,complete_fibre_lr,256,400,0.45,499,0.002,1
hidden_quadratic,ml_residual,256,400,0.45,499,0.002,1
hidden_quadratic,support_complete,257,400,0.45,499,0.002,1
hidden_quadratic,generalized_cmh,257,400,0.45,499,0.002,1
hidden_quadratic,complete_fibre_lr,257,400,0.45,499,0.002,1
hidden_quadratic,ml_residual,257,400,0.45,499,0.002,1
hidden_quadratic,support_complete,258,400,0.45,499,0.002,1
hidden_quadratic,generalized_cmh,258,400,0.45,499,0.002,1
hidden_quadratic,complete_fibre_lr,258,400,0.45,499,0.002,1
hidden_quadratic,ml_residual,258,400,0.45,499,0.002,1
hidden_quadratic,support_complete,259,400,0.45,499,0.002,1
hidden_quadratic,generalized_cmh,259,400,0.45,499,0.002,1
hidden_quadratic,complete_fibre_lr,259,400,0.45,499,0.002,1
hidden_quadratic,ml_residual,259,400,0.45,499,0.134,0
hidden_quadratic,support_complete,260,400,0.45,499,0.002,1
hidden_quadratic,generalized_cmh,260,400,0.45,499,0.002,1
hidden_quadratic,complete_fibre_lr,260,400,0.45,499,0.002,1
hidden_quadratic,ml_residual,260,400,0.45,499,0.002,1
hidden_quadratic,support_complete,261,400,0.45,499,0.002,1
hidden_quadratic,generalized_cmh,261,400,0.45,499,0.002,1
hidden_quadratic,complete_fibre_lr,261,400,0.45,499,0.002,1
hidden_quadratic,ml_residual,261,400,0.45,499,0.002,1
hidden_quadratic,support_complete,262,400,0.45,499,0.002,1
hidden_quadratic,generalized_cmh,262,400,0.45,499,0.002,1
hidden_quadratic,complete_fibre_lr,262,400,0.45,499,0.002,1
hidden_quadratic,ml_residual,262,400,0.45,499,0.002,1
hidden_quadratic,support_complete,263,400,0.45,499,0.002,1
hidden_quadratic,generalized_cmh,263,400,0.45,499,0.002,1
hidden_quadratic,complete_fibre_lr,263,400,0.45,499,0.002,1
hidden_quadratic,ml_residual,263,400,0.45,499,0.002,1
hidden_quadratic,support_complete,264,400,0.45,499,0.002,1
hidden_quadratic,generalized_cmh,264,400,0.45,499,0.002,1
hidden_quadratic,complete_fibre_lr,264,400,0.45,499,0.002,1
hidden_quadratic,ml_residual,264,400,0.45,499,0.002,1
hidden_quadratic,support_complete,265,400,0.45,499,0.002,1
hidden_quadratic,generalized_cmh,265,400,0.45,499,0.002,1
hidden_quadratic,complete_fibre_lr,265,400,0.45,499,0.002,1
hidden_quadratic,ml_residual,265,400,0.45,499,0.002,1
hidden_quadratic,support_complete,266,400,0.45,499,0.002,1
hidden_quadratic,generalized_cmh,266,400,0.45,499,0.002,1
hidden_quadratic,complete_fibre_lr,266,400,0.45,499,0.002,1
hidden_quadratic,ml_residual,266,400,0.45,499,0.002,1
hidden_quadratic,support_complete,267,400,0.45,499,0.002,1
hidden_quadratic,generalized_cmh,267,400,0.45,499,0.002,1
hidden_quadratic,complete_fibre_lr,267,400,0.45,499,0.002,1
hidden_quadratic,ml_residual,267,400,0.45,499,0.002,1
hidden_quadratic,support_complete,268,400,0.45,499,0.002,1
hidden_quadratic,generalized_cmh,268,400,0.45,499,0.002,1
hidden_quadratic,complete_fibre_lr,268,400,0.45,499,0.002,1
hidden_quadratic,ml_residual,268,400,0.45,499,0.002,1
hidden_quadratic,support_complete,269,400,0.45,499,0.002,1
hidden_quadratic,generalized_cmh,269,400,0.45,499,0.002,1
hidden_quadratic,complete_fibre_lr,269,400,0.45,499,0.002,1
hidden_quadratic,ml_residual,269,400,0.45,499,0.002,1
hidden_quadratic,support_complete,270,400,0.45,499,0.002,1
hidden_quadratic,generalized_cmh,270,400,0.45,499,0.002,1
hidden_quadratic,complete_fibre_lr,270,400,0.45,499,0.002,1
hidden_quadratic,ml_residual,270,400,0.45,499,0.002,1
hidden_quadratic,support_complete,271,400,0.45,499,0.002,1
hidden_quadratic,generalized_cmh,271,400,0.45,499,0.002,1
hidden_quadratic,complete_fibre_lr,271,400,0.45,499,0.002,1
hidden_quadratic,ml_residual,271,400,0.45,499,0.002,1
hidden_quadratic,support_complete,272,400,0.45,499,0.002,1
hidden_quadratic,generalized_cmh,272,400,0.45,499,0.002,1
hidden_quadratic,complete_fibre_lr,272,400,0.45,499,0.002,1
hidden_quadratic,ml_residual,272,400,0.45,499,0.002,1
hidden_quadratic,support_complete,273,400,0.45,499,0.002,1
hidden_quadratic,generalized_cmh,273,400,0.45,499,0.002,1
hidden_quadratic,complete_fibre_lr,273,400,0.45,499,0.002,1
hidden_quadratic,ml_residual,273,400,0.45,499,0.002,1
hidden_quadratic,support_complete,274,400,0.45,499,0.002,1
hidden_quadratic,generalized_cmh,274,400,0.45,499,0.002,1
hidden_quadratic,complete_fibre_lr,274,400,0.45,499,0.002,1
hidden_quadratic,ml_residual,274,400,0.45,499,0.002,1
hidden_quadratic,support_complete,275,400,0.45,499,0.002,1
hidden_quadratic,generalized_cmh,275,400,0.45,499,0.002,1
hidden_quadratic,complete_fibre_lr,275,400,0.45,499,0.002,1
hidden_quadratic,ml_residual,275,400,0.45,499,0.002,1
hidden_quadratic,support_complete,276,400,0.45,499,0.002,1
hidden_quadratic,generalized_cmh,276,400,0.45,499,0.002,1
hidden_quadratic,complete_fibre_lr,276,400,0.45,499,0.002,1
hidden_quadratic,ml_residual,276,400,0.45,499,0.002,1
hidden_quadratic,support_complete,277,400,0.45,499,0.002,1
hidden_quadratic,generalized_cmh,277,400,0.45,499,0.002,1
hidden_quadratic,complete_fibre_lr,277,400,0.45,499,0.002,1
hidden_quadratic,ml_residual,277,400,0.45,499,0.002,1
hidden_quadratic,support_complete,278,400,0.45,499,0.002,1
hidden_quadratic,generalized_cmh,278,400,0.45,499,0.002,1
hidden_quadratic,complete_fibre_lr,278,400,0.45,499,0.002,1
hidden_quadratic,ml_residual,278,400,0.45,499,0.002,1
hidden_quadratic,support_complete,279,400,0.45,499,0.002,1
hidden_quadratic,generalized_cmh,279,400,0.45,499,0.002,1
hidden_quadratic,complete_fibre_lr,279,400,0.45,499,0.002,1
hidden_quadratic,ml_residual,279,400,0.45,499,0.002,1
hidden_quadratic,support_complete,280,400,0.45,499,0.002,1
hidden_quadratic,generalized_cmh,280,400,0.45,499,0.002,1
hidden_quadratic,complete_fibre_lr,280,400,0.45,499,0.002,1
hidden_quadratic,ml_residual,280,400,0.45,499,0.002,1
hidden_quadratic,support_complete,281,400,0.45,499,0.002,1
hidden_quadratic,generalized_cmh,281,400,0.45,499,0.002,1
hidden_quadratic,complete_fibre_lr,281,400,0.45,499,0.002,1
hidden_quadratic,ml_residual,281,400,0.45,499,0.002,1
hidden_quadratic,support_complete,282,400,0.45,499,0.002,1
hidden_quadratic,generalized_cmh,282,400,0.45,499,0.002,1
hidden_quadratic,complete_fibre_lr,282,400,0.45,499,0.002,1
hidden_quadratic,ml_residual,282,400,0.45,499,0.002,1
hidden_quadratic,support_complete,283,400,0.45,499,0.002,1
hidden_quadratic,generalized_cmh,283,400,0.45,499,0.002,1
hidden_quadratic,complete_fibre_lr,283,400,0.45,499,0.002,1
hidden_quadratic,ml_residual,283,400,0.45,499,0.002,1
hidden_quadratic,support_complete,284,400,0.45,499,0.002,1
hidden_quadratic,generalized_cmh,284,400,0.45,499,0.002,1
hidden_quadratic,complete_fibre_lr,284,400,0.45,499,0.002,1
hidden_quadratic,ml_residual,284,400,0.45,499,0.012,1
hidden_quadratic,support_complete,285,400,0.45,499,0.002,1
hidden_quadratic,generalized_cmh,285,400,0.45,499,0.002,1
hidden_quadratic,complete_fibre_lr,285,400,0.45,499,0.002,1
hidden_quadratic,ml_residual,285,400,0.45,499,0.002,1
hidden_quadratic,support_complete,286,400,0.45,499,0.002,1
hidden_quadratic,generalized_cmh,286,400,0.45,499,0.002,1
hidden_quadratic,complete_fibre_lr,286,400,0.45,499,0.002,1
hidden_quadratic,ml_residual,286,400,0.45,499,0.002,1
hidden_quadratic,support_complete,287,400,0.45,499,0.002,1
hidden_quadratic,generalized_cmh,287,400,0.45,499,0.002,1
hidden_quadratic,complete_fibre_lr,287,400,0.45,499,0.002,1
hidden_quadratic,ml_residual,287,400,0.45,499,0.002,1
hidden_quadratic,support_complete,288,400,0.45,499,0.002,1
hidden_quadratic,generalized_cmh,288,400,0.45,499,0.002,1
hidden_quadratic,complete_fibre_lr,288,400,0.45,499,0.002,1
hidden_quadratic,ml_residual,288,400,0.45,499,0.004,1
hidden_quadratic,support_complete,289,400,0.45,499,0.002,1
hidden_quadratic,generalized_cmh,289,400,0.45,499,0.002,1
hidden_quadratic,complete_fibre_lr,289,400,0.45,499,0.002,1
hidden_quadratic,ml_residual,289,400,0.45,499,0.002,1
hidden_quadratic,support_complete,290,400,0.45,499,0.002,1
hidden_quadratic,generalized_cmh,290,400,0.45,499,0.002,1
hidden_quadratic,complete_fibre_lr,290,400,0.45,499,0.002,1
hidden_quadratic,ml_residual,290,400,0.45,499,0.002,1
hidden_quadratic,support_complete,291,400,0.45,499,0.002,1
hidden_quadratic,generalized_cmh,291,400,0.45,499,0.002,1
hidden_quadratic,complete_fibre_lr,291,400,0.45,499,0.002,1
hidden_quadratic,ml_residual,291,400,0.45,499,0.002,1
hidden_quadratic,support_complete,292,400,0.45,499,0.002,1
hidden_quadratic,generalized_cmh,292,400,0.45,499,0.002,1
hidden_quadratic,complete_fibre_lr,292,400,0.45,499,0.002,1
hidden_quadratic,ml_residual,292,400,0.45,499,0.002,1
hidden_quadratic,support_complete,293,400,0.45,499,0.002,1
hidden_quadratic,generalized_cmh,293,400,0.45,499,0.002,1
hidden_quadratic,complete_fibre_lr,293,400,0.45,499,0.002,1
hidden_quadratic,ml_residual,293,400,0.45,499,0.002,1
hidden_quadratic,support_complete,294,400,0.45,499,0.002,1
hidden_quadratic,generalized_cmh,294,400,0.45,499,0.002,1
hidden_quadratic,complete_fibre_lr,294,400,0.45,499,0.002,1
hidden_quadratic,ml_residual,294,400,0.45,499,0.002,1
hidden_quadratic,support_complete,295,400,0.45,499,0.002,1
hidden_quadratic,generalized_cmh,295,400,0.45,499,0.002,1
hidden_quadratic,complete_fibre_lr,295,400,0.45,499,0.002,1
hidden_quadratic,ml_residual,295,400,0.45,499,0.002,1
hidden_quadratic,support_complete,296,400,0.45,499,0.002,1
hidden_quadratic,generalized_cmh,296,400,0.45,499,0.002,1
hidden_quadratic,complete_fibre_lr,296,400,0.45,499,0.002,1
hidden_quadratic,ml_residual,296,400,0.45,499,0.002,1
hidden_quadratic,support_complete,297,400,0.45,499,0.002,1
hidden_quadratic,generalized_cmh,297,400,0.45,499,0.002,1
hidden_quadratic,complete_fibre_lr,297,400,0.45,499,0.002,1
hidden_quadratic,ml_residual,297,400,0.45,499,0.002,1
hidden_quadratic,support_complete,298,400,0.45,499,0.002,1
hidden_quadratic,generalized_cmh,298,400,0.45,499,0.002,1
hidden_quadratic,complete_fibre_lr,298,400,0.45,499,0.002,1
hidden_quadratic,ml_residual,298,400,0.45,499,0.002,1
hidden_quadratic,support_complete,299,400,0.45,499,0.002,1
hidden_quadratic,generalized_cmh,299,400,0.45,499,0.002,1
hidden_quadratic,complete_fibre_lr,299,400,0.45,499,0.002,1
hidden_quadratic,ml_residual,299,400,0.45,499,0.002,1
hidden_quadratic,support_complete,300,400,0.45,499,0.002,1
hidden_quadratic,generalized_cmh,300,400,0.45,499,0.002,1
hidden_quadratic,complete_fibre_lr,300,400,0.45,499,0.002,1
hidden_quadratic,ml_residual,300,400,0.45,499,0.002,1
hidden_quadratic,support_complete,301,400,0.45,499,0.002,1
hidden_quadratic,generalized_cmh,301,400,0.45,499,0.002,1
hidden_quadratic,complete_fibre_lr,301,400,0.45,499,0.002,1
hidden_quadratic,ml_residual,301,400,0.45,499,0.01,1
hidden_quadratic,support_complete,302,400,0.45,499,0.002,1
hidden_quadratic,generalized_cmh,302,400,0.45,499,0.002,1
hidden_quadratic,complete_fibre_lr,302,400,0.45,499,0.002,1
hidden_quadratic,ml_residual,302,400,0.45,499,0.002,1
hidden_quadratic,support_complete,303,400,0.45,499,0.002,1
hidden_quadratic,generalized_cmh,303,400,0.45,499,0.002,1
hidden_quadratic,complete_fibre_lr,303,400,0.45,499,0.002,1
hidden_quadratic,ml_residual,303,400,0.45,499,0.002,1
hidden_quadratic,support_complete,304,400,0.45,499,0.002,1
hidden_quadratic,generalized_cmh,304,400,0.45,499,0.002,1
hidden_quadratic,complete_fibre_lr,304,400,0.45,499,0.002,1
hidden_quadratic,ml_residual,304,400,0.45,499,0.002,1
hidden_quadratic,support_complete,305,400,0.45,499,0.002,1
hidden_quadratic,generalized_cmh,305,400,0.45,499,0.002,1
hidden_quadratic,complete_fibre_lr,305,400,0.45,499,0.002,1
hidden_quadratic,ml_residual,305,400,0.45,499,0.002,1
hidden_quadratic,support_complete,306,400,0.45,499,0.002,1
hidden_quadratic,generalized_cmh,306,400,0.45,499,0.002,1
hidden_quadratic,complete_fibre_lr,306,400,0.45,499,0.002,1
hidden_quadratic,ml_residual,306,400,0.45,499,0.002,1
hidden_quadratic,support_complete,307,400,0.45,499,0.002,1
hidden_quadratic,generalized_cmh,307,400,0.45,499,0.002,1
hidden_quadratic,complete_fibre_lr,307,400,0.45,499,0.002,1
hidden_quadratic,ml_residual,307,400,0.45,499,0.002,1
hidden_quadratic,support_complete,308,400,0.45,499,0.002,1
hidden_quadratic,generalized_cmh,308,400,0.45,499,0.002,1
hidden_quadratic,complete_fibre_lr,308,400,0.45,499,0.002,1
hidden_quadratic,ml_residual,308,400,0.45,499,0.002,1
hidden_quadratic,support_complete,309,400,0.45,499,0.002,1
hidden_quadratic,generalized_cmh,309,400,0.45,499,0.002,1
hidden_quadratic,complete_fibre_lr,309,400,0.45,499,0.002,1
hidden_quadratic,ml_residual,309,400,0.45,499,0.002,1
hidden_quadratic,support_complete,310,400,0.45,499,0.002,1
hidden_quadratic,generalized_cmh,310,400,0.45,499,0.002,1
hidden_quadratic,complete_fibre_lr,310,400,0.45,499,0.002,1
hidden_quadratic,ml_residual,310,400,0.45,499,0.002,1
hidden_quadratic,support_complete,311,400,0.45,499,0.002,1
hidden_quadratic,generalized_cmh,311,400,0.45,499,0.002,1
hidden_quadratic,complete_fibre_lr,311,400,0.45,499,0.002,1
hidden_quadratic,ml_residual,311,400,0.45,499,0.002,1
hidden_quadratic,support_complete,312,400,0.45,499,0.002,1
hidden_quadratic,generalized_cmh,312,400,0.45,499,0.002,1
hidden_quadratic,complete_fibre_lr,312,400,0.45,499,0.002,1
hidden_quadratic,ml_residual,312,400,0.45,499,0.002,1
hidden_quadratic,support_complete,313,400,0.45,499,0.002,1
hidden_quadratic,generalized_cmh,313,400,0.45,499,0.002,1
hidden_quadratic,complete_fibre_lr,313,400,0.45,499,0.002,1
hidden_quadratic,ml_residual,313,400,0.45,499,0.008,1
hidden_quadratic,support_complete,314,400,0.45,499,0.002,1
hidden_quadratic,generalized_cmh,314,400,0.45,499,0.002,1
hidden_quadratic,complete_fibre_lr,314,400,0.45,499,0.002,1
hidden_quadratic,ml_residual,314,400,0.45,499,0.008,1
hidden_quadratic,support_complete,315,400,0.45,499,0.002,1
hidden_quadratic,generalized_cmh,315,400,0.45,499,0.002,1
hidden_quadratic,complete_fibre_lr,315,400,0.45,499,0.002,1
hidden_quadratic,ml_residual,315,400,0.45,499,0.002,1
hidden_quadratic,support_complete,316,400,0.45,499,0.002,1
hidden_quadratic,generalized_cmh,316,400,0.45,499,0.002,1
hidden_quadratic,complete_fibre_lr,316,400,0.45,499,0.002,1
hidden_quadratic,ml_residual,316,400,0.45,499,0.002,1
hidden_quadratic,support_complete,317,400,0.45,499,0.002,1
hidden_quadratic,generalized_cmh,317,400,0.45,499,0.002,1
hidden_quadratic,complete_fibre_lr,317,400,0.45,499,0.002,1
hidden_quadratic,ml_residual,317,400,0.45,499,0.002,1
hidden_quadratic,support_complete,318,400,0.45,499,0.002,1
hidden_quadratic,generalized_cmh,318,400,0.45,499,0.002,1
hidden_quadratic,complete_fibre_lr,318,400,0.45,499,0.002,1
hidden_quadratic,ml_residual,318,400,0.45,499,0.002,1
hidden_quadratic,support_complete,319,400,0.45,499,0.002,1
hidden_quadratic,generalized_cmh,319,400,0.45,499,0.002,1
hidden_quadratic,complete_fibre_lr,319,400,0.45,499,0.002,1
hidden_quadratic,ml_residual,319,400,0.45,499,0.002,1
hidden_quadratic,support_complete,320,400,0.45,499,0.002,1
hidden_quadratic,generalized_cmh,320,400,0.45,499,0.002,1
hidden_quadratic,complete_fibre_lr,320,400,0.45,499,0.002,1
hidden_quadratic,ml_residual,320,400,0.45,499,0.002,1
hidden_quadratic,support_complete,321,400,0.45,499,0.002,1
hidden_quadratic,generalized_cmh,321,400,0.45,499,0.002,1
hidden_quadratic,complete_fibre_lr,321,400,0.45,499,0.002,1
hidden_quadratic,ml_residual,321,400,0.45,499,0.002,1
hidden_quadratic,support_complete,322,400,0.45,499,0.002,1
hidden_quadratic,generalized_cmh,322,400,0.45,499,0.002,1
hidden_quadratic,complete_fibre_lr,322,400,0.45,499,0.002,1
hidden_quadratic,ml_residual,322,400,0.45,499,0.002,1
hidden_quadratic,support_complete,323,400,0.45,499,0.002,1
hidden_quadratic,generalized_cmh,323,400,0.45,499,0.002,1
hidden_quadratic,complete_fibre_lr,323,400,0.45,499,0.002,1
hidden_quadratic,ml_residual,323,400,0.45,499,0.008,1
hidden_quadratic,support_complete,324,400,0.45,499,0.002,1
hidden_quadratic,generalized_cmh,324,400,0.45,499,0.002,1
hidden_quadratic,complete_fibre_lr,324,400,0.45,499,0.002,1
hidden_quadratic,ml_residual,324,400,0.45,499,0.002,1
hidden_quadratic,support_complete,325,400,0.45,499,0.002,1
hidden_quadratic,generalized_cmh,325,400,0.45,499,0.002,1
hidden_quadratic,complete_fibre_lr,325,400,0.45,499,0.002,1
hidden_quadratic,ml_residual,325,400,0.45,499,0.002,1
hidden_quadratic,support_complete,326,400,0.45,499,0.002,1
hidden_quadratic,generalized_cmh,326,400,0.45,499,0.002,1
hidden_quadratic,complete_fibre_lr,326,400,0.45,499,0.002,1
hidden_quadratic,ml_residual,326,400,0.45,499,0.002,1
hidden_quadratic,support_complete,327,400,0.45,499,0.002,1
hidden_quadratic,generalized_cmh,327,400,0.45,499,0.002,1
hidden_quadratic,complete_fibre_lr,327,400,0.45,499,0.002,1
hidden_quadratic,ml_residual,327,400,0.45,499,0.002,1
hidden_quadratic,support_complete,328,400,0.45,499,0.002,1
hidden_quadratic,generalized_cmh,328,400,0.45,499,0.002,1
hidden_quadratic,complete_fibre_lr,328,400,0.45,499,0.002,1
hidden_quadratic,ml_residual,328,400,0.45,499,0.002,1
hidden_quadratic,support_complete,329,400,0.45,499,0.002,1
hidden_quadratic,generalized_cmh,329,400,0.45,499,0.002,1
hidden_quadratic,complete_fibre_lr,329,400,0.45,499,0.002,1
hidden_quadratic,ml_residual,329,400,0.45,499,0.002,1
hidden_quadratic,support_complete,330,400,0.45,499,0.002,1
hidden_quadratic,generalized_cmh,330,400,0.45,499,0.002,1
hidden_quadratic,complete_fibre_lr,330,400,0.45,499,0.002,1
hidden_quadratic,ml_residual,330,400,0.45,499,0.002,1
hidden_quadratic,support_complete,331,400,0.45,499,0.002,1
hidden_quadratic,generalized_cmh,331,400,0.45,499,0.002,1
hidden_quadratic,complete_fibre_lr,331,400,0.45,499,0.002,1
hidden_quadratic,ml_residual,331,400,0.45,499,0.002,1
hidden_quadratic,support_complete,332,400,0.45,499,0.002,1
hidden_quadratic,generalized_cmh,332,400,0.45,499,0.002,1
hidden_quadratic,complete_fibre_lr,332,400,0.45,499,0.002,1
hidden_quadratic,ml_residual,332,400,0.45,499,0.002,1
hidden_quadratic,support_complete,333,400,0.45,499,0.002,1
hidden_quadratic,generalized_cmh,333,400,0.45,499,0.002,1
hidden_quadratic,complete_fibre_lr,333,400,0.45,499,0.002,1
hidden_quadratic,ml_residual,333,400,0.45,499,0.002,1
hidden_quadratic,support_complete,334,400,0.45,499,0.002,1
hidden_quadratic,generalized_cmh,334,400,0.45,499,0.002,1
hidden_quadratic,complete_fibre_lr,334,400,0.45,499,0.002,1
hidden_quadratic,ml_residual,334,400,0.45,499,0.002,1
hidden_quadratic,support_complete,335,400,0.45,499,0.002,1
hidden_quadratic,generalized_cmh,335,400,0.45,499,0.002,1
hidden_quadratic,complete_fibre_lr,335,400,0.45,499,0.002,1
hidden_quadratic,ml_residual,335,400,0.45,499,0.002,1
hidden_quadratic,support_complete,336,400,0.45,499,0.002,1
hidden_quadratic,generalized_cmh,336,400,0.45,499,0.002,1
hidden_quadratic,complete_fibre_lr,336,400,0.45,499,0.002,1
hidden_quadratic,ml_residual,336,400,0.45,499,0.002,1
hidden_quadratic,support_complete,337,400,0.45,499,0.002,1
hidden_quadratic,generalized_cmh,337,400,0.45,499,0.002,1
hidden_quadratic,complete_fibre_lr,337,400,0.45,499,0.002,1
hidden_quadratic,ml_residual,337,400,0.45,499,0.004,1
hidden_quadratic,support_complete,338,400,0.45,499,0.002,1
hidden_quadratic,generalized_cmh,338,400,0.45,499,0.002,1
hidden_quadratic,complete_fibre_lr,338,400,0.45,499,0.002,1
hidden_quadratic,ml_residual,338,400,0.45,499,0.002,1
hidden_quadratic,support_complete,339,400,0.45,499,0.002,1
hidden_quadratic,generalized_cmh,339,400,0.45,499,0.002,1
hidden_quadratic,complete_fibre_lr,339,400,0.45,499,0.002,1
hidden_quadratic,ml_residual,339,400,0.45,499,0.002,1
hidden_quadratic,support_complete,340,400,0.45,499,0.002,1
hidden_quadratic,generalized_cmh,340,400,0.45,499,0.002,1
hidden_quadratic,complete_fibre_lr,340,400,0.45,499,0.002,1
hidden_quadratic,ml_residual,340,400,0.45,499,0.002,1
hidden_quadratic,support_complete,341,400,0.45,499,0.002,1
hidden_quadratic,generalized_cmh,341,400,0.45,499,0.002,1
hidden_quadratic,complete_fibre_lr,341,400,0.45,499,0.002,1
hidden_quadratic,ml_residual,341,400,0.45,499,0.002,1
hidden_quadratic,support_complete,342,400,0.45,499,0.002,1
hidden_quadratic,generalized_cmh,342,400,0.45,499,0.002,1
hidden_quadratic,complete_fibre_lr,342,400,0.45,499,0.002,1
hidden_quadratic,ml_residual,342,400,0.45,499,0.002,1
hidden_quadratic,support_complete,343,400,0.45,499,0.002,1
hidden_quadratic,generalized_cmh,343,400,0.45,499,0.002,1
hidden_quadratic,complete_fibre_lr,343,400,0.45,499,0.002,1
hidden_quadratic,ml_residual,343,400,0.45,499,0.002,1
hidden_quadratic,support_complete,344,400,0.45,499,0.002,1
hidden_quadratic,generalized_cmh,344,400,0.45,499,0.002,1
hidden_quadratic,complete_fibre_lr,344,400,0.45,499,0.002,1
hidden_quadratic,ml_residual,344,400,0.45,499,0.002,1
hidden_quadratic,support_complete,345,400,0.45,499,0.002,1
hidden_quadratic,generalized_cmh,345,400,0.45,499,0.002,1
hidden_quadratic,complete_fibre_lr,345,400,0.45,499,0.002,1
hidden_quadratic,ml_residual,345,400,0.45,499,0.002,1
hidden_quadratic,support_complete,346,400,0.45,499,0.002,1
hidden_quadratic,generalized_cmh,346,400,0.45,499,0.002,1
hidden_quadratic,complete_fibre_lr,346,400,0.45,499,0.002,1
hidden_quadratic,ml_residual,346,400,0.45,499,0.002,1
hidden_quadratic,support_complete,347,400,0.45,499,0.002,1
hidden_quadratic,generalized_cmh,347,400,0.45,499,0.002,1
hidden_quadratic,complete_fibre_lr,347,400,0.45,499,0.002,1
hidden_quadratic,ml_residual,347,400,0.45,499,0.002,1
hidden_quadratic,support_complete,348,400,0.45,499,0.002,1
hidden_quadratic,generalized_cmh,348,400,0.45,499,0.002,1
hidden_quadratic,complete_fibre_lr,348,400,0.45,499,0.002,1
hidden_quadratic,ml_residual,348,400,0.45,499,0.002,1
hidden_quadratic,support_complete,349,400,0.45,499,0.002,1
hidden_quadratic,generalized_cmh,349,400,0.45,499,0.002,1
hidden_quadratic,complete_fibre_lr,349,400,0.45,499,0.002,1
hidden_quadratic,ml_residual,349,400,0.45,499,0.002,1
hidden_quadratic,support_complete,350,400,0.45,499,0.002,1
hidden_quadratic,generalized_cmh,350,400,0.45,499,0.002,1
hidden_quadratic,complete_fibre_lr,350,400,0.45,499,0.002,1
hidden_quadratic,ml_residual,350,400,0.45,499,0.002,1
hidden_quadratic,support_complete,351,400,0.45,499,0.002,1
hidden_quadratic,generalized_cmh,351,400,0.45,499,0.002,1
hidden_quadratic,complete_fibre_lr,351,400,0.45,499,0.002,1
hidden_quadratic,ml_residual,351,400,0.45,499,0.002,1
hidden_quadratic,support_complete,352,400,0.45,499,0.002,1
hidden_quadratic,generalized_cmh,352,400,0.45,499,0.002,1
hidden_quadratic,complete_fibre_lr,352,400,0.45,499,0.002,1
hidden_quadratic,ml_residual,352,400,0.45,499,0.002,1
hidden_quadratic,support_complete,353,400,0.45,499,0.002,1
hidden_quadratic,generalized_cmh,353,400,0.45,499,0.002,1
hidden_quadratic,complete_fibre_lr,353,400,0.45,499,0.002,1
hidden_quadratic,ml_residual,353,400,0.45,499,0.002,1
hidden_quadratic,support_complete,354,400,0.45,499,0.002,1
hidden_quadratic,generalized_cmh,354,400,0.45,499,0.002,1
hidden_quadratic,complete_fibre_lr,354,400,0.45,499,0.002,1
hidden_quadratic,ml_residual,354,400,0.45,499,0.012,1
hidden_quadratic,support_complete,355,400,0.45,499,0.002,1
hidden_quadratic,generalized_cmh,355,400,0.45,499,0.002,1
hidden_quadratic,complete_fibre_lr,355,400,0.45,499,0.002,1
hidden_quadratic,ml_residual,355,400,0.45,499,0.002,1
hidden_quadratic,support_complete,356,400,0.45,499,0.002,1
hidden_quadratic,generalized_cmh,356,400,0.45,499,0.002,1
hidden_quadratic,complete_fibre_lr,356,400,0.45,499,0.002,1
hidden_quadratic,ml_residual,356,400,0.45,499,0.002,1
hidden_quadratic,support_complete,357,400,0.45,499,0.002,1
hidden_quadratic,generalized_cmh,357,400,0.45,499,0.002,1
hidden_quadratic,complete_fibre_lr,357,400,0.45,499,0.002,1
hidden_quadratic,ml_residual,357,400,0.45,499,0.002,1
hidden_quadratic,support_complete,358,400,0.45,499,0.002,1
hidden_quadratic,generalized_cmh,358,400,0.45,499,0.002,1
hidden_quadratic,complete_fibre_lr,358,400,0.45,499,0.002,1
hidden_quadratic,ml_residual,358,400,0.45,499,0.002,1
hidden_quadratic,support_complete,359,400,0.45,499,0.002,1
hidden_quadratic,generalized_cmh,359,400,0.45,499,0.002,1
hidden_quadratic,complete_fibre_lr,359,400,0.45,499,0.002,1
hidden_quadratic,ml_residual,359,400,0.45,499,0.002,1
hidden_quadratic,support_complete,360,400,0.45,499,0.002,1
hidden_quadratic,generalized_cmh,360,400,0.45,499,0.002,1
hidden_quadratic,complete_fibre_lr,360,400,0.45,499,0.002,1
hidden_quadratic,ml_residual,360,400,0.45,499,0.002,1
hidden_quadratic,support_complete,361,400,0.45,499,0.002,1
hidden_quadratic,generalized_cmh,361,400,0.45,499,0.002,1
hidden_quadratic,complete_fibre_lr,361,400,0.45,499,0.002,1
hidden_quadratic,ml_residual,361,400,0.45,499,0.002,1
hidden_quadratic,support_complete,362,400,0.45,499,0.002,1
hidden_quadratic,generalized_cmh,362,400,0.45,499,0.002,1
hidden_quadratic,complete_fibre_lr,362,400,0.45,499,0.002,1
hidden_quadratic,ml_residual,362,400,0.45,499,0.002,1
hidden_quadratic,support_complete,363,400,0.45,499,0.002,1
hidden_quadratic,generalized_cmh,363,400,0.45,499,0.002,1
hidden_quadratic,complete_fibre_lr,363,400,0.45,499,0.002,1
hidden_quadratic,ml_residual,363,400,0.45,499,0.002,1
hidden_quadratic,support_complete,364,400,0.45,499,0.002,1
hidden_quadratic,generalized_cmh,364,400,0.45,499,0.002,1
hidden_quadratic,complete_fibre_lr,364,400,0.45,499,0.002,1
hidden_quadratic,ml_residual,364,400,0.45,499,0.002,1
hidden_quadratic,support_complete,365,400,0.45,499,0.002,1
hidden_quadratic,generalized_cmh,365,400,0.45,499,0.002,1
hidden_quadratic,complete_fibre_lr,365,400,0.45,499,0.002,1
hidden_quadratic,ml_residual,365,400,0.45,499,0.002,1
hidden_quadratic,support_complete,366,400,0.45,499,0.002,1
hidden_quadratic,generalized_cmh,366,400,0.45,499,0.002,1
hidden_quadratic,complete_fibre_lr,366,400,0.45,499,0.002,1
hidden_quadratic,ml_residual,366,400,0.45,499,0.002,1
hidden_quadratic,support_complete,367,400,0.45,499,0.002,1
hidden_quadratic,generalized_cmh,367,400,0.45,499,0.002,1
hidden_quadratic,complete_fibre_lr,367,400,0.45,499,0.002,1
hidden_quadratic,ml_residual,367,400,0.45,499,0.002,1
hidden_quadratic,support_complete,368,400,0.45,499,0.002,1
hidden_quadratic,generalized_cmh,368,400,0.45,499,0.002,1
hidden_quadratic,complete_fibre_lr,368,400,0.45,499,0.002,1
hidden_quadratic,ml_residual,368,400,0.45,499,0.002,1
hidden_quadratic,support_complete,369,400,0.45,499,0.002,1
hidden_quadratic,generalized_cmh,369,400,0.45,499,0.002,1
hidden_quadratic,complete_fibre_lr,369,400,0.45,499,0.002,1
hidden_quadratic,ml_residual,369,400,0.45,499,0.004,1
hidden_quadratic,support_complete,370,400,0.45,499,0.002,1
hidden_quadratic,generalized_cmh,370,400,0.45,499,0.002,1
hidden_quadratic,complete_fibre_lr,370,400,0.45,499,0.002,1
hidden_quadratic,ml_residual,370,400,0.45,499,0.002,1
hidden_quadratic,support_complete,371,400,0.45,499,0.002,1
hidden_quadratic,generalized_cmh,371,400,0.45,499,0.002,1
hidden_quadratic,complete_fibre_lr,371,400,0.45,499,0.002,1
hidden_quadratic,ml_residual,371,400,0.45,499,0.002,1
hidden_quadratic,support_complete,372,400,0.45,499,0.002,1
hidden_quadratic,generalized_cmh,372,400,0.45,499,0.002,1
hidden_quadratic,complete_fibre_lr,372,400,0.45,499,0.002,1
hidden_quadratic,ml_residual,372,400,0.45,499,0.002,1
hidden_quadratic,support_complete,373,400,0.45,499,0.002,1
hidden_quadratic,generalized_cmh,373,400,0.45,499,0.002,1
hidden_quadratic,complete_fibre_lr,373,400,0.45,499,0.002,1
hidden_quadratic,ml_residual,373,400,0.45,499,0.002,1
hidden_quadratic,support_complete,374,400,0.45,499,0.002,1
hidden_quadratic,generalized_cmh,374,400,0.45,499,0.002,1
hidden_quadratic,complete_fibre_lr,374,400,0.45,499,0.002,1
hidden_quadratic,ml_residual,374,400,0.45,499,0.002,1
hidden_quadratic,support_complete,375,400,0.45,499,0.002,1
hidden_quadratic,generalized_cmh,375,400,0.45,499,0.002,1
hidden_quadratic,complete_fibre_lr,375,400,0.45,499,0.002,1
hidden_quadratic,ml_residual,375,400,0.45,499,0.002,1
hidden_quadratic,support_complete,376,400,0.45,499,0.002,1
hidden_quadratic,generalized_cmh,376,400,0.45,499,0.002,1
hidden_quadratic,complete_fibre_lr,376,400,0.45,499,0.002,1
hidden_quadratic,ml_residual,376,400,0.45,499,0.002,1
hidden_quadratic,support_complete,377,400,0.45,499,0.002,1
hidden_quadratic,generalized_cmh,377,400,0.45,499,0.002,1
hidden_quadratic,complete_fibre_lr,377,400,0.45,499,0.002,1
hidden_quadratic,ml_residual,377,400,0.45,499,0.002,1
hidden_quadratic,support_complete,378,400,0.45,499,0.002,1
hidden_quadratic,generalized_cmh,378,400,0.45,499,0.002,1
hidden_quadratic,complete_fibre_lr,378,400,0.45,499,0.002,1
hidden_quadratic,ml_residual,378,400,0.45,499,0.048,1
hidden_quadratic,support_complete,379,400,0.45,499,0.002,1
hidden_quadratic,generalized_cmh,379,400,0.45,499,0.002,1
hidden_quadratic,complete_fibre_lr,379,400,0.45,499,0.002,1
hidden_quadratic,ml_residual,379,400,0.45,499,0.002,1
hidden_quadratic,support_complete,380,400,0.45,499,0.002,1
hidden_quadratic,generalized_cmh,380,400,0.45,499,0.002,1
hidden_quadratic,complete_fibre_lr,380,400,0.45,499,0.002,1
hidden_quadratic,ml_residual,380,400,0.45,499,0.002,1
hidden_quadratic,support_complete,381,400,0.45,499,0.002,1
hidden_quadratic,generalized_cmh,381,400,0.45,499,0.002,1
hidden_quadratic,complete_fibre_lr,381,400,0.45,499,0.002,1
hidden_quadratic,ml_residual,381,400,0.45,499,0.002,1
hidden_quadratic,support_complete,382,400,0.45,499,0.002,1
hidden_quadratic,generalized_cmh,382,400,0.45,499,0.002,1
hidden_quadratic,complete_fibre_lr,382,400,0.45,499,0.002,1
hidden_quadratic,ml_residual,382,400,0.45,499,0.002,1
hidden_quadratic,support_complete,383,400,0.45,499,0.002,1
hidden_quadratic,generalized_cmh,383,400,0.45,499,0.002,1
hidden_quadratic,complete_fibre_lr,383,400,0.45,499,0.002,1
hidden_quadratic,ml_residual,383,400,0.45,499,0.002,1
hidden_quadratic,support_complete,384,400,0.45,499,0.002,1
hidden_quadratic,generalized_cmh,384,400,0.45,499,0.002,1
hidden_quadratic,complete_fibre_lr,384,400,0.45,499,0.002,1
hidden_quadratic,ml_residual,384,400,0.45,499,0.004,1
hidden_quadratic,support_complete,385,400,0.45,499,0.002,1
hidden_quadratic,generalized_cmh,385,400,0.45,499,0.002,1
hidden_quadratic,complete_fibre_lr,385,400,0.45,499,0.002,1
hidden_quadratic,ml_residual,385,400,0.45,499,0.002,1
hidden_quadratic,support_complete,386,400,0.45,499,0.002,1
hidden_quadratic,generalized_cmh,386,400,0.45,499,0.002,1
hidden_quadratic,complete_fibre_lr,386,400,0.45,499,0.002,1
hidden_quadratic,ml_residual,386,400,0.45,499,0.006,1
hidden_quadratic,support_complete,387,400,0.45,499,0.002,1
hidden_quadratic,generalized_cmh,387,400,0.45,499,0.002,1
hidden_quadratic,complete_fibre_lr,387,400,0.45,499,0.002,1
hidden_quadratic,ml_residual,387,400,0.45,499,0.002,1
hidden_quadratic,support_complete,388,400,0.45,499,0.002,1
hidden_quadratic,generalized_cmh,388,400,0.45,499,0.002,1
hidden_quadratic,complete_fibre_lr,388,400,0.45,499,0.002,1
hidden_quadratic,ml_residual,388,400,0.45,499,0.002,1
hidden_quadratic,support_complete,389,400,0.45,499,0.002,1
hidden_quadratic,generalized_cmh,389,400,0.45,499,0.002,1
hidden_quadratic,complete_fibre_lr,389,400,0.45,499,0.002,1
hidden_quadratic,ml_residual,389,400,0.45,499,0.002,1
hidden_quadratic,support_complete,390,400,0.45,499,0.002,1
hidden_quadratic,generalized_cmh,390,400,0.45,499,0.002,1
hidden_quadratic,complete_fibre_lr,390,400,0.45,499,0.002,1
hidden_quadratic,ml_residual,390,400,0.45,499,0.002,1
hidden_quadratic,support_complete,391,400,0.45,499,0.002,1
hidden_quadratic,generalized_cmh,391,400,0.45,499,0.002,1
hidden_quadratic,complete_fibre_lr,391,400,0.45,499,0.002,1
hidden_quadratic,ml_residual,391,400,0.45,499,0.002,1
hidden_quadratic,support_complete,392,400,0.45,499,0.002,1
hidden_quadratic,generalized_cmh,392,400,0.45,499,0.002,1
hidden_quadratic,complete_fibre_lr,392,400,0.45,499,0.002,1
hidden_quadratic,ml_residual,392,400,0.45,499,0.002,1
hidden_quadratic,support_complete,393,400,0.45,499,0.002,1
hidden_quadratic,generalized_cmh,393,400,0.45,499,0.002,1
hidden_quadratic,complete_fibre_lr,393,400,0.45,499,0.002,1
hidden_quadratic,ml_residual,393,400,0.45,499,0.002,1
hidden_quadratic,support_complete,394,400,0.45,499,0.002,1
hidden_quadratic,generalized_cmh,394,400,0.45,499,0.002,1
hidden_quadratic,complete_fibre_lr,394,400,0.45,499,0.002,1
hidden_quadratic,ml_residual,394,400,0.45,499,0.002,1
hidden_quadratic,support_complete,395,400,0.45,499,0.002,1
hidden_quadratic,generalized_cmh,395,400,0.45,499,0.002,1
hidden_quadratic,complete_fibre_lr,395,400,0.45,499,0.002,1
hidden_quadratic,ml_residual,395,400,0.45,499,0.004,1
hidden_quadratic,support_complete,396,400,0.45,499,0.002,1
hidden_quadratic,generalized_cmh,396,400,0.45,499,0.002,1
hidden_quadratic,complete_fibre_lr,396,400,0.45,499,0.002,1
hidden_quadratic,ml_residual,396,400,0.45,499,0.002,1
hidden_quadratic,support_complete,397,400,0.45,499,0.002,1
hidden_quadratic,generalized_cmh,397,400,0.45,499,0.002,1
hidden_quadratic,complete_fibre_lr,397,400,0.45,499,0.002,1
hidden_quadratic,ml_residual,397,400,0.45,499,0.002,1
hidden_quadratic,support_complete,398,400,0.45,499,0.002,1
hidden_quadratic,generalized_cmh,398,400,0.45,499,0.002,1
hidden_quadratic,complete_fibre_lr,398,400,0.45,499,0.002,1
hidden_quadratic,ml_residual,398,400,0.45,499,0.004,1
hidden_quadratic,support_complete,399,400,0.45,499,0.002,1
hidden_quadratic,generalized_cmh,399,400,0.45,499,0.002,1
hidden_quadratic,complete_fibre_lr,399,400,0.45,499,0.002,1
hidden_quadratic,ml_residual,399,400,0.45,499,0.002,1
hidden_quadratic,support_complete,400,400,0.45,499,0.002,1
hidden_quadratic,generalized_cmh,400,400,0.45,499,0.002,1
hidden_quadratic,complete_fibre_lr,400,400,0.45,499,0.002,1
hidden_quadratic,ml_residual,400,400,0.45,499,0.002,1
hidden_quadratic,support_complete,401,400,0.45,499,0.002,1
hidden_quadratic,generalized_cmh,401,400,0.45,499,0.002,1
hidden_quadratic,complete_fibre_lr,401,400,0.45,499,0.002,1
hidden_quadratic,ml_residual,401,400,0.45,499,0.004,1
hidden_quadratic,support_complete,402,400,0.45,499,0.002,1
hidden_quadratic,generalized_cmh,402,400,0.45,499,0.002,1
hidden_quadratic,complete_fibre_lr,402,400,0.45,499,0.002,1
hidden_quadratic,ml_residual,402,400,0.45,499,0.002,1
hidden_quadratic,support_complete,403,400,0.45,499,0.002,1
hidden_quadratic,generalized_cmh,403,400,0.45,499,0.002,1
hidden_quadratic,complete_fibre_lr,403,400,0.45,499,0.002,1
hidden_quadratic,ml_residual,403,400,0.45,499,0.002,1
hidden_quadratic,support_complete,404,400,0.45,499,0.002,1
hidden_quadratic,generalized_cmh,404,400,0.45,499,0.002,1
hidden_quadratic,complete_fibre_lr,404,400,0.45,499,0.002,1
hidden_quadratic,ml_residual,404,400,0.45,499,0.002,1
hidden_quadratic,support_complete,405,400,0.45,499,0.002,1
hidden_quadratic,generalized_cmh,405,400,0.45,499,0.002,1
hidden_quadratic,complete_fibre_lr,405,400,0.45,499,0.002,1
hidden_quadratic,ml_residual,405,400,0.45,499,0.002,1
hidden_quadratic,support_complete,406,400,0.45,499,0.002,1
hidden_quadratic,generalized_cmh,406,400,0.45,499,0.002,1
hidden_quadratic,complete_fibre_lr,406,400,0.45,499,0.002,1
hidden_quadratic,ml_residual,406,400,0.45,499,0.002,1
hidden_quadratic,support_complete,407,400,0.45,499,0.002,1
hidden_quadratic,generalized_cmh,407,400,0.45,499,0.002,1
hidden_quadratic,complete_fibre_lr,407,400,0.45,499,0.002,1
hidden_quadratic,ml_residual,407,400,0.45,499,0.002,1
hidden_quadratic,support_complete,408,400,0.45,499,0.002,1
hidden_quadratic,generalized_cmh,408,400,0.45,499,0.002,1
hidden_quadratic,complete_fibre_lr,408,400,0.45,499,0.002,1
hidden_quadratic,ml_residual,408,400,0.45,499,0.002,1
hidden_quadratic,support_complete,409,400,0.45,499,0.002,1
hidden_quadratic,generalized_cmh,409,400,0.45,499,0.002,1
hidden_quadratic,complete_fibre_lr,409,400,0.45,499,0.002,1
hidden_quadratic,ml_residual,409,400,0.45,499,0.202,0
hidden_quadratic,support_complete,410,400,0.45,499,0.002,1
hidden_quadratic,generalized_cmh,410,400,0.45,499,0.002,1
hidden_quadratic,complete_fibre_lr,410,400,0.45,499,0.002,1
hidden_quadratic,ml_residual,410,400,0.45,499,0.002,1
hidden_quadratic,support_complete,411,400,0.45,499,0.002,1
hidden_quadratic,generalized_cmh,411,400,0.45,499,0.002,1
hidden_quadratic,complete_fibre_lr,411,400,0.45,499,0.002,1
hidden_quadratic,ml_residual,411,400,0.45,499,0.014,1
hidden_quadratic,support_complete,412,400,0.45,499,0.002,1
hidden_quadratic,generalized_cmh,412,400,0.45,499,0.002,1
hidden_quadratic,complete_fibre_lr,412,400,0.45,499,0.002,1
hidden_quadratic,ml_residual,412,400,0.45,499,0.006,1
hidden_quadratic,support_complete,413,400,0.45,499,0.002,1
hidden_quadratic,generalized_cmh,413,400,0.45,499,0.002,1
hidden_quadratic,complete_fibre_lr,413,400,0.45,499,0.002,1
hidden_quadratic,ml_residual,413,400,0.45,499,0.002,1
hidden_quadratic,support_complete,414,400,0.45,499,0.002,1
hidden_quadratic,generalized_cmh,414,400,0.45,499,0.002,1
hidden_quadratic,complete_fibre_lr,414,400,0.45,499,0.002,1
hidden_quadratic,ml_residual,414,400,0.45,499,0.002,1
hidden_quadratic,support_complete,415,400,0.45,499,0.002,1
hidden_quadratic,generalized_cmh,415,400,0.45,499,0.002,1
hidden_quadratic,complete_fibre_lr,415,400,0.45,499,0.002,1
hidden_quadratic,ml_residual,415,400,0.45,499,0.002,1
hidden_quadratic,support_complete,416,400,0.45,499,0.002,1
hidden_quadratic,generalized_cmh,416,400,0.45,499,0.002,1
hidden_quadratic,complete_fibre_lr,416,400,0.45,499,0.002,1
hidden_quadratic,ml_residual,416,400,0.45,499,0.002,1
hidden_quadratic,support_complete,417,400,0.45,499,0.002,1
hidden_quadratic,generalized_cmh,417,400,0.45,499,0.002,1
hidden_quadratic,complete_fibre_lr,417,400,0.45,499,0.002,1
hidden_quadratic,ml_residual,417,400,0.45,499,0.002,1
hidden_quadratic,support_complete,418,400,0.45,499,0.002,1
hidden_quadratic,generalized_cmh,418,400,0.45,499,0.002,1
hidden_quadratic,complete_fibre_lr,418,400,0.45,499,0.002,1
hidden_quadratic,ml_residual,418,400,0.45,499,0.002,1
hidden_quadratic,support_complete,419,400,0.45,499,0.002,1
hidden_quadratic,generalized_cmh,419,400,0.45,499,0.002,1
hidden_quadratic,complete_fibre_lr,419,400,0.45,499,0.002,1
hidden_quadratic,ml_residual,419,400,0.45,499,0.006,1
hidden_quadratic,support_complete,420,400,0.45,499,0.002,1
hidden_quadratic,generalized_cmh,420,400,0.45,499,0.002,1
hidden_quadratic,complete_fibre_lr,420,400,0.45,499,0.002,1
hidden_quadratic,ml_residual,420,400,0.45,499,0.004,1
hidden_quadratic,support_complete,421,400,0.45,499,0.002,1
hidden_quadratic,generalized_cmh,421,400,0.45,499,0.002,1
hidden_quadratic,complete_fibre_lr,421,400,0.45,499,0.002,1
hidden_quadratic,ml_residual,421,400,0.45,499,0.002,1
hidden_quadratic,support_complete,422,400,0.45,499,0.002,1
hidden_quadratic,generalized_cmh,422,400,0.45,499,0.002,1
hidden_quadratic,complete_fibre_lr,422,400,0.45,499,0.002,1
hidden_quadratic,ml_residual,422,400,0.45,499,0.02,1
hidden_quadratic,support_complete,423,400,0.45,499,0.002,1
hidden_quadratic,generalized_cmh,423,400,0.45,499,0.002,1
hidden_quadratic,complete_fibre_lr,423,400,0.45,499,0.002,1
hidden_quadratic,ml_residual,423,400,0.45,499,0.004,1
hidden_quadratic,support_complete,424,400,0.45,499,0.002,1
hidden_quadratic,generalized_cmh,424,400,0.45,499,0.002,1
hidden_quadratic,complete_fibre_lr,424,400,0.45,499,0.002,1
hidden_quadratic,ml_residual,424,400,0.45,499,0.002,1
hidden_quadratic,support_complete,425,400,0.45,499,0.002,1
hidden_quadratic,generalized_cmh,425,400,0.45,499,0.002,1
hidden_quadratic,complete_fibre_lr,425,400,0.45,499,0.002,1
hidden_quadratic,ml_residual,425,400,0.45,499,0.002,1
hidden_quadratic,support_complete,426,400,0.45,499,0.002,1
hidden_quadratic,generalized_cmh,426,400,0.45,499,0.002,1
hidden_quadratic,complete_fibre_lr,426,400,0.45,499,0.002,1
hidden_quadratic,ml_residual,426,400,0.45,499,0.002,1
hidden_quadratic,support_complete,427,400,0.45,499,0.002,1
hidden_quadratic,generalized_cmh,427,400,0.45,499,0.002,1
hidden_quadratic,complete_fibre_lr,427,400,0.45,499,0.002,1
hidden_quadratic,ml_residual,427,400,0.45,499,0.002,1
hidden_quadratic,support_complete,428,400,0.45,499,0.002,1
hidden_quadratic,generalized_cmh,428,400,0.45,499,0.002,1
hidden_quadratic,complete_fibre_lr,428,400,0.45,499,0.002,1
hidden_quadratic,ml_residual,428,400,0.45,499,0.002,1
hidden_quadratic,support_complete,429,400,0.45,499,0.002,1
hidden_quadratic,generalized_cmh,429,400,0.45,499,0.002,1
hidden_quadratic,complete_fibre_lr,429,400,0.45,499,0.002,1
hidden_quadratic,ml_residual,429,400,0.45,499,0.002,1
hidden_quadratic,support_complete,430,400,0.45,499,0.002,1
hidden_quadratic,generalized_cmh,430,400,0.45,499,0.002,1
hidden_quadratic,complete_fibre_lr,430,400,0.45,499,0.002,1
hidden_quadratic,ml_residual,430,400,0.45,499,0.002,1
hidden_quadratic,support_complete,431,400,0.45,499,0.002,1
hidden_quadratic,generalized_cmh,431,400,0.45,499,0.002,1
hidden_quadratic,complete_fibre_lr,431,400,0.45,499,0.002,1
hidden_quadratic,ml_residual,431,400,0.45,499,0.002,1
hidden_quadratic,support_complete,432,400,0.45,499,0.002,1
hidden_quadratic,generalized_cmh,432,400,0.45,499,0.002,1
hidden_quadratic,complete_fibre_lr,432,400,0.45,499,0.002,1
hidden_quadratic,ml_residual,432,400,0.45,499,0.002,1
hidden_quadratic,support_complete,433,400,0.45,499,0.002,1
hidden_quadratic,generalized_cmh,433,400,0.45,499,0.002,1
hidden_quadratic,complete_fibre_lr,433,400,0.45,499,0.002,1
hidden_quadratic,ml_residual,433,400,0.45,499,0.002,1
hidden_quadratic,support_complete,434,400,0.45,499,0.002,1
hidden_quadratic,generalized_cmh,434,400,0.45,499,0.002,1
hidden_quadratic,complete_fibre_lr,434,400,0.45,499,0.002,1
hidden_quadratic,ml_residual,434,400,0.45,499,0.002,1
hidden_quadratic,support_complete,435,400,0.45,499,0.002,1
hidden_quadratic,generalized_cmh,435,400,0.45,499,0.002,1
hidden_quadratic,complete_fibre_lr,435,400,0.45,499,0.002,1
hidden_quadratic,ml_residual,435,400,0.45,499,0.004,1
hidden_quadratic,support_complete,436,400,0.45,499,0.002,1
hidden_quadratic,generalized_cmh,436,400,0.45,499,0.002,1
hidden_quadratic,complete_fibre_lr,436,400,0.45,499,0.002,1
hidden_quadratic,ml_residual,436,400,0.45,499,0.002,1
hidden_quadratic,support_complete,437,400,0.45,499,0.002,1
hidden_quadratic,generalized_cmh,437,400,0.45,499,0.002,1
hidden_quadratic,complete_fibre_lr,437,400,0.45,499,0.002,1
hidden_quadratic,ml_residual,437,400,0.45,499,0.004,1
hidden_quadratic,support_complete,438,400,0.45,499,0.002,1
hidden_quadratic,generalized_cmh,438,400,0.45,499,0.002,1
hidden_quadratic,complete_fibre_lr,438,400,0.45,499,0.002,1
hidden_quadratic,ml_residual,438,400,0.45,499,0.002,1
hidden_quadratic,support_complete,439,400,0.45,499,0.002,1
hidden_quadratic,generalized_cmh,439,400,0.45,499,0.002,1
hidden_quadratic,complete_fibre_lr,439,400,0.45,499,0.002,1
hidden_quadratic,ml_residual,439,400,0.45,499,0.002,1
hidden_quadratic,support_complete,440,400,0.45,499,0.002,1
hidden_quadratic,generalized_cmh,440,400,0.45,499,0.002,1
hidden_quadratic,complete_fibre_lr,440,400,0.45,499,0.002,1
hidden_quadratic,ml_residual,440,400,0.45,499,0.002,1
hidden_quadratic,support_complete,441,400,0.45,499,0.002,1
hidden_quadratic,generalized_cmh,441,400,0.45,499,0.002,1
hidden_quadratic,complete_fibre_lr,441,400,0.45,499,0.002,1
hidden_quadratic,ml_residual,441,400,0.45,499,0.002,1
hidden_quadratic,support_complete,442,400,0.45,499,0.002,1
hidden_quadratic,generalized_cmh,442,400,0.45,499,0.002,1
hidden_quadratic,complete_fibre_lr,442,400,0.45,499,0.002,1
hidden_quadratic,ml_residual,442,400,0.45,499,0.002,1
hidden_quadratic,support_complete,443,400,0.45,499,0.002,1
hidden_quadratic,generalized_cmh,443,400,0.45,499,0.002,1
hidden_quadratic,complete_fibre_lr,443,400,0.45,499,0.002,1
hidden_quadratic,ml_residual,443,400,0.45,499,0.002,1
hidden_quadratic,support_complete,444,400,0.45,499,0.002,1
hidden_quadratic,generalized_cmh,444,400,0.45,499,0.002,1
hidden_quadratic,complete_fibre_lr,444,400,0.45,499,0.002,1
hidden_quadratic,ml_residual,444,400,0.45,499,0.006,1
hidden_quadratic,support_complete,445,400,0.45,499,0.002,1
hidden_quadratic,generalized_cmh,445,400,0.45,499,0.002,1
hidden_quadratic,complete_fibre_lr,445,400,0.45,499,0.002,1
hidden_quadratic,ml_residual,445,400,0.45,499,0.002,1
hidden_quadratic,support_complete,446,400,0.45,499,0.002,1
hidden_quadratic,generalized_cmh,446,400,0.45,499,0.002,1
hidden_quadratic,complete_fibre_lr,446,400,0.45,499,0.002,1
hidden_quadratic,ml_residual,446,400,0.45,499,0.002,1
hidden_quadratic,support_complete,447,400,0.45,499,0.002,1
hidden_quadratic,generalized_cmh,447,400,0.45,499,0.002,1
hidden_quadratic,complete_fibre_lr,447,400,0.45,499,0.002,1
hidden_quadratic,ml_residual,447,400,0.45,499,0.022,1
hidden_quadratic,support_complete,448,400,0.45,499,0.002,1
hidden_quadratic,generalized_cmh,448,400,0.45,499,0.002,1
hidden_quadratic,complete_fibre_lr,448,400,0.45,499,0.002,1
hidden_quadratic,ml_residual,448,400,0.45,499,0.002,1
hidden_quadratic,support_complete,449,400,0.45,499,0.002,1
hidden_quadratic,generalized_cmh,449,400,0.45,499,0.002,1
hidden_quadratic,complete_fibre_lr,449,400,0.45,499,0.002,1
hidden_quadratic,ml_residual,449,400,0.45,499,0.002,1
hidden_quadratic,support_complete,450,400,0.45,499,0.002,1
hidden_quadratic,generalized_cmh,450,400,0.45,499,0.002,1
hidden_quadratic,complete_fibre_lr,450,400,0.45,499,0.002,1
hidden_quadratic,ml_residual,450,400,0.45,499,0.002,1
hidden_quadratic,support_complete,451,400,0.45,499,0.002,1
hidden_quadratic,generalized_cmh,451,400,0.45,499,0.002,1
hidden_quadratic,complete_fibre_lr,451,400,0.45,499,0.002,1
hidden_quadratic,ml_residual,451,400,0.45,499,0.002,1
hidden_quadratic,support_complete,452,400,0.45,499,0.002,1
hidden_quadratic,generalized_cmh,452,400,0.45,499,0.002,1
hidden_quadratic,complete_fibre_lr,452,400,0.45,499,0.002,1
hidden_quadratic,ml_residual,452,400,0.45,499,0.002,1
hidden_quadratic,support_complete,453,400,0.45,499,0.002,1
hidden_quadratic,generalized_cmh,453,400,0.45,499,0.002,1
hidden_quadratic,complete_fibre_lr,453,400,0.45,499,0.002,1
hidden_quadratic,ml_residual,453,400,0.45,499,0.002,1
hidden_quadratic,support_complete,454,400,0.45,499,0.002,1
hidden_quadratic,generalized_cmh,454,400,0.45,499,0.002,1
hidden_quadratic,complete_fibre_lr,454,400,0.45,499,0.002,1
hidden_quadratic,ml_residual,454,400,0.45,499,0.002,1
hidden_quadratic,support_complete,455,400,0.45,499,0.002,1
hidden_quadratic,generalized_cmh,455,400,0.45,499,0.002,1
hidden_quadratic,complete_fibre_lr,455,400,0.45,499,0.002,1
hidden_quadratic,ml_residual,455,400,0.45,499,0.002,1
hidden_quadratic,support_complete,456,400,0.45,499,0.002,1
hidden_quadratic,generalized_cmh,456,400,0.45,499,0.002,1
hidden_quadratic,complete_fibre_lr,456,400,0.45,499,0.002,1
hidden_quadratic,ml_residual,456,400,0.45,499,0.002,1
hidden_quadratic,support_complete,457,400,0.45,499,0.002,1
hidden_quadratic,generalized_cmh,457,400,0.45,499,0.002,1
hidden_quadratic,complete_fibre_lr,457,400,0.45,499,0.002,1
hidden_quadratic,ml_residual,457,400,0.45,499,0.002,1
hidden_quadratic,support_complete,458,400,0.45,499,0.002,1
hidden_quadratic,generalized_cmh,458,400,0.45,499,0.002,1
hidden_quadratic,complete_fibre_lr,458,400,0.45,499,0.002,1
hidden_quadratic,ml_residual,458,400,0.45,499,0.002,1
hidden_quadratic,support_complete,459,400,0.45,499,0.002,1
hidden_quadratic,generalized_cmh,459,400,0.45,499,0.002,1
hidden_quadratic,complete_fibre_lr,459,400,0.45,499,0.002,1
hidden_quadratic,ml_residual,459,400,0.45,499,0.002,1
hidden_quadratic,support_complete,460,400,0.45,499,0.002,1
hidden_quadratic,generalized_cmh,460,400,0.45,499,0.002,1
hidden_quadratic,complete_fibre_lr,460,400,0.45,499,0.002,1
hidden_quadratic,ml_residual,460,400,0.45,499,0.002,1
hidden_quadratic,support_complete,461,400,0.45,499,0.002,1
hidden_quadratic,generalized_cmh,461,400,0.45,499,0.002,1
hidden_quadratic,complete_fibre_lr,461,400,0.45,499,0.002,1
hidden_quadratic,ml_residual,461,400,0.45,499,0.002,1
hidden_quadratic,support_complete,462,400,0.45,499,0.002,1
hidden_quadratic,generalized_cmh,462,400,0.45,499,0.002,1
hidden_quadratic,complete_fibre_lr,462,400,0.45,499,0.002,1
hidden_quadratic,ml_residual,462,400,0.45,499,0.002,1
hidden_quadratic,support_complete,463,400,0.45,499,0.002,1
hidden_quadratic,generalized_cmh,463,400,0.45,499,0.002,1
hidden_quadratic,complete_fibre_lr,463,400,0.45,499,0.002,1
hidden_quadratic,ml_residual,463,400,0.45,499,0.002,1
hidden_quadratic,support_complete,464,400,0.45,499,0.002,1
hidden_quadratic,generalized_cmh,464,400,0.45,499,0.002,1
hidden_quadratic,complete_fibre_lr,464,400,0.45,499,0.002,1
hidden_quadratic,ml_residual,464,400,0.45,499,0.004,1
hidden_quadratic,support_complete,465,400,0.45,499,0.002,1
hidden_quadratic,generalized_cmh,465,400,0.45,499,0.002,1
hidden_quadratic,complete_fibre_lr,465,400,0.45,499,0.002,1
hidden_quadratic,ml_residual,465,400,0.45,499,0.002,1
hidden_quadratic,support_complete,466,400,0.45,499,0.002,1
hidden_quadratic,generalized_cmh,466,400,0.45,499,0.002,1
hidden_quadratic,complete_fibre_lr,466,400,0.45,499,0.002,1
hidden_quadratic,ml_residual,466,400,0.45,499,0.002,1
hidden_quadratic,support_complete,467,400,0.45,499,0.002,1
hidden_quadratic,generalized_cmh,467,400,0.45,499,0.002,1
hidden_quadratic,complete_fibre_lr,467,400,0.45,499,0.002,1
hidden_quadratic,ml_residual,467,400,0.45,499,0.008,1
hidden_quadratic,support_complete,468,400,0.45,499,0.002,1
hidden_quadratic,generalized_cmh,468,400,0.45,499,0.002,1
hidden_quadratic,complete_fibre_lr,468,400,0.45,499,0.002,1
hidden_quadratic,ml_residual,468,400,0.45,499,0.002,1
hidden_quadratic,support_complete,469,400,0.45,499,0.002,1
hidden_quadratic,generalized_cmh,469,400,0.45,499,0.002,1
hidden_quadratic,complete_fibre_lr,469,400,0.45,499,0.002,1
hidden_quadratic,ml_residual,469,400,0.45,499,0.002,1
hidden_quadratic,support_complete,470,400,0.45,499,0.002,1
hidden_quadratic,generalized_cmh,470,400,0.45,499,0.002,1
hidden_quadratic,complete_fibre_lr,470,400,0.45,499,0.002,1
hidden_quadratic,ml_residual,470,400,0.45,499,0.002,1
hidden_quadratic,support_complete,471,400,0.45,499,0.002,1
hidden_quadratic,generalized_cmh,471,400,0.45,499,0.002,1
hidden_quadratic,complete_fibre_lr,471,400,0.45,499,0.002,1
hidden_quadratic,ml_residual,471,400,0.45,499,0.002,1
hidden_quadratic,support_complete,472,400,0.45,499,0.002,1
hidden_quadratic,generalized_cmh,472,400,0.45,499,0.002,1
hidden_quadratic,complete_fibre_lr,472,400,0.45,499,0.002,1
hidden_quadratic,ml_residual,472,400,0.45,499,0.002,1
hidden_quadratic,support_complete,473,400,0.45,499,0.002,1
hidden_quadratic,generalized_cmh,473,400,0.45,499,0.002,1
hidden_quadratic,complete_fibre_lr,473,400,0.45,499,0.002,1
hidden_quadratic,ml_residual,473,400,0.45,499,0.002,1
hidden_quadratic,support_complete,474,400,0.45,499,0.002,1
hidden_quadratic,generalized_cmh,474,400,0.45,499,0.002,1
hidden_quadratic,complete_fibre_lr,474,400,0.45,499,0.002,1
hidden_quadratic,ml_residual,474,400,0.45,499,0.002,1
hidden_quadratic,support_complete,475,400,0.45,499,0.002,1
hidden_quadratic,generalized_cmh,475,400,0.45,499,0.002,1
hidden_quadratic,complete_fibre_lr,475,400,0.45,499,0.002,1
hidden_quadratic,ml_residual,475,400,0.45,499,0.002,1
hidden_quadratic,support_complete,476,400,0.45,499,0.002,1
hidden_quadratic,generalized_cmh,476,400,0.45,499,0.002,1
hidden_quadratic,complete_fibre_lr,476,400,0.45,499,0.002,1
hidden_quadratic,ml_residual,476,400,0.45,499,0.01,1
hidden_quadratic,support_complete,477,400,0.45,499,0.002,1
hidden_quadratic,generalized_cmh,477,400,0.45,499,0.002,1
hidden_quadratic,complete_fibre_lr,477,400,0.45,499,0.002,1
hidden_quadratic,ml_residual,477,400,0.45,499,0.002,1
hidden_quadratic,support_complete,478,400,0.45,499,0.002,1
hidden_quadratic,generalized_cmh,478,400,0.45,499,0.002,1
hidden_quadratic,complete_fibre_lr,478,400,0.45,499,0.002,1
hidden_quadratic,ml_residual,478,400,0.45,499,0.002,1
hidden_quadratic,support_complete,479,400,0.45,499,0.002,1
hidden_quadratic,generalized_cmh,479,400,0.45,499,0.002,1
hidden_quadratic,complete_fibre_lr,479,400,0.45,499,0.002,1
hidden_quadratic,ml_residual,479,400,0.45,499,0.002,1
hidden_quadratic,support_complete,480,400,0.45,499,0.002,1
hidden_quadratic,generalized_cmh,480,400,0.45,499,0.002,1
hidden_quadratic,complete_fibre_lr,480,400,0.45,499,0.002,1
hidden_quadratic,ml_residual,480,400,0.45,499,0.002,1
hidden_quadratic,support_complete,481,400,0.45,499,0.002,1
hidden_quadratic,generalized_cmh,481,400,0.45,499,0.002,1
hidden_quadratic,complete_fibre_lr,481,400,0.45,499,0.002,1
hidden_quadratic,ml_residual,481,400,0.45,499,0.004,1
hidden_quadratic,support_complete,482,400,0.45,499,0.002,1
hidden_quadratic,generalized_cmh,482,400,0.45,499,0.002,1
hidden_quadratic,complete_fibre_lr,482,400,0.45,499,0.002,1
hidden_quadratic,ml_residual,482,400,0.45,499,0.002,1
hidden_quadratic,support_complete,483,400,0.45,499,0.002,1
hidden_quadratic,generalized_cmh,483,400,0.45,499,0.002,1
hidden_quadratic,complete_fibre_lr,483,400,0.45,499,0.002,1
hidden_quadratic,ml_residual,483,400,0.45,499,0.004,1
hidden_quadratic,support_complete,484,400,0.45,499,0.002,1
hidden_quadratic,generalized_cmh,484,400,0.45,499,0.002,1
hidden_quadratic,complete_fibre_lr,484,400,0.45,499,0.002,1
hidden_quadratic,ml_residual,484,400,0.45,499,0.002,1
hidden_quadratic,support_complete,485,400,0.45,499,0.002,1
hidden_quadratic,generalized_cmh,485,400,0.45,499,0.002,1
hidden_quadratic,complete_fibre_lr,485,400,0.45,499,0.002,1
hidden_quadratic,ml_residual,485,400,0.45,499,0.006,1
hidden_quadratic,support_complete,486,400,0.45,499,0.002,1
hidden_quadratic,generalized_cmh,486,400,0.45,499,0.002,1
hidden_quadratic,complete_fibre_lr,486,400,0.45,499,0.002,1
hidden_quadratic,ml_residual,486,400,0.45,499,0.002,1
hidden_quadratic,support_complete,487,400,0.45,499,0.002,1
hidden_quadratic,generalized_cmh,487,400,0.45,499,0.002,1
hidden_quadratic,complete_fibre_lr,487,400,0.45,499,0.002,1
hidden_quadratic,ml_residual,487,400,0.45,499,0.004,1
hidden_quadratic,support_complete,488,400,0.45,499,0.002,1
hidden_quadratic,generalized_cmh,488,400,0.45,499,0.002,1
hidden_quadratic,complete_fibre_lr,488,400,0.45,499,0.002,1
hidden_quadratic,ml_residual,488,400,0.45,499,0.002,1
hidden_quadratic,support_complete,489,400,0.45,499,0.002,1
hidden_quadratic,generalized_cmh,489,400,0.45,499,0.002,1
hidden_quadratic,complete_fibre_lr,489,400,0.45,499,0.002,1
hidden_quadratic,ml_residual,489,400,0.45,499,0.002,1
hidden_quadratic,support_complete,490,400,0.45,499,0.002,1
hidden_quadratic,generalized_cmh,490,400,0.45,499,0.002,1
hidden_quadratic,complete_fibre_lr,490,400,0.45,499,0.002,1
hidden_quadratic,ml_residual,490,400,0.45,499,0.002,1
hidden_quadratic,support_complete,491,400,0.45,499,0.002,1
hidden_quadratic,generalized_cmh,491,400,0.45,499,0.002,1
hidden_quadratic,complete_fibre_lr,491,400,0.45,499,0.002,1
hidden_quadratic,ml_residual,491,400,0.45,499,0.002,1
hidden_quadratic,support_complete,492,400,0.45,499,0.002,1
hidden_quadratic,generalized_cmh,492,400,0.45,499,0.002,1
hidden_quadratic,complete_fibre_lr,492,400,0.45,499,0.002,1
hidden_quadratic,ml_residual,492,400,0.45,499,0.002,1
hidden_quadratic,support_complete,493,400,0.45,499,0.002,1
hidden_quadratic,generalized_cmh,493,400,0.45,499,0.002,1
hidden_quadratic,complete_fibre_lr,493,400,0.45,499,0.002,1
hidden_quadratic,ml_residual,493,400,0.45,499,0.002,1
hidden_quadratic,support_complete,494,400,0.45,499,0.002,1
hidden_quadratic,generalized_cmh,494,400,0.45,499,0.002,1
hidden_quadratic,complete_fibre_lr,494,400,0.45,499,0.002,1
hidden_quadratic,ml_residual,494,400,0.45,499,0.004,1
hidden_quadratic,support_complete,495,400,0.45,499,0.002,1
hidden_quadratic,generalized_cmh,495,400,0.45,499,0.002,1
hidden_quadratic,complete_fibre_lr,495,400,0.45,499,0.002,1
hidden_quadratic,ml_residual,495,400,0.45,499,0.004,1
hidden_quadratic,support_complete,496,400,0.45,499,0.002,1
hidden_quadratic,generalized_cmh,496,400,0.45,499,0.002,1
hidden_quadratic,complete_fibre_lr,496,400,0.45,499,0.002,1
hidden_quadratic,ml_residual,496,400,0.45,499,0.002,1
hidden_quadratic,support_complete,497,400,0.45,499,0.002,1
hidden_quadratic,generalized_cmh,497,400,0.45,499,0.002,1
hidden_quadratic,complete_fibre_lr,497,400,0.45,499,0.002,1
hidden_quadratic,ml_residual,497,400,0.45,499,0.002,1
hidden_quadratic,support_complete,498,400,0.45,499,0.002,1
hidden_quadratic,generalized_cmh,498,400,0.45,499,0.002,1
hidden_quadratic,complete_fibre_lr,498,400,0.45,499,0.002,1
hidden_quadratic,ml_residual,498,400,0.45,499,0.002,1
hidden_quadratic,support_complete,499,400,0.45,499,0.002,1
hidden_quadratic,generalized_cmh,499,400,0.45,499,0.002,1
hidden_quadratic,complete_fibre_lr,499,400,0.45,499,0.002,1
hidden_quadratic,ml_residual,499,400,0.45,499,0.002,1
hidden_orthogonal,support_complete,0,400,0.45,499,0.002,1
hidden_orthogonal,generalized_cmh,0,400,0.45,499,0.002,1
hidden_orthogonal,complete_fibre_lr,0,400,0.45,499,0.002,1
hidden_orthogonal,ml_residual,0,400,0.45,499,0.002,1
hidden_orthogonal,support_complete,1,400,0.45,499,0.002,1
hidden_orthogonal,generalized_cmh,1,400,0.45,499,0.002,1
hidden_orthogonal,complete_fibre_lr,1,400,0.45,499,0.002,1
hidden_orthogonal,ml_residual,1,400,0.45,499,0.002,1
hidden_orthogonal,support_complete,2,400,0.45,499,0.002,1
hidden_orthogonal,generalized_cmh,2,400,0.45,499,0.002,1
hidden_orthogonal,complete_fibre_lr,2,400,0.45,499,0.002,1
hidden_orthogonal,ml_residual,2,400,0.45,499,0.002,1
hidden_orthogonal,support_complete,3,400,0.45,499,0.002,1
hidden_orthogonal,generalized_cmh,3,400,0.45,499,0.002,1
hidden_orthogonal,complete_fibre_lr,3,400,0.45,499,0.002,1
hidden_orthogonal,ml_residual,3,400,0.45,499,0.002,1
hidden_orthogonal,support_complete,4,400,0.45,499,0.002,1
hidden_orthogonal,generalized_cmh,4,400,0.45,499,0.002,1
hidden_orthogonal,complete_fibre_lr,4,400,0.45,499,0.002,1
hidden_orthogonal,ml_residual,4,400,0.45,499,0.002,1
hidden_orthogonal,support_complete,5,400,0.45,499,0.002,1
hidden_orthogonal,generalized_cmh,5,400,0.45,499,0.002,1
hidden_orthogonal,complete_fibre_lr,5,400,0.45,499,0.002,1
hidden_orthogonal,ml_residual,5,400,0.45,499,0.002,1
hidden_orthogonal,support_complete,6,400,0.45,499,0.002,1
hidden_orthogonal,generalized_cmh,6,400,0.45,499,0.002,1
hidden_orthogonal,complete_fibre_lr,6,400,0.45,499,0.002,1
hidden_orthogonal,ml_residual,6,400,0.45,499,0.002,1
hidden_orthogonal,support_complete,7,400,0.45,499,0.002,1
hidden_orthogonal,generalized_cmh,7,400,0.45,499,0.002,1
hidden_orthogonal,complete_fibre_lr,7,400,0.45,499,0.002,1
hidden_orthogonal,ml_residual,7,400,0.45,499,0.002,1
hidden_orthogonal,support_complete,8,400,0.45,499,0.002,1
hidden_orthogonal,generalized_cmh,8,400,0.45,499,0.002,1
hidden_orthogonal,complete_fibre_lr,8,400,0.45,499,0.002,1
hidden_orthogonal,ml_residual,8,400,0.45,499,0.002,1
hidden_orthogonal,support_complete,9,400,0.45,499,0.002,1
hidden_orthogonal,generalized_cmh,9,400,0.45,499,0.002,1
hidden_orthogonal,complete_fibre_lr,9,400,0.45,499,0.002,1
hidden_orthogonal,ml_residual,9,400,0.45,499,0.004,1
hidden_orthogonal,support_complete,10,400,0.45,499,0.002,1
hidden_orthogonal,generalized_cmh,10,400,0.45,499,0.002,1
hidden_orthogonal,complete_fibre_lr,10,400,0.45,499,0.002,1
hidden_orthogonal,ml_residual,10,400,0.45,499,0.002,1
hidden_orthogonal,support_complete,11,400,0.45,499,0.002,1
hidden_orthogonal,generalized_cmh,11,400,0.45,499,0.002,1
hidden_orthogonal,complete_fibre_lr,11,400,0.45,499,0.002,1
hidden_orthogonal,ml_residual,11,400,0.45,499,0.002,1
hidden_orthogonal,support_complete,12,400,0.45,499,0.002,1
hidden_orthogonal,generalized_cmh,12,400,0.45,499,0.002,1
hidden_orthogonal,complete_fibre_lr,12,400,0.45,499,0.002,1
hidden_orthogonal,ml_residual,12,400,0.45,499,0.002,1
hidden_orthogonal,support_complete,13,400,0.45,499,0.002,1
hidden_orthogonal,generalized_cmh,13,400,0.45,499,0.002,1
hidden_orthogonal,complete_fibre_lr,13,400,0.45,499,0.002,1
hidden_orthogonal,ml_residual,13,400,0.45,499,0.002,1
hidden_orthogonal,support_complete,14,400,0.45,499,0.002,1
hidden_orthogonal,generalized_cmh,14,400,0.45,499,0.002,1
hidden_orthogonal,complete_fibre_lr,14,400,0.45,499,0.002,1
hidden_orthogonal,ml_residual,14,400,0.45,499,0.002,1
hidden_orthogonal,support_complete,15,400,0.45,499,0.002,1
hidden_orthogonal,generalized_cmh,15,400,0.45,499,0.002,1
hidden_orthogonal,complete_fibre_lr,15,400,0.45,499,0.002,1
hidden_orthogonal,ml_residual,15,400,0.45,499,0.002,1
hidden_orthogonal,support_complete,16,400,0.45,499,0.002,1
hidden_orthogonal,generalized_cmh,16,400,0.45,499,0.002,1
hidden_orthogonal,complete_fibre_lr,16,400,0.45,499,0.002,1
hidden_orthogonal,ml_residual,16,400,0.45,499,0.006,1
hidden_orthogonal,support_complete,17,400,0.45,499,0.002,1
hidden_orthogonal,generalized_cmh,17,400,0.45,499,0.002,1
hidden_orthogonal,complete_fibre_lr,17,400,0.45,499,0.002,1
hidden_orthogonal,ml_residual,17,400,0.45,499,0.002,1
hidden_orthogonal,support_complete,18,400,0.45,499,0.002,1
hidden_orthogonal,generalized_cmh,18,400,0.45,499,0.002,1
hidden_orthogonal,complete_fibre_lr,18,400,0.45,499,0.002,1
hidden_orthogonal,ml_residual,18,400,0.45,499,0.002,1
hidden_orthogonal,support_complete,19,400,0.45,499,0.002,1
hidden_orthogonal,generalized_cmh,19,400,0.45,499,0.002,1
hidden_orthogonal,complete_fibre_lr,19,400,0.45,499,0.002,1
hidden_orthogonal,ml_residual,19,400,0.45,499,0.002,1
hidden_orthogonal,support_complete,20,400,0.45,499,0.002,1
hidden_orthogonal,generalized_cmh,20,400,0.45,499,0.002,1
hidden_orthogonal,complete_fibre_lr,20,400,0.45,499,0.002,1
hidden_orthogonal,ml_residual,20,400,0.45,499,0.002,1
hidden_orthogonal,support_complete,21,400,0.45,499,0.002,1
hidden_orthogonal,generalized_cmh,21,400,0.45,499,0.002,1
hidden_orthogonal,complete_fibre_lr,21,400,0.45,499,0.002,1
hidden_orthogonal,ml_residual,21,400,0.45,499,0.002,1
hidden_orthogonal,support_complete,22,400,0.45,499,0.002,1
hidden_orthogonal,generalized_cmh,22,400,0.45,499,0.002,1
hidden_orthogonal,complete_fibre_lr,22,400,0.45,499,0.002,1
hidden_orthogonal,ml_residual,22,400,0.45,499,0.002,1
hidden_orthogonal,support_complete,23,400,0.45,499,0.002,1
hidden_orthogonal,generalized_cmh,23,400,0.45,499,0.002,1
hidden_orthogonal,complete_fibre_lr,23,400,0.45,499,0.002,1
hidden_orthogonal,ml_residual,23,400,0.45,499,0.106,0
hidden_orthogonal,support_complete,24,400,0.45,499,0.002,1
hidden_orthogonal,generalized_cmh,24,400,0.45,499,0.002,1
hidden_orthogonal,complete_fibre_lr,24,400,0.45,499,0.002,1
hidden_orthogonal,ml_residual,24,400,0.45,499,0.002,1
hidden_orthogonal,support_complete,25,400,0.45,499,0.002,1
hidden_orthogonal,generalized_cmh,25,400,0.45,499,0.002,1
hidden_orthogonal,complete_fibre_lr,25,400,0.45,499,0.002,1
hidden_orthogonal,ml_residual,25,400,0.45,499,0.002,1
hidden_orthogonal,support_complete,26,400,0.45,499,0.002,1
hidden_orthogonal,generalized_cmh,26,400,0.45,499,0.002,1
hidden_orthogonal,complete_fibre_lr,26,400,0.45,499,0.002,1
hidden_orthogonal,ml_residual,26,400,0.45,499,0.002,1
hidden_orthogonal,support_complete,27,400,0.45,499,0.002,1
hidden_orthogonal,generalized_cmh,27,400,0.45,499,0.002,1
hidden_orthogonal,complete_fibre_lr,27,400,0.45,499,0.002,1
hidden_orthogonal,ml_residual,27,400,0.45,499,0.002,1
hidden_orthogonal,support_complete,28,400,0.45,499,0.002,1
hidden_orthogonal,generalized_cmh,28,400,0.45,499,0.002,1
hidden_orthogonal,complete_fibre_lr,28,400,0.45,499,0.002,1
hidden_orthogonal,ml_residual,28,400,0.45,499,0.002,1
hidden_orthogonal,support_complete,29,400,0.45,499,0.002,1
hidden_orthogonal,generalized_cmh,29,400,0.45,499,0.002,1
hidden_orthogonal,complete_fibre_lr,29,400,0.45,499,0.002,1
hidden_orthogonal,ml_residual,29,400,0.45,499,0.014,1
hidden_orthogonal,support_complete,30,400,0.45,499,0.002,1
hidden_orthogonal,generalized_cmh,30,400,0.45,499,0.002,1
hidden_orthogonal,complete_fibre_lr,30,400,0.45,499,0.002,1
hidden_orthogonal,ml_residual,30,400,0.45,499,0.002,1
hidden_orthogonal,support_complete,31,400,0.45,499,0.002,1
hidden_orthogonal,generalized_cmh,31,400,0.45,499,0.002,1
hidden_orthogonal,complete_fibre_lr,31,400,0.45,499,0.002,1
hidden_orthogonal,ml_residual,31,400,0.45,499,0.002,1
hidden_orthogonal,support_complete,32,400,0.45,499,0.002,1
hidden_orthogonal,generalized_cmh,32,400,0.45,499,0.002,1
hidden_orthogonal,complete_fibre_lr,32,400,0.45,499,0.002,1
hidden_orthogonal,ml_residual,32,400,0.45,499,0.002,1
hidden_orthogonal,support_complete,33,400,0.45,499,0.002,1
hidden_orthogonal,generalized_cmh,33,400,0.45,499,0.002,1
hidden_orthogonal,complete_fibre_lr,33,400,0.45,499,0.002,1
hidden_orthogonal,ml_residual,33,400,0.45,499,0.002,1
hidden_orthogonal,support_complete,34,400,0.45,499,0.002,1
hidden_orthogonal,generalized_cmh,34,400,0.45,499,0.002,1
hidden_orthogonal,complete_fibre_lr,34,400,0.45,499,0.002,1
hidden_orthogonal,ml_residual,34,400,0.45,499,0.002,1
hidden_orthogonal,support_complete,35,400,0.45,499,0.002,1
hidden_orthogonal,generalized_cmh,35,400,0.45,499,0.002,1
hidden_orthogonal,complete_fibre_lr,35,400,0.45,499,0.002,1
hidden_orthogonal,ml_residual,35,400,0.45,499,0.002,1
hidden_orthogonal,support_complete,36,400,0.45,499,0.002,1
hidden_orthogonal,generalized_cmh,36,400,0.45,499,0.002,1
hidden_orthogonal,complete_fibre_lr,36,400,0.45,499,0.002,1
hidden_orthogonal,ml_residual,36,400,0.45,499,0.002,1
hidden_orthogonal,support_complete,37,400,0.45,499,0.002,1
hidden_orthogonal,generalized_cmh,37,400,0.45,499,0.002,1
hidden_orthogonal,complete_fibre_lr,37,400,0.45,499,0.002,1
hidden_orthogonal,ml_residual,37,400,0.45,499,0.002,1
hidden_orthogonal,support_complete,38,400,0.45,499,0.002,1
hidden_orthogonal,generalized_cmh,38,400,0.45,499,0.002,1
hidden_orthogonal,complete_fibre_lr,38,400,0.45,499,0.002,1
hidden_orthogonal,ml_residual,38,400,0.45,499,0.002,1
hidden_orthogonal,support_complete,39,400,0.45,499,0.002,1
hidden_orthogonal,generalized_cmh,39,400,0.45,499,0.002,1
hidden_orthogonal,complete_fibre_lr,39,400,0.45,499,0.002,1
hidden_orthogonal,ml_residual,39,400,0.45,499,0.002,1
hidden_orthogonal,support_complete,40,400,0.45,499,0.002,1
hidden_orthogonal,generalized_cmh,40,400,0.45,499,0.002,1
hidden_orthogonal,complete_fibre_lr,40,400,0.45,499,0.002,1
hidden_orthogonal,ml_residual,40,400,0.45,499,0.002,1
hidden_orthogonal,support_complete,41,400,0.45,499,0.002,1
hidden_orthogonal,generalized_cmh,41,400,0.45,499,0.002,1
hidden_orthogonal,complete_fibre_lr,41,400,0.45,499,0.002,1
hidden_orthogonal,ml_residual,41,400,0.45,499,0.002,1
hidden_orthogonal,support_complete,42,400,0.45,499,0.002,1
hidden_orthogonal,generalized_cmh,42,400,0.45,499,0.002,1
hidden_orthogonal,complete_fibre_lr,42,400,0.45,499,0.002,1
hidden_orthogonal,ml_residual,42,400,0.45,499,0.006,1
hidden_orthogonal,support_complete,43,400,0.45,499,0.002,1
hidden_orthogonal,generalized_cmh,43,400,0.45,499,0.002,1
hidden_orthogonal,complete_fibre_lr,43,400,0.45,499,0.002,1
hidden_orthogonal,ml_residual,43,400,0.45,499,0.002,1
hidden_orthogonal,support_complete,44,400,0.45,499,0.002,1
hidden_orthogonal,generalized_cmh,44,400,0.45,499,0.002,1
hidden_orthogonal,complete_fibre_lr,44,400,0.45,499,0.002,1
hidden_orthogonal,ml_residual,44,400,0.45,499,0.002,1
hidden_orthogonal,support_complete,45,400,0.45,499,0.002,1
hidden_orthogonal,generalized_cmh,45,400,0.45,499,0.002,1
hidden_orthogonal,complete_fibre_lr,45,400,0.45,499,0.002,1
hidden_orthogonal,ml_residual,45,400,0.45,499,0.002,1
hidden_orthogonal,support_complete,46,400,0.45,499,0.002,1
hidden_orthogonal,generalized_cmh,46,400,0.45,499,0.002,1
hidden_orthogonal,complete_fibre_lr,46,400,0.45,499,0.002,1
hidden_orthogonal,ml_residual,46,400,0.45,499,0.002,1
hidden_orthogonal,support_complete,47,400,0.45,499,0.002,1
hidden_orthogonal,generalized_cmh,47,400,0.45,499,0.002,1
hidden_orthogonal,complete_fibre_lr,47,400,0.45,499,0.002,1
hidden_orthogonal,ml_residual,47,400,0.45,499,0.002,1
hidden_orthogonal,support_complete,48,400,0.45,499,0.002,1
hidden_orthogonal,generalized_cmh,48,400,0.45,499,0.002,1
hidden_orthogonal,complete_fibre_lr,48,400,0.45,499,0.002,1
hidden_orthogonal,ml_residual,48,400,0.45,499,0.002,1
hidden_orthogonal,support_complete,49,400,0.45,499,0.002,1
hidden_orthogonal,generalized_cmh,49,400,0.45,499,0.002,1
hidden_orthogonal,complete_fibre_lr,49,400,0.45,499,0.002,1
hidden_orthogonal,ml_residual,49,400,0.45,499,0.002,1
hidden_orthogonal,support_complete,50,400,0.45,499,0.002,1
hidden_orthogonal,generalized_cmh,50,400,0.45,499,0.002,1
hidden_orthogonal,complete_fibre_lr,50,400,0.45,499,0.002,1
hidden_orthogonal,ml_residual,50,400,0.45,499,0.004,1
hidden_orthogonal,support_complete,51,400,0.45,499,0.002,1
hidden_orthogonal,generalized_cmh,51,400,0.45,499,0.002,1
hidden_orthogonal,complete_fibre_lr,51,400,0.45,499,0.002,1
hidden_orthogonal,ml_residual,51,400,0.45,499,0.002,1
hidden_orthogonal,support_complete,52,400,0.45,499,0.002,1
hidden_orthogonal,generalized_cmh,52,400,0.45,499,0.002,1
hidden_orthogonal,complete_fibre_lr,52,400,0.45,499,0.002,1
hidden_orthogonal,ml_residual,52,400,0.45,499,0.002,1
hidden_orthogonal,support_complete,53,400,0.45,499,0.002,1
hidden_orthogonal,generalized_cmh,53,400,0.45,499,0.002,1
hidden_orthogonal,complete_fibre_lr,53,400,0.45,499,0.002,1
hidden_orthogonal,ml_residual,53,400,0.45,499,0.002,1
hidden_orthogonal,support_complete,54,400,0.45,499,0.002,1
hidden_orthogonal,generalized_cmh,54,400,0.45,499,0.002,1
hidden_orthogonal,complete_fibre_lr,54,400,0.45,499,0.002,1
hidden_orthogonal,ml_residual,54,400,0.45,499,0.002,1
hidden_orthogonal,support_complete,55,400,0.45,499,0.002,1
hidden_orthogonal,generalized_cmh,55,400,0.45,499,0.002,1
hidden_orthogonal,complete_fibre_lr,55,400,0.45,499,0.002,1
hidden_orthogonal,ml_residual,55,400,0.45,499,0.002,1
hidden_orthogonal,support_complete,56,400,0.45,499,0.002,1
hidden_orthogonal,generalized_cmh,56,400,0.45,499,0.002,1
hidden_orthogonal,complete_fibre_lr,56,400,0.45,499,0.002,1
hidden_orthogonal,ml_residual,56,400,0.45,499,0.002,1
hidden_orthogonal,support_complete,57,400,0.45,499,0.002,1
hidden_orthogonal,generalized_cmh,57,400,0.45,499,0.002,1
hidden_orthogonal,complete_fibre_lr,57,400,0.45,499,0.002,1
hidden_orthogonal,ml_residual,57,400,0.45,499,0.002,1
hidden_orthogonal,support_complete,58,400,0.45,499,0.002,1
hidden_orthogonal,generalized_cmh,58,400,0.45,499,0.002,1
hidden_orthogonal,complete_fibre_lr,58,400,0.45,499,0.002,1
hidden_orthogonal,ml_residual,58,400,0.45,499,0.002,1
hidden_orthogonal,support_complete,59,400,0.45,499,0.002,1
hidden_orthogonal,generalized_cmh,59,400,0.45,499,0.002,1
hidden_orthogonal,complete_fibre_lr,59,400,0.45,499,0.002,1
hidden_orthogonal,ml_residual,59,400,0.45,499,0.006,1
hidden_orthogonal,support_complete,60,400,0.45,499,0.002,1
hidden_orthogonal,generalized_cmh,60,400,0.45,499,0.002,1
hidden_orthogonal,complete_fibre_lr,60,400,0.45,499,0.002,1
hidden_orthogonal,ml_residual,60,400,0.45,499,0.002,1
hidden_orthogonal,support_complete,61,400,0.45,499,0.002,1
hidden_orthogonal,generalized_cmh,61,400,0.45,499,0.002,1
hidden_orthogonal,complete_fibre_lr,61,400,0.45,499,0.002,1
hidden_orthogonal,ml_residual,61,400,0.45,499,0.002,1
hidden_orthogonal,support_complete,62,400,0.45,499,0.002,1
hidden_orthogonal,generalized_cmh,62,400,0.45,499,0.002,1
hidden_orthogonal,complete_fibre_lr,62,400,0.45,499,0.002,1
hidden_orthogonal,ml_residual,62,400,0.45,499,0.002,1
hidden_orthogonal,support_complete,63,400,0.45,499,0.002,1
hidden_orthogonal,generalized_cmh,63,400,0.45,499,0.002,1
hidden_orthogonal,complete_fibre_lr,63,400,0.45,499,0.002,1
hidden_orthogonal,ml_residual,63,400,0.45,499,0.002,1
hidden_orthogonal,support_complete,64,400,0.45,499,0.002,1
hidden_orthogonal,generalized_cmh,64,400,0.45,499,0.002,1
hidden_orthogonal,complete_fibre_lr,64,400,0.45,499,0.002,1
hidden_orthogonal,ml_residual,64,400,0.45,499,0.002,1
hidden_orthogonal,support_complete,65,400,0.45,499,0.002,1
hidden_orthogonal,generalized_cmh,65,400,0.45,499,0.002,1
hidden_orthogonal,complete_fibre_lr,65,400,0.45,499,0.002,1
hidden_orthogonal,ml_residual,65,400,0.45,499,0.004,1
hidden_orthogonal,support_complete,66,400,0.45,499,0.002,1
hidden_orthogonal,generalized_cmh,66,400,0.45,499,0.002,1
hidden_orthogonal,complete_fibre_lr,66,400,0.45,499,0.002,1
hidden_orthogonal,ml_residual,66,400,0.45,499,0.002,1
hidden_orthogonal,support_complete,67,400,0.45,499,0.002,1
hidden_orthogonal,generalized_cmh,67,400,0.45,499,0.002,1
hidden_orthogonal,complete_fibre_lr,67,400,0.45,499,0.002,1
hidden_orthogonal,ml_residual,67,400,0.45,499,0.002,1
hidden_orthogonal,support_complete,68,400,0.45,499,0.002,1
hidden_orthogonal,generalized_cmh,68,400,0.45,499,0.002,1
hidden_orthogonal,complete_fibre_lr,68,400,0.45,499,0.002,1
hidden_orthogonal,ml_residual,68,400,0.45,499,0.002,1
hidden_orthogonal,support_complete,69,400,0.45,499,0.002,1
hidden_orthogonal,generalized_cmh,69,400,0.45,499,0.002,1
hidden_orthogonal,complete_fibre_lr,69,400,0.45,499,0.002,1
hidden_orthogonal,ml_residual,69,400,0.45,499,0.002,1
hidden_orthogonal,support_complete,70,400,0.45,499,0.002,1
hidden_orthogonal,generalized_cmh,70,400,0.45,499,0.002,1
hidden_orthogonal,complete_fibre_lr,70,400,0.45,499,0.002,1
hidden_orthogonal,ml_residual,70,400,0.45,499,0.016,1
hidden_orthogonal,support_complete,71,400,0.45,499,0.002,1
hidden_orthogonal,generalized_cmh,71,400,0.45,499,0.002,1
hidden_orthogonal,complete_fibre_lr,71,400,0.45,499,0.002,1
hidden_orthogonal,ml_residual,71,400,0.45,499,0.002,1
hidden_orthogonal,support_complete,72,400,0.45,499,0.002,1
hidden_orthogonal,generalized_cmh,72,400,0.45,499,0.002,1
hidden_orthogonal,complete_fibre_lr,72,400,0.45,499,0.002,1
hidden_orthogonal,ml_residual,72,400,0.45,499,0.002,1
hidden_orthogonal,support_complete,73,400,0.45,499,0.002,1
hidden_orthogonal,generalized_cmh,73,400,0.45,499,0.002,1
hidden_orthogonal,complete_fibre_lr,73,400,0.45,499,0.002,1
hidden_orthogonal,ml_residual,73,400,0.45,499,0.002,1
hidden_orthogonal,support_complete,74,400,0.45,499,0.002,1
hidden_orthogonal,generalized_cmh,74,400,0.45,499,0.002,1
hidden_orthogonal,complete_fibre_lr,74,400,0.45,499,0.002,1
hidden_orthogonal,ml_residual,74,400,0.45,499,0.002,1
hidden_orthogonal,support_complete,75,400,0.45,499,0.002,1
hidden_orthogonal,generalized_cmh,75,400,0.45,499,0.002,1
hidden_orthogonal,complete_fibre_lr,75,400,0.45,499,0.002,1
hidden_orthogonal,ml_residual,75,400,0.45,499,0.002,1
hidden_orthogonal,support_complete,76,400,0.45,499,0.002,1
hidden_orthogonal,generalized_cmh,76,400,0.45,499,0.002,1
hidden_orthogonal,complete_fibre_lr,76,400,0.45,499,0.002,1
hidden_orthogonal,ml_residual,76,400,0.45,499,0.002,1
hidden_orthogonal,support_complete,77,400,0.45,499,0.002,1
hidden_orthogonal,generalized_cmh,77,400,0.45,499,0.002,1
hidden_orthogonal,complete_fibre_lr,77,400,0.45,499,0.002,1
hidden_orthogonal,ml_residual,77,400,0.45,499,0.002,1
hidden_orthogonal,support_complete,78,400,0.45,499,0.002,1
hidden_orthogonal,generalized_cmh,78,400,0.45,499,0.002,1
hidden_orthogonal,complete_fibre_lr,78,400,0.45,499,0.002,1
hidden_orthogonal,ml_residual,78,400,0.45,499,0.002,1
hidden_orthogonal,support_complete,79,400,0.45,499,0.002,1
hidden_orthogonal,generalized_cmh,79,400,0.45,499,0.002,1
hidden_orthogonal,complete_fibre_lr,79,400,0.45,499,0.002,1
hidden_orthogonal,ml_residual,79,400,0.45,499,0.002,1
hidden_orthogonal,support_complete,80,400,0.45,499,0.002,1
hidden_orthogonal,generalized_cmh,80,400,0.45,499,0.002,1
hidden_orthogonal,complete_fibre_lr,80,400,0.45,499,0.002,1
hidden_orthogonal,ml_residual,80,400,0.45,499,0.002,1
hidden_orthogonal,support_complete,81,400,0.45,499,0.002,1
hidden_orthogonal,generalized_cmh,81,400,0.45,499,0.002,1
hidden_orthogonal,complete_fibre_lr,81,400,0.45,499,0.002,1
hidden_orthogonal,ml_residual,81,400,0.45,499,0.002,1
hidden_orthogonal,support_complete,82,400,0.45,499,0.002,1
hidden_orthogonal,generalized_cmh,82,400,0.45,499,0.002,1
hidden_orthogonal,complete_fibre_lr,82,400,0.45,499,0.002,1
hidden_orthogonal,ml_residual,82,400,0.45,499,0.002,1
hidden_orthogonal,support_complete,83,400,0.45,499,0.002,1
hidden_orthogonal,generalized_cmh,83,400,0.45,499,0.002,1
hidden_orthogonal,complete_fibre_lr,83,400,0.45,499,0.002,1
hidden_orthogonal,ml_residual,83,400,0.45,499,0.002,1
hidden_orthogonal,support_complete,84,400,0.45,499,0.002,1
hidden_orthogonal,generalized_cmh,84,400,0.45,499,0.002,1
hidden_orthogonal,complete_fibre_lr,84,400,0.45,499,0.002,1
hidden_orthogonal,ml_residual,84,400,0.45,499,0.004,1
hidden_orthogonal,support_complete,85,400,0.45,499,0.002,1
hidden_orthogonal,generalized_cmh,85,400,0.45,499,0.002,1
hidden_orthogonal,complete_fibre_lr,85,400,0.45,499,0.002,1
hidden_orthogonal,ml_residual,85,400,0.45,499,0.004,1
hidden_orthogonal,support_complete,86,400,0.45,499,0.002,1
hidden_orthogonal,generalized_cmh,86,400,0.45,499,0.002,1
hidden_orthogonal,complete_fibre_lr,86,400,0.45,499,0.002,1
hidden_orthogonal,ml_residual,86,400,0.45,499,0.002,1
hidden_orthogonal,support_complete,87,400,0.45,499,0.002,1
hidden_orthogonal,generalized_cmh,87,400,0.45,499,0.002,1
hidden_orthogonal,complete_fibre_lr,87,400,0.45,499,0.002,1
hidden_orthogonal,ml_residual,87,400,0.45,499,0.002,1
hidden_orthogonal,support_complete,88,400,0.45,499,0.002,1
hidden_orthogonal,generalized_cmh,88,400,0.45,499,0.002,1
hidden_orthogonal,complete_fibre_lr,88,400,0.45,499,0.002,1
hidden_orthogonal,ml_residual,88,400,0.45,499,0.002,1
hidden_orthogonal,support_complete,89,400,0.45,499,0.002,1
hidden_orthogonal,generalized_cmh,89,400,0.45,499,0.002,1
hidden_orthogonal,complete_fibre_lr,89,400,0.45,499,0.002,1
hidden_orthogonal,ml_residual,89,400,0.45,499,0.002,1
hidden_orthogonal,support_complete,90,400,0.45,499,0.002,1
hidden_orthogonal,generalized_cmh,90,400,0.45,499,0.002,1
hidden_orthogonal,complete_fibre_lr,90,400,0.45,499,0.002,1
hidden_orthogonal,ml_residual,90,400,0.45,499,0.002,1
hidden_orthogonal,support_complete,91,400,0.45,499,0.002,1
hidden_orthogonal,generalized_cmh,91,400,0.45,499,0.002,1
hidden_orthogonal,complete_fibre_lr,91,400,0.45,499,0.002,1
hidden_orthogonal,ml_residual,91,400,0.45,499,0.002,1
hidden_orthogonal,support_complete,92,400,0.45,499,0.002,1
hidden_orthogonal,generalized_cmh,92,400,0.45,499,0.002,1
hidden_orthogonal,complete_fibre_lr,92,400,0.45,499,0.002,1
hidden_orthogonal,ml_residual,92,400,0.45,499,0.004,1
hidden_orthogonal,support_complete,93,400,0.45,499,0.002,1
hidden_orthogonal,generalized_cmh,93,400,0.45,499,0.002,1
hidden_orthogonal,complete_fibre_lr,93,400,0.45,499,0.002,1
hidden_orthogonal,ml_residual,93,400,0.45,499,0.002,1
hidden_orthogonal,support_complete,94,400,0.45,499,0.002,1
hidden_orthogonal,generalized_cmh,94,400,0.45,499,0.002,1
hidden_orthogonal,complete_fibre_lr,94,400,0.45,499,0.002,1
hidden_orthogonal,ml_residual,94,400,0.45,499,0.002,1
hidden_orthogonal,support_complete,95,400,0.45,499,0.002,1
hidden_orthogonal,generalized_cmh,95,400,0.45,499,0.002,1
hidden_orthogonal,complete_fibre_lr,95,400,0.45,499,0.002,1
hidden_orthogonal,ml_residual,95,400,0.45,499,0.002,1
hidden_orthogonal,support_complete,96,400,0.45,499,0.002,1
hidden_orthogonal,generalized_cmh,96,400,0.45,499,0.002,1
hidden_orthogonal,complete_fibre_lr,96,400,0.45,499,0.002,1
hidden_orthogonal,ml_residual,96,400,0.45,499,0.002,1
hidden_orthogonal,support_complete,97,400,0.45,499,0.002,1
hidden_orthogonal,generalized_cmh,97,400,0.45,499,0.002,1
hidden_orthogonal,complete_fibre_lr,97,400,0.45,499,0.002,1
hidden_orthogonal,ml_residual,97,400,0.45,499,0.002,1
hidden_orthogonal,support_complete,98,400,0.45,499,0.002,1
hidden_orthogonal,generalized_cmh,98,400,0.45,499,0.002,1
hidden_orthogonal,complete_fibre_lr,98,400,0.45,499,0.002,1
hidden_orthogonal,ml_residual,98,400,0.45,499,0.002,1
hidden_orthogonal,support_complete,99,400,0.45,499,0.002,1
hidden_orthogonal,generalized_cmh,99,400,0.45,499,0.002,1
hidden_orthogonal,complete_fibre_lr,99,400,0.45,499,0.002,1
hidden_orthogonal,ml_residual,99,400,0.45,499,0.002,1
hidden_orthogonal,support_complete,100,400,0.45,499,0.002,1
hidden_orthogonal,generalized_cmh,100,400,0.45,499,0.002,1
hidden_orthogonal,complete_fibre_lr,100,400,0.45,499,0.002,1
hidden_orthogonal,ml_residual,100,400,0.45,499,0.002,1
hidden_orthogonal,support_complete,101,400,0.45,499,0.002,1
hidden_orthogonal,generalized_cmh,101,400,0.45,499,0.002,1
hidden_orthogonal,complete_fibre_lr,101,400,0.45,499,0.002,1
hidden_orthogonal,ml_residual,101,400,0.45,499,0.002,1
hidden_orthogonal,support_complete,102,400,0.45,499,0.002,1
hidden_orthogonal,generalized_cmh,102,400,0.45,499,0.002,1
hidden_orthogonal,complete_fibre_lr,102,400,0.45,499,0.002,1
hidden_orthogonal,ml_residual,102,400,0.45,499,0.002,1
hidden_orthogonal,support_complete,103,400,0.45,499,0.002,1
hidden_orthogonal,generalized_cmh,103,400,0.45,499,0.002,1
hidden_orthogonal,complete_fibre_lr,103,400,0.45,499,0.002,1
hidden_orthogonal,ml_residual,103,400,0.45,499,0.004,1
hidden_orthogonal,support_complete,104,400,0.45,499,0.002,1
hidden_orthogonal,generalized_cmh,104,400,0.45,499,0.002,1
hidden_orthogonal,complete_fibre_lr,104,400,0.45,499,0.002,1
hidden_orthogonal,ml_residual,104,400,0.45,499,0.002,1
hidden_orthogonal,support_complete,105,400,0.45,499,0.002,1
hidden_orthogonal,generalized_cmh,105,400,0.45,499,0.002,1
hidden_orthogonal,complete_fibre_lr,105,400,0.45,499,0.002,1
hidden_orthogonal,ml_residual,105,400,0.45,499,0.002,1
hidden_orthogonal,support_complete,106,400,0.45,499,0.002,1
hidden_orthogonal,generalized_cmh,106,400,0.45,499,0.002,1
hidden_orthogonal,complete_fibre_lr,106,400,0.45,499,0.002,1
hidden_orthogonal,ml_residual,106,400,0.45,499,0.002,1
hidden_orthogonal,support_complete,107,400,0.45,499,0.002,1
hidden_orthogonal,generalized_cmh,107,400,0.45,499,0.002,1
hidden_orthogonal,complete_fibre_lr,107,400,0.45,499,0.002,1
hidden_orthogonal,ml_residual,107,400,0.45,499,0.002,1
hidden_orthogonal,support_complete,108,400,0.45,499,0.002,1
hidden_orthogonal,generalized_cmh,108,400,0.45,499,0.002,1
hidden_orthogonal,complete_fibre_lr,108,400,0.45,499,0.002,1
hidden_orthogonal,ml_residual,108,400,0.45,499,0.002,1
hidden_orthogonal,support_complete,109,400,0.45,499,0.002,1
hidden_orthogonal,generalized_cmh,109,400,0.45,499,0.002,1
hidden_orthogonal,complete_fibre_lr,109,400,0.45,499,0.002,1
hidden_orthogonal,ml_residual,109,400,0.45,499,0.002,1
hidden_orthogonal,support_complete,110,400,0.45,499,0.002,1
hidden_orthogonal,generalized_cmh,110,400,0.45,499,0.002,1
hidden_orthogonal,complete_fibre_lr,110,400,0.45,499,0.002,1
hidden_orthogonal,ml_residual,110,400,0.45,499,0.002,1
hidden_orthogonal,support_complete,111,400,0.45,499,0.002,1
hidden_orthogonal,generalized_cmh,111,400,0.45,499,0.002,1
hidden_orthogonal,complete_fibre_lr,111,400,0.45,499,0.002,1
hidden_orthogonal,ml_residual,111,400,0.45,499,0.002,1
hidden_orthogonal,support_complete,112,400,0.45,499,0.002,1
hidden_orthogonal,generalized_cmh,112,400,0.45,499,0.002,1
hidden_orthogonal,complete_fibre_lr,112,400,0.45,499,0.002,1
hidden_orthogonal,ml_residual,112,400,0.45,499,0.002,1
hidden_orthogonal,support_complete,113,400,0.45,499,0.002,1
hidden_orthogonal,generalized_cmh,113,400,0.45,499,0.002,1
hidden_orthogonal,complete_fibre_lr,113,400,0.45,499,0.002,1
hidden_orthogonal,ml_residual,113,400,0.45,499,0.002,1
hidden_orthogonal,support_complete,114,400,0.45,499,0.002,1
hidden_orthogonal,generalized_cmh,114,400,0.45,499,0.002,1
hidden_orthogonal,complete_fibre_lr,114,400,0.45,499,0.002,1
hidden_orthogonal,ml_residual,114,400,0.45,499,0.002,1
hidden_orthogonal,support_complete,115,400,0.45,499,0.002,1
hidden_orthogonal,generalized_cmh,115,400,0.45,499,0.002,1
hidden_orthogonal,complete_fibre_lr,115,400,0.45,499,0.002,1
hidden_orthogonal,ml_residual,115,400,0.45,499,0.002,1
hidden_orthogonal,support_complete,116,400,0.45,499,0.002,1
hidden_orthogonal,generalized_cmh,116,400,0.45,499,0.002,1
hidden_orthogonal,complete_fibre_lr,116,400,0.45,499,0.002,1
hidden_orthogonal,ml_residual,116,400,0.45,499,0.002,1
hidden_orthogonal,support_complete,117,400,0.45,499,0.002,1
hidden_orthogonal,generalized_cmh,117,400,0.45,499,0.002,1
hidden_orthogonal,complete_fibre_lr,117,400,0.45,499,0.002,1
hidden_orthogonal,ml_residual,117,400,0.45,499,0.022,1
hidden_orthogonal,support_complete,118,400,0.45,499,0.002,1
hidden_orthogonal,generalized_cmh,118,400,0.45,499,0.002,1
hidden_orthogonal,complete_fibre_lr,118,400,0.45,499,0.002,1
hidden_orthogonal,ml_residual,118,400,0.45,499,0.002,1
hidden_orthogonal,support_complete,119,400,0.45,499,0.002,1
hidden_orthogonal,generalized_cmh,119,400,0.45,499,0.002,1
hidden_orthogonal,complete_fibre_lr,119,400,0.45,499,0.002,1
hidden_orthogonal,ml_residual,119,400,0.45,499,0.002,1
hidden_orthogonal,support_complete,120,400,0.45,499,0.002,1
hidden_orthogonal,generalized_cmh,120,400,0.45,499,0.002,1
hidden_orthogonal,complete_fibre_lr,120,400,0.45,499,0.002,1
hidden_orthogonal,ml_residual,120,400,0.45,499,0.002,1
hidden_orthogonal,support_complete,121,400,0.45,499,0.002,1
hidden_orthogonal,generalized_cmh,121,400,0.45,499,0.002,1
hidden_orthogonal,complete_fibre_lr,121,400,0.45,499,0.002,1
hidden_orthogonal,ml_residual,121,400,0.45,499,0.002,1
hidden_orthogonal,support_complete,122,400,0.45,499,0.002,1
hidden_orthogonal,generalized_cmh,122,400,0.45,499,0.002,1
hidden_orthogonal,complete_fibre_lr,122,400,0.45,499,0.002,1
hidden_orthogonal,ml_residual,122,400,0.45,499,0.002,1
hidden_orthogonal,support_complete,123,400,0.45,499,0.002,1
hidden_orthogonal,generalized_cmh,123,400,0.45,499,0.002,1
hidden_orthogonal,complete_fibre_lr,123,400,0.45,499,0.002,1
hidden_orthogonal,ml_residual,123,400,0.45,499,0.002,1
hidden_orthogonal,support_complete,124,400,0.45,499,0.002,1
hidden_orthogonal,generalized_cmh,124,400,0.45,499,0.002,1
hidden_orthogonal,complete_fibre_lr,124,400,0.45,499,0.002,1
hidden_orthogonal,ml_residual,124,400,0.45,499,0.002,1
hidden_orthogonal,support_complete,125,400,0.45,499,0.002,1
hidden_orthogonal,generalized_cmh,125,400,0.45,499,0.002,1
hidden_orthogonal,complete_fibre_lr,125,400,0.45,499,0.002,1
hidden_orthogonal,ml_residual,125,400,0.45,499,0.004,1
hidden_orthogonal,support_complete,126,400,0.45,499,0.002,1
hidden_orthogonal,generalized_cmh,126,400,0.45,499,0.002,1
hidden_orthogonal,complete_fibre_lr,126,400,0.45,499,0.002,1
hidden_orthogonal,ml_residual,126,400,0.45,499,0.002,1
hidden_orthogonal,support_complete,127,400,0.45,499,0.002,1
hidden_orthogonal,generalized_cmh,127,400,0.45,499,0.002,1
hidden_orthogonal,complete_fibre_lr,127,400,0.45,499,0.002,1
hidden_orthogonal,ml_residual,127,400,0.45,499,0.004,1
hidden_orthogonal,support_complete,128,400,0.45,499,0.002,1
hidden_orthogonal,generalized_cmh,128,400,0.45,499,0.002,1
hidden_orthogonal,complete_fibre_lr,128,400,0.45,499,0.002,1
hidden_orthogonal,ml_residual,128,400,0.45,499,0.002,1
hidden_orthogonal,support_complete,129,400,0.45,499,0.002,1
hidden_orthogonal,generalized_cmh,129,400,0.45,499,0.002,1
hidden_orthogonal,complete_fibre_lr,129,400,0.45,499,0.002,1
hidden_orthogonal,ml_residual,129,400,0.45,499,0.002,1
hidden_orthogonal,support_complete,130,400,0.45,499,0.002,1
hidden_orthogonal,generalized_cmh,130,400,0.45,499,0.002,1
hidden_orthogonal,complete_fibre_lr,130,400,0.45,499,0.002,1
hidden_orthogonal,ml_residual,130,400,0.45,499,0.002,1
hidden_orthogonal,support_complete,131,400,0.45,499,0.002,1
hidden_orthogonal,generalized_cmh,131,400,0.45,499,0.002,1
hidden_orthogonal,complete_fibre_lr,131,400,0.45,499,0.002,1
hidden_orthogonal,ml_residual,131,400,0.45,499,0.002,1
hidden_orthogonal,support_complete,132,400,0.45,499,0.002,1
hidden_orthogonal,generalized_cmh,132,400,0.45,499,0.002,1
hidden_orthogonal,complete_fibre_lr,132,400,0.45,499,0.002,1
hidden_orthogonal,ml_residual,132,400,0.45,499,0.002,1
hidden_orthogonal,support_complete,133,400,0.45,499,0.002,1
hidden_orthogonal,generalized_cmh,133,400,0.45,499,0.002,1
hidden_orthogonal,complete_fibre_lr,133,400,0.45,499,0.002,1
hidden_orthogonal,ml_residual,133,400,0.45,499,0.002,1
hidden_orthogonal,support_complete,134,400,0.45,499,0.002,1
hidden_orthogonal,generalized_cmh,134,400,0.45,499,0.002,1
hidden_orthogonal,complete_fibre_lr,134,400,0.45,499,0.002,1
hidden_orthogonal,ml_residual,134,400,0.45,499,0.002,1
hidden_orthogonal,support_complete,135,400,0.45,499,0.002,1
hidden_orthogonal,generalized_cmh,135,400,0.45,499,0.002,1
hidden_orthogonal,complete_fibre_lr,135,400,0.45,499,0.002,1
hidden_orthogonal,ml_residual,135,400,0.45,499,0.002,1
hidden_orthogonal,support_complete,136,400,0.45,499,0.002,1
hidden_orthogonal,generalized_cmh,136,400,0.45,499,0.002,1
hidden_orthogonal,complete_fibre_lr,136,400,0.45,499,0.002,1
hidden_orthogonal,ml_residual,136,400,0.45,499,0.002,1
hidden_orthogonal,support_complete,137,400,0.45,499,0.002,1
hidden_orthogonal,generalized_cmh,137,400,0.45,499,0.002,1
hidden_orthogonal,complete_fibre_lr,137,400,0.45,499,0.002,1
hidden_orthogonal,ml_residual,137,400,0.45,499,0.002,1
hidden_orthogonal,support_complete,138,400,0.45,499,0.002,1
hidden_orthogonal,generalized_cmh,138,400,0.45,499,0.002,1
hidden_orthogonal,complete_fibre_lr,138,400,0.45,499,0.002,1
hidden_orthogonal,ml_residual,138,400,0.45,499,0.002,1
hidden_orthogonal,support_complete,139,400,0.45,499,0.002,1
hidden_orthogonal,generalized_cmh,139,400,0.45,499,0.002,1
hidden_orthogonal,complete_fibre_lr,139,400,0.45,499,0.002,1
hidden_orthogonal,ml_residual,139,400,0.45,499,0.002,1
hidden_orthogonal,support_complete,140,400,0.45,499,0.002,1
hidden_orthogonal,generalized_cmh,140,400,0.45,499,0.002,1
hidden_orthogonal,complete_fibre_lr,140,400,0.45,499,0.002,1
hidden_orthogonal,ml_residual,140,400,0.45,499,0.002,1
hidden_orthogonal,support_complete,141,400,0.45,499,0.002,1
hidden_orthogonal,generalized_cmh,141,400,0.45,499,0.002,1
hidden_orthogonal,complete_fibre_lr,141,400,0.45,499,0.002,1
hidden_orthogonal,ml_residual,141,400,0.45,499,0.002,1
hidden_orthogonal,support_complete,142,400,0.45,499,0.002,1
hidden_orthogonal,generalized_cmh,142,400,0.45,499,0.002,1
hidden_orthogonal,complete_fibre_lr,142,400,0.45,499,0.002,1
hidden_orthogonal,ml_residual,142,400,0.45,499,0.002,1
hidden_orthogonal,support_complete,143,400,0.45,499,0.002,1
hidden_orthogonal,generalized_cmh,143,400,0.45,499,0.002,1
hidden_orthogonal,complete_fibre_lr,143,400,0.45,499,0.002,1
hidden_orthogonal,ml_residual,143,400,0.45,499,0.002,1
hidden_orthogonal,support_complete,144,400,0.45,499,0.002,1
hidden_orthogonal,generalized_cmh,144,400,0.45,499,0.002,1
hidden_orthogonal,complete_fibre_lr,144,400,0.45,499,0.002,1
hidden_orthogonal,ml_residual,144,400,0.45,499,0.002,1
hidden_orthogonal,support_complete,145,400,0.45,499,0.002,1
hidden_orthogonal,generalized_cmh,145,400,0.45,499,0.002,1
hidden_orthogonal,complete_fibre_lr,145,400,0.45,499,0.002,1
hidden_orthogonal,ml_residual,145,400,0.45,499,0.002,1
hidden_orthogonal,support_complete,146,400,0.45,499,0.002,1
hidden_orthogonal,generalized_cmh,146,400,0.45,499,0.002,1
hidden_orthogonal,complete_fibre_lr,146,400,0.45,499,0.002,1
hidden_orthogonal,ml_residual,146,400,0.45,499,0.002,1
hidden_orthogonal,support_complete,147,400,0.45,499,0.002,1
hidden_orthogonal,generalized_cmh,147,400,0.45,499,0.002,1
hidden_orthogonal,complete_fibre_lr,147,400,0.45,499,0.002,1
hidden_orthogonal,ml_residual,147,400,0.45,499,0.004,1
hidden_orthogonal,support_complete,148,400,0.45,499,0.002,1
hidden_orthogonal,generalized_cmh,148,400,0.45,499,0.002,1
hidden_orthogonal,complete_fibre_lr,148,400,0.45,499,0.002,1
hidden_orthogonal,ml_residual,148,400,0.45,499,0.002,1
hidden_orthogonal,support_complete,149,400,0.45,499,0.002,1
hidden_orthogonal,generalized_cmh,149,400,0.45,499,0.002,1
hidden_orthogonal,complete_fibre_lr,149,400,0.45,499,0.002,1
hidden_orthogonal,ml_residual,149,400,0.45,499,0.002,1
hidden_orthogonal,support_complete,150,400,0.45,499,0.002,1
hidden_orthogonal,generalized_cmh,150,400,0.45,499,0.002,1
hidden_orthogonal,complete_fibre_lr,150,400,0.45,499,0.002,1
hidden_orthogonal,ml_residual,150,400,0.45,499,0.002,1
hidden_orthogonal,support_complete,151,400,0.45,499,0.002,1
hidden_orthogonal,generalized_cmh,151,400,0.45,499,0.002,1
hidden_orthogonal,complete_fibre_lr,151,400,0.45,499,0.002,1
hidden_orthogonal,ml_residual,151,400,0.45,499,0.002,1
hidden_orthogonal,support_complete,152,400,0.45,499,0.002,1
hidden_orthogonal,generalized_cmh,152,400,0.45,499,0.002,1
hidden_orthogonal,complete_fibre_lr,152,400,0.45,499,0.002,1
hidden_orthogonal,ml_residual,152,400,0.45,499,0.002,1
hidden_orthogonal,support_complete,153,400,0.45,499,0.002,1
hidden_orthogonal,generalized_cmh,153,400,0.45,499,0.002,1
hidden_orthogonal,complete_fibre_lr,153,400,0.45,499,0.002,1
hidden_orthogonal,ml_residual,153,400,0.45,499,0.002,1
hidden_orthogonal,support_complete,154,400,0.45,499,0.002,1
hidden_orthogonal,generalized_cmh,154,400,0.45,499,0.002,1
hidden_orthogonal,complete_fibre_lr,154,400,0.45,499,0.002,1
hidden_orthogonal,ml_residual,154,400,0.45,499,0.002,1
hidden_orthogonal,support_complete,155,400,0.45,499,0.002,1
hidden_orthogonal,generalized_cmh,155,400,0.45,499,0.002,1
hidden_orthogonal,complete_fibre_lr,155,400,0.45,499,0.002,1
hidden_orthogonal,ml_residual,155,400,0.45,499,0.002,1
hidden_orthogonal,support_complete,156,400,0.45,499,0.002,1
hidden_orthogonal,generalized_cmh,156,400,0.45,499,0.002,1
hidden_orthogonal,complete_fibre_lr,156,400,0.45,499,0.002,1
hidden_orthogonal,ml_residual,156,400,0.45,499,0.002,1
hidden_orthogonal,support_complete,157,400,0.45,499,0.002,1
hidden_orthogonal,generalized_cmh,157,400,0.45,499,0.002,1
hidden_orthogonal,complete_fibre_lr,157,400,0.45,499,0.002,1
hidden_orthogonal,ml_residual,157,400,0.45,499,0.002,1
hidden_orthogonal,support_complete,158,400,0.45,499,0.002,1
hidden_orthogonal,generalized_cmh,158,400,0.45,499,0.002,1
hidden_orthogonal,complete_fibre_lr,158,400,0.45,499,0.002,1
hidden_orthogonal,ml_residual,158,400,0.45,499,0.002,1
hidden_orthogonal,support_complete,159,400,0.45,499,0.002,1
hidden_orthogonal,generalized_cmh,159,400,0.45,499,0.002,1
hidden_orthogonal,complete_fibre_lr,159,400,0.45,499,0.002,1
hidden_orthogonal,ml_residual,159,400,0.45,499,0.008,1
hidden_orthogonal,support_complete,160,400,0.45,499,0.002,1
hidden_orthogonal,generalized_cmh,160,400,0.45,499,0.002,1
hidden_orthogonal,complete_fibre_lr,160,400,0.45,499,0.002,1
hidden_orthogonal,ml_residual,160,400,0.45,499,0.002,1
hidden_orthogonal,support_complete,161,400,0.45,499,0.002,1
hidden_orthogonal,generalized_cmh,161,400,0.45,499,0.002,1
hidden_orthogonal,complete_fibre_lr,161,400,0.45,499,0.002,1
hidden_orthogonal,ml_residual,161,400,0.45,499,0.002,1
hidden_orthogonal,support_complete,162,400,0.45,499,0.002,1
hidden_orthogonal,generalized_cmh,162,400,0.45,499,0.002,1
hidden_orthogonal,complete_fibre_lr,162,400,0.45,499,0.002,1
hidden_orthogonal,ml_residual,162,400,0.45,499,0.002,1
hidden_orthogonal,support_complete,163,400,0.45,499,0.002,1
hidden_orthogonal,generalized_cmh,163,400,0.45,499,0.002,1
hidden_orthogonal,complete_fibre_lr,163,400,0.45,499,0.002,1
hidden_orthogonal,ml_residual,163,400,0.45,499,0.004,1
hidden_orthogonal,support_complete,164,400,0.45,499,0.002,1
hidden_orthogonal,generalized_cmh,164,400,0.45,499,0.002,1
hidden_orthogonal,complete_fibre_lr,164,400,0.45,499,0.002,1
hidden_orthogonal,ml_residual,164,400,0.45,499,0.002,1
hidden_orthogonal,support_complete,165,400,0.45,499,0.002,1
hidden_orthogonal,generalized_cmh,165,400,0.45,499,0.002,1
hidden_orthogonal,complete_fibre_lr,165,400,0.45,499,0.002,1
hidden_orthogonal,ml_residual,165,400,0.45,499,0.002,1
hidden_orthogonal,support_complete,166,400,0.45,499,0.002,1
hidden_orthogonal,generalized_cmh,166,400,0.45,499,0.002,1
hidden_orthogonal,complete_fibre_lr,166,400,0.45,499,0.002,1
hidden_orthogonal,ml_residual,166,400,0.45,499,0.002,1
hidden_orthogonal,support_complete,167,400,0.45,499,0.002,1
hidden_orthogonal,generalized_cmh,167,400,0.45,499,0.002,1
hidden_orthogonal,complete_fibre_lr,167,400,0.45,499,0.002,1
hidden_orthogonal,ml_residual,167,400,0.45,499,0.002,1
hidden_orthogonal,support_complete,168,400,0.45,499,0.002,1
hidden_orthogonal,generalized_cmh,168,400,0.45,499,0.002,1
hidden_orthogonal,complete_fibre_lr,168,400,0.45,499,0.002,1
hidden_orthogonal,ml_residual,168,400,0.45,499,0.002,1
hidden_orthogonal,support_complete,169,400,0.45,499,0.002,1
hidden_orthogonal,generalized_cmh,169,400,0.45,499,0.002,1
hidden_orthogonal,complete_fibre_lr,169,400,0.45,499,0.002,1
hidden_orthogonal,ml_residual,169,400,0.45,499,0.002,1
hidden_orthogonal,support_complete,170,400,0.45,499,0.002,1
hidden_orthogonal,generalized_cmh,170,400,0.45,499,0.002,1
hidden_orthogonal,complete_fibre_lr,170,400,0.45,499,0.002,1
hidden_orthogonal,ml_residual,170,400,0.45,499,0.002,1
hidden_orthogonal,support_complete,171,400,0.45,499,0.002,1
hidden_orthogonal,generalized_cmh,171,400,0.45,499,0.002,1
hidden_orthogonal,complete_fibre_lr,171,400,0.45,499,0.002,1
hidden_orthogonal,ml_residual,171,400,0.45,499,0.006,1
hidden_orthogonal,support_complete,172,400,0.45,499,0.002,1
hidden_orthogonal,generalized_cmh,172,400,0.45,499,0.002,1
hidden_orthogonal,complete_fibre_lr,172,400,0.45,499,0.002,1
hidden_orthogonal,ml_residual,172,400,0.45,499,0.002,1
hidden_orthogonal,support_complete,173,400,0.45,499,0.002,1
hidden_orthogonal,generalized_cmh,173,400,0.45,499,0.002,1
hidden_orthogonal,complete_fibre_lr,173,400,0.45,499,0.002,1
hidden_orthogonal,ml_residual,173,400,0.45,499,0.002,1
hidden_orthogonal,support_complete,174,400,0.45,499,0.002,1
hidden_orthogonal,generalized_cmh,174,400,0.45,499,0.002,1
hidden_orthogonal,complete_fibre_lr,174,400,0.45,499,0.002,1
hidden_orthogonal,ml_residual,174,400,0.45,499,0.004,1
hidden_orthogonal,support_complete,175,400,0.45,499,0.002,1
hidden_orthogonal,generalized_cmh,175,400,0.45,499,0.002,1
hidden_orthogonal,complete_fibre_lr,175,400,0.45,499,0.002,1
hidden_orthogonal,ml_residual,175,400,0.45,499,0.002,1
hidden_orthogonal,support_complete,176,400,0.45,499,0.002,1
hidden_orthogonal,generalized_cmh,176,400,0.45,499,0.002,1
hidden_orthogonal,complete_fibre_lr,176,400,0.45,499,0.002,1
hidden_orthogonal,ml_residual,176,400,0.45,499,0.002,1
hidden_orthogonal,support_complete,177,400,0.45,499,0.002,1
hidden_orthogonal,generalized_cmh,177,400,0.45,499,0.002,1
hidden_orthogonal,complete_fibre_lr,177,400,0.45,499,0.002,1
hidden_orthogonal,ml_residual,177,400,0.45,499,0.002,1
hidden_orthogonal,support_complete,178,400,0.45,499,0.002,1
hidden_orthogonal,generalized_cmh,178,400,0.45,499,0.002,1
hidden_orthogonal,complete_fibre_lr,178,400,0.45,499,0.002,1
hidden_orthogonal,ml_residual,178,400,0.45,499,0.002,1
hidden_orthogonal,support_complete,179,400,0.45,499,0.002,1
hidden_orthogonal,generalized_cmh,179,400,0.45,499,0.002,1
hidden_orthogonal,complete_fibre_lr,179,400,0.45,499,0.002,1
hidden_orthogonal,ml_residual,179,400,0.45,499,0.002,1
hidden_orthogonal,support_complete,180,400,0.45,499,0.002,1
hidden_orthogonal,generalized_cmh,180,400,0.45,499,0.002,1
hidden_orthogonal,complete_fibre_lr,180,400,0.45,499,0.002,1
hidden_orthogonal,ml_residual,180,400,0.45,499,0.002,1
hidden_orthogonal,support_complete,181,400,0.45,499,0.002,1
hidden_orthogonal,generalized_cmh,181,400,0.45,499,0.002,1
hidden_orthogonal,complete_fibre_lr,181,400,0.45,499,0.002,1
hidden_orthogonal,ml_residual,181,400,0.45,499,0.004,1
hidden_orthogonal,support_complete,182,400,0.45,499,0.002,1
hidden_orthogonal,generalized_cmh,182,400,0.45,499,0.002,1
hidden_orthogonal,complete_fibre_lr,182,400,0.45,499,0.002,1
hidden_orthogonal,ml_residual,182,400,0.45,499,0.006,1
hidden_orthogonal,support_complete,183,400,0.45,499,0.002,1
hidden_orthogonal,generalized_cmh,183,400,0.45,499,0.002,1
hidden_orthogonal,complete_fibre_lr,183,400,0.45,499,0.002,1
hidden_orthogonal,ml_residual,183,400,0.45,499,0.002,1
hidden_orthogonal,support_complete,184,400,0.45,499,0.002,1
hidden_orthogonal,generalized_cmh,184,400,0.45,499,0.002,1
hidden_orthogonal,complete_fibre_lr,184,400,0.45,499,0.002,1
hidden_orthogonal,ml_residual,184,400,0.45,499,0.002,1
hidden_orthogonal,support_complete,185,400,0.45,499,0.002,1
hidden_orthogonal,generalized_cmh,185,400,0.45,499,0.002,1
hidden_orthogonal,complete_fibre_lr,185,400,0.45,499,0.002,1
hidden_orthogonal,ml_residual,185,400,0.45,499,0.002,1
hidden_orthogonal,support_complete,186,400,0.45,499,0.002,1
hidden_orthogonal,generalized_cmh,186,400,0.45,499,0.002,1
hidden_orthogonal,complete_fibre_lr,186,400,0.45,499,0.002,1
hidden_orthogonal,ml_residual,186,400,0.45,499,0.002,1
hidden_orthogonal,support_complete,187,400,0.45,499,0.002,1
hidden_orthogonal,generalized_cmh,187,400,0.45,499,0.002,1
hidden_orthogonal,complete_fibre_lr,187,400,0.45,499,0.002,1
hidden_orthogonal,ml_residual,187,400,0.45,499,0.002,1
hidden_orthogonal,support_complete,188,400,0.45,499,0.002,1
hidden_orthogonal,generalized_cmh,188,400,0.45,499,0.002,1
hidden_orthogonal,complete_fibre_lr,188,400,0.45,499,0.002,1
hidden_orthogonal,ml_residual,188,400,0.45,499,0.002,1
hidden_orthogonal,support_complete,189,400,0.45,499,0.002,1
hidden_orthogonal,generalized_cmh,189,400,0.45,499,0.002,1
hidden_orthogonal,complete_fibre_lr,189,400,0.45,499,0.002,1
hidden_orthogonal,ml_residual,189,400,0.45,499,0.004,1
hidden_orthogonal,support_complete,190,400,0.45,499,0.002,1
hidden_orthogonal,generalized_cmh,190,400,0.45,499,0.002,1
hidden_orthogonal,complete_fibre_lr,190,400,0.45,499,0.002,1
hidden_orthogonal,ml_residual,190,400,0.45,499,0.002,1
hidden_orthogonal,support_complete,191,400,0.45,499,0.002,1
hidden_orthogonal,generalized_cmh,191,400,0.45,499,0.002,1
hidden_orthogonal,complete_fibre_lr,191,400,0.45,499,0.002,1
hidden_orthogonal,ml_residual,191,400,0.45,499,0.002,1
hidden_orthogonal,support_complete,192,400,0.45,499,0.002,1
hidden_orthogonal,generalized_cmh,192,400,0.45,499,0.002,1
hidden_orthogonal,complete_fibre_lr,192,400,0.45,499,0.002,1
hidden_orthogonal,ml_residual,192,400,0.45,499,0.002,1
hidden_orthogonal,support_complete,193,400,0.45,499,0.002,1
hidden_orthogonal,generalized_cmh,193,400,0.45,499,0.002,1
hidden_orthogonal,complete_fibre_lr,193,400,0.45,499,0.002,1
hidden_orthogonal,ml_residual,193,400,0.45,499,0.002,1
hidden_orthogonal,support_complete,194,400,0.45,499,0.002,1
hidden_orthogonal,generalized_cmh,194,400,0.45,499,0.002,1
hidden_orthogonal,complete_fibre_lr,194,400,0.45,499,0.002,1
hidden_orthogonal,ml_residual,194,400,0.45,499,0.002,1
hidden_orthogonal,support_complete,195,400,0.45,499,0.002,1
hidden_orthogonal,generalized_cmh,195,400,0.45,499,0.002,1
hidden_orthogonal,complete_fibre_lr,195,400,0.45,499,0.002,1
hidden_orthogonal,ml_residual,195,400,0.45,499,0.01,1
hidden_orthogonal,support_complete,196,400,0.45,499,0.002,1
hidden_orthogonal,generalized_cmh,196,400,0.45,499,0.002,1
hidden_orthogonal,complete_fibre_lr,196,400,0.45,499,0.002,1
hidden_orthogonal,ml_residual,196,400,0.45,499,0.002,1
hidden_orthogonal,support_complete,197,400,0.45,499,0.002,1
hidden_orthogonal,generalized_cmh,197,400,0.45,499,0.002,1
hidden_orthogonal,complete_fibre_lr,197,400,0.45,499,0.002,1
hidden_orthogonal,ml_residual,197,400,0.45,499,0.002,1
hidden_orthogonal,support_complete,198,400,0.45,499,0.002,1
hidden_orthogonal,generalized_cmh,198,400,0.45,499,0.002,1
hidden_orthogonal,complete_fibre_lr,198,400,0.45,499,0.002,1
hidden_orthogonal,ml_residual,198,400,0.45,499,0.004,1
hidden_orthogonal,support_complete,199,400,0.45,499,0.002,1
hidden_orthogonal,generalized_cmh,199,400,0.45,499,0.002,1
hidden_orthogonal,complete_fibre_lr,199,400,0.45,499,0.002,1
hidden_orthogonal,ml_residual,199,400,0.45,499,0.002,1
hidden_orthogonal,support_complete,200,400,0.45,499,0.002,1
hidden_orthogonal,generalized_cmh,200,400,0.45,499,0.002,1
hidden_orthogonal,complete_fibre_lr,200,400,0.45,499,0.002,1
hidden_orthogonal,ml_residual,200,400,0.45,499,0.002,1
hidden_orthogonal,support_complete,201,400,0.45,499,0.002,1
hidden_orthogonal,generalized_cmh,201,400,0.45,499,0.002,1
hidden_orthogonal,complete_fibre_lr,201,400,0.45,499,0.002,1
hidden_orthogonal,ml_residual,201,400,0.45,499,0.002,1
hidden_orthogonal,support_complete,202,400,0.45,499,0.002,1
hidden_orthogonal,generalized_cmh,202,400,0.45,499,0.002,1
hidden_orthogonal,complete_fibre_lr,202,400,0.45,499,0.002,1
hidden_orthogonal,ml_residual,202,400,0.45,499,0.002,1
hidden_orthogonal,support_complete,203,400,0.45,499,0.002,1
hidden_orthogonal,generalized_cmh,203,400,0.45,499,0.002,1
hidden_orthogonal,complete_fibre_lr,203,400,0.45,499,0.002,1
hidden_orthogonal,ml_residual,203,400,0.45,499,0.002,1
hidden_orthogonal,support_complete,204,400,0.45,499,0.002,1
hidden_orthogonal,generalized_cmh,204,400,0.45,499,0.002,1
hidden_orthogonal,complete_fibre_lr,204,400,0.45,499,0.002,1
hidden_orthogonal,ml_residual,204,400,0.45,499,0.006,1
hidden_orthogonal,support_complete,205,400,0.45,499,0.002,1
hidden_orthogonal,generalized_cmh,205,400,0.45,499,0.002,1
hidden_orthogonal,complete_fibre_lr,205,400,0.45,499,0.002,1
hidden_orthogonal,ml_residual,205,400,0.45,499,0.002,1
hidden_orthogonal,support_complete,206,400,0.45,499,0.002,1
hidden_orthogonal,generalized_cmh,206,400,0.45,499,0.002,1
hidden_orthogonal,complete_fibre_lr,206,400,0.45,499,0.002,1
hidden_orthogonal,ml_residual,206,400,0.45,499,0.002,1
hidden_orthogonal,support_complete,207,400,0.45,499,0.002,1
hidden_orthogonal,generalized_cmh,207,400,0.45,499,0.002,1
hidden_orthogonal,complete_fibre_lr,207,400,0.45,499,0.002,1
hidden_orthogonal,ml_residual,207,400,0.45,499,0.002,1
hidden_orthogonal,support_complete,208,400,0.45,499,0.002,1
hidden_orthogonal,generalized_cmh,208,400,0.45,499,0.002,1
hidden_orthogonal,complete_fibre_lr,208,400,0.45,499,0.002,1
hidden_orthogonal,ml_residual,208,400,0.45,499,0.002,1
hidden_orthogonal,support_complete,209,400,0.45,499,0.002,1
hidden_orthogonal,generalized_cmh,209,400,0.45,499,0.002,1
hidden_orthogonal,complete_fibre_lr,209,400,0.45,499,0.002,1
hidden_orthogonal,ml_residual,209,400,0.45,499,0.002,1
hidden_orthogonal,support_complete,210,400,0.45,499,0.002,1
hidden_orthogonal,generalized_cmh,210,400,0.45,499,0.002,1
hidden_orthogonal,complete_fibre_lr,210,400,0.45,499,0.002,1
hidden_orthogonal,ml_residual,210,400,0.45,499,0.002,1
hidden_orthogonal,support_complete,211,400,0.45,499,0.002,1
hidden_orthogonal,generalized_cmh,211,400,0.45,499,0.002,1
hidden_orthogonal,complete_fibre_lr,211,400,0.45,499,0.002,1
hidden_orthogonal,ml_residual,211,400,0.45,499,0.006,1
hidden_orthogonal,support_complete,212,400,0.45,499,0.002,1
hidden_orthogonal,generalized_cmh,212,400,0.45,499,0.002,1
hidden_orthogonal,complete_fibre_lr,212,400,0.45,499,0.002,1
hidden_orthogonal,ml_residual,212,400,0.45,499,0.002,1
hidden_orthogonal,support_complete,213,400,0.45,499,0.002,1
hidden_orthogonal,generalized_cmh,213,400,0.45,499,0.002,1
hidden_orthogonal,complete_fibre_lr,213,400,0.45,499,0.002,1
hidden_orthogonal,ml_residual,213,400,0.45,499,0.002,1
hidden_orthogonal,support_complete,214,400,0.45,499,0.002,1
hidden_orthogonal,generalized_cmh,214,400,0.45,499,0.002,1
hidden_orthogonal,complete_fibre_lr,214,400,0.45,499,0.002,1
hidden_orthogonal,ml_residual,214,400,0.45,499,0.002,1
hidden_orthogonal,support_complete,215,400,0.45,499,0.002,1
hidden_orthogonal,generalized_cmh,215,400,0.45,499,0.002,1
hidden_orthogonal,complete_fibre_lr,215,400,0.45,499,0.002,1
hidden_orthogonal,ml_residual,215,400,0.45,499,0.01,1
hidden_orthogonal,support_complete,216,400,0.45,499,0.002,1
hidden_orthogonal,generalized_cmh,216,400,0.45,499,0.002,1
hidden_orthogonal,complete_fibre_lr,216,400,0.45,499,0.002,1
hidden_orthogonal,ml_residual,216,400,0.45,499,0.004,1
hidden_orthogonal,support_complete,217,400,0.45,499,0.002,1
hidden_orthogonal,generalized_cmh,217,400,0.45,499,0.002,1
hidden_orthogonal,complete_fibre_lr,217,400,0.45,499,0.002,1
hidden_orthogonal,ml_residual,217,400,0.45,499,0.002,1
hidden_orthogonal,support_complete,218,400,0.45,499,0.002,1
hidden_orthogonal,generalized_cmh,218,400,0.45,499,0.002,1
hidden_orthogonal,complete_fibre_lr,218,400,0.45,499,0.002,1
hidden_orthogonal,ml_residual,218,400,0.45,499,0.002,1
hidden_orthogonal,support_complete,219,400,0.45,499,0.002,1
hidden_orthogonal,generalized_cmh,219,400,0.45,499,0.002,1
hidden_orthogonal,complete_fibre_lr,219,400,0.45,499,0.002,1
hidden_orthogonal,ml_residual,219,400,0.45,499,0.002,1
hidden_orthogonal,support_complete,220,400,0.45,499,0.002,1
hidden_orthogonal,generalized_cmh,220,400,0.45,499,0.002,1
hidden_orthogonal,complete_fibre_lr,220,400,0.45,499,0.002,1
hidden_orthogonal,ml_residual,220,400,0.45,499,0.002,1
hidden_orthogonal,support_complete,221,400,0.45,499,0.002,1
hidden_orthogonal,generalized_cmh,221,400,0.45,499,0.002,1
hidden_orthogonal,complete_fibre_lr,221,400,0.45,499,0.002,1
hidden_orthogonal,ml_residual,221,400,0.45,499,0.002,1
hidden_orthogonal,support_complete,222,400,0.45,499,0.002,1
hidden_orthogonal,generalized_cmh,222,400,0.45,499,0.002,1
hidden_orthogonal,complete_fibre_lr,222,400,0.45,499,0.002,1
hidden_orthogonal,ml_residual,222,400,0.45,499,0.002,1
hidden_orthogonal,support_complete,223,400,0.45,499,0.002,1
hidden_orthogonal,generalized_cmh,223,400,0.45,499,0.002,1
hidden_orthogonal,complete_fibre_lr,223,400,0.45,499,0.002,1
hidden_orthogonal,ml_residual,223,400,0.45,499,0.002,1
hidden_orthogonal,support_complete,224,400,0.45,499,0.002,1
hidden_orthogonal,generalized_cmh,224,400,0.45,499,0.002,1
hidden_orthogonal,complete_fibre_lr,224,400,0.45,499,0.002,1
hidden_orthogonal,ml_residual,224,400,0.45,499,0.002,1
hidden_orthogonal,support_complete,225,400,0.45,499,0.002,1
hidden_orthogonal,generalized_cmh,225,400,0.45,499,0.002,1
hidden_orthogonal,complete_fibre_lr,225,400,0.45,499,0.002,1
hidden_orthogonal,ml_residual,225,400,0.45,499,0.002,1
hidden_orthogonal,support_complete,226,400,0.45,499,0.002,1
hidden_orthogonal,generalized_cmh,226,400,0.45,499,0.002,1
hidden_orthogonal,complete_fibre_lr,226,400,0.45,499,0.002,1
hidden_orthogonal,ml_residual,226,400,0.45,499,0.002,1
hidden_orthogonal,support_complete,227,400,0.45,499,0.002,1
hidden_orthogonal,generalized_cmh,227,400,0.45,499,0.002,1
hidden_orthogonal,complete_fibre_lr,227,400,0.45,499,0.002,1
hidden_orthogonal,ml_residual,227,400,0.45,499,0.002,1
hidden_orthogonal,support_complete,228,400,0.45,499,0.002,1
hidden_orthogonal,generalized_cmh,228,400,0.45,499,0.002,1
hidden_orthogonal,complete_fibre_lr,228,400,0.45,499,0.002,1
hidden_orthogonal,ml_residual,228,400,0.45,499,0.002,1
hidden_orthogonal,support_complete,229,400,0.45,499,0.002,1
hidden_orthogonal,generalized_cmh,229,400,0.45,499,0.002,1
hidden_orthogonal,complete_fibre_lr,229,400,0.45,499,0.002,1
hidden_orthogonal,ml_residual,229,400,0.45,499,0.002,1
hidden_orthogonal,support_complete,230,400,0.45,499,0.002,1
hidden_orthogonal,generalized_cmh,230,400,0.45,499,0.002,1
hidden_orthogonal,complete_fibre_lr,230,400,0.45,499,0.002,1
hidden_orthogonal,ml_residual,230,400,0.45,499,0.002,1
hidden_orthogonal,support_complete,231,400,0.45,499,0.002,1
hidden_orthogonal,generalized_cmh,231,400,0.45,499,0.002,1
hidden_orthogonal,complete_fibre_lr,231,400,0.45,499,0.002,1
hidden_orthogonal,ml_residual,231,400,0.45,499,0.002,1
hidden_orthogonal,support_complete,232,400,0.45,499,0.002,1
hidden_orthogonal,generalized_cmh,232,400,0.45,499,0.002,1
hidden_orthogonal,complete_fibre_lr,232,400,0.45,499,0.002,1
hidden_orthogonal,ml_residual,232,400,0.45,499,0.002,1
hidden_orthogonal,support_complete,233,400,0.45,499,0.002,1
hidden_orthogonal,generalized_cmh,233,400,0.45,499,0.002,1
hidden_orthogonal,complete_fibre_lr,233,400,0.45,499,0.002,1
hidden_orthogonal,ml_residual,233,400,0.45,499,0.002,1
hidden_orthogonal,support_complete,234,400,0.45,499,0.002,1
hidden_orthogonal,generalized_cmh,234,400,0.45,499,0.002,1
hidden_orthogonal,complete_fibre_lr,234,400,0.45,499,0.002,1
hidden_orthogonal,ml_residual,234,400,0.45,499,0.002,1
hidden_orthogonal,support_complete,235,400,0.45,499,0.002,1
hidden_orthogonal,generalized_cmh,235,400,0.45,499,0.002,1
hidden_orthogonal,complete_fibre_lr,235,400,0.45,499,0.002,1
hidden_orthogonal,ml_residual,235,400,0.45,499,0.002,1
hidden_orthogonal,support_complete,236,400,0.45,499,0.002,1
hidden_orthogonal,generalized_cmh,236,400,0.45,499,0.002,1
hidden_orthogonal,complete_fibre_lr,236,400,0.45,499,0.002,1
hidden_orthogonal,ml_residual,236,400,0.45,499,0.002,1
hidden_orthogonal,support_complete,237,400,0.45,499,0.002,1
hidden_orthogonal,generalized_cmh,237,400,0.45,499,0.002,1
hidden_orthogonal,complete_fibre_lr,237,400,0.45,499,0.002,1
hidden_orthogonal,ml_residual,237,400,0.45,499,0.002,1
hidden_orthogonal,support_complete,238,400,0.45,499,0.002,1
hidden_orthogonal,generalized_cmh,238,400,0.45,499,0.002,1
hidden_orthogonal,complete_fibre_lr,238,400,0.45,499,0.002,1
hidden_orthogonal,ml_residual,238,400,0.45,499,0.002,1
hidden_orthogonal,support_complete,239,400,0.45,499,0.002,1
hidden_orthogonal,generalized_cmh,239,400,0.45,499,0.002,1
hidden_orthogonal,complete_fibre_lr,239,400,0.45,499,0.002,1
hidden_orthogonal,ml_residual,239,400,0.45,499,0.002,1
hidden_orthogonal,support_complete,240,400,0.45,499,0.002,1
hidden_orthogonal,generalized_cmh,240,400,0.45,499,0.002,1
hidden_orthogonal,complete_fibre_lr,240,400,0.45,499,0.002,1
hidden_orthogonal,ml_residual,240,400,0.45,499,0.002,1
hidden_orthogonal,support_complete,241,400,0.45,499,0.002,1
hidden_orthogonal,generalized_cmh,241,400,0.45,499,0.002,1
hidden_orthogonal,complete_fibre_lr,241,400,0.45,499,0.002,1
hidden_orthogonal,ml_residual,241,400,0.45,499,0.002,1
hidden_orthogonal,support_complete,242,400,0.45,499,0.002,1
hidden_orthogonal,generalized_cmh,242,400,0.45,499,0.002,1
hidden_orthogonal,complete_fibre_lr,242,400,0.45,499,0.002,1
hidden_orthogonal,ml_residual,242,400,0.45,499,0.002,1
hidden_orthogonal,support_complete,243,400,0.45,499,0.002,1
hidden_orthogonal,generalized_cmh,243,400,0.45,499,0.002,1
hidden_orthogonal,complete_fibre_lr,243,400,0.45,499,0.002,1
hidden_orthogonal,ml_residual,243,400,0.45,499,0.002,1
hidden_orthogonal,support_complete,244,400,0.45,499,0.002,1
hidden_orthogonal,generalized_cmh,244,400,0.45,499,0.002,1
hidden_orthogonal,complete_fibre_lr,244,400,0.45,499,0.002,1
hidden_orthogonal,ml_residual,244,400,0.45,499,0.002,1
hidden_orthogonal,support_complete,245,400,0.45,499,0.002,1
hidden_orthogonal,generalized_cmh,245,400,0.45,499,0.002,1
hidden_orthogonal,complete_fibre_lr,245,400,0.45,499,0.002,1
hidden_orthogonal,ml_residual,245,400,0.45,499,0.002,1
hidden_orthogonal,support_complete,246,400,0.45,499,0.002,1
hidden_orthogonal,generalized_cmh,246,400,0.45,499,0.002,1
hidden_orthogonal,complete_fibre_lr,246,400,0.45,499,0.002,1
hidden_orthogonal,ml_residual,246,400,0.45,499,0.008,1
hidden_orthogonal,support_complete,247,400,0.45,499,0.002,1
hidden_orthogonal,generalized_cmh,247,400,0.45,499,0.002,1
hidden_orthogonal,complete_fibre_lr,247,400,0.45,499,0.002,1
hidden_orthogonal,ml_residual,247,400,0.45,499,0.002,1
hidden_orthogonal,support_complete,248,400,0.45,499,0.002,1
hidden_orthogonal,generalized_cmh,248,400,0.45,499,0.002,1
hidden_orthogonal,complete_fibre_lr,248,400,0.45,499,0.002,1
hidden_orthogonal,ml_residual,248,400,0.45,499,0.002,1
hidden_orthogonal,support_complete,249,400,0.45,499,0.002,1
hidden_orthogonal,generalized_cmh,249,400,0.45,499,0.002,1
hidden_orthogonal,complete_fibre_lr,249,400,0.45,499,0.002,1
hidden_orthogonal,ml_residual,249,400,0.45,499,0.002,1
hidden_orthogonal,support_complete,250,400,0.45,499,0.002,1
hidden_orthogonal,generalized_cmh,250,400,0.45,499,0.002,1
hidden_orthogonal,complete_fibre_lr,250,400,0.45,499,0.002,1
hidden_orthogonal,ml_residual,250,400,0.45,499,0.004,1
hidden_orthogonal,support_complete,251,400,0.45,499,0.002,1
hidden_orthogonal,generalized_cmh,251,400,0.45,499,0.002,1
hidden_orthogonal,complete_fibre_lr,251,400,0.45,499,0.002,1
hidden_orthogonal,ml_residual,251,400,0.45,499,0.002,1
hidden_orthogonal,support_complete,252,400,0.45,499,0.002,1
hidden_orthogonal,generalized_cmh,252,400,0.45,499,0.002,1
hidden_orthogonal,complete_fibre_lr,252,400,0.45,499,0.002,1
hidden_orthogonal,ml_residual,252,400,0.45,499,0.002,1
hidden_orthogonal,support_complete,253,400,0.45,499,0.002,1
hidden_orthogonal,generalized_cmh,253,400,0.45,499,0.002,1
hidden_orthogonal,complete_fibre_lr,253,400,0.45,499,0.002,1
hidden_orthogonal,ml_residual,253,400,0.45,499,0.002,1
hidden_orthogonal,support_complete,254,400,0.45,499,0.002,1
hidden_orthogonal,generalized_cmh,254,400,0.45,499,0.002,1
hidden_orthogonal,complete_fibre_lr,254,400,0.45,499,0.002,1
hidden_orthogonal,ml_residual,254,400,0.45,499,0.002,1
hidden_orthogonal,support_complete,255,400,0.45,499,0.002,1
hidden_orthogonal,generalized_cmh,255,400,0.45,499,0.002,1
hidden_orthogonal,complete_fibre_lr,255,400,0.45,499,0.002,1
hidden_orthogonal,ml_residual,255,400,0.45,499,0.002,1
hidden_orthogonal,support_complete,256,400,0.45,499,0.002,1
hidden_orthogonal,generalized_cmh,256,400,0.45,499,0.002,1
hidden_orthogonal,complete_fibre_lr,256,400,0.45,499,0.002,1
hidden_orthogonal,ml_residual,256,400,0.45,499,0.002,1
hidden_orthogonal,support_complete,257,400,0.45,499,0.002,1
hidden_orthogonal,generalized_cmh,257,400,0.45,499,0.002,1
hidden_orthogonal,complete_fibre_lr,257,400,0.45,499,0.002,1
hidden_orthogonal,ml_residual,257,400,0.45,499,0.002,1
hidden_orthogonal,support_complete,258,400,0.45,499,0.002,1
hidden_orthogonal,generalized_cmh,258,400,0.45,499,0.002,1
hidden_orthogonal,complete_fibre_lr,258,400,0.45,499,0.002,1
hidden_orthogonal,ml_residual,258,400,0.45,499,0.002,1
hidden_orthogonal,support_complete,259,400,0.45,499,0.002,1
hidden_orthogonal,generalized_cmh,259,400,0.45,499,0.002,1
hidden_orthogonal,complete_fibre_lr,259,400,0.45,499,0.002,1
hidden_orthogonal,ml_residual,259,400,0.45,499,0.002,1
hidden_orthogonal,support_complete,260,400,0.45,499,0.002,1
hidden_orthogonal,generalized_cmh,260,400,0.45,499,0.002,1
hidden_orthogonal,complete_fibre_lr,260,400,0.45,499,0.002,1
hidden_orthogonal,ml_residual,260,400,0.45,499,0.002,1
hidden_orthogonal,support_complete,261,400,0.45,499,0.002,1
hidden_orthogonal,generalized_cmh,261,400,0.45,499,0.002,1
hidden_orthogonal,complete_fibre_lr,261,400,0.45,499,0.002,1
hidden_orthogonal,ml_residual,261,400,0.45,499,0.002,1
hidden_orthogonal,support_complete,262,400,0.45,499,0.002,1
hidden_orthogonal,generalized_cmh,262,400,0.45,499,0.002,1
hidden_orthogonal,complete_fibre_lr,262,400,0.45,499,0.002,1
hidden_orthogonal,ml_residual,262,400,0.45,499,0.002,1
hidden_orthogonal,support_complete,263,400,0.45,499,0.002,1
hidden_orthogonal,generalized_cmh,263,400,0.45,499,0.002,1
hidden_orthogonal,complete_fibre_lr,263,400,0.45,499,0.002,1
hidden_orthogonal,ml_residual,263,400,0.45,499,0.002,1
hidden_orthogonal,support_complete,264,400,0.45,499,0.002,1
hidden_orthogonal,generalized_cmh,264,400,0.45,499,0.002,1
hidden_orthogonal,complete_fibre_lr,264,400,0.45,499,0.002,1
hidden_orthogonal,ml_residual,264,400,0.45,499,0.002,1
hidden_orthogonal,support_complete,265,400,0.45,499,0.002,1
hidden_orthogonal,generalized_cmh,265,400,0.45,499,0.002,1
hidden_orthogonal,complete_fibre_lr,265,400,0.45,499,0.002,1
hidden_orthogonal,ml_residual,265,400,0.45,499,0.002,1
hidden_orthogonal,support_complete,266,400,0.45,499,0.002,1
hidden_orthogonal,generalized_cmh,266,400,0.45,499,0.002,1
hidden_orthogonal,complete_fibre_lr,266,400,0.45,499,0.002,1
hidden_orthogonal,ml_residual,266,400,0.45,499,0.002,1
hidden_orthogonal,support_complete,267,400,0.45,499,0.002,1
hidden_orthogonal,generalized_cmh,267,400,0.45,499,0.002,1
hidden_orthogonal,complete_fibre_lr,267,400,0.45,499,0.002,1
hidden_orthogonal,ml_residual,267,400,0.45,499,0.002,1
hidden_orthogonal,support_complete,268,400,0.45,499,0.002,1
hidden_orthogonal,generalized_cmh,268,400,0.45,499,0.002,1
hidden_orthogonal,complete_fibre_lr,268,400,0.45,499,0.002,1
hidden_orthogonal,ml_residual,268,400,0.45,499,0.002,1
hidden_orthogonal,support_complete,269,400,0.45,499,0.002,1
hidden_orthogonal,generalized_cmh,269,400,0.45,499,0.002,1
hidden_orthogonal,complete_fibre_lr,269,400,0.45,499,0.002,1
hidden_orthogonal,ml_residual,269,400,0.45,499,0.002,1
hidden_orthogonal,support_complete,270,400,0.45,499,0.002,1
hidden_orthogonal,generalized_cmh,270,400,0.45,499,0.002,1
hidden_orthogonal,complete_fibre_lr,270,400,0.45,499,0.002,1
hidden_orthogonal,ml_residual,270,400,0.45,499,0.002,1
hidden_orthogonal,support_complete,271,400,0.45,499,0.002,1
hidden_orthogonal,generalized_cmh,271,400,0.45,499,0.002,1
hidden_orthogonal,complete_fibre_lr,271,400,0.45,499,0.002,1
hidden_orthogonal,ml_residual,271,400,0.45,499,0.002,1
hidden_orthogonal,support_complete,272,400,0.45,499,0.002,1
hidden_orthogonal,generalized_cmh,272,400,0.45,499,0.002,1
hidden_orthogonal,complete_fibre_lr,272,400,0.45,499,0.002,1
hidden_orthogonal,ml_residual,272,400,0.45,499,0.002,1
hidden_orthogonal,support_complete,273,400,0.45,499,0.002,1
hidden_orthogonal,generalized_cmh,273,400,0.45,499,0.002,1
hidden_orthogonal,complete_fibre_lr,273,400,0.45,499,0.002,1
hidden_orthogonal,ml_residual,273,400,0.45,499,0.002,1
hidden_orthogonal,support_complete,274,400,0.45,499,0.002,1
hidden_orthogonal,generalized_cmh,274,400,0.45,499,0.002,1
hidden_orthogonal,complete_fibre_lr,274,400,0.45,499,0.002,1
hidden_orthogonal,ml_residual,274,400,0.45,499,0.002,1
hidden_orthogonal,support_complete,275,400,0.45,499,0.002,1
hidden_orthogonal,generalized_cmh,275,400,0.45,499,0.002,1
hidden_orthogonal,complete_fibre_lr,275,400,0.45,499,0.002,1
hidden_orthogonal,ml_residual,275,400,0.45,499,0.002,1
hidden_orthogonal,support_complete,276,400,0.45,499,0.002,1
hidden_orthogonal,generalized_cmh,276,400,0.45,499,0.002,1
hidden_orthogonal,complete_fibre_lr,276,400,0.45,499,0.002,1
hidden_orthogonal,ml_residual,276,400,0.45,499,0.002,1
hidden_orthogonal,support_complete,277,400,0.45,499,0.002,1
hidden_orthogonal,generalized_cmh,277,400,0.45,499,0.002,1
hidden_orthogonal,complete_fibre_lr,277,400,0.45,499,0.002,1
hidden_orthogonal,ml_residual,277,400,0.45,499,0.002,1
hidden_orthogonal,support_complete,278,400,0.45,499,0.002,1
hidden_orthogonal,generalized_cmh,278,400,0.45,499,0.002,1
hidden_orthogonal,complete_fibre_lr,278,400,0.45,499,0.002,1
hidden_orthogonal,ml_residual,278,400,0.45,499,0.002,1
hidden_orthogonal,support_complete,279,400,0.45,499,0.002,1
hidden_orthogonal,generalized_cmh,279,400,0.45,499,0.002,1
hidden_orthogonal,complete_fibre_lr,279,400,0.45,499,0.002,1
hidden_orthogonal,ml_residual,279,400,0.45,499,0.002,1
hidden_orthogonal,support_complete,280,400,0.45,499,0.002,1
hidden_orthogonal,generalized_cmh,280,400,0.45,499,0.002,1
hidden_orthogonal,complete_fibre_lr,280,400,0.45,499,0.002,1
hidden_orthogonal,ml_residual,280,400,0.45,499,0.014,1
hidden_orthogonal,support_complete,281,400,0.45,499,0.002,1
hidden_orthogonal,generalized_cmh,281,400,0.45,499,0.002,1
hidden_orthogonal,complete_fibre_lr,281,400,0.45,499,0.002,1
hidden_orthogonal,ml_residual,281,400,0.45,499,0.002,1
hidden_orthogonal,support_complete,282,400,0.45,499,0.002,1
hidden_orthogonal,generalized_cmh,282,400,0.45,499,0.002,1
hidden_orthogonal,complete_fibre_lr,282,400,0.45,499,0.002,1
hidden_orthogonal,ml_residual,282,400,0.45,499,0.002,1
hidden_orthogonal,support_complete,283,400,0.45,499,0.002,1
hidden_orthogonal,generalized_cmh,283,400,0.45,499,0.002,1
hidden_orthogonal,complete_fibre_lr,283,400,0.45,499,0.002,1
hidden_orthogonal,ml_residual,283,400,0.45,499,0.002,1
hidden_orthogonal,support_complete,284,400,0.45,499,0.002,1
hidden_orthogonal,generalized_cmh,284,400,0.45,499,0.002,1
hidden_orthogonal,complete_fibre_lr,284,400,0.45,499,0.002,1
hidden_orthogonal,ml_residual,284,400,0.45,499,0.002,1
hidden_orthogonal,support_complete,285,400,0.45,499,0.002,1
hidden_orthogonal,generalized_cmh,285,400,0.45,499,0.002,1
hidden_orthogonal,complete_fibre_lr,285,400,0.45,499,0.002,1
hidden_orthogonal,ml_residual,285,400,0.45,499,0.002,1
hidden_orthogonal,support_complete,286,400,0.45,499,0.002,1
hidden_orthogonal,generalized_cmh,286,400,0.45,499,0.002,1
hidden_orthogonal,complete_fibre_lr,286,400,0.45,499,0.002,1
hidden_orthogonal,ml_residual,286,400,0.45,499,0.002,1
hidden_orthogonal,support_complete,287,400,0.45,499,0.002,1
hidden_orthogonal,generalized_cmh,287,400,0.45,499,0.002,1
hidden_orthogonal,complete_fibre_lr,287,400,0.45,499,0.002,1
hidden_orthogonal,ml_residual,287,400,0.45,499,0.002,1
hidden_orthogonal,support_complete,288,400,0.45,499,0.002,1
hidden_orthogonal,generalized_cmh,288,400,0.45,499,0.002,1
hidden_orthogonal,complete_fibre_lr,288,400,0.45,499,0.002,1
hidden_orthogonal,ml_residual,288,400,0.45,499,0.002,1
hidden_orthogonal,support_complete,289,400,0.45,499,0.002,1
hidden_orthogonal,generalized_cmh,289,400,0.45,499,0.002,1
hidden_orthogonal,complete_fibre_lr,289,400,0.45,499,0.002,1
hidden_orthogonal,ml_residual,289,400,0.45,499,0.002,1
hidden_orthogonal,support_complete,290,400,0.45,499,0.002,1
hidden_orthogonal,generalized_cmh,290,400,0.45,499,0.002,1
hidden_orthogonal,complete_fibre_lr,290,400,0.45,499,0.002,1
hidden_orthogonal,ml_residual,290,400,0.45,499,0.002,1
hidden_orthogonal,support_complete,291,400,0.45,499,0.002,1
hidden_orthogonal,generalized_cmh,291,400,0.45,499,0.002,1
hidden_orthogonal,complete_fibre_lr,291,400,0.45,499,0.002,1
hidden_orthogonal,ml_residual,291,400,0.45,499,0.002,1
hidden_orthogonal,support_complete,292,400,0.45,499,0.002,1
hidden_orthogonal,generalized_cmh,292,400,0.45,499,0.002,1
hidden_orthogonal,complete_fibre_lr,292,400,0.45,499,0.002,1
hidden_orthogonal,ml_residual,292,400,0.45,499,0.002,1
hidden_orthogonal,support_complete,293,400,0.45,499,0.002,1
hidden_orthogonal,generalized_cmh,293,400,0.45,499,0.002,1
hidden_orthogonal,complete_fibre_lr,293,400,0.45,499,0.002,1
hidden_orthogonal,ml_residual,293,400,0.45,499,0.002,1
hidden_orthogonal,support_complete,294,400,0.45,499,0.002,1
hidden_orthogonal,generalized_cmh,294,400,0.45,499,0.002,1
hidden_orthogonal,complete_fibre_lr,294,400,0.45,499,0.002,1
hidden_orthogonal,ml_residual,294,400,0.45,499,0.002,1
hidden_orthogonal,support_complete,295,400,0.45,499,0.002,1
hidden_orthogonal,generalized_cmh,295,400,0.45,499,0.002,1
hidden_orthogonal,complete_fibre_lr,295,400,0.45,499,0.002,1
hidden_orthogonal,ml_residual,295,400,0.45,499,0.002,1
hidden_orthogonal,support_complete,296,400,0.45,499,0.002,1
hidden_orthogonal,generalized_cmh,296,400,0.45,499,0.002,1
hidden_orthogonal,complete_fibre_lr,296,400,0.45,499,0.002,1
hidden_orthogonal,ml_residual,296,400,0.45,499,0.002,1
hidden_orthogonal,support_complete,297,400,0.45,499,0.002,1
hidden_orthogonal,generalized_cmh,297,400,0.45,499,0.002,1
hidden_orthogonal,complete_fibre_lr,297,400,0.45,499,0.002,1
hidden_orthogonal,ml_residual,297,400,0.45,499,0.002,1
hidden_orthogonal,support_complete,298,400,0.45,499,0.002,1
hidden_orthogonal,generalized_cmh,298,400,0.45,499,0.002,1
hidden_orthogonal,complete_fibre_lr,298,400,0.45,499,0.002,1
hidden_orthogonal,ml_residual,298,400,0.45,499,0.002,1
hidden_orthogonal,support_complete,299,400,0.45,499,0.002,1
hidden_orthogonal,generalized_cmh,299,400,0.45,499,0.002,1
hidden_orthogonal,complete_fibre_lr,299,400,0.45,499,0.002,1
hidden_orthogonal,ml_residual,299,400,0.45,499,0.002,1
hidden_orthogonal,support_complete,300,400,0.45,499,0.002,1
hidden_orthogonal,generalized_cmh,300,400,0.45,499,0.002,1
hidden_orthogonal,complete_fibre_lr,300,400,0.45,499,0.002,1
hidden_orthogonal,ml_residual,300,400,0.45,499,0.002,1
hidden_orthogonal,support_complete,301,400,0.45,499,0.002,1
hidden_orthogonal,generalized_cmh,301,400,0.45,499,0.002,1
hidden_orthogonal,complete_fibre_lr,301,400,0.45,499,0.002,1
hidden_orthogonal,ml_residual,301,400,0.45,499,0.006,1
hidden_orthogonal,support_complete,302,400,0.45,499,0.002,1
hidden_orthogonal,generalized_cmh,302,400,0.45,499,0.002,1
hidden_orthogonal,complete_fibre_lr,302,400,0.45,499,0.002,1
hidden_orthogonal,ml_residual,302,400,0.45,499,0.002,1
hidden_orthogonal,support_complete,303,400,0.45,499,0.002,1
hidden_orthogonal,generalized_cmh,303,400,0.45,499,0.002,1
hidden_orthogonal,complete_fibre_lr,303,400,0.45,499,0.002,1
hidden_orthogonal,ml_residual,303,400,0.45,499,0.002,1
hidden_orthogonal,support_complete,304,400,0.45,499,0.002,1
hidden_orthogonal,generalized_cmh,304,400,0.45,499,0.002,1
hidden_orthogonal,complete_fibre_lr,304,400,0.45,499,0.002,1
hidden_orthogonal,ml_residual,304,400,0.45,499,0.002,1
hidden_orthogonal,support_complete,305,400,0.45,499,0.002,1
hidden_orthogonal,generalized_cmh,305,400,0.45,499,0.002,1
hidden_orthogonal,complete_fibre_lr,305,400,0.45,499,0.002,1
hidden_orthogonal,ml_residual,305,400,0.45,499,0.002,1
hidden_orthogonal,support_complete,306,400,0.45,499,0.002,1
hidden_orthogonal,generalized_cmh,306,400,0.45,499,0.002,1
hidden_orthogonal,complete_fibre_lr,306,400,0.45,499,0.002,1
hidden_orthogonal,ml_residual,306,400,0.45,499,0.002,1
hidden_orthogonal,support_complete,307,400,0.45,499,0.002,1
hidden_orthogonal,generalized_cmh,307,400,0.45,499,0.002,1
hidden_orthogonal,complete_fibre_lr,307,400,0.45,499,0.002,1
hidden_orthogonal,ml_residual,307,400,0.45,499,0.002,1
hidden_orthogonal,support_complete,308,400,0.45,499,0.002,1
hidden_orthogonal,generalized_cmh,308,400,0.45,499,0.002,1
hidden_orthogonal,complete_fibre_lr,308,400,0.45,499,0.002,1
hidden_orthogonal,ml_residual,308,400,0.45,499,0.002,1
hidden_orthogonal,support_complete,309,400,0.45,499,0.002,1
hidden_orthogonal,generalized_cmh,309,400,0.45,499,0.002,1
hidden_orthogonal,complete_fibre_lr,309,400,0.45,499,0.002,1
hidden_orthogonal,ml_residual,309,400,0.45,499,0.002,1
hidden_orthogonal,support_complete,310,400,0.45,499,0.002,1
hidden_orthogonal,generalized_cmh,310,400,0.45,499,0.002,1
hidden_orthogonal,complete_fibre_lr,310,400,0.45,499,0.002,1
hidden_orthogonal,ml_residual,310,400,0.45,499,0.002,1
hidden_orthogonal,support_complete,311,400,0.45,499,0.002,1
hidden_orthogonal,generalized_cmh,311,400,0.45,499,0.002,1
hidden_orthogonal,complete_fibre_lr,311,400,0.45,499,0.002,1
hidden_orthogonal,ml_residual,311,400,0.45,499,0.004,1
hidden_orthogonal,support_complete,312,400,0.45,499,0.002,1
hidden_orthogonal,generalized_cmh,312,400,0.45,499,0.002,1
hidden_orthogonal,complete_fibre_lr,312,400,0.45,499,0.002,1
hidden_orthogonal,ml_residual,312,400,0.45,499,0.002,1
hidden_orthogonal,support_complete,313,400,0.45,499,0.002,1
hidden_orthogonal,generalized_cmh,313,400,0.45,499,0.002,1
hidden_orthogonal,complete_fibre_lr,313,400,0.45,499,0.002,1
hidden_orthogonal,ml_residual,313,400,0.45,499,0.002,1
hidden_orthogonal,support_complete,314,400,0.45,499,0.002,1
hidden_orthogonal,generalized_cmh,314,400,0.45,499,0.002,1
hidden_orthogonal,complete_fibre_lr,314,400,0.45,499,0.002,1
hidden_orthogonal,ml_residual,314,400,0.45,499,0.002,1
hidden_orthogonal,support_complete,315,400,0.45,499,0.002,1
hidden_orthogonal,generalized_cmh,315,400,0.45,499,0.002,1
hidden_orthogonal,complete_fibre_lr,315,400,0.45,499,0.002,1
hidden_orthogonal,ml_residual,315,400,0.45,499,0.002,1
hidden_orthogonal,support_complete,316,400,0.45,499,0.002,1
hidden_orthogonal,generalized_cmh,316,400,0.45,499,0.002,1
hidden_orthogonal,complete_fibre_lr,316,400,0.45,499,0.002,1
hidden_orthogonal,ml_residual,316,400,0.45,499,0.002,1
hidden_orthogonal,support_complete,317,400,0.45,499,0.002,1
hidden_orthogonal,generalized_cmh,317,400,0.45,499,0.002,1
hidden_orthogonal,complete_fibre_lr,317,400,0.45,499,0.002,1
hidden_orthogonal,ml_residual,317,400,0.45,499,0.002,1
hidden_orthogonal,support_complete,318,400,0.45,499,0.002,1
hidden_orthogonal,generalized_cmh,318,400,0.45,499,0.002,1
hidden_orthogonal,complete_fibre_lr,318,400,0.45,499,0.002,1
hidden_orthogonal,ml_residual,318,400,0.45,499,0.002,1
hidden_orthogonal,support_complete,319,400,0.45,499,0.002,1
hidden_orthogonal,generalized_cmh,319,400,0.45,499,0.002,1
hidden_orthogonal,complete_fibre_lr,319,400,0.45,499,0.002,1
hidden_orthogonal,ml_residual,319,400,0.45,499,0.014,1
hidden_orthogonal,support_complete,320,400,0.45,499,0.002,1
hidden_orthogonal,generalized_cmh,320,400,0.45,499,0.002,1
hidden_orthogonal,complete_fibre_lr,320,400,0.45,499,0.002,1
hidden_orthogonal,ml_residual,320,400,0.45,499,0.002,1
hidden_orthogonal,support_complete,321,400,0.45,499,0.002,1
hidden_orthogonal,generalized_cmh,321,400,0.45,499,0.002,1
hidden_orthogonal,complete_fibre_lr,321,400,0.45,499,0.002,1
hidden_orthogonal,ml_residual,321,400,0.45,499,0.004,1
hidden_orthogonal,support_complete,322,400,0.45,499,0.002,1
hidden_orthogonal,generalized_cmh,322,400,0.45,499,0.002,1
hidden_orthogonal,complete_fibre_lr,322,400,0.45,499,0.002,1
hidden_orthogonal,ml_residual,322,400,0.45,499,0.002,1
hidden_orthogonal,support_complete,323,400,0.45,499,0.002,1
hidden_orthogonal,generalized_cmh,323,400,0.45,499,0.002,1
hidden_orthogonal,complete_fibre_lr,323,400,0.45,499,0.002,1
hidden_orthogonal,ml_residual,323,400,0.45,499,0.002,1
hidden_orthogonal,support_complete,324,400,0.45,499,0.002,1
hidden_orthogonal,generalized_cmh,324,400,0.45,499,0.002,1
hidden_orthogonal,complete_fibre_lr,324,400,0.45,499,0.002,1
hidden_orthogonal,ml_residual,324,400,0.45,499,0.002,1
hidden_orthogonal,support_complete,325,400,0.45,499,0.002,1
hidden_orthogonal,generalized_cmh,325,400,0.45,499,0.002,1
hidden_orthogonal,complete_fibre_lr,325,400,0.45,499,0.002,1
hidden_orthogonal,ml_residual,325,400,0.45,499,0.002,1
hidden_orthogonal,support_complete,326,400,0.45,499,0.002,1
hidden_orthogonal,generalized_cmh,326,400,0.45,499,0.002,1
hidden_orthogonal,complete_fibre_lr,326,400,0.45,499,0.002,1
hidden_orthogonal,ml_residual,326,400,0.45,499,0.002,1
hidden_orthogonal,support_complete,327,400,0.45,499,0.002,1
hidden_orthogonal,generalized_cmh,327,400,0.45,499,0.002,1
hidden_orthogonal,complete_fibre_lr,327,400,0.45,499,0.002,1
hidden_orthogonal,ml_residual,327,400,0.45,499,0.002,1
hidden_orthogonal,support_complete,328,400,0.45,499,0.002,1
hidden_orthogonal,generalized_cmh,328,400,0.45,499,0.002,1
hidden_orthogonal,complete_fibre_lr,328,400,0.45,499,0.002,1
hidden_orthogonal,ml_residual,328,400,0.45,499,0.002,1
hidden_orthogonal,support_complete,329,400,0.45,499,0.002,1
hidden_orthogonal,generalized_cmh,329,400,0.45,499,0.002,1
hidden_orthogonal,complete_fibre_lr,329,400,0.45,499,0.002,1
hidden_orthogonal,ml_residual,329,400,0.45,499,0.002,1
hidden_orthogonal,support_complete,330,400,0.45,499,0.002,1
hidden_orthogonal,generalized_cmh,330,400,0.45,499,0.002,1
hidden_orthogonal,complete_fibre_lr,330,400,0.45,499,0.002,1
hidden_orthogonal,ml_residual,330,400,0.45,499,0.002,1
hidden_orthogonal,support_complete,331,400,0.45,499,0.002,1
hidden_orthogonal,generalized_cmh,331,400,0.45,499,0.002,1
hidden_orthogonal,complete_fibre_lr,331,400,0.45,499,0.002,1
hidden_orthogonal,ml_residual,331,400,0.45,499,0.002,1
hidden_orthogonal,support_complete,332,400,0.45,499,0.002,1
hidden_orthogonal,generalized_cmh,332,400,0.45,499,0.002,1
hidden_orthogonal,complete_fibre_lr,332,400,0.45,499,0.002,1
hidden_orthogonal,ml_residual,332,400,0.45,499,0.002,1
hidden_orthogonal,support_complete,333,400,0.45,499,0.002,1
hidden_orthogonal,generalized_cmh,333,400,0.45,499,0.002,1
hidden_orthogonal,complete_fibre_lr,333,400,0.45,499,0.002,1
hidden_orthogonal,ml_residual,333,400,0.45,499,0.002,1
hidden_orthogonal,support_complete,334,400,0.45,499,0.002,1
hidden_orthogonal,generalized_cmh,334,400,0.45,499,0.002,1
hidden_orthogonal,complete_fibre_lr,334,400,0.45,499,0.002,1
hidden_orthogonal,ml_residual,334,400,0.45,499,0.008,1
hidden_orthogonal,support_complete,335,400,0.45,499,0.002,1
hidden_orthogonal,generalized_cmh,335,400,0.45,499,0.002,1
hidden_orthogonal,complete_fibre_lr,335,400,0.45,499,0.002,1
hidden_orthogonal,ml_residual,335,400,0.45,499,0.002,1
hidden_orthogonal,support_complete,336,400,0.45,499,0.002,1
hidden_orthogonal,generalized_cmh,336,400,0.45,499,0.002,1
hidden_orthogonal,complete_fibre_lr,336,400,0.45,499,0.002,1
hidden_orthogonal,ml_residual,336,400,0.45,499,0.002,1
hidden_orthogonal,support_complete,337,400,0.45,499,0.002,1
hidden_orthogonal,generalized_cmh,337,400,0.45,499,0.002,1
hidden_orthogonal,complete_fibre_lr,337,400,0.45,499,0.002,1
hidden_orthogonal,ml_residual,337,400,0.45,499,0.002,1
hidden_orthogonal,support_complete,338,400,0.45,499,0.002,1
hidden_orthogonal,generalized_cmh,338,400,0.45,499,0.002,1
hidden_orthogonal,complete_fibre_lr,338,400,0.45,499,0.002,1
hidden_orthogonal,ml_residual,338,400,0.45,499,0.002,1
hidden_orthogonal,support_complete,339,400,0.45,499,0.002,1
hidden_orthogonal,generalized_cmh,339,400,0.45,499,0.002,1
hidden_orthogonal,complete_fibre_lr,339,400,0.45,499,0.002,1
hidden_orthogonal,ml_residual,339,400,0.45,499,0.002,1
hidden_orthogonal,support_complete,340,400,0.45,499,0.002,1
hidden_orthogonal,generalized_cmh,340,400,0.45,499,0.002,1
hidden_orthogonal,complete_fibre_lr,340,400,0.45,499,0.002,1
hidden_orthogonal,ml_residual,340,400,0.45,499,0.048,1
hidden_orthogonal,support_complete,341,400,0.45,499,0.002,1
hidden_orthogonal,generalized_cmh,341,400,0.45,499,0.002,1
hidden_orthogonal,complete_fibre_lr,341,400,0.45,499,0.002,1
hidden_orthogonal,ml_residual,341,400,0.45,499,0.002,1
hidden_orthogonal,support_complete,342,400,0.45,499,0.002,1
hidden_orthogonal,generalized_cmh,342,400,0.45,499,0.002,1
hidden_orthogonal,complete_fibre_lr,342,400,0.45,499,0.002,1
hidden_orthogonal,ml_residual,342,400,0.45,499,0.002,1
hidden_orthogonal,support_complete,343,400,0.45,499,0.002,1
hidden_orthogonal,generalized_cmh,343,400,0.45,499,0.002,1
hidden_orthogonal,complete_fibre_lr,343,400,0.45,499,0.002,1
hidden_orthogonal,ml_residual,343,400,0.45,499,0.002,1
hidden_orthogonal,support_complete,344,400,0.45,499,0.002,1
hidden_orthogonal,generalized_cmh,344,400,0.45,499,0.002,1
hidden_orthogonal,complete_fibre_lr,344,400,0.45,499,0.002,1
hidden_orthogonal,ml_residual,344,400,0.45,499,0.002,1
hidden_orthogonal,support_complete,345,400,0.45,499,0.002,1
hidden_orthogonal,generalized_cmh,345,400,0.45,499,0.002,1
hidden_orthogonal,complete_fibre_lr,345,400,0.45,499,0.002,1
hidden_orthogonal,ml_residual,345,400,0.45,499,0.002,1
hidden_orthogonal,support_complete,346,400,0.45,499,0.002,1
hidden_orthogonal,generalized_cmh,346,400,0.45,499,0.002,1
hidden_orthogonal,complete_fibre_lr,346,400,0.45,499,0.002,1
hidden_orthogonal,ml_residual,346,400,0.45,499,0.002,1
hidden_orthogonal,support_complete,347,400,0.45,499,0.002,1
hidden_orthogonal,generalized_cmh,347,400,0.45,499,0.002,1
hidden_orthogonal,complete_fibre_lr,347,400,0.45,499,0.002,1
hidden_orthogonal,ml_residual,347,400,0.45,499,0.004,1
hidden_orthogonal,support_complete,348,400,0.45,499,0.002,1
hidden_orthogonal,generalized_cmh,348,400,0.45,499,0.002,1
hidden_orthogonal,complete_fibre_lr,348,400,0.45,499,0.002,1
hidden_orthogonal,ml_residual,348,400,0.45,499,0.002,1
hidden_orthogonal,support_complete,349,400,0.45,499,0.002,1
hidden_orthogonal,generalized_cmh,349,400,0.45,499,0.002,1
hidden_orthogonal,complete_fibre_lr,349,400,0.45,499,0.002,1
hidden_orthogonal,ml_residual,349,400,0.45,499,0.002,1
hidden_orthogonal,support_complete,350,400,0.45,499,0.002,1
hidden_orthogonal,generalized_cmh,350,400,0.45,499,0.002,1
hidden_orthogonal,complete_fibre_lr,350,400,0.45,499,0.002,1
hidden_orthogonal,ml_residual,350,400,0.45,499,0.002,1
hidden_orthogonal,support_complete,351,400,0.45,499,0.002,1
hidden_orthogonal,generalized_cmh,351,400,0.45,499,0.002,1
hidden_orthogonal,complete_fibre_lr,351,400,0.45,499,0.002,1
hidden_orthogonal,ml_residual,351,400,0.45,499,0.002,1
hidden_orthogonal,support_complete,352,400,0.45,499,0.002,1
hidden_orthogonal,generalized_cmh,352,400,0.45,499,0.002,1
hidden_orthogonal,complete_fibre_lr,352,400,0.45,499,0.002,1
hidden_orthogonal,ml_residual,352,400,0.45,499,0.002,1
hidden_orthogonal,support_complete,353,400,0.45,499,0.002,1
hidden_orthogonal,generalized_cmh,353,400,0.45,499,0.002,1
hidden_orthogonal,complete_fibre_lr,353,400,0.45,499,0.002,1
hidden_orthogonal,ml_residual,353,400,0.45,499,0.002,1
hidden_orthogonal,support_complete,354,400,0.45,499,0.002,1
hidden_orthogonal,generalized_cmh,354,400,0.45,499,0.002,1
hidden_orthogonal,complete_fibre_lr,354,400,0.45,499,0.002,1
hidden_orthogonal,ml_residual,354,400,0.45,499,0.002,1
hidden_orthogonal,support_complete,355,400,0.45,499,0.002,1
hidden_orthogonal,generalized_cmh,355,400,0.45,499,0.002,1
hidden_orthogonal,complete_fibre_lr,355,400,0.45,499,0.002,1
hidden_orthogonal,ml_residual,355,400,0.45,499,0.002,1
hidden_orthogonal,support_complete,356,400,0.45,499,0.002,1
hidden_orthogonal,generalized_cmh,356,400,0.45,499,0.002,1
hidden_orthogonal,complete_fibre_lr,356,400,0.45,499,0.002,1
hidden_orthogonal,ml_residual,356,400,0.45,499,0.01,1
hidden_orthogonal,support_complete,357,400,0.45,499,0.002,1
hidden_orthogonal,generalized_cmh,357,400,0.45,499,0.002,1
hidden_orthogonal,complete_fibre_lr,357,400,0.45,499,0.002,1
hidden_orthogonal,ml_residual,357,400,0.45,499,0.002,1
hidden_orthogonal,support_complete,358,400,0.45,499,0.002,1
hidden_orthogonal,generalized_cmh,358,400,0.45,499,0.002,1
hidden_orthogonal,complete_fibre_lr,358,400,0.45,499,0.002,1
hidden_orthogonal,ml_residual,358,400,0.45,499,0.004,1
hidden_orthogonal,support_complete,359,400,0.45,499,0.002,1
hidden_orthogonal,generalized_cmh,359,400,0.45,499,0.002,1
hidden_orthogonal,complete_fibre_lr,359,400,0.45,499,0.002,1
hidden_orthogonal,ml_residual,359,400,0.45,499,0.002,1
hidden_orthogonal,support_complete,360,400,0.45,499,0.002,1
hidden_orthogonal,generalized_cmh,360,400,0.45,499,0.002,1
hidden_orthogonal,complete_fibre_lr,360,400,0.45,499,0.002,1
hidden_orthogonal,ml_residual,360,400,0.45,499,0.002,1
hidden_orthogonal,support_complete,361,400,0.45,499,0.002,1
hidden_orthogonal,generalized_cmh,361,400,0.45,499,0.002,1
hidden_orthogonal,complete_fibre_lr,361,400,0.45,499,0.002,1
hidden_orthogonal,ml_residual,361,400,0.45,499,0.002,1
hidden_orthogonal,support_complete,362,400,0.45,499,0.002,1
hidden_orthogonal,generalized_cmh,362,400,0.45,499,0.002,1
hidden_orthogonal,complete_fibre_lr,362,400,0.45,499,0.002,1
hidden_orthogonal,ml_residual,362,400,0.45,499,0.002,1
hidden_orthogonal,support_complete,363,400,0.45,499,0.002,1
hidden_orthogonal,generalized_cmh,363,400,0.45,499,0.002,1
hidden_orthogonal,complete_fibre_lr,363,400,0.45,499,0.002,1
hidden_orthogonal,ml_residual,363,400,0.45,499,0.002,1
hidden_orthogonal,support_complete,364,400,0.45,499,0.002,1
hidden_orthogonal,generalized_cmh,364,400,0.45,499,0.002,1
hidden_orthogonal,complete_fibre_lr,364,400,0.45,499,0.002,1
hidden_orthogonal,ml_residual,364,400,0.45,499,0.002,1
hidden_orthogonal,support_complete,365,400,0.45,499,0.002,1
hidden_orthogonal,generalized_cmh,365,400,0.45,499,0.002,1
hidden_orthogonal,complete_fibre_lr,365,400,0.45,499,0.002,1
hidden_orthogonal,ml_residual,365,400,0.45,499,0.004,1
hidden_orthogonal,support_complete,366,400,0.45,499,0.002,1
hidden_orthogonal,generalized_cmh,366,400,0.45,499,0.002,1
hidden_orthogonal,complete_fibre_lr,366,400,0.45,499,0.002,1
hidden_orthogonal,ml_residual,366,400,0.45,499,0.002,1
hidden_orthogonal,support_complete,367,400,0.45,499,0.002,1
hidden_orthogonal,generalized_cmh,367,400,0.45,499,0.002,1
hidden_orthogonal,complete_fibre_lr,367,400,0.45,499,0.002,1
hidden_orthogonal,ml_residual,367,400,0.45,499,0.002,1
hidden_orthogonal,support_complete,368,400,0.45,499,0.002,1
hidden_orthogonal,generalized_cmh,368,400,0.45,499,0.002,1
hidden_orthogonal,complete_fibre_lr,368,400,0.45,499,0.002,1
hidden_orthogonal,ml_residual,368,400,0.45,499,0.002,1
hidden_orthogonal,support_complete,369,400,0.45,499,0.002,1
hidden_orthogonal,generalized_cmh,369,400,0.45,499,0.002,1
hidden_orthogonal,complete_fibre_lr,369,400,0.45,499,0.002,1
hidden_orthogonal,ml_residual,369,400,0.45,499,0.002,1
hidden_orthogonal,support_complete,370,400,0.45,499,0.002,1
hidden_orthogonal,generalized_cmh,370,400,0.45,499,0.002,1
hidden_orthogonal,complete_fibre_lr,370,400,0.45,499,0.002,1
hidden_orthogonal,ml_residual,370,400,0.45,499,0.002,1
hidden_orthogonal,support_complete,371,400,0.45,499,0.002,1
hidden_orthogonal,generalized_cmh,371,400,0.45,499,0.002,1
hidden_orthogonal,complete_fibre_lr,371,400,0.45,499,0.002,1
hidden_orthogonal,ml_residual,371,400,0.45,499,0.002,1
hidden_orthogonal,support_complete,372,400,0.45,499,0.002,1
hidden_orthogonal,generalized_cmh,372,400,0.45,499,0.002,1
hidden_orthogonal,complete_fibre_lr,372,400,0.45,499,0.002,1
hidden_orthogonal,ml_residual,372,400,0.45,499,0.002,1
hidden_orthogonal,support_complete,373,400,0.45,499,0.002,1
hidden_orthogonal,generalized_cmh,373,400,0.45,499,0.002,1
hidden_orthogonal,complete_fibre_lr,373,400,0.45,499,0.002,1
hidden_orthogonal,ml_residual,373,400,0.45,499,0.002,1
hidden_orthogonal,support_complete,374,400,0.45,499,0.002,1
hidden_orthogonal,generalized_cmh,374,400,0.45,499,0.002,1
hidden_orthogonal,complete_fibre_lr,374,400,0.45,499,0.002,1
hidden_orthogonal,ml_residual,374,400,0.45,499,0.002,1
hidden_orthogonal,support_complete,375,400,0.45,499,0.002,1
hidden_orthogonal,generalized_cmh,375,400,0.45,499,0.002,1
hidden_orthogonal,complete_fibre_lr,375,400,0.45,499,0.002,1
hidden_orthogonal,ml_residual,375,400,0.45,499,0.002,1
hidden_orthogonal,support_complete,376,400,0.45,499,0.002,1
hidden_orthogonal,generalized_cmh,376,400,0.45,499,0.002,1
hidden_orthogonal,complete_fibre_lr,376,400,0.45,499,0.002,1
hidden_orthogonal,ml_residual,376,400,0.45,499,0.002,1
hidden_orthogonal,support_complete,377,400,0.45,499,0.002,1
hidden_orthogonal,generalized_cmh,377,400,0.45,499,0.002,1
hidden_orthogonal,complete_fibre_lr,377,400,0.45,499,0.002,1
hidden_orthogonal,ml_residual,377,400,0.45,499,0.002,1
hidden_orthogonal,support_complete,378,400,0.45,499,0.002,1
hidden_orthogonal,generalized_cmh,378,400,0.45,499,0.002,1
hidden_orthogonal,complete_fibre_lr,378,400,0.45,499,0.002,1
hidden_orthogonal,ml_residual,378,400,0.45,499,0.002,1
hidden_orthogonal,support_complete,379,400,0.45,499,0.002,1
hidden_orthogonal,generalized_cmh,379,400,0.45,499,0.002,1
hidden_orthogonal,complete_fibre_lr,379,400,0.45,499,0.002,1
hidden_orthogonal,ml_residual,379,400,0.45,499,0.002,1
hidden_orthogonal,support_complete,380,400,0.45,499,0.002,1
hidden_orthogonal,generalized_cmh,380,400,0.45,499,0.002,1
hidden_orthogonal,complete_fibre_lr,380,400,0.45,499,0.002,1
hidden_orthogonal,ml_residual,380,400,0.45,499,0.002,1
hidden_orthogonal,support_complete,381,400,0.45,499,0.002,1
hidden_orthogonal,generalized_cmh,381,400,0.45,499,0.002,1
hidden_orthogonal,complete_fibre_lr,381,400,0.45,499,0.002,1
hidden_orthogonal,ml_residual,381,400,0.45,499,0.002,1
hidden_orthogonal,support_complete,382,400,0.45,499,0.002,1
hidden_orthogonal,generalized_cmh,382,400,0.45,499,0.002,1
hidden_orthogonal,complete_fibre_lr,382,400,0.45,499,0.002,1
hidden_orthogonal,ml_residual,382,400,0.45,499,0.002,1
hidden_orthogonal,support_complete,383,400,0.45,499,0.002,1
hidden_orthogonal,generalized_cmh,383,400,0.45,499,0.002,1
hidden_orthogonal,complete_fibre_lr,383,400,0.45,499,0.002,1
hidden_orthogonal,ml_residual,383,400,0.45,499,0.002,1
hidden_orthogonal,support_complete,384,400,0.45,499,0.002,1
hidden_orthogonal,generalized_cmh,384,400,0.45,499,0.002,1
hidden_orthogonal,complete_fibre_lr,384,400,0.45,499,0.002,1
hidden_orthogonal,ml_residual,384,400,0.45,499,0.002,1
hidden_orthogonal,support_complete,385,400,0.45,499,0.002,1
hidden_orthogonal,generalized_cmh,385,400,0.45,499,0.002,1
hidden_orthogonal,complete_fibre_lr,385,400,0.45,499,0.002,1
hidden_orthogonal,ml_residual,385,400,0.45,499,0.002,1
hidden_orthogonal,support_complete,386,400,0.45,499,0.002,1
hidden_orthogonal,generalized_cmh,386,400,0.45,499,0.002,1
hidden_orthogonal,complete_fibre_lr,386,400,0.45,499,0.002,1
hidden_orthogonal,ml_residual,386,400,0.45,499,0.002,1
hidden_orthogonal,support_complete,387,400,0.45,499,0.002,1
hidden_orthogonal,generalized_cmh,387,400,0.45,499,0.002,1
hidden_orthogonal,complete_fibre_lr,387,400,0.45,499,0.002,1
hidden_orthogonal,ml_residual,387,400,0.45,499,0.002,1
hidden_orthogonal,support_complete,388,400,0.45,499,0.002,1
hidden_orthogonal,generalized_cmh,388,400,0.45,499,0.002,1
hidden_orthogonal,complete_fibre_lr,388,400,0.45,499,0.002,1
hidden_orthogonal,ml_residual,388,400,0.45,499,0.002,1
hidden_orthogonal,support_complete,389,400,0.45,499,0.002,1
hidden_orthogonal,generalized_cmh,389,400,0.45,499,0.002,1
hidden_orthogonal,complete_fibre_lr,389,400,0.45,499,0.002,1
hidden_orthogonal,ml_residual,389,400,0.45,499,0.002,1
hidden_orthogonal,support_complete,390,400,0.45,499,0.002,1
hidden_orthogonal,generalized_cmh,390,400,0.45,499,0.002,1
hidden_orthogonal,complete_fibre_lr,390,400,0.45,499,0.002,1
hidden_orthogonal,ml_residual,390,400,0.45,499,0.002,1
hidden_orthogonal,support_complete,391,400,0.45,499,0.002,1
hidden_orthogonal,generalized_cmh,391,400,0.45,499,0.002,1
hidden_orthogonal,complete_fibre_lr,391,400,0.45,499,0.002,1
hidden_orthogonal,ml_residual,391,400,0.45,499,0.002,1
hidden_orthogonal,support_complete,392,400,0.45,499,0.002,1
hidden_orthogonal,generalized_cmh,392,400,0.45,499,0.002,1
hidden_orthogonal,complete_fibre_lr,392,400,0.45,499,0.002,1
hidden_orthogonal,ml_residual,392,400,0.45,499,0.002,1
hidden_orthogonal,support_complete,393,400,0.45,499,0.002,1
hidden_orthogonal,generalized_cmh,393,400,0.45,499,0.002,1
hidden_orthogonal,complete_fibre_lr,393,400,0.45,499,0.002,1
hidden_orthogonal,ml_residual,393,400,0.45,499,0.002,1
hidden_orthogonal,support_complete,394,400,0.45,499,0.002,1
hidden_orthogonal,generalized_cmh,394,400,0.45,499,0.002,1
hidden_orthogonal,complete_fibre_lr,394,400,0.45,499,0.002,1
hidden_orthogonal,ml_residual,394,400,0.45,499,0.002,1
hidden_orthogonal,support_complete,395,400,0.45,499,0.002,1
hidden_orthogonal,generalized_cmh,395,400,0.45,499,0.002,1
hidden_orthogonal,complete_fibre_lr,395,400,0.45,499,0.002,1
hidden_orthogonal,ml_residual,395,400,0.45,499,0.002,1
hidden_orthogonal,support_complete,396,400,0.45,499,0.002,1
hidden_orthogonal,generalized_cmh,396,400,0.45,499,0.002,1
hidden_orthogonal,complete_fibre_lr,396,400,0.45,499,0.002,1
hidden_orthogonal,ml_residual,396,400,0.45,499,0.002,1
hidden_orthogonal,support_complete,397,400,0.45,499,0.002,1
hidden_orthogonal,generalized_cmh,397,400,0.45,499,0.002,1
hidden_orthogonal,complete_fibre_lr,397,400,0.45,499,0.002,1
hidden_orthogonal,ml_residual,397,400,0.45,499,0.002,1
hidden_orthogonal,support_complete,398,400,0.45,499,0.002,1
hidden_orthogonal,generalized_cmh,398,400,0.45,499,0.002,1
hidden_orthogonal,complete_fibre_lr,398,400,0.45,499,0.002,1
hidden_orthogonal,ml_residual,398,400,0.45,499,0.002,1
hidden_orthogonal,support_complete,399,400,0.45,499,0.002,1
hidden_orthogonal,generalized_cmh,399,400,0.45,499,0.002,1
hidden_orthogonal,complete_fibre_lr,399,400,0.45,499,0.002,1
hidden_orthogonal,ml_residual,399,400,0.45,499,0.002,1
hidden_orthogonal,support_complete,400,400,0.45,499,0.002,1
hidden_orthogonal,generalized_cmh,400,400,0.45,499,0.002,1
hidden_orthogonal,complete_fibre_lr,400,400,0.45,499,0.002,1
hidden_orthogonal,ml_residual,400,400,0.45,499,0.002,1
hidden_orthogonal,support_complete,401,400,0.45,499,0.002,1
hidden_orthogonal,generalized_cmh,401,400,0.45,499,0.002,1
hidden_orthogonal,complete_fibre_lr,401,400,0.45,499,0.002,1
hidden_orthogonal,ml_residual,401,400,0.45,499,0.002,1
hidden_orthogonal,support_complete,402,400,0.45,499,0.002,1
hidden_orthogonal,generalized_cmh,402,400,0.45,499,0.002,1
hidden_orthogonal,complete_fibre_lr,402,400,0.45,499,0.002,1
hidden_orthogonal,ml_residual,402,400,0.45,499,0.002,1
hidden_orthogonal,support_complete,403,400,0.45,499,0.002,1
hidden_orthogonal,generalized_cmh,403,400,0.45,499,0.002,1
hidden_orthogonal,complete_fibre_lr,403,400,0.45,499,0.002,1
hidden_orthogonal,ml_residual,403,400,0.45,499,0.002,1
hidden_orthogonal,support_complete,404,400,0.45,499,0.002,1
hidden_orthogonal,generalized_cmh,404,400,0.45,499,0.002,1
hidden_orthogonal,complete_fibre_lr,404,400,0.45,499,0.002,1
hidden_orthogonal,ml_residual,404,400,0.45,499,0.002,1
hidden_orthogonal,support_complete,405,400,0.45,499,0.002,1
hidden_orthogonal,generalized_cmh,405,400,0.45,499,0.002,1
hidden_orthogonal,complete_fibre_lr,405,400,0.45,499,0.002,1
hidden_orthogonal,ml_residual,405,400,0.45,499,0.002,1
hidden_orthogonal,support_complete,406,400,0.45,499,0.002,1
hidden_orthogonal,generalized_cmh,406,400,0.45,499,0.002,1
hidden_orthogonal,complete_fibre_lr,406,400,0.45,499,0.002,1
hidden_orthogonal,ml_residual,406,400,0.45,499,0.002,1
hidden_orthogonal,support_complete,407,400,0.45,499,0.002,1
hidden_orthogonal,generalized_cmh,407,400,0.45,499,0.002,1
hidden_orthogonal,complete_fibre_lr,407,400,0.45,499,0.002,1
hidden_orthogonal,ml_residual,407,400,0.45,499,0.002,1
hidden_orthogonal,support_complete,408,400,0.45,499,0.002,1
hidden_orthogonal,generalized_cmh,408,400,0.45,499,0.002,1
hidden_orthogonal,complete_fibre_lr,408,400,0.45,499,0.002,1
hidden_orthogonal,ml_residual,408,400,0.45,499,0.002,1
hidden_orthogonal,support_complete,409,400,0.45,499,0.002,1
hidden_orthogonal,generalized_cmh,409,400,0.45,499,0.002,1
hidden_orthogonal,complete_fibre_lr,409,400,0.45,499,0.002,1
hidden_orthogonal,ml_residual,409,400,0.45,499,0.014,1
hidden_orthogonal,support_complete,410,400,0.45,499,0.002,1
hidden_orthogonal,generalized_cmh,410,400,0.45,499,0.002,1
hidden_orthogonal,complete_fibre_lr,410,400,0.45,499,0.002,1
hidden_orthogonal,ml_residual,410,400,0.45,499,0.002,1
hidden_orthogonal,support_complete,411,400,0.45,499,0.002,1
hidden_orthogonal,generalized_cmh,411,400,0.45,499,0.002,1
hidden_orthogonal,complete_fibre_lr,411,400,0.45,499,0.002,1
hidden_orthogonal,ml_residual,411,400,0.45,499,0.002,1
hidden_orthogonal,support_complete,412,400,0.45,499,0.002,1
hidden_orthogonal,generalized_cmh,412,400,0.45,499,0.002,1
hidden_orthogonal,complete_fibre_lr,412,400,0.45,499,0.002,1
hidden_orthogonal,ml_residual,412,400,0.45,499,0.004,1
hidden_orthogonal,support_complete,413,400,0.45,499,0.002,1
hidden_orthogonal,generalized_cmh,413,400,0.45,499,0.002,1
hidden_orthogonal,complete_fibre_lr,413,400,0.45,499,0.002,1
hidden_orthogonal,ml_residual,413,400,0.45,499,0.002,1
hidden_orthogonal,support_complete,414,400,0.45,499,0.002,1
hidden_orthogonal,generalized_cmh,414,400,0.45,499,0.002,1
hidden_orthogonal,complete_fibre_lr,414,400,0.45,499,0.002,1
hidden_orthogonal,ml_residual,414,400,0.45,499,0.002,1
hidden_orthogonal,support_complete,415,400,0.45,499,0.002,1
hidden_orthogonal,generalized_cmh,415,400,0.45,499,0.002,1
hidden_orthogonal,complete_fibre_lr,415,400,0.45,499,0.002,1
hidden_orthogonal,ml_residual,415,400,0.45,499,0.002,1
hidden_orthogonal,support_complete,416,400,0.45,499,0.002,1
hidden_orthogonal,generalized_cmh,416,400,0.45,499,0.002,1
hidden_orthogonal,complete_fibre_lr,416,400,0.45,499,0.002,1
hidden_orthogonal,ml_residual,416,400,0.45,499,0.002,1
hidden_orthogonal,support_complete,417,400,0.45,499,0.002,1
hidden_orthogonal,generalized_cmh,417,400,0.45,499,0.002,1
hidden_orthogonal,complete_fibre_lr,417,400,0.45,499,0.002,1
hidden_orthogonal,ml_residual,417,400,0.45,499,0.002,1
hidden_orthogonal,support_complete,418,400,0.45,499,0.002,1
hidden_orthogonal,generalized_cmh,418,400,0.45,499,0.002,1
hidden_orthogonal,complete_fibre_lr,418,400,0.45,499,0.002,1
hidden_orthogonal,ml_residual,418,400,0.45,499,0.002,1
hidden_orthogonal,support_complete,419,400,0.45,499,0.002,1
hidden_orthogonal,generalized_cmh,419,400,0.45,499,0.002,1
hidden_orthogonal,complete_fibre_lr,419,400,0.45,499,0.002,1
hidden_orthogonal,ml_residual,419,400,0.45,499,0.002,1
hidden_orthogonal,support_complete,420,400,0.45,499,0.002,1
hidden_orthogonal,generalized_cmh,420,400,0.45,499,0.002,1
hidden_orthogonal,complete_fibre_lr,420,400,0.45,499,0.002,1
hidden_orthogonal,ml_residual,420,400,0.45,499,0.034,1
hidden_orthogonal,support_complete,421,400,0.45,499,0.002,1
hidden_orthogonal,generalized_cmh,421,400,0.45,499,0.002,1
hidden_orthogonal,complete_fibre_lr,421,400,0.45,499,0.002,1
hidden_orthogonal,ml_residual,421,400,0.45,499,0.002,1
hidden_orthogonal,support_complete,422,400,0.45,499,0.002,1
hidden_orthogonal,generalized_cmh,422,400,0.45,499,0.002,1
hidden_orthogonal,complete_fibre_lr,422,400,0.45,499,0.002,1
hidden_orthogonal,ml_residual,422,400,0.45,499,0.002,1
hidden_orthogonal,support_complete,423,400,0.45,499,0.002,1
hidden_orthogonal,generalized_cmh,423,400,0.45,499,0.002,1
hidden_orthogonal,complete_fibre_lr,423,400,0.45,499,0.002,1
hidden_orthogonal,ml_residual,423,400,0.45,499,0.002,1
hidden_orthogonal,support_complete,424,400,0.45,499,0.002,1
hidden_orthogonal,generalized_cmh,424,400,0.45,499,0.002,1
hidden_orthogonal,complete_fibre_lr,424,400,0.45,499,0.002,1
hidden_orthogonal,ml_residual,424,400,0.45,499,0.002,1
hidden_orthogonal,support_complete,425,400,0.45,499,0.002,1
hidden_orthogonal,generalized_cmh,425,400,0.45,499,0.002,1
hidden_orthogonal,complete_fibre_lr,425,400,0.45,499,0.002,1
hidden_orthogonal,ml_residual,425,400,0.45,499,0.002,1
hidden_orthogonal,support_complete,426,400,0.45,499,0.002,1
hidden_orthogonal,generalized_cmh,426,400,0.45,499,0.002,1
hidden_orthogonal,complete_fibre_lr,426,400,0.45,499,0.002,1
hidden_orthogonal,ml_residual,426,400,0.45,499,0.002,1
hidden_orthogonal,support_complete,427,400,0.45,499,0.002,1
hidden_orthogonal,generalized_cmh,427,400,0.45,499,0.002,1
hidden_orthogonal,complete_fibre_lr,427,400,0.45,499,0.002,1
hidden_orthogonal,ml_residual,427,400,0.45,499,0.002,1
hidden_orthogonal,support_complete,428,400,0.45,499,0.002,1
hidden_orthogonal,generalized_cmh,428,400,0.45,499,0.002,1
hidden_orthogonal,complete_fibre_lr,428,400,0.45,499,0.002,1
hidden_orthogonal,ml_residual,428,400,0.45,499,0.002,1
hidden_orthogonal,support_complete,429,400,0.45,499,0.002,1
hidden_orthogonal,generalized_cmh,429,400,0.45,499,0.002,1
hidden_orthogonal,complete_fibre_lr,429,400,0.45,499,0.002,1
hidden_orthogonal,ml_residual,429,400,0.45,499,0.002,1
hidden_orthogonal,support_complete,430,400,0.45,499,0.002,1
hidden_orthogonal,generalized_cmh,430,400,0.45,499,0.002,1
hidden_orthogonal,complete_fibre_lr,430,400,0.45,499,0.002,1
hidden_orthogonal,ml_residual,430,400,0.45,499,0.002,1
hidden_orthogonal,support_complete,431,400,0.45,499,0.002,1
hidden_orthogonal,generalized_cmh,431,400,0.45,499,0.002,1
hidden_orthogonal,complete_fibre_lr,431,400,0.45,499,0.002,1
hidden_orthogonal,ml_residual,431,400,0.45,499,0.002,1
hidden_orthogonal,support_complete,432,400,0.45,499,0.002,1
hidden_orthogonal,generalized_cmh,432,400,0.45,499,0.002,1
hidden_orthogonal,complete_fibre_lr,432,400,0.45,499,0.002,1
hidden_orthogonal,ml_residual,432,400,0.45,499,0.002,1
hidden_orthogonal,support_complete,433,400,0.45,499,0.002,1
hidden_orthogonal,generalized_cmh,433,400,0.45,499,0.002,1
hidden_orthogonal,complete_fibre_lr,433,400,0.45,499,0.002,1
hidden_orthogonal,ml_residual,433,400,0.45,499,0.002,1
hidden_orthogonal,support_complete,434,400,0.45,499,0.002,1
hidden_orthogonal,generalized_cmh,434,400,0.45,499,0.002,1
hidden_orthogonal,complete_fibre_lr,434,400,0.45,499,0.002,1
hidden_orthogonal,ml_residual,434,400,0.45,499,0.002,1
hidden_orthogonal,support_complete,435,400,0.45,499,0.002,1
hidden_orthogonal,generalized_cmh,435,400,0.45,499,0.002,1
hidden_orthogonal,complete_fibre_lr,435,400,0.45,499,0.002,1
hidden_orthogonal,ml_residual,435,400,0.45,499,0.002,1
hidden_orthogonal,support_complete,436,400,0.45,499,0.002,1
hidden_orthogonal,generalized_cmh,436,400,0.45,499,0.002,1
hidden_orthogonal,complete_fibre_lr,436,400,0.45,499,0.002,1
hidden_orthogonal,ml_residual,436,400,0.45,499,0.002,1
hidden_orthogonal,support_complete,437,400,0.45,499,0.002,1
hidden_orthogonal,generalized_cmh,437,400,0.45,499,0.002,1
hidden_orthogonal,complete_fibre_lr,437,400,0.45,499,0.002,1
hidden_orthogonal,ml_residual,437,400,0.45,499,0.002,1
hidden_orthogonal,support_complete,438,400,0.45,499,0.002,1
hidden_orthogonal,generalized_cmh,438,400,0.45,499,0.002,1
hidden_orthogonal,complete_fibre_lr,438,400,0.45,499,0.002,1
hidden_orthogonal,ml_residual,438,400,0.45,499,0.002,1
hidden_orthogonal,support_complete,439,400,0.45,499,0.002,1
hidden_orthogonal,generalized_cmh,439,400,0.45,499,0.002,1
hidden_orthogonal,complete_fibre_lr,439,400,0.45,499,0.002,1
hidden_orthogonal,ml_residual,439,400,0.45,499,0.002,1
hidden_orthogonal,support_complete,440,400,0.45,499,0.002,1
hidden_orthogonal,generalized_cmh,440,400,0.45,499,0.002,1
hidden_orthogonal,complete_fibre_lr,440,400,0.45,499,0.002,1
hidden_orthogonal,ml_residual,440,400,0.45,499,0.002,1
hidden_orthogonal,support_complete,441,400,0.45,499,0.002,1
hidden_orthogonal,generalized_cmh,441,400,0.45,499,0.002,1
hidden_orthogonal,complete_fibre_lr,441,400,0.45,499,0.002,1
hidden_orthogonal,ml_residual,441,400,0.45,499,0.002,1
hidden_orthogonal,support_complete,442,400,0.45,499,0.002,1
hidden_orthogonal,generalized_cmh,442,400,0.45,499,0.002,1
hidden_orthogonal,complete_fibre_lr,442,400,0.45,499,0.002,1
hidden_orthogonal,ml_residual,442,400,0.45,499,0.002,1
hidden_orthogonal,support_complete,443,400,0.45,499,0.002,1
hidden_orthogonal,generalized_cmh,443,400,0.45,499,0.002,1
hidden_orthogonal,complete_fibre_lr,443,400,0.45,499,0.002,1
hidden_orthogonal,ml_residual,443,400,0.45,499,0.002,1
hidden_orthogonal,support_complete,444,400,0.45,499,0.002,1
hidden_orthogonal,generalized_cmh,444,400,0.45,499,0.002,1
hidden_orthogonal,complete_fibre_lr,444,400,0.45,499,0.002,1
hidden_orthogonal,ml_residual,444,400,0.45,499,0.006,1
hidden_orthogonal,support_complete,445,400,0.45,499,0.002,1
hidden_orthogonal,generalized_cmh,445,400,0.45,499,0.002,1
hidden_orthogonal,complete_fibre_lr,445,400,0.45,499,0.002,1
hidden_orthogonal,ml_residual,445,400,0.45,499,0.004,1
hidden_orthogonal,support_complete,446,400,0.45,499,0.002,1
hidden_orthogonal,generalized_cmh,446,400,0.45,499,0.002,1
hidden_orthogonal,complete_fibre_lr,446,400,0.45,499,0.002,1
hidden_orthogonal,ml_residual,446,400,0.45,499,0.002,1
hidden_orthogonal,support_complete,447,400,0.45,499,0.002,1
hidden_orthogonal,generalized_cmh,447,400,0.45,499,0.002,1
hidden_orthogonal,complete_fibre_lr,447,400,0.45,499,0.002,1
hidden_orthogonal,ml_residual,447,400,0.45,499,0.002,1
hidden_orthogonal,support_complete,448,400,0.45,499,0.002,1
hidden_orthogonal,generalized_cmh,448,400,0.45,499,0.002,1
hidden_orthogonal,complete_fibre_lr,448,400,0.45,499,0.002,1
hidden_orthogonal,ml_residual,448,400,0.45,499,0.002,1
hidden_orthogonal,support_complete,449,400,0.45,499,0.002,1
hidden_orthogonal,generalized_cmh,449,400,0.45,499,0.002,1
hidden_orthogonal,complete_fibre_lr,449,400,0.45,499,0.002,1
hidden_orthogonal,ml_residual,449,400,0.45,499,0.002,1
hidden_orthogonal,support_complete,450,400,0.45,499,0.002,1
hidden_orthogonal,generalized_cmh,450,400,0.45,499,0.002,1
hidden_orthogonal,complete_fibre_lr,450,400,0.45,499,0.002,1
hidden_orthogonal,ml_residual,450,400,0.45,499,0.002,1
hidden_orthogonal,support_complete,451,400,0.45,499,0.002,1
hidden_orthogonal,generalized_cmh,451,400,0.45,499,0.002,1
hidden_orthogonal,complete_fibre_lr,451,400,0.45,499,0.002,1
hidden_orthogonal,ml_residual,451,400,0.45,499,0.002,1
hidden_orthogonal,support_complete,452,400,0.45,499,0.002,1
hidden_orthogonal,generalized_cmh,452,400,0.45,499,0.002,1
hidden_orthogonal,complete_fibre_lr,452,400,0.45,499,0.002,1
hidden_orthogonal,ml_residual,452,400,0.45,499,0.004,1
hidden_orthogonal,support_complete,453,400,0.45,499,0.002,1
hidden_orthogonal,generalized_cmh,453,400,0.45,499,0.002,1
hidden_orthogonal,complete_fibre_lr,453,400,0.45,499,0.002,1
hidden_orthogonal,ml_residual,453,400,0.45,499,0.002,1
hidden_orthogonal,support_complete,454,400,0.45,499,0.002,1
hidden_orthogonal,generalized_cmh,454,400,0.45,499,0.002,1
hidden_orthogonal,complete_fibre_lr,454,400,0.45,499,0.002,1
hidden_orthogonal,ml_residual,454,400,0.45,499,0.004,1
hidden_orthogonal,support_complete,455,400,0.45,499,0.002,1
hidden_orthogonal,generalized_cmh,455,400,0.45,499,0.002,1
hidden_orthogonal,complete_fibre_lr,455,400,0.45,499,0.002,1
hidden_orthogonal,ml_residual,455,400,0.45,499,0.002,1
hidden_orthogonal,support_complete,456,400,0.45,499,0.002,1
hidden_orthogonal,generalized_cmh,456,400,0.45,499,0.002,1
hidden_orthogonal,complete_fibre_lr,456,400,0.45,499,0.002,1
hidden_orthogonal,ml_residual,456,400,0.45,499,0.002,1
hidden_orthogonal,support_complete,457,400,0.45,499,0.002,1
hidden_orthogonal,generalized_cmh,457,400,0.45,499,0.002,1
hidden_orthogonal,complete_fibre_lr,457,400,0.45,499,0.002,1
hidden_orthogonal,ml_residual,457,400,0.45,499,0.002,1
hidden_orthogonal,support_complete,458,400,0.45,499,0.002,1
hidden_orthogonal,generalized_cmh,458,400,0.45,499,0.002,1
hidden_orthogonal,complete_fibre_lr,458,400,0.45,499,0.002,1
hidden_orthogonal,ml_residual,458,400,0.45,499,0.002,1
hidden_orthogonal,support_complete,459,400,0.45,499,0.002,1
hidden_orthogonal,generalized_cmh,459,400,0.45,499,0.002,1
hidden_orthogonal,complete_fibre_lr,459,400,0.45,499,0.002,1
hidden_orthogonal,ml_residual,459,400,0.45,499,0.004,1
hidden_orthogonal,support_complete,460,400,0.45,499,0.002,1
hidden_orthogonal,generalized_cmh,460,400,0.45,499,0.002,1
hidden_orthogonal,complete_fibre_lr,460,400,0.45,499,0.002,1
hidden_orthogonal,ml_residual,460,400,0.45,499,0.002,1
hidden_orthogonal,support_complete,461,400,0.45,499,0.002,1
hidden_orthogonal,generalized_cmh,461,400,0.45,499,0.002,1
hidden_orthogonal,complete_fibre_lr,461,400,0.45,499,0.002,1
hidden_orthogonal,ml_residual,461,400,0.45,499,0.002,1
hidden_orthogonal,support_complete,462,400,0.45,499,0.002,1
hidden_orthogonal,generalized_cmh,462,400,0.45,499,0.002,1
hidden_orthogonal,complete_fibre_lr,462,400,0.45,499,0.002,1
hidden_orthogonal,ml_residual,462,400,0.45,499,0.002,1
hidden_orthogonal,support_complete,463,400,0.45,499,0.002,1
hidden_orthogonal,generalized_cmh,463,400,0.45,499,0.002,1
hidden_orthogonal,complete_fibre_lr,463,400,0.45,499,0.002,1
hidden_orthogonal,ml_residual,463,400,0.45,499,0.002,1
hidden_orthogonal,support_complete,464,400,0.45,499,0.002,1
hidden_orthogonal,generalized_cmh,464,400,0.45,499,0.002,1
hidden_orthogonal,complete_fibre_lr,464,400,0.45,499,0.002,1
hidden_orthogonal,ml_residual,464,400,0.45,499,0.002,1
hidden_orthogonal,support_complete,465,400,0.45,499,0.002,1
hidden_orthogonal,generalized_cmh,465,400,0.45,499,0.002,1
hidden_orthogonal,complete_fibre_lr,465,400,0.45,499,0.002,1
hidden_orthogonal,ml_residual,465,400,0.45,499,0.002,1
hidden_orthogonal,support_complete,466,400,0.45,499,0.002,1
hidden_orthogonal,generalized_cmh,466,400,0.45,499,0.002,1
hidden_orthogonal,complete_fibre_lr,466,400,0.45,499,0.002,1
hidden_orthogonal,ml_residual,466,400,0.45,499,0.004,1
hidden_orthogonal,support_complete,467,400,0.45,499,0.002,1
hidden_orthogonal,generalized_cmh,467,400,0.45,499,0.002,1
hidden_orthogonal,complete_fibre_lr,467,400,0.45,499,0.002,1
hidden_orthogonal,ml_residual,467,400,0.45,499,0.002,1
hidden_orthogonal,support_complete,468,400,0.45,499,0.002,1
hidden_orthogonal,generalized_cmh,468,400,0.45,499,0.002,1
hidden_orthogonal,complete_fibre_lr,468,400,0.45,499,0.002,1
hidden_orthogonal,ml_residual,468,400,0.45,499,0.002,1
hidden_orthogonal,support_complete,469,400,0.45,499,0.002,1
hidden_orthogonal,generalized_cmh,469,400,0.45,499,0.002,1
hidden_orthogonal,complete_fibre_lr,469,400,0.45,499,0.002,1
hidden_orthogonal,ml_residual,469,400,0.45,499,0.002,1
hidden_orthogonal,support_complete,470,400,0.45,499,0.002,1
hidden_orthogonal,generalized_cmh,470,400,0.45,499,0.002,1
hidden_orthogonal,complete_fibre_lr,470,400,0.45,499,0.002,1
hidden_orthogonal,ml_residual,470,400,0.45,499,0.002,1
hidden_orthogonal,support_complete,471,400,0.45,499,0.002,1
hidden_orthogonal,generalized_cmh,471,400,0.45,499,0.002,1
hidden_orthogonal,complete_fibre_lr,471,400,0.45,499,0.002,1
hidden_orthogonal,ml_residual,471,400,0.45,499,0.004,1
hidden_orthogonal,support_complete,472,400,0.45,499,0.002,1
hidden_orthogonal,generalized_cmh,472,400,0.45,499,0.002,1
hidden_orthogonal,complete_fibre_lr,472,400,0.45,499,0.002,1
hidden_orthogonal,ml_residual,472,400,0.45,499,0.008,1
hidden_orthogonal,support_complete,473,400,0.45,499,0.002,1
hidden_orthogonal,generalized_cmh,473,400,0.45,499,0.002,1
hidden_orthogonal,complete_fibre_lr,473,400,0.45,499,0.002,1
hidden_orthogonal,ml_residual,473,400,0.45,499,0.002,1
hidden_orthogonal,support_complete,474,400,0.45,499,0.002,1
hidden_orthogonal,generalized_cmh,474,400,0.45,499,0.002,1
hidden_orthogonal,complete_fibre_lr,474,400,0.45,499,0.002,1
hidden_orthogonal,ml_residual,474,400,0.45,499,0.006,1
hidden_orthogonal,support_complete,475,400,0.45,499,0.002,1
hidden_orthogonal,generalized_cmh,475,400,0.45,499,0.002,1
hidden_orthogonal,complete_fibre_lr,475,400,0.45,499,0.002,1
hidden_orthogonal,ml_residual,475,400,0.45,499,0.002,1
hidden_orthogonal,support_complete,476,400,0.45,499,0.002,1
hidden_orthogonal,generalized_cmh,476,400,0.45,499,0.002,1
hidden_orthogonal,complete_fibre_lr,476,400,0.45,499,0.002,1
hidden_orthogonal,ml_residual,476,400,0.45,499,0.002,1
hidden_orthogonal,support_complete,477,400,0.45,499,0.002,1
hidden_orthogonal,generalized_cmh,477,400,0.45,499,0.002,1
hidden_orthogonal,complete_fibre_lr,477,400,0.45,499,0.002,1
hidden_orthogonal,ml_residual,477,400,0.45,499,0.002,1
hidden_orthogonal,support_complete,478,400,0.45,499,0.002,1
hidden_orthogonal,generalized_cmh,478,400,0.45,499,0.002,1
hidden_orthogonal,complete_fibre_lr,478,400,0.45,499,0.002,1
hidden_orthogonal,ml_residual,478,400,0.45,499,0.002,1
hidden_orthogonal,support_complete,479,400,0.45,499,0.002,1
hidden_orthogonal,generalized_cmh,479,400,0.45,499,0.002,1
hidden_orthogonal,complete_fibre_lr,479,400,0.45,499,0.002,1
hidden_orthogonal,ml_residual,479,400,0.45,499,0.002,1
hidden_orthogonal,support_complete,480,400,0.45,499,0.002,1
hidden_orthogonal,generalized_cmh,480,400,0.45,499,0.002,1
hidden_orthogonal,complete_fibre_lr,480,400,0.45,499,0.002,1
hidden_orthogonal,ml_residual,480,400,0.45,499,0.002,1
hidden_orthogonal,support_complete,481,400,0.45,499,0.002,1
hidden_orthogonal,generalized_cmh,481,400,0.45,499,0.002,1
hidden_orthogonal,complete_fibre_lr,481,400,0.45,499,0.002,1
hidden_orthogonal,ml_residual,481,400,0.45,499,0.002,1
hidden_orthogonal,support_complete,482,400,0.45,499,0.002,1
hidden_orthogonal,generalized_cmh,482,400,0.45,499,0.002,1
hidden_orthogonal,complete_fibre_lr,482,400,0.45,499,0.002,1
hidden_orthogonal,ml_residual,482,400,0.45,499,0.002,1
hidden_orthogonal,support_complete,483,400,0.45,499,0.002,1
hidden_orthogonal,generalized_cmh,483,400,0.45,499,0.002,1
hidden_orthogonal,complete_fibre_lr,483,400,0.45,499,0.002,1
hidden_orthogonal,ml_residual,483,400,0.45,499,0.004,1
hidden_orthogonal,support_complete,484,400,0.45,499,0.002,1
hidden_orthogonal,generalized_cmh,484,400,0.45,499,0.002,1
hidden_orthogonal,complete_fibre_lr,484,400,0.45,499,0.002,1
hidden_orthogonal,ml_residual,484,400,0.45,499,0.002,1
hidden_orthogonal,support_complete,485,400,0.45,499,0.002,1
hidden_orthogonal,generalized_cmh,485,400,0.45,499,0.002,1
hidden_orthogonal,complete_fibre_lr,485,400,0.45,499,0.002,1
hidden_orthogonal,ml_residual,485,400,0.45,499,0.042,1
hidden_orthogonal,support_complete,486,400,0.45,499,0.002,1
hidden_orthogonal,generalized_cmh,486,400,0.45,499,0.002,1
hidden_orthogonal,complete_fibre_lr,486,400,0.45,499,0.002,1
hidden_orthogonal,ml_residual,486,400,0.45,499,0.002,1
hidden_orthogonal,support_complete,487,400,0.45,499,0.002,1
hidden_orthogonal,generalized_cmh,487,400,0.45,499,0.002,1
hidden_orthogonal,complete_fibre_lr,487,400,0.45,499,0.002,1
hidden_orthogonal,ml_residual,487,400,0.45,499,0.004,1
hidden_orthogonal,support_complete,488,400,0.45,499,0.002,1
hidden_orthogonal,generalized_cmh,488,400,0.45,499,0.002,1
hidden_orthogonal,complete_fibre_lr,488,400,0.45,499,0.002,1
hidden_orthogonal,ml_residual,488,400,0.45,499,0.002,1
hidden_orthogonal,support_complete,489,400,0.45,499,0.002,1
hidden_orthogonal,generalized_cmh,489,400,0.45,499,0.002,1
hidden_orthogonal,complete_fibre_lr,489,400,0.45,499,0.002,1
hidden_orthogonal,ml_residual,489,400,0.45,499,0.002,1
hidden_orthogonal,support_complete,490,400,0.45,499,0.002,1
hidden_orthogonal,generalized_cmh,490,400,0.45,499,0.002,1
hidden_orthogonal,complete_fibre_lr,490,400,0.45,499,0.002,1
hidden_orthogonal,ml_residual,490,400,0.45,499,0.002,1
hidden_orthogonal,support_complete,491,400,0.45,499,0.002,1
hidden_orthogonal,generalized_cmh,491,400,0.45,499,0.002,1
hidden_orthogonal,complete_fibre_lr,491,400,0.45,499,0.002,1
hidden_orthogonal,ml_residual,491,400,0.45,499,0.002,1
hidden_orthogonal,support_complete,492,400,0.45,499,0.002,1
hidden_orthogonal,generalized_cmh,492,400,0.45,499,0.002,1
hidden_orthogonal,complete_fibre_lr,492,400,0.45,499,0.002,1
hidden_orthogonal,ml_residual,492,400,0.45,499,0.002,1
hidden_orthogonal,support_complete,493,400,0.45,499,0.002,1
hidden_orthogonal,generalized_cmh,493,400,0.45,499,0.002,1
hidden_orthogonal,complete_fibre_lr,493,400,0.45,499,0.002,1
hidden_orthogonal,ml_residual,493,400,0.45,499,0.002,1
hidden_orthogonal,support_complete,494,400,0.45,499,0.002,1
hidden_orthogonal,generalized_cmh,494,400,0.45,499,0.002,1
hidden_orthogonal,complete_fibre_lr,494,400,0.45,499,0.002,1
hidden_orthogonal,ml_residual,494,400,0.45,499,0.004,1
hidden_orthogonal,support_complete,495,400,0.45,499,0.002,1
hidden_orthogonal,generalized_cmh,495,400,0.45,499,0.002,1
hidden_orthogonal,complete_fibre_lr,495,400,0.45,499,0.002,1
hidden_orthogonal,ml_residual,495,400,0.45,499,0.002,1
hidden_orthogonal,support_complete,496,400,0.45,499,0.002,1
hidden_orthogonal,generalized_cmh,496,400,0.45,499,0.002,1
hidden_orthogonal,complete_fibre_lr,496,400,0.45,499,0.002,1
hidden_orthogonal,ml_residual,496,400,0.45,499,0.002,1
hidden_orthogonal,support_complete,497,400,0.45,499,0.002,1
hidden_orthogonal,generalized_cmh,497,400,0.45,499,0.002,1
hidden_orthogonal,complete_fibre_lr,497,400,0.45,499,0.002,1
hidden_orthogonal,ml_residual,497,400,0.45,499,0.002,1
hidden_orthogonal,support_complete,498,400,0.45,499,0.002,1
hidden_orthogonal,generalized_cmh,498,400,0.45,499,0.002,1
hidden_orthogonal,complete_fibre_lr,498,400,0.45,499,0.002,1
hidden_orthogonal,ml_residual,498,400,0.45,499,0.002,1
hidden_orthogonal,support_complete,499,400,0.45,499,0.002,1
hidden_orthogonal,generalized_cmh,499,400,0.45,499,0.002,1
hidden_orthogonal,complete_fibre_lr,499,400,0.45,499,0.002,1
hidden_orthogonal,ml_residual,499,400,0.45,499,0.002,1
