design,condition,direction,rep,reject,pvalue,respondents,permutation_reps
balanced_baseline,null,null,0,0,0.274,600,499
balanced_baseline,null,null,1,1,0.006,600,499
balanced_baseline,null,null,2,0,0.652,600,499
balanced_baseline,null,null,3,0,0.592,600,499
balanced_baseline,null,null,4,0,0.79,600,499
balanced_baseline,null,null,5,0,0.556,600,499
balanced_baseline,null,null,6,0,0.298,600,499
balanced_baseline,null,null,7,0,0.97,600,499
balanced_baseline,null,null,8,0,0.75,600,499
balanced_baseline,null,null,9,0,0.716,600,499
balanced_baseline,null,null,10,0,1.0,600,499
balanced_baseline,null,null,11,0,0.476,600,499
balanced_baseline,null,null,12,0,0.682,600,499
balanced_baseline,null,null,13,0,0.618,600,499
balanced_baseline,null,null,14,0,0.574,600,499
balanced_baseline,null,null,15,0,0.07,600,499
balanced_baseline,null,null,16,0,0.122,600,499
balanced_baseline,null,null,17,0,0.25,600,499
balanced_baseline,null,null,18,0,0.354,600,499
balanced_baseline,null,null,19,0,0.904,600,499
balanced_baseline,null,null,20,0,0.186,600,499
balanced_baseline,null,null,21,0,0.678,600,499
balanced_baseline,null,null,22,0,0.454,600,499
balanced_baseline,null,null,23,0,0.378,600,499
balanced_baseline,null,null,24,0,0.12,600,499
balanced_baseline,null,null,25,0,0.762,600,499
balanced_baseline,null,null,26,0,0.654,600,499
balanced_baseline,null,null,27,0,0.906,600,499
balanced_baseline,null,null,28,0,0.46,600,499
balanced_baseline,null,null,29,0,0.476,600,499
balanced_baseline,null,null,30,0,0.94,600,499
balanced_baseline,null,null,31,0,0.552,600,499
balanced_baseline,null,null,32,0,0.282,600,499
balanced_baseline,null,null,33,0,0.212,600,499
balanced_baseline,null,null,34,0,0.84,600,499
balanced_baseline,null,null,35,0,0.486,600,499
balanced_baseline,null,null,36,0,0.688,600,499
balanced_baseline,null,null,37,0,0.142,600,499
balanced_baseline,null,null,38,0,0.73,600,499
balanced_baseline,null,null,39,0,0.284,600,499
balanced_baseline,null,null,40,0,0.296,600,499
balanced_baseline,null,null,41,1,0.04,600,499
balanced_baseline,null,null,42,0,0.116,600,499
balanced_baseline,null,null,43,0,0.098,600,499
balanced_baseline,null,null,44,0,0.274,600,499
balanced_baseline,null,null,45,0,0.186,600,499
balanced_baseline,null,null,46,0,0.586,600,499
balanced_baseline,null,null,47,0,0.518,600,499
balanced_baseline,null,null,48,0,0.586,600,499
balanced_baseline,null,null,49,0,0.826,600,499
balanced_baseline,null,null,50,0,0.054,600,499
balanced_baseline,null,null,51,0,0.192,600,499
balanced_baseline,null,null,52,0,0.716,600,499
balanced_baseline,null,null,53,0,0.422,600,499
balanced_baseline,null,null,54,0,0.656,600,499
balanced_baseline,null,null,55,0,0.886,600,499
balanced_baseline,null,null,56,0,0.6,600,499
balanced_baseline,null,null,57,0,0.12,600,499
balanced_baseline,null,null,58,0,0.794,600,499
balanced_baseline,null,null,59,0,0.36,600,499
balanced_baseline,null,null,60,0,0.912,600,499
balanced_baseline,null,null,61,0,0.134,600,499
balanced_baseline,null,null,62,0,0.668,600,499
balanced_baseline,null,null,63,0,0.598,600,499
balanced_baseline,null,null,64,0,0.382,600,499
balanced_baseline,null,null,65,0,0.534,600,499
balanced_baseline,null,null,66,0,0.934,600,499
balanced_baseline,null,null,67,0,0.482,600,499
balanced_baseline,null,null,68,0,0.204,600,499
balanced_baseline,null,null,69,0,0.704,600,499
balanced_baseline,null,null,70,0,0.188,600,499
balanced_baseline,null,null,71,0,0.96,600,499
balanced_baseline,null,null,72,0,0.618,600,499
balanced_baseline,null,null,73,0,0.428,600,499
balanced_baseline,null,null,74,0,0.736,600,499
balanced_baseline,null,null,75,0,0.482,600,499
balanced_baseline,null,null,76,1,0.012,600,499
balanced_baseline,null,null,77,0,0.9,600,499
balanced_baseline,null,null,78,0,0.906,600,499
balanced_baseline,null,null,79,0,0.608,600,499
balanced_baseline,null,null,80,0,0.308,600,499
balanced_baseline,null,null,81,0,0.17,600,499
balanced_baseline,null,null,82,0,0.41,600,499
balanced_baseline,null,null,83,0,0.838,600,499
balanced_baseline,null,null,84,0,0.384,600,499
balanced_baseline,null,null,85,0,0.694,600,499
balanced_baseline,null,null,86,0,0.5,600,499
balanced_baseline,null,null,87,0,0.512,600,499
balanced_baseline,null,null,88,1,0.018,600,499
balanced_baseline,null,null,89,0,0.388,600,499
balanced_baseline,null,null,90,0,0.496,600,499
balanced_baseline,null,null,91,0,0.34,600,499
balanced_baseline,null,null,92,0,0.142,600,499
balanced_baseline,null,null,93,0,0.498,600,499
balanced_baseline,null,null,94,0,0.232,600,499
balanced_baseline,null,null,95,0,0.694,600,499
balanced_baseline,null,null,96,0,0.414,600,499
balanced_baseline,null,null,97,1,0.026,600,499
balanced_baseline,null,null,98,0,0.804,600,499
balanced_baseline,null,null,99,0,0.972,600,499
balanced_baseline,null,null,100,0,0.772,600,499
balanced_baseline,null,null,101,0,0.162,600,499
balanced_baseline,null,null,102,0,0.364,600,499
balanced_baseline,null,null,103,0,0.622,600,499
balanced_baseline,null,null,104,0,0.516,600,499
balanced_baseline,null,null,105,0,0.178,600,499
balanced_baseline,null,null,106,1,0.042,600,499
balanced_baseline,null,null,107,0,0.53,600,499
balanced_baseline,null,null,108,0,0.45,600,499
balanced_baseline,null,null,109,0,0.818,600,499
balanced_baseline,null,null,110,0,0.632,600,499
balanced_baseline,null,null,111,0,0.948,600,499
balanced_baseline,null,null,112,0,0.12,600,499
balanced_baseline,null,null,113,0,0.392,600,499
balanced_baseline,null,null,114,0,0.448,600,499
balanced_baseline,null,null,115,0,0.33,600,499
balanced_baseline,null,null,116,0,0.078,600,499
balanced_baseline,null,null,117,0,0.398,600,499
balanced_baseline,null,null,118,0,0.258,600,499
balanced_baseline,null,null,119,1,0.002,600,499
balanced_baseline,null,null,120,0,0.7,600,499
balanced_baseline,null,null,121,0,0.91,600,499
balanced_baseline,null,null,122,0,0.816,600,499
balanced_baseline,null,null,123,0,0.43,600,499
balanced_baseline,null,null,124,0,0.322,600,499
balanced_baseline,null,null,125,0,0.408,600,499
balanced_baseline,null,null,126,0,0.246,600,499
balanced_baseline,null,null,127,0,0.11,600,499
balanced_baseline,null,null,128,0,0.916,600,499
balanced_baseline,null,null,129,0,0.566,600,499
balanced_baseline,null,null,130,0,0.524,600,499
balanced_baseline,null,null,131,0,0.566,600,499
balanced_baseline,null,null,132,0,0.228,600,499
balanced_baseline,null,null,133,0,0.702,600,499
balanced_baseline,null,null,134,0,0.254,600,499
balanced_baseline,null,null,135,0,0.116,600,499
balanced_baseline,null,null,136,0,0.608,600,499
balanced_baseline,null,null,137,0,0.828,600,499
balanced_baseline,null,null,138,0,0.168,600,499
balanced_baseline,null,null,139,0,0.848,600,499
balanced_baseline,null,null,140,0,0.086,600,499
balanced_baseline,null,null,141,0,0.208,600,499
balanced_baseline,null,null,142,0,0.082,600,499
balanced_baseline,null,null,143,0,0.624,600,499
balanced_baseline,null,null,144,0,0.35,600,499
balanced_baseline,null,null,145,0,0.73,600,499
balanced_baseline,null,null,146,0,0.71,600,499
balanced_baseline,null,null,147,0,0.468,600,499
balanced_baseline,null,null,148,0,0.958,600,499
balanced_baseline,null,null,149,0,0.698,600,499
balanced_baseline,null,null,150,0,0.242,600,499
balanced_baseline,null,null,151,0,0.306,600,499
balanced_baseline,null,null,152,0,0.634,600,499
balanced_baseline,null,null,153,0,0.73,600,499
balanced_baseline,null,null,154,0,0.182,600,499
balanced_baseline,null,null,155,0,0.386,600,499
balanced_baseline,null,null,156,0,0.998,600,499
balanced_baseline,null,null,157,0,0.954,600,499
balanced_baseline,null,null,158,0,0.288,600,499
balanced_baseline,null,null,159,0,0.062,600,499
balanced_baseline,null,null,160,0,0.336,600,499
balanced_baseline,null,null,161,0,0.922,600,499
balanced_baseline,null,null,162,0,0.47,600,499
balanced_baseline,null,null,163,0,0.222,600,499
balanced_baseline,null,null,164,0,0.578,600,499
balanced_baseline,null,null,165,0,0.51,600,499
balanced_baseline,null,null,166,0,0.75,600,499
balanced_baseline,null,null,167,0,0.984,600,499
balanced_baseline,null,null,168,0,0.856,600,499
balanced_baseline,null,null,169,0,0.484,600,499
balanced_baseline,null,null,170,0,0.896,600,499
balanced_baseline,null,null,171,0,0.136,600,499
balanced_baseline,null,null,172,0,0.858,600,499
balanced_baseline,null,null,173,0,0.788,600,499
balanced_baseline,null,null,174,1,0.042,600,499
balanced_baseline,null,null,175,0,0.512,600,499
balanced_baseline,null,null,176,0,0.282,600,499
balanced_baseline,null,null,177,0,0.174,600,499
balanced_baseline,null,null,178,1,0.036,600,499
balanced_baseline,null,null,179,0,0.688,600,499
balanced_baseline,null,null,180,0,0.778,600,499
balanced_baseline,null,null,181,0,0.668,600,499
balanced_baseline,null,null,182,0,0.902,600,499
balanced_baseline,null,null,183,0,0.42,600,499
balanced_baseline,null,null,184,0,0.216,600,499
balanced_baseline,null,null,185,0,0.71,600,499
balanced_baseline,null,null,186,0,0.182,600,499
balanced_baseline,null,null,187,0,0.72,600,499
balanced_baseline,null,null,188,0,0.14,600,499
balanced_baseline,null,null,189,0,0.914,600,499
balanced_baseline,null,null,190,0,0.534,600,499
balanced_baseline,null,null,191,0,0.062,600,499
balanced_baseline,null,null,192,0,0.732,600,499
balanced_baseline,null,null,193,0,0.09,600,499
balanced_baseline,null,null,194,0,0.712,600,499
balanced_baseline,null,null,195,0,0.912,600,499
balanced_baseline,null,null,196,0,0.594,600,499
balanced_baseline,null,null,197,0,0.082,600,499
balanced_baseline,null,null,198,0,0.6,600,499
balanced_baseline,null,null,199,1,0.002,600,499
balanced_baseline,departure,feature_quadratic_total,0,1,0.002,600,499
balanced_baseline,departure,feature_quadratic_total,1,1,0.002,600,499
balanced_baseline,departure,feature_quadratic_total,2,1,0.002,600,499
balanced_baseline,departure,feature_quadratic_total,3,1,0.002,600,499
balanced_baseline,departure,feature_quadratic_total,4,1,0.002,600,499
balanced_baseline,departure,feature_quadratic_total,5,1,0.002,600,499
balanced_baseline,departure,feature_quadratic_total,6,1,0.002,600,499
balanced_baseline,departure,feature_quadratic_total,7,1,0.002,600,499
balanced_baseline,departure,feature_quadratic_total,8,1,0.002,600,499
balanced_baseline,departure,feature_quadratic_total,9,1,0.002,600,499
balanced_baseline,departure,feature_quadratic_total,10,1,0.002,600,499
balanced_baseline,departure,feature_quadratic_total,11,1,0.002,600,499
balanced_baseline,departure,feature_quadratic_total,12,1,0.002,600,499
balanced_baseline,departure,feature_quadratic_total,13,1,0.002,600,499
balanced_baseline,departure,feature_quadratic_total,14,1,0.002,600,499
balanced_baseline,departure,feature_quadratic_total,15,1,0.002,600,499
balanced_baseline,departure,feature_quadratic_total,16,1,0.002,600,499
balanced_baseline,departure,feature_quadratic_total,17,1,0.002,600,499
balanced_baseline,departure,feature_quadratic_total,18,1,0.002,600,499
balanced_baseline,departure,feature_quadratic_total,19,1,0.002,600,499
balanced_baseline,departure,feature_quadratic_total,20,1,0.002,600,499
balanced_baseline,departure,feature_quadratic_total,21,1,0.002,600,499
balanced_baseline,departure,feature_quadratic_total,22,1,0.002,600,499
balanced_baseline,departure,feature_quadratic_total,23,1,0.002,600,499
balanced_baseline,departure,feature_quadratic_total,24,1,0.002,600,499
balanced_baseline,departure,feature_quadratic_total,25,1,0.002,600,499
balanced_baseline,departure,feature_quadratic_total,26,1,0.002,600,499
balanced_baseline,departure,feature_quadratic_total,27,1,0.002,600,499
balanced_baseline,departure,feature_quadratic_total,28,1,0.002,600,499
balanced_baseline,departure,feature_quadratic_total,29,1,0.002,600,499
balanced_baseline,departure,feature_quadratic_total,30,1,0.002,600,499
balanced_baseline,departure,feature_quadratic_total,31,1,0.002,600,499
balanced_baseline,departure,feature_quadratic_total,32,1,0.002,600,499
balanced_baseline,departure,feature_quadratic_total,33,1,0.002,600,499
balanced_baseline,departure,feature_quadratic_total,34,1,0.002,600,499
balanced_baseline,departure,feature_quadratic_total,35,1,0.002,600,499
balanced_baseline,departure,feature_quadratic_total,36,1,0.002,600,499
balanced_baseline,departure,feature_quadratic_total,37,1,0.002,600,499
balanced_baseline,departure,feature_quadratic_total,38,1,0.002,600,499
balanced_baseline,departure,feature_quadratic_total,39,1,0.002,600,499
balanced_baseline,departure,feature_quadratic_total,40,1,0.002,600,499
balanced_baseline,departure,feature_quadratic_total,41,1,0.002,600,499
balanced_baseline,departure,feature_quadratic_total,42,1,0.002,600,499
balanced_baseline,departure,feature_quadratic_total,43,1,0.002,600,499
balanced_baseline,departure,feature_quadratic_total,44,1,0.002,600,499
balanced_baseline,departure,feature_quadratic_total,45,1,0.002,600,499
balanced_baseline,departure,feature_quadratic_total,46,1,0.002,600,499
balanced_baseline,departure,feature_quadratic_total,47,1,0.002,600,499
balanced_baseline,departure,feature_quadratic_total,48,1,0.002,600,499
balanced_baseline,departure,feature_quadratic_total,49,1,0.002,600,499
balanced_baseline,departure,feature_quadratic_total,50,1,0.002,600,499
balanced_baseline,departure,feature_quadratic_total,51,1,0.002,600,499
balanced_baseline,departure,feature_quadratic_total,52,1,0.002,600,499
balanced_baseline,departure,feature_quadratic_total,53,1,0.002,600,499
balanced_baseline,departure,feature_quadratic_total,54,1,0.002,600,499
balanced_baseline,departure,feature_quadratic_total,55,1,0.002,600,499
balanced_baseline,departure,feature_quadratic_total,56,1,0.002,600,499
balanced_baseline,departure,feature_quadratic_total,57,1,0.002,600,499
balanced_baseline,departure,feature_quadratic_total,58,1,0.002,600,499
balanced_baseline,departure,feature_quadratic_total,59,1,0.002,600,499
balanced_baseline,departure,feature_quadratic_total,60,1,0.002,600,499
balanced_baseline,departure,feature_quadratic_total,61,1,0.002,600,499
balanced_baseline,departure,feature_quadratic_total,62,1,0.002,600,499
balanced_baseline,departure,feature_quadratic_total,63,1,0.002,600,499
balanced_baseline,departure,feature_quadratic_total,64,1,0.002,600,499
balanced_baseline,departure,feature_quadratic_total,65,1,0.002,600,499
balanced_baseline,departure,feature_quadratic_total,66,1,0.002,600,499
balanced_baseline,departure,feature_quadratic_total,67,1,0.002,600,499
balanced_baseline,departure,feature_quadratic_total,68,1,0.002,600,499
balanced_baseline,departure,feature_quadratic_total,69,1,0.002,600,499
balanced_baseline,departure,feature_quadratic_total,70,1,0.002,600,499
balanced_baseline,departure,feature_quadratic_total,71,1,0.002,600,499
balanced_baseline,departure,feature_quadratic_total,72,1,0.002,600,499
balanced_baseline,departure,feature_quadratic_total,73,1,0.002,600,499
balanced_baseline,departure,feature_quadratic_total,74,1,0.002,600,499
balanced_baseline,departure,feature_quadratic_total,75,1,0.002,600,499
balanced_baseline,departure,feature_quadratic_total,76,1,0.002,600,499
balanced_baseline,departure,feature_quadratic_total,77,1,0.002,600,499
balanced_baseline,departure,feature_quadratic_total,78,1,0.002,600,499
balanced_baseline,departure,feature_quadratic_total,79,1,0.002,600,499
balanced_baseline,departure,feature_quadratic_total,80,1,0.002,600,499
balanced_baseline,departure,feature_quadratic_total,81,1,0.002,600,499
balanced_baseline,departure,feature_quadratic_total,82,1,0.002,600,499
balanced_baseline,departure,feature_quadratic_total,83,1,0.002,600,499
balanced_baseline,departure,feature_quadratic_total,84,1,0.002,600,499
balanced_baseline,departure,feature_quadratic_total,85,1,0.002,600,499
balanced_baseline,departure,feature_quadratic_total,86,1,0.002,600,499
balanced_baseline,departure,feature_quadratic_total,87,1,0.002,600,499
balanced_baseline,departure,feature_quadratic_total,88,1,0.002,600,499
balanced_baseline,departure,feature_quadratic_total,89,1,0.002,600,499
balanced_baseline,departure,feature_quadratic_total,90,1,0.002,600,499
balanced_baseline,departure,feature_quadratic_total,91,1,0.002,600,499
balanced_baseline,departure,feature_quadratic_total,92,1,0.002,600,499
balanced_baseline,departure,feature_quadratic_total,93,1,0.002,600,499
balanced_baseline,departure,feature_quadratic_total,94,1,0.002,600,499
balanced_baseline,departure,feature_quadratic_total,95,1,0.002,600,499
balanced_baseline,departure,feature_quadratic_total,96,1,0.002,600,499
balanced_baseline,departure,feature_quadratic_total,97,1,0.002,600,499
balanced_baseline,departure,feature_quadratic_total,98,1,0.002,600,499
balanced_baseline,departure,feature_quadratic_total,99,1,0.002,600,499
balanced_baseline,departure,feature_quadratic_total,100,1,0.002,600,499
balanced_baseline,departure,feature_quadratic_total,101,1,0.002,600,499
balanced_baseline,departure,feature_quadratic_total,102,1,0.002,600,499
balanced_baseline,departure,feature_quadratic_total,103,1,0.002,600,499
balanced_baseline,departure,feature_quadratic_total,104,1,0.002,600,499
balanced_baseline,departure,feature_quadratic_total,105,1,0.002,600,499
balanced_baseline,departure,feature_quadratic_total,106,1,0.002,600,499
balanced_baseline,departure,feature_quadratic_total,107,1,0.002,600,499
balanced_baseline,departure,feature_quadratic_total,108,1,0.002,600,499
balanced_baseline,departure,feature_quadratic_total,109,1,0.002,600,499
balanced_baseline,departure,feature_quadratic_total,110,1,0.002,600,499
balanced_baseline,departure,feature_quadratic_total,111,1,0.002,600,499
balanced_baseline,departure,feature_quadratic_total,112,1,0.002,600,499
balanced_baseline,departure,feature_quadratic_total,113,1,0.002,600,499
balanced_baseline,departure,feature_quadratic_total,114,1,0.002,600,499
balanced_baseline,departure,feature_quadratic_total,115,1,0.002,600,499
balanced_baseline,departure,feature_quadratic_total,116,1,0.002,600,499
balanced_baseline,departure,feature_quadratic_total,117,1,0.002,600,499
balanced_baseline,departure,feature_quadratic_total,118,1,0.002,600,499
balanced_baseline,departure,feature_quadratic_total,119,1,0.002,600,499
balanced_baseline,departure,feature_quadratic_total,120,1,0.002,600,499
balanced_baseline,departure,feature_quadratic_total,121,1,0.002,600,499
balanced_baseline,departure,feature_quadratic_total,122,1,0.002,600,499
balanced_baseline,departure,feature_quadratic_total,123,1,0.002,600,499
balanced_baseline,departure,feature_quadratic_total,124,1,0.002,600,499
balanced_baseline,departure,feature_quadratic_total,125,1,0.002,600,499
balanced_baseline,departure,feature_quadratic_total,126,1,0.002,600,499
balanced_baseline,departure,feature_quadratic_total,127,1,0.002,600,499
balanced_baseline,departure,feature_quadratic_total,128,1,0.002,600,499
balanced_baseline,departure,feature_quadratic_total,129,1,0.002,600,499
balanced_baseline,departure,feature_quadratic_total,130,1,0.002,600,499
balanced_baseline,departure,feature_quadratic_total,131,1,0.002,600,499
balanced_baseline,departure,feature_quadratic_total,132,1,0.002,600,499
balanced_baseline,departure,feature_quadratic_total,133,1,0.002,600,499
balanced_baseline,departure,feature_quadratic_total,134,1,0.002,600,499
balanced_baseline,departure,feature_quadratic_total,135,1,0.002,600,499
balanced_baseline,departure,feature_quadratic_total,136,1,0.002,600,499
balanced_baseline,departure,feature_quadratic_total,137,1,0.002,600,499
balanced_baseline,departure,feature_quadratic_total,138,1,0.002,600,499
balanced_baseline,departure,feature_quadratic_total,139,1,0.002,600,499
balanced_baseline,departure,feature_quadratic_total,140,1,0.002,600,499
balanced_baseline,departure,feature_quadratic_total,141,1,0.002,600,499
balanced_baseline,departure,feature_quadratic_total,142,1,0.002,600,499
balanced_baseline,departure,feature_quadratic_total,143,1,0.002,600,499
balanced_baseline,departure,feature_quadratic_total,144,1,0.002,600,499
balanced_baseline,departure,feature_quadratic_total,145,1,0.002,600,499
balanced_baseline,departure,feature_quadratic_total,146,1,0.002,600,499
balanced_baseline,departure,feature_quadratic_total,147,1,0.002,600,499
balanced_baseline,departure,feature_quadratic_total,148,1,0.002,600,499
balanced_baseline,departure,feature_quadratic_total,149,1,0.002,600,499
balanced_baseline,departure,feature_quadratic_total,150,1,0.002,600,499
balanced_baseline,departure,feature_quadratic_total,151,1,0.002,600,499
balanced_baseline,departure,feature_quadratic_total,152,1,0.002,600,499
balanced_baseline,departure,feature_quadratic_total,153,1,0.002,600,499
balanced_baseline,departure,feature_quadratic_total,154,1,0.002,600,499
balanced_baseline,departure,feature_quadratic_total,155,1,0.002,600,499
balanced_baseline,departure,feature_quadratic_total,156,1,0.002,600,499
balanced_baseline,departure,feature_quadratic_total,157,1,0.002,600,499
balanced_baseline,departure,feature_quadratic_total,158,1,0.002,600,499
balanced_baseline,departure,feature_quadratic_total,159,1,0.002,600,499
balanced_baseline,departure,feature_quadratic_total,160,1,0.002,600,499
balanced_baseline,departure,feature_quadratic_total,161,1,0.002,600,499
balanced_baseline,departure,feature_quadratic_total,162,1,0.002,600,499
balanced_baseline,departure,feature_quadratic_total,163,1,0.002,600,499
balanced_baseline,departure,feature_quadratic_total,164,1,0.002,600,499
balanced_baseline,departure,feature_quadratic_total,165,1,0.002,600,499
balanced_baseline,departure,feature_quadratic_total,166,1,0.002,600,499
balanced_baseline,departure,feature_quadratic_total,167,1,0.002,600,499
balanced_baseline,departure,feature_quadratic_total,168,1,0.002,600,499
balanced_baseline,departure,feature_quadratic_total,169,1,0.002,600,499
balanced_baseline,departure,feature_quadratic_total,170,1,0.002,600,499
balanced_baseline,departure,feature_quadratic_total,171,1,0.002,600,499
balanced_baseline,departure,feature_quadratic_total,172,1,0.002,600,499
balanced_baseline,departure,feature_quadratic_total,173,1,0.002,600,499
balanced_baseline,departure,feature_quadratic_total,174,1,0.002,600,499
balanced_baseline,departure,feature_quadratic_total,175,1,0.002,600,499
balanced_baseline,departure,feature_quadratic_total,176,1,0.002,600,499
balanced_baseline,departure,feature_quadratic_total,177,1,0.002,600,499
balanced_baseline,departure,feature_quadratic_total,178,1,0.002,600,499
balanced_baseline,departure,feature_quadratic_total,179,1,0.002,600,499
balanced_baseline,departure,feature_quadratic_total,180,1,0.002,600,499
balanced_baseline,departure,feature_quadratic_total,181,1,0.002,600,499
balanced_baseline,departure,feature_quadratic_total,182,1,0.002,600,499
balanced_baseline,departure,feature_quadratic_total,183,1,0.002,600,499
balanced_baseline,departure,feature_quadratic_total,184,1,0.002,600,499
balanced_baseline,departure,feature_quadratic_total,185,1,0.002,600,499
balanced_baseline,departure,feature_quadratic_total,186,1,0.002,600,499
balanced_baseline,departure,feature_quadratic_total,187,1,0.002,600,499
balanced_baseline,departure,feature_quadratic_total,188,1,0.002,600,499
balanced_baseline,departure,feature_quadratic_total,189,1,0.002,600,499
balanced_baseline,departure,feature_quadratic_total,190,1,0.002,600,499
balanced_baseline,departure,feature_quadratic_total,191,1,0.002,600,499
balanced_baseline,departure,feature_quadratic_total,192,1,0.002,600,499
balanced_baseline,departure,feature_quadratic_total,193,1,0.002,600,499
balanced_baseline,departure,feature_quadratic_total,194,1,0.002,600,499
balanced_baseline,departure,feature_quadratic_total,195,1,0.002,600,499
balanced_baseline,departure,feature_quadratic_total,196,1,0.002,600,499
balanced_baseline,departure,feature_quadratic_total,197,1,0.002,600,499
balanced_baseline,departure,feature_quadratic_total,198,1,0.002,600,499
balanced_baseline,departure,feature_quadratic_total,199,1,0.002,600,499
balanced_baseline,departure,feature_intelligence_threshold,0,1,0.04,600,499
balanced_baseline,departure,feature_intelligence_threshold,1,1,0.008,600,499
balanced_baseline,departure,feature_intelligence_threshold,2,1,0.002,600,499
balanced_baseline,departure,feature_intelligence_threshold,3,0,0.15,600,499
balanced_baseline,departure,feature_intelligence_threshold,4,1,0.002,600,499
balanced_baseline,departure,feature_intelligence_threshold,5,1,0.002,600,499
balanced_baseline,departure,feature_intelligence_threshold,6,1,0.002,600,499
balanced_baseline,departure,feature_intelligence_threshold,7,1,0.004,600,499
balanced_baseline,departure,feature_intelligence_threshold,8,1,0.004,600,499
balanced_baseline,departure,feature_intelligence_threshold,9,0,0.112,600,499
balanced_baseline,departure,feature_intelligence_threshold,10,1,0.002,600,499
balanced_baseline,departure,feature_intelligence_threshold,11,1,0.006,600,499
balanced_baseline,departure,feature_intelligence_threshold,12,1,0.012,600,499
balanced_baseline,departure,feature_intelligence_threshold,13,1,0.002,600,499
balanced_baseline,departure,feature_intelligence_threshold,14,1,0.002,600,499
balanced_baseline,departure,feature_intelligence_threshold,15,1,0.002,600,499
balanced_baseline,departure,feature_intelligence_threshold,16,1,0.002,600,499
balanced_baseline,departure,feature_intelligence_threshold,17,1,0.028,600,499
balanced_baseline,departure,feature_intelligence_threshold,18,1,0.004,600,499
balanced_baseline,departure,feature_intelligence_threshold,19,1,0.002,600,499
balanced_baseline,departure,feature_intelligence_threshold,20,1,0.004,600,499
balanced_baseline,departure,feature_intelligence_threshold,21,1,0.004,600,499
balanced_baseline,departure,feature_intelligence_threshold,22,1,0.046,600,499
balanced_baseline,departure,feature_intelligence_threshold,23,1,0.036,600,499
balanced_baseline,departure,feature_intelligence_threshold,24,0,0.108,600,499
balanced_baseline,departure,feature_intelligence_threshold,25,1,0.004,600,499
balanced_baseline,departure,feature_intelligence_threshold,26,1,0.002,600,499
balanced_baseline,departure,feature_intelligence_threshold,27,1,0.006,600,499
balanced_baseline,departure,feature_intelligence_threshold,28,1,0.002,600,499
balanced_baseline,departure,feature_intelligence_threshold,29,1,0.02,600,499
balanced_baseline,departure,feature_intelligence_threshold,30,1,0.002,600,499
balanced_baseline,departure,feature_intelligence_threshold,31,1,0.002,600,499
balanced_baseline,departure,feature_intelligence_threshold,32,0,0.148,600,499
balanced_baseline,departure,feature_intelligence_threshold,33,1,0.002,600,499
balanced_baseline,departure,feature_intelligence_threshold,34,0,0.064,600,499
balanced_baseline,departure,feature_intelligence_threshold,35,1,0.042,600,499
balanced_baseline,departure,feature_intelligence_threshold,36,1,0.02,600,499
balanced_baseline,departure,feature_intelligence_threshold,37,0,0.07,600,499
balanced_baseline,departure,feature_intelligence_threshold,38,1,0.006,600,499
balanced_baseline,departure,feature_intelligence_threshold,39,1,0.006,600,499
balanced_baseline,departure,feature_intelligence_threshold,40,1,0.002,600,499
balanced_baseline,departure,feature_intelligence_threshold,41,1,0.002,600,499
balanced_baseline,departure,feature_intelligence_threshold,42,1,0.002,600,499
balanced_baseline,departure,feature_intelligence_threshold,43,1,0.03,600,499
balanced_baseline,departure,feature_intelligence_threshold,44,1,0.04,600,499
balanced_baseline,departure,feature_intelligence_threshold,45,1,0.002,600,499
balanced_baseline,departure,feature_intelligence_threshold,46,1,0.002,600,499
balanced_baseline,departure,feature_intelligence_threshold,47,1,0.006,600,499
balanced_baseline,departure,feature_intelligence_threshold,48,1,0.002,600,499
balanced_baseline,departure,feature_intelligence_threshold,49,1,0.002,600,499
balanced_baseline,departure,feature_intelligence_threshold,50,1,0.022,600,499
balanced_baseline,departure,feature_intelligence_threshold,51,1,0.002,600,499
balanced_baseline,departure,feature_intelligence_threshold,52,1,0.006,600,499
balanced_baseline,departure,feature_intelligence_threshold,53,1,0.044,600,499
balanced_baseline,departure,feature_intelligence_threshold,54,1,0.002,600,499
balanced_baseline,departure,feature_intelligence_threshold,55,1,0.002,600,499
balanced_baseline,departure,feature_intelligence_threshold,56,1,0.002,600,499
balanced_baseline,departure,feature_intelligence_threshold,57,1,0.004,600,499
balanced_baseline,departure,feature_intelligence_threshold,58,1,0.002,600,499
balanced_baseline,departure,feature_intelligence_threshold,59,1,0.008,600,499
balanced_baseline,departure,feature_intelligence_threshold,60,1,0.002,600,499
balanced_baseline,departure,feature_intelligence_threshold,61,1,0.002,600,499
balanced_baseline,departure,feature_intelligence_threshold,62,1,0.002,600,499
balanced_baseline,departure,feature_intelligence_threshold,63,1,0.002,600,499
balanced_baseline,departure,feature_intelligence_threshold,64,1,0.002,600,499
balanced_baseline,departure,feature_intelligence_threshold,65,1,0.024,600,499
balanced_baseline,departure,feature_intelligence_threshold,66,1,0.008,600,499
balanced_baseline,departure,feature_intelligence_threshold,67,1,0.004,600,499
balanced_baseline,departure,feature_intelligence_threshold,68,1,0.002,600,499
balanced_baseline,departure,feature_intelligence_threshold,69,1,0.006,600,499
balanced_baseline,departure,feature_intelligence_threshold,70,1,0.006,600,499
balanced_baseline,departure,feature_intelligence_threshold,71,1,0.002,600,499
balanced_baseline,departure,feature_intelligence_threshold,72,1,0.002,600,499
balanced_baseline,departure,feature_intelligence_threshold,73,1,0.022,600,499
balanced_baseline,departure,feature_intelligence_threshold,74,1,0.02,600,499
balanced_baseline,departure,feature_intelligence_threshold,75,0,0.152,600,499
balanced_baseline,departure,feature_intelligence_threshold,76,1,0.04,600,499
balanced_baseline,departure,feature_intelligence_threshold,77,1,0.004,600,499
balanced_baseline,departure,feature_intelligence_threshold,78,1,0.006,600,499
balanced_baseline,departure,feature_intelligence_threshold,79,1,0.002,600,499
balanced_baseline,departure,feature_intelligence_threshold,80,1,0.004,600,499
balanced_baseline,departure,feature_intelligence_threshold,81,1,0.004,600,499
balanced_baseline,departure,feature_intelligence_threshold,82,1,0.002,600,499
balanced_baseline,departure,feature_intelligence_threshold,83,1,0.002,600,499
balanced_baseline,departure,feature_intelligence_threshold,84,1,0.002,600,499
balanced_baseline,departure,feature_intelligence_threshold,85,1,0.01,600,499
balanced_baseline,departure,feature_intelligence_threshold,86,1,0.002,600,499
balanced_baseline,departure,feature_intelligence_threshold,87,1,0.002,600,499
balanced_baseline,departure,feature_intelligence_threshold,88,1,0.002,600,499
balanced_baseline,departure,feature_intelligence_threshold,89,1,0.004,600,499
balanced_baseline,departure,feature_intelligence_threshold,90,0,0.126,600,499
balanced_baseline,departure,feature_intelligence_threshold,91,0,0.062,600,499
balanced_baseline,departure,feature_intelligence_threshold,92,1,0.01,600,499
balanced_baseline,departure,feature_intelligence_threshold,93,1,0.006,600,499
balanced_baseline,departure,feature_intelligence_threshold,94,0,0.532,600,499
balanced_baseline,departure,feature_intelligence_threshold,95,1,0.002,600,499
balanced_baseline,departure,feature_intelligence_threshold,96,1,0.016,600,499
balanced_baseline,departure,feature_intelligence_threshold,97,1,0.002,600,499
balanced_baseline,departure,feature_intelligence_threshold,98,1,0.008,600,499
balanced_baseline,departure,feature_intelligence_threshold,99,1,0.002,600,499
balanced_baseline,departure,feature_intelligence_threshold,100,1,0.004,600,499
balanced_baseline,departure,feature_intelligence_threshold,101,1,0.004,600,499
balanced_baseline,departure,feature_intelligence_threshold,102,1,0.002,600,499
balanced_baseline,departure,feature_intelligence_threshold,103,1,0.002,600,499
balanced_baseline,departure,feature_intelligence_threshold,104,1,0.012,600,499
balanced_baseline,departure,feature_intelligence_threshold,105,1,0.014,600,499
balanced_baseline,departure,feature_intelligence_threshold,106,1,0.012,600,499
balanced_baseline,departure,feature_intelligence_threshold,107,1,0.002,600,499
balanced_baseline,departure,feature_intelligence_threshold,108,1,0.004,600,499
balanced_baseline,departure,feature_intelligence_threshold,109,1,0.002,600,499
balanced_baseline,departure,feature_intelligence_threshold,110,1,0.002,600,499
balanced_baseline,departure,feature_intelligence_threshold,111,1,0.002,600,499
balanced_baseline,departure,feature_intelligence_threshold,112,1,0.004,600,499
balanced_baseline,departure,feature_intelligence_threshold,113,1,0.002,600,499
balanced_baseline,departure,feature_intelligence_threshold,114,1,0.002,600,499
balanced_baseline,departure,feature_intelligence_threshold,115,1,0.004,600,499
balanced_baseline,departure,feature_intelligence_threshold,116,1,0.046,600,499
balanced_baseline,departure,feature_intelligence_threshold,117,1,0.002,600,499
balanced_baseline,departure,feature_intelligence_threshold,118,1,0.002,600,499
balanced_baseline,departure,feature_intelligence_threshold,119,1,0.044,600,499
balanced_baseline,departure,feature_intelligence_threshold,120,1,0.004,600,499
balanced_baseline,departure,feature_intelligence_threshold,121,1,0.002,600,499
balanced_baseline,departure,feature_intelligence_threshold,122,1,0.004,600,499
balanced_baseline,departure,feature_intelligence_threshold,123,1,0.002,600,499
balanced_baseline,departure,feature_intelligence_threshold,124,0,0.062,600,499
balanced_baseline,departure,feature_intelligence_threshold,125,0,0.05,600,499
balanced_baseline,departure,feature_intelligence_threshold,126,1,0.004,600,499
balanced_baseline,departure,feature_intelligence_threshold,127,1,0.006,600,499
balanced_baseline,departure,feature_intelligence_threshold,128,1,0.028,600,499
balanced_baseline,departure,feature_intelligence_threshold,129,1,0.002,600,499
balanced_baseline,departure,feature_intelligence_threshold,130,1,0.002,600,499
balanced_baseline,departure,feature_intelligence_threshold,131,1,0.002,600,499
balanced_baseline,departure,feature_intelligence_threshold,132,1,0.044,600,499
balanced_baseline,departure,feature_intelligence_threshold,133,1,0.01,600,499
balanced_baseline,departure,feature_intelligence_threshold,134,1,0.002,600,499
balanced_baseline,departure,feature_intelligence_threshold,135,1,0.002,600,499
balanced_baseline,departure,feature_intelligence_threshold,136,1,0.002,600,499
balanced_baseline,departure,feature_intelligence_threshold,137,1,0.008,600,499
balanced_baseline,departure,feature_intelligence_threshold,138,0,0.242,600,499
balanced_baseline,departure,feature_intelligence_threshold,139,1,0.014,600,499
balanced_baseline,departure,feature_intelligence_threshold,140,1,0.002,600,499
balanced_baseline,departure,feature_intelligence_threshold,141,1,0.004,600,499
balanced_baseline,departure,feature_intelligence_threshold,142,1,0.002,600,499
balanced_baseline,departure,feature_intelligence_threshold,143,1,0.012,600,499
balanced_baseline,departure,feature_intelligence_threshold,144,1,0.002,600,499
balanced_baseline,departure,feature_intelligence_threshold,145,0,0.056,600,499
balanced_baseline,departure,feature_intelligence_threshold,146,1,0.024,600,499
balanced_baseline,departure,feature_intelligence_threshold,147,0,0.05,600,499
balanced_baseline,departure,feature_intelligence_threshold,148,0,0.624,600,499
balanced_baseline,departure,feature_intelligence_threshold,149,1,0.002,600,499
balanced_baseline,departure,feature_intelligence_threshold,150,1,0.002,600,499
balanced_baseline,departure,feature_intelligence_threshold,151,1,0.002,600,499
balanced_baseline,departure,feature_intelligence_threshold,152,1,0.002,600,499
balanced_baseline,departure,feature_intelligence_threshold,153,0,0.068,600,499
balanced_baseline,departure,feature_intelligence_threshold,154,1,0.002,600,499
balanced_baseline,departure,feature_intelligence_threshold,155,1,0.002,600,499
balanced_baseline,departure,feature_intelligence_threshold,156,0,0.082,600,499
balanced_baseline,departure,feature_intelligence_threshold,157,1,0.006,600,499
balanced_baseline,departure,feature_intelligence_threshold,158,1,0.002,600,499
balanced_baseline,departure,feature_intelligence_threshold,159,0,0.06,600,499
balanced_baseline,departure,feature_intelligence_threshold,160,1,0.002,600,499
balanced_baseline,departure,feature_intelligence_threshold,161,1,0.002,600,499
balanced_baseline,departure,feature_intelligence_threshold,162,1,0.022,600,499
balanced_baseline,departure,feature_intelligence_threshold,163,1,0.006,600,499
balanced_baseline,departure,feature_intelligence_threshold,164,1,0.002,600,499
balanced_baseline,departure,feature_intelligence_threshold,165,1,0.006,600,499
balanced_baseline,departure,feature_intelligence_threshold,166,1,0.002,600,499
balanced_baseline,departure,feature_intelligence_threshold,167,1,0.002,600,499
balanced_baseline,departure,feature_intelligence_threshold,168,1,0.014,600,499
balanced_baseline,departure,feature_intelligence_threshold,169,1,0.024,600,499
balanced_baseline,departure,feature_intelligence_threshold,170,1,0.008,600,499
balanced_baseline,departure,feature_intelligence_threshold,171,1,0.026,600,499
balanced_baseline,departure,feature_intelligence_threshold,172,1,0.006,600,499
balanced_baseline,departure,feature_intelligence_threshold,173,1,0.002,600,499
balanced_baseline,departure,feature_intelligence_threshold,174,1,0.002,600,499
balanced_baseline,departure,feature_intelligence_threshold,175,0,0.124,600,499
balanced_baseline,departure,feature_intelligence_threshold,176,1,0.002,600,499
balanced_baseline,departure,feature_intelligence_threshold,177,1,0.004,600,499
balanced_baseline,departure,feature_intelligence_threshold,178,1,0.004,600,499
balanced_baseline,departure,feature_intelligence_threshold,179,1,0.002,600,499
balanced_baseline,departure,feature_intelligence_threshold,180,1,0.006,600,499
balanced_baseline,departure,feature_intelligence_threshold,181,1,0.002,600,499
balanced_baseline,departure,feature_intelligence_threshold,182,1,0.004,600,499
balanced_baseline,departure,feature_intelligence_threshold,183,1,0.002,600,499
balanced_baseline,departure,feature_intelligence_threshold,184,1,0.002,600,499
balanced_baseline,departure,feature_intelligence_threshold,185,1,0.008,600,499
balanced_baseline,departure,feature_intelligence_threshold,186,0,0.192,600,499
balanced_baseline,departure,feature_intelligence_threshold,187,1,0.002,600,499
balanced_baseline,departure,feature_intelligence_threshold,188,1,0.002,600,499
balanced_baseline,departure,feature_intelligence_threshold,189,1,0.002,600,499
balanced_baseline,departure,feature_intelligence_threshold,190,1,0.002,600,499
balanced_baseline,departure,feature_intelligence_threshold,191,0,0.256,600,499
balanced_baseline,departure,feature_intelligence_threshold,192,1,0.004,600,499
balanced_baseline,departure,feature_intelligence_threshold,193,0,0.222,600,499
balanced_baseline,departure,feature_intelligence_threshold,194,1,0.004,600,499
balanced_baseline,departure,feature_intelligence_threshold,195,1,0.002,600,499
balanced_baseline,departure,feature_intelligence_threshold,196,1,0.002,600,499
balanced_baseline,departure,feature_intelligence_threshold,197,1,0.002,600,499
balanced_baseline,departure,feature_intelligence_threshold,198,1,0.004,600,499
balanced_baseline,departure,feature_intelligence_threshold,199,1,0.004,600,499
balanced_baseline,departure,feature_price_threshold,0,0,0.544,600,499
balanced_baseline,departure,feature_price_threshold,1,0,0.634,600,499
balanced_baseline,departure,feature_price_threshold,2,0,0.32,600,499
balanced_baseline,departure,feature_price_threshold,3,0,0.958,600,499
balanced_baseline,departure,feature_price_threshold,4,0,0.546,600,499
balanced_baseline,departure,feature_price_threshold,5,0,0.902,600,499
balanced_baseline,departure,feature_price_threshold,6,0,0.934,600,499
balanced_baseline,departure,feature_price_threshold,7,0,0.674,600,499
balanced_baseline,departure,feature_price_threshold,8,0,0.302,600,499
balanced_baseline,departure,feature_price_threshold,9,0,0.766,600,499
balanced_baseline,departure,feature_price_threshold,10,0,0.73,600,499
balanced_baseline,departure,feature_price_threshold,11,0,0.248,600,499
balanced_baseline,departure,feature_price_threshold,12,0,0.106,600,499
balanced_baseline,departure,feature_price_threshold,13,0,0.236,600,499
balanced_baseline,departure,feature_price_threshold,14,0,0.772,600,499
balanced_baseline,departure,feature_price_threshold,15,0,0.526,600,499
balanced_baseline,departure,feature_price_threshold,16,0,0.546,600,499
balanced_baseline,departure,feature_price_threshold,17,0,0.454,600,499
balanced_baseline,departure,feature_price_threshold,18,0,0.764,600,499
balanced_baseline,departure,feature_price_threshold,19,0,0.066,600,499
balanced_baseline,departure,feature_price_threshold,20,0,0.87,600,499
balanced_baseline,departure,feature_price_threshold,21,0,0.854,600,499
balanced_baseline,departure,feature_price_threshold,22,0,0.982,600,499
balanced_baseline,departure,feature_price_threshold,23,0,0.614,600,499
balanced_baseline,departure,feature_price_threshold,24,0,0.276,600,499
balanced_baseline,departure,feature_price_threshold,25,0,0.25,600,499
balanced_baseline,departure,feature_price_threshold,26,0,0.894,600,499
balanced_baseline,departure,feature_price_threshold,27,0,0.168,600,499
balanced_baseline,departure,feature_price_threshold,28,0,0.92,600,499
balanced_baseline,departure,feature_price_threshold,29,0,0.332,600,499
balanced_baseline,departure,feature_price_threshold,30,0,0.876,600,499
balanced_baseline,departure,feature_price_threshold,31,0,0.53,600,499
balanced_baseline,departure,feature_price_threshold,32,0,0.528,600,499
balanced_baseline,departure,feature_price_threshold,33,1,0.03,600,499
balanced_baseline,departure,feature_price_threshold,34,0,0.716,600,499
balanced_baseline,departure,feature_price_threshold,35,0,0.488,600,499
balanced_baseline,departure,feature_price_threshold,36,0,0.786,600,499
balanced_baseline,departure,feature_price_threshold,37,0,0.522,600,499
balanced_baseline,departure,feature_price_threshold,38,0,0.302,600,499
balanced_baseline,departure,feature_price_threshold,39,0,0.732,600,499
balanced_baseline,departure,feature_price_threshold,40,1,0.02,600,499
balanced_baseline,departure,feature_price_threshold,41,0,0.264,600,499
balanced_baseline,departure,feature_price_threshold,42,0,0.406,600,499
balanced_baseline,departure,feature_price_threshold,43,0,0.412,600,499
balanced_baseline,departure,feature_price_threshold,44,0,0.612,600,499
balanced_baseline,departure,feature_price_threshold,45,0,0.994,600,499
balanced_baseline,departure,feature_price_threshold,46,0,0.518,600,499
balanced_baseline,departure,feature_price_threshold,47,0,0.248,600,499
balanced_baseline,departure,feature_price_threshold,48,0,0.986,600,499
balanced_baseline,departure,feature_price_threshold,49,0,0.094,600,499
balanced_baseline,departure,feature_price_threshold,50,0,0.934,600,499
balanced_baseline,departure,feature_price_threshold,51,0,0.118,600,499
balanced_baseline,departure,feature_price_threshold,52,0,0.466,600,499
balanced_baseline,departure,feature_price_threshold,53,0,0.862,600,499
balanced_baseline,departure,feature_price_threshold,54,0,0.37,600,499
balanced_baseline,departure,feature_price_threshold,55,0,0.692,600,499
balanced_baseline,departure,feature_price_threshold,56,0,0.978,600,499
balanced_baseline,departure,feature_price_threshold,57,0,0.744,600,499
balanced_baseline,departure,feature_price_threshold,58,1,0.028,600,499
balanced_baseline,departure,feature_price_threshold,59,0,0.208,600,499
balanced_baseline,departure,feature_price_threshold,60,0,0.736,600,499
balanced_baseline,departure,feature_price_threshold,61,0,0.392,600,499
balanced_baseline,departure,feature_price_threshold,62,0,0.244,600,499
balanced_baseline,departure,feature_price_threshold,63,0,0.062,600,499
balanced_baseline,departure,feature_price_threshold,64,0,0.438,600,499
balanced_baseline,departure,feature_price_threshold,65,0,0.622,600,499
balanced_baseline,departure,feature_price_threshold,66,1,0.012,600,499
balanced_baseline,departure,feature_price_threshold,67,0,0.414,600,499
balanced_baseline,departure,feature_price_threshold,68,0,0.162,600,499
balanced_baseline,departure,feature_price_threshold,69,0,0.88,600,499
balanced_baseline,departure,feature_price_threshold,70,0,0.992,600,499
balanced_baseline,departure,feature_price_threshold,71,0,0.47,600,499
balanced_baseline,departure,feature_price_threshold,72,0,0.542,600,499
balanced_baseline,departure,feature_price_threshold,73,0,0.052,600,499
balanced_baseline,departure,feature_price_threshold,74,0,0.138,600,499
balanced_baseline,departure,feature_price_threshold,75,0,0.172,600,499
balanced_baseline,departure,feature_price_threshold,76,0,0.72,600,499
balanced_baseline,departure,feature_price_threshold,77,0,0.184,600,499
balanced_baseline,departure,feature_price_threshold,78,0,0.698,600,499
balanced_baseline,departure,feature_price_threshold,79,0,0.236,600,499
balanced_baseline,departure,feature_price_threshold,80,0,0.308,600,499
balanced_baseline,departure,feature_price_threshold,81,0,0.53,600,499
balanced_baseline,departure,feature_price_threshold,82,0,0.084,600,499
balanced_baseline,departure,feature_price_threshold,83,0,0.85,600,499
balanced_baseline,departure,feature_price_threshold,84,0,0.152,600,499
balanced_baseline,departure,feature_price_threshold,85,0,0.752,600,499
balanced_baseline,departure,feature_price_threshold,86,0,0.996,600,499
balanced_baseline,departure,feature_price_threshold,87,0,0.072,600,499
balanced_baseline,departure,feature_price_threshold,88,0,0.176,600,499
balanced_baseline,departure,feature_price_threshold,89,0,0.27,600,499
balanced_baseline,departure,feature_price_threshold,90,1,0.034,600,499
balanced_baseline,departure,feature_price_threshold,91,0,0.928,600,499
balanced_baseline,departure,feature_price_threshold,92,0,0.066,600,499
balanced_baseline,departure,feature_price_threshold,93,0,0.356,600,499
balanced_baseline,departure,feature_price_threshold,94,0,0.648,600,499
balanced_baseline,departure,feature_price_threshold,95,0,0.77,600,499
balanced_baseline,departure,feature_price_threshold,96,0,0.81,600,499
balanced_baseline,departure,feature_price_threshold,97,0,0.174,600,499
balanced_baseline,departure,feature_price_threshold,98,0,0.728,600,499
balanced_baseline,departure,feature_price_threshold,99,0,0.866,600,499
balanced_baseline,departure,feature_price_threshold,100,0,0.602,600,499
balanced_baseline,departure,feature_price_threshold,101,0,0.242,600,499
balanced_baseline,departure,feature_price_threshold,102,0,0.17,600,499
balanced_baseline,departure,feature_price_threshold,103,0,0.55,600,499
balanced_baseline,departure,feature_price_threshold,104,0,0.866,600,499
balanced_baseline,departure,feature_price_threshold,105,0,0.284,600,499
balanced_baseline,departure,feature_price_threshold,106,0,0.394,600,499
balanced_baseline,departure,feature_price_threshold,107,0,0.082,600,499
balanced_baseline,departure,feature_price_threshold,108,0,0.97,600,499
balanced_baseline,departure,feature_price_threshold,109,0,0.922,600,499
balanced_baseline,departure,feature_price_threshold,110,0,0.666,600,499
balanced_baseline,departure,feature_price_threshold,111,0,0.64,600,499
balanced_baseline,departure,feature_price_threshold,112,0,0.702,600,499
balanced_baseline,departure,feature_price_threshold,113,1,0.038,600,499
balanced_baseline,departure,feature_price_threshold,114,0,0.352,600,499
balanced_baseline,departure,feature_price_threshold,115,0,0.698,600,499
balanced_baseline,departure,feature_price_threshold,116,0,0.63,600,499
balanced_baseline,departure,feature_price_threshold,117,0,0.472,600,499
balanced_baseline,departure,feature_price_threshold,118,0,0.718,600,499
balanced_baseline,departure,feature_price_threshold,119,0,0.732,600,499
balanced_baseline,departure,feature_price_threshold,120,1,0.01,600,499
balanced_baseline,departure,feature_price_threshold,121,0,0.916,600,499
balanced_baseline,departure,feature_price_threshold,122,0,0.406,600,499
balanced_baseline,departure,feature_price_threshold,123,0,0.116,600,499
balanced_baseline,departure,feature_price_threshold,124,0,0.614,600,499
balanced_baseline,departure,feature_price_threshold,125,0,0.874,600,499
balanced_baseline,departure,feature_price_threshold,126,0,0.606,600,499
balanced_baseline,departure,feature_price_threshold,127,0,0.508,600,499
balanced_baseline,departure,feature_price_threshold,128,0,0.364,600,499
balanced_baseline,departure,feature_price_threshold,129,0,0.64,600,499
balanced_baseline,departure,feature_price_threshold,130,0,0.564,600,499
balanced_baseline,departure,feature_price_threshold,131,0,0.668,600,499
balanced_baseline,departure,feature_price_threshold,132,0,0.458,600,499
balanced_baseline,departure,feature_price_threshold,133,0,0.298,600,499
balanced_baseline,departure,feature_price_threshold,134,1,0.012,600,499
balanced_baseline,departure,feature_price_threshold,135,0,0.724,600,499
balanced_baseline,departure,feature_price_threshold,136,0,0.478,600,499
balanced_baseline,departure,feature_price_threshold,137,0,0.212,600,499
balanced_baseline,departure,feature_price_threshold,138,0,0.13,600,499
balanced_baseline,departure,feature_price_threshold,139,0,0.634,600,499
balanced_baseline,departure,feature_price_threshold,140,0,0.936,600,499
balanced_baseline,departure,feature_price_threshold,141,0,0.434,600,499
balanced_baseline,departure,feature_price_threshold,142,0,0.998,600,499
balanced_baseline,departure,feature_price_threshold,143,0,0.712,600,499
balanced_baseline,departure,feature_price_threshold,144,0,0.128,600,499
balanced_baseline,departure,feature_price_threshold,145,0,0.616,600,499
balanced_baseline,departure,feature_price_threshold,146,0,0.348,600,499
balanced_baseline,departure,feature_price_threshold,147,0,0.1,600,499
balanced_baseline,departure,feature_price_threshold,148,0,0.954,600,499
balanced_baseline,departure,feature_price_threshold,149,0,0.64,600,499
balanced_baseline,departure,feature_price_threshold,150,0,0.99,600,499
balanced_baseline,departure,feature_price_threshold,151,0,0.352,600,499
balanced_baseline,departure,feature_price_threshold,152,0,0.684,600,499
balanced_baseline,departure,feature_price_threshold,153,0,0.554,600,499
balanced_baseline,departure,feature_price_threshold,154,0,0.618,600,499
balanced_baseline,departure,feature_price_threshold,155,0,0.546,600,499
balanced_baseline,departure,feature_price_threshold,156,0,0.572,600,499
balanced_baseline,departure,feature_price_threshold,157,0,0.512,600,499
balanced_baseline,departure,feature_price_threshold,158,0,0.272,600,499
balanced_baseline,departure,feature_price_threshold,159,0,0.18,600,499
balanced_baseline,departure,feature_price_threshold,160,0,0.9,600,499
balanced_baseline,departure,feature_price_threshold,161,0,0.872,600,499
balanced_baseline,departure,feature_price_threshold,162,0,0.654,600,499
balanced_baseline,departure,feature_price_threshold,163,0,0.906,600,499
balanced_baseline,departure,feature_price_threshold,164,0,0.994,600,499
balanced_baseline,departure,feature_price_threshold,165,1,0.042,600,499
balanced_baseline,departure,feature_price_threshold,166,0,0.158,600,499
balanced_baseline,departure,feature_price_threshold,167,0,0.512,600,499
balanced_baseline,departure,feature_price_threshold,168,0,0.082,600,499
balanced_baseline,departure,feature_price_threshold,169,0,0.498,600,499
balanced_baseline,departure,feature_price_threshold,170,0,0.744,600,499
balanced_baseline,departure,feature_price_threshold,171,0,0.258,600,499
balanced_baseline,departure,feature_price_threshold,172,0,0.626,600,499
balanced_baseline,departure,feature_price_threshold,173,0,0.184,600,499
balanced_baseline,departure,feature_price_threshold,174,0,0.48,600,499
balanced_baseline,departure,feature_price_threshold,175,0,0.218,600,499
balanced_baseline,departure,feature_price_threshold,176,0,0.07,600,499
balanced_baseline,departure,feature_price_threshold,177,0,0.23,600,499
balanced_baseline,departure,feature_price_threshold,178,0,0.932,600,499
balanced_baseline,departure,feature_price_threshold,179,0,0.154,600,499
balanced_baseline,departure,feature_price_threshold,180,0,0.696,600,499
balanced_baseline,departure,feature_price_threshold,181,0,0.262,600,499
balanced_baseline,departure,feature_price_threshold,182,0,0.752,600,499
balanced_baseline,departure,feature_price_threshold,183,0,0.778,600,499
balanced_baseline,departure,feature_price_threshold,184,0,0.786,600,499
balanced_baseline,departure,feature_price_threshold,185,0,0.888,600,499
balanced_baseline,departure,feature_price_threshold,186,0,0.644,600,499
balanced_baseline,departure,feature_price_threshold,187,0,0.934,600,499
balanced_baseline,departure,feature_price_threshold,188,0,0.86,600,499
balanced_baseline,departure,feature_price_threshold,189,0,0.202,600,499
balanced_baseline,departure,feature_price_threshold,190,0,0.416,600,499
balanced_baseline,departure,feature_price_threshold,191,0,0.372,600,499
balanced_baseline,departure,feature_price_threshold,192,0,0.902,600,499
balanced_baseline,departure,feature_price_threshold,193,0,0.786,600,499
balanced_baseline,departure,feature_price_threshold,194,0,0.336,600,499
balanced_baseline,departure,feature_price_threshold,195,0,0.864,600,499
balanced_baseline,departure,feature_price_threshold,196,0,0.292,600,499
balanced_baseline,departure,feature_price_threshold,197,0,0.72,600,499
balanced_baseline,departure,feature_price_threshold,198,0,0.094,600,499
balanced_baseline,departure,feature_price_threshold,199,0,0.378,600,499
balanced_baseline,departure,feature_mode_support_interaction,0,1,0.002,600,499
balanced_baseline,departure,feature_mode_support_interaction,1,1,0.002,600,499
balanced_baseline,departure,feature_mode_support_interaction,2,1,0.002,600,499
balanced_baseline,departure,feature_mode_support_interaction,3,1,0.002,600,499
balanced_baseline,departure,feature_mode_support_interaction,4,1,0.002,600,499
balanced_baseline,departure,feature_mode_support_interaction,5,1,0.002,600,499
balanced_baseline,departure,feature_mode_support_interaction,6,1,0.002,600,499
balanced_baseline,departure,feature_mode_support_interaction,7,1,0.002,600,499
balanced_baseline,departure,feature_mode_support_interaction,8,1,0.002,600,499
balanced_baseline,departure,feature_mode_support_interaction,9,1,0.002,600,499
balanced_baseline,departure,feature_mode_support_interaction,10,1,0.002,600,499
balanced_baseline,departure,feature_mode_support_interaction,11,1,0.002,600,499
balanced_baseline,departure,feature_mode_support_interaction,12,1,0.002,600,499
balanced_baseline,departure,feature_mode_support_interaction,13,1,0.002,600,499
balanced_baseline,departure,feature_mode_support_interaction,14,1,0.002,600,499
balanced_baseline,departure,feature_mode_support_interaction,15,1,0.002,600,499
balanced_baseline,departure,feature_mode_support_interaction,16,1,0.002,600,499
balanced_baseline,departure,feature_mode_support_interaction,17,1,0.002,600,499
balanced_baseline,departure,feature_mode_support_interaction,18,1,0.002,600,499
balanced_baseline,departure,feature_mode_support_interaction,19,1,0.002,600,499
balanced_baseline,departure,feature_mode_support_interaction,20,1,0.002,600,499
balanced_baseline,departure,feature_mode_support_interaction,21,1,0.002,600,499
balanced_baseline,departure,feature_mode_support_interaction,22,1,0.002,600,499
balanced_baseline,departure,feature_mode_support_interaction,23,1,0.002,600,499
balanced_baseline,departure,feature_mode_support_interaction,24,1,0.002,600,499
balanced_baseline,departure,feature_mode_support_interaction,25,1,0.002,600,499
balanced_baseline,departure,feature_mode_support_interaction,26,1,0.002,600,499
balanced_baseline,departure,feature_mode_support_interaction,27,1,0.002,600,499
balanced_baseline,departure,feature_mode_support_interaction,28,1,0.002,600,499
balanced_baseline,departure,feature_mode_support_interaction,29,1,0.002,600,499
balanced_baseline,departure,feature_mode_support_interaction,30,1,0.002,600,499
balanced_baseline,departure,feature_mode_support_interaction,31,1,0.002,600,499
balanced_baseline,departure,feature_mode_support_interaction,32,1,0.002,600,499
balanced_baseline,departure,feature_mode_support_interaction,33,1,0.002,600,499
balanced_baseline,departure,feature_mode_support_interaction,34,1,0.002,600,499
balanced_baseline,departure,feature_mode_support_interaction,35,1,0.002,600,499
balanced_baseline,departure,feature_mode_support_interaction,36,1,0.002,600,499
balanced_baseline,departure,feature_mode_support_interaction,37,1,0.002,600,499
balanced_baseline,departure,feature_mode_support_interaction,38,1,0.002,600,499
balanced_baseline,departure,feature_mode_support_interaction,39,1,0.002,600,499
balanced_baseline,departure,feature_mode_support_interaction,40,1,0.002,600,499
balanced_baseline,departure,feature_mode_support_interaction,41,1,0.002,600,499
balanced_baseline,departure,feature_mode_support_interaction,42,1,0.002,600,499
balanced_baseline,departure,feature_mode_support_interaction,43,1,0.002,600,499
balanced_baseline,departure,feature_mode_support_interaction,44,1,0.002,600,499
balanced_baseline,departure,feature_mode_support_interaction,45,1,0.002,600,499
balanced_baseline,departure,feature_mode_support_interaction,46,1,0.002,600,499
balanced_baseline,departure,feature_mode_support_interaction,47,1,0.002,600,499
balanced_baseline,departure,feature_mode_support_interaction,48,1,0.002,600,499
balanced_baseline,departure,feature_mode_support_interaction,49,1,0.002,600,499
balanced_baseline,departure,feature_mode_support_interaction,50,1,0.002,600,499
balanced_baseline,departure,feature_mode_support_interaction,51,1,0.002,600,499
balanced_baseline,departure,feature_mode_support_interaction,52,1,0.002,600,499
balanced_baseline,departure,feature_mode_support_interaction,53,1,0.002,600,499
balanced_baseline,departure,feature_mode_support_interaction,54,1,0.002,600,499
balanced_baseline,departure,feature_mode_support_interaction,55,1,0.002,600,499
balanced_baseline,departure,feature_mode_support_interaction,56,1,0.002,600,499
balanced_baseline,departure,feature_mode_support_interaction,57,1,0.002,600,499
balanced_baseline,departure,feature_mode_support_interaction,58,1,0.002,600,499
balanced_baseline,departure,feature_mode_support_interaction,59,1,0.002,600,499
balanced_baseline,departure,feature_mode_support_interaction,60,1,0.002,600,499
balanced_baseline,departure,feature_mode_support_interaction,61,1,0.002,600,499
balanced_baseline,departure,feature_mode_support_interaction,62,1,0.002,600,499
balanced_baseline,departure,feature_mode_support_interaction,63,1,0.002,600,499
balanced_baseline,departure,feature_mode_support_interaction,64,1,0.002,600,499
balanced_baseline,departure,feature_mode_support_interaction,65,1,0.002,600,499
balanced_baseline,departure,feature_mode_support_interaction,66,1,0.002,600,499
balanced_baseline,departure,feature_mode_support_interaction,67,1,0.002,600,499
balanced_baseline,departure,feature_mode_support_interaction,68,1,0.002,600,499
balanced_baseline,departure,feature_mode_support_interaction,69,1,0.002,600,499
balanced_baseline,departure,feature_mode_support_interaction,70,1,0.002,600,499
balanced_baseline,departure,feature_mode_support_interaction,71,1,0.002,600,499
balanced_baseline,departure,feature_mode_support_interaction,72,1,0.002,600,499
balanced_baseline,departure,feature_mode_support_interaction,73,1,0.002,600,499
balanced_baseline,departure,feature_mode_support_interaction,74,1,0.002,600,499
balanced_baseline,departure,feature_mode_support_interaction,75,1,0.002,600,499
balanced_baseline,departure,feature_mode_support_interaction,76,1,0.002,600,499
balanced_baseline,departure,feature_mode_support_interaction,77,1,0.002,600,499
balanced_baseline,departure,feature_mode_support_interaction,78,1,0.002,600,499
balanced_baseline,departure,feature_mode_support_interaction,79,1,0.002,600,499
balanced_baseline,departure,feature_mode_support_interaction,80,1,0.002,600,499
balanced_baseline,departure,feature_mode_support_interaction,81,1,0.002,600,499
balanced_baseline,departure,feature_mode_support_interaction,82,1,0.002,600,499
balanced_baseline,departure,feature_mode_support_interaction,83,1,0.002,600,499
balanced_baseline,departure,feature_mode_support_interaction,84,1,0.002,600,499
balanced_baseline,departure,feature_mode_support_interaction,85,1,0.002,600,499
balanced_baseline,departure,feature_mode_support_interaction,86,1,0.002,600,499
balanced_baseline,departure,feature_mode_support_interaction,87,1,0.002,600,499
balanced_baseline,departure,feature_mode_support_interaction,88,1,0.002,600,499
balanced_baseline,departure,feature_mode_support_interaction,89,1,0.002,600,499
balanced_baseline,departure,feature_mode_support_interaction,90,1,0.002,600,499
balanced_baseline,departure,feature_mode_support_interaction,91,1,0.002,600,499
balanced_baseline,departure,feature_mode_support_interaction,92,1,0.002,600,499
balanced_baseline,departure,feature_mode_support_interaction,93,1,0.002,600,499
balanced_baseline,departure,feature_mode_support_interaction,94,1,0.002,600,499
balanced_baseline,departure,feature_mode_support_interaction,95,1,0.002,600,499
balanced_baseline,departure,feature_mode_support_interaction,96,1,0.002,600,499
balanced_baseline,departure,feature_mode_support_interaction,97,1,0.002,600,499
balanced_baseline,departure,feature_mode_support_interaction,98,1,0.002,600,499
balanced_baseline,departure,feature_mode_support_interaction,99,1,0.002,600,499
balanced_baseline,departure,feature_mode_support_interaction,100,1,0.002,600,499
balanced_baseline,departure,feature_mode_support_interaction,101,1,0.002,600,499
balanced_baseline,departure,feature_mode_support_interaction,102,1,0.002,600,499
balanced_baseline,departure,feature_mode_support_interaction,103,1,0.002,600,499
balanced_baseline,departure,feature_mode_support_interaction,104,1,0.002,600,499
balanced_baseline,departure,feature_mode_support_interaction,105,1,0.002,600,499
balanced_baseline,departure,feature_mode_support_interaction,106,1,0.002,600,499
balanced_baseline,departure,feature_mode_support_interaction,107,1,0.002,600,499
balanced_baseline,departure,feature_mode_support_interaction,108,1,0.002,600,499
balanced_baseline,departure,feature_mode_support_interaction,109,1,0.002,600,499
balanced_baseline,departure,feature_mode_support_interaction,110,1,0.002,600,499
balanced_baseline,departure,feature_mode_support_interaction,111,1,0.002,600,499
balanced_baseline,departure,feature_mode_support_interaction,112,1,0.002,600,499
balanced_baseline,departure,feature_mode_support_interaction,113,1,0.002,600,499
balanced_baseline,departure,feature_mode_support_interaction,114,1,0.002,600,499
balanced_baseline,departure,feature_mode_support_interaction,115,1,0.002,600,499
balanced_baseline,departure,feature_mode_support_interaction,116,1,0.002,600,499
balanced_baseline,departure,feature_mode_support_interaction,117,1,0.002,600,499
balanced_baseline,departure,feature_mode_support_interaction,118,1,0.002,600,499
balanced_baseline,departure,feature_mode_support_interaction,119,1,0.002,600,499
balanced_baseline,departure,feature_mode_support_interaction,120,1,0.002,600,499
balanced_baseline,departure,feature_mode_support_interaction,121,1,0.002,600,499
balanced_baseline,departure,feature_mode_support_interaction,122,1,0.002,600,499
balanced_baseline,departure,feature_mode_support_interaction,123,1,0.002,600,499
balanced_baseline,departure,feature_mode_support_interaction,124,1,0.002,600,499
balanced_baseline,departure,feature_mode_support_interaction,125,1,0.002,600,499
balanced_baseline,departure,feature_mode_support_interaction,126,1,0.002,600,499
balanced_baseline,departure,feature_mode_support_interaction,127,1,0.002,600,499
balanced_baseline,departure,feature_mode_support_interaction,128,1,0.002,600,499
balanced_baseline,departure,feature_mode_support_interaction,129,1,0.002,600,499
balanced_baseline,departure,feature_mode_support_interaction,130,1,0.002,600,499
balanced_baseline,departure,feature_mode_support_interaction,131,1,0.002,600,499
balanced_baseline,departure,feature_mode_support_interaction,132,1,0.002,600,499
balanced_baseline,departure,feature_mode_support_interaction,133,1,0.002,600,499
balanced_baseline,departure,feature_mode_support_interaction,134,1,0.002,600,499
balanced_baseline,departure,feature_mode_support_interaction,135,1,0.002,600,499
balanced_baseline,departure,feature_mode_support_interaction,136,1,0.002,600,499
balanced_baseline,departure,feature_mode_support_interaction,137,1,0.002,600,499
balanced_baseline,departure,feature_mode_support_interaction,138,1,0.002,600,499
balanced_baseline,departure,feature_mode_support_interaction,139,1,0.002,600,499
balanced_baseline,departure,feature_mode_support_interaction,140,1,0.002,600,499
balanced_baseline,departure,feature_mode_support_interaction,141,1,0.002,600,499
balanced_baseline,departure,feature_mode_support_interaction,142,1,0.002,600,499
balanced_baseline,departure,feature_mode_support_interaction,143,1,0.002,600,499
balanced_baseline,departure,feature_mode_support_interaction,144,1,0.002,600,499
balanced_baseline,departure,feature_mode_support_interaction,145,1,0.002,600,499
balanced_baseline,departure,feature_mode_support_interaction,146,1,0.002,600,499
balanced_baseline,departure,feature_mode_support_interaction,147,1,0.002,600,499
balanced_baseline,departure,feature_mode_support_interaction,148,1,0.002,600,499
balanced_baseline,departure,feature_mode_support_interaction,149,1,0.002,600,499
balanced_baseline,departure,feature_mode_support_interaction,150,1,0.002,600,499
balanced_baseline,departure,feature_mode_support_interaction,151,1,0.002,600,499
balanced_baseline,departure,feature_mode_support_interaction,152,1,0.002,600,499
balanced_baseline,departure,feature_mode_support_interaction,153,1,0.002,600,499
balanced_baseline,departure,feature_mode_support_interaction,154,1,0.002,600,499
balanced_baseline,departure,feature_mode_support_interaction,155,1,0.002,600,499
balanced_baseline,departure,feature_mode_support_interaction,156,1,0.002,600,499
balanced_baseline,departure,feature_mode_support_interaction,157,1,0.002,600,499
balanced_baseline,departure,feature_mode_support_interaction,158,1,0.002,600,499
balanced_baseline,departure,feature_mode_support_interaction,159,1,0.002,600,499
balanced_baseline,departure,feature_mode_support_interaction,160,1,0.002,600,499
balanced_baseline,departure,feature_mode_support_interaction,161,1,0.002,600,499
balanced_baseline,departure,feature_mode_support_interaction,162,1,0.002,600,499
balanced_baseline,departure,feature_mode_support_interaction,163,1,0.002,600,499
balanced_baseline,departure,feature_mode_support_interaction,164,1,0.002,600,499
balanced_baseline,departure,feature_mode_support_interaction,165,1,0.002,600,499
balanced_baseline,departure,feature_mode_support_interaction,166,1,0.002,600,499
balanced_baseline,departure,feature_mode_support_interaction,167,1,0.002,600,499
balanced_baseline,departure,feature_mode_support_interaction,168,1,0.002,600,499
balanced_baseline,departure,feature_mode_support_interaction,169,1,0.002,600,499
balanced_baseline,departure,feature_mode_support_interaction,170,1,0.002,600,499
balanced_baseline,departure,feature_mode_support_interaction,171,1,0.002,600,499
balanced_baseline,departure,feature_mode_support_interaction,172,1,0.002,600,499
balanced_baseline,departure,feature_mode_support_interaction,173,1,0.002,600,499
balanced_baseline,departure,feature_mode_support_interaction,174,1,0.002,600,499
balanced_baseline,departure,feature_mode_support_interaction,175,1,0.002,600,499
balanced_baseline,departure,feature_mode_support_interaction,176,1,0.002,600,499
balanced_baseline,departure,feature_mode_support_interaction,177,1,0.002,600,499
balanced_baseline,departure,feature_mode_support_interaction,178,1,0.002,600,499
balanced_baseline,departure,feature_mode_support_interaction,179,1,0.002,600,499
balanced_baseline,departure,feature_mode_support_interaction,180,1,0.002,600,499
balanced_baseline,departure,feature_mode_support_interaction,181,1,0.002,600,499
balanced_baseline,departure,feature_mode_support_interaction,182,1,0.002,600,499
balanced_baseline,departure,feature_mode_support_interaction,183,1,0.002,600,499
balanced_baseline,departure,feature_mode_support_interaction,184,1,0.002,600,499
balanced_baseline,departure,feature_mode_support_interaction,185,1,0.002,600,499
balanced_baseline,departure,feature_mode_support_interaction,186,1,0.002,600,499
balanced_baseline,departure,feature_mode_support_interaction,187,1,0.002,600,499
balanced_baseline,departure,feature_mode_support_interaction,188,1,0.002,600,499
balanced_baseline,departure,feature_mode_support_interaction,189,1,0.002,600,499
balanced_baseline,departure,feature_mode_support_interaction,190,1,0.002,600,499
balanced_baseline,departure,feature_mode_support_interaction,191,1,0.002,600,499
balanced_baseline,departure,feature_mode_support_interaction,192,1,0.002,600,499
balanced_baseline,departure,feature_mode_support_interaction,193,1,0.002,600,499
balanced_baseline,departure,feature_mode_support_interaction,194,1,0.002,600,499
balanced_baseline,departure,feature_mode_support_interaction,195,1,0.002,600,499
balanced_baseline,departure,feature_mode_support_interaction,196,1,0.002,600,499
balanced_baseline,departure,feature_mode_support_interaction,197,1,0.002,600,499
balanced_baseline,departure,feature_mode_support_interaction,198,1,0.002,600,499
balanced_baseline,departure,feature_mode_support_interaction,199,1,0.002,600,499
balanced_baseline,departure,feature_intelligence_cloud_interaction,0,1,0.002,600,499
balanced_baseline,departure,feature_intelligence_cloud_interaction,1,1,0.002,600,499
balanced_baseline,departure,feature_intelligence_cloud_interaction,2,1,0.002,600,499
balanced_baseline,departure,feature_intelligence_cloud_interaction,3,1,0.002,600,499
balanced_baseline,departure,feature_intelligence_cloud_interaction,4,1,0.002,600,499
balanced_baseline,departure,feature_intelligence_cloud_interaction,5,1,0.002,600,499
balanced_baseline,departure,feature_intelligence_cloud_interaction,6,1,0.002,600,499
balanced_baseline,departure,feature_intelligence_cloud_interaction,7,1,0.002,600,499
balanced_baseline,departure,feature_intelligence_cloud_interaction,8,1,0.002,600,499
balanced_baseline,departure,feature_intelligence_cloud_interaction,9,1,0.002,600,499
balanced_baseline,departure,feature_intelligence_cloud_interaction,10,1,0.002,600,499
balanced_baseline,departure,feature_intelligence_cloud_interaction,11,1,0.002,600,499
balanced_baseline,departure,feature_intelligence_cloud_interaction,12,1,0.002,600,499
balanced_baseline,departure,feature_intelligence_cloud_interaction,13,1,0.002,600,499
balanced_baseline,departure,feature_intelligence_cloud_interaction,14,1,0.002,600,499
balanced_baseline,departure,feature_intelligence_cloud_interaction,15,1,0.002,600,499
balanced_baseline,departure,feature_intelligence_cloud_interaction,16,1,0.002,600,499
balanced_baseline,departure,feature_intelligence_cloud_interaction,17,1,0.002,600,499
balanced_baseline,departure,feature_intelligence_cloud_interaction,18,1,0.002,600,499
balanced_baseline,departure,feature_intelligence_cloud_interaction,19,1,0.002,600,499
balanced_baseline,departure,feature_intelligence_cloud_interaction,20,1,0.002,600,499
balanced_baseline,departure,feature_intelligence_cloud_interaction,21,1,0.002,600,499
balanced_baseline,departure,feature_intelligence_cloud_interaction,22,1,0.002,600,499
balanced_baseline,departure,feature_intelligence_cloud_interaction,23,1,0.002,600,499
balanced_baseline,departure,feature_intelligence_cloud_interaction,24,1,0.002,600,499
balanced_baseline,departure,feature_intelligence_cloud_interaction,25,1,0.002,600,499
balanced_baseline,departure,feature_intelligence_cloud_interaction,26,1,0.002,600,499
balanced_baseline,departure,feature_intelligence_cloud_interaction,27,1,0.002,600,499
balanced_baseline,departure,feature_intelligence_cloud_interaction,28,1,0.002,600,499
balanced_baseline,departure,feature_intelligence_cloud_interaction,29,1,0.002,600,499
balanced_baseline,departure,feature_intelligence_cloud_interaction,30,1,0.002,600,499
balanced_baseline,departure,feature_intelligence_cloud_interaction,31,1,0.002,600,499
balanced_baseline,departure,feature_intelligence_cloud_interaction,32,1,0.002,600,499
balanced_baseline,departure,feature_intelligence_cloud_interaction,33,1,0.002,600,499
balanced_baseline,departure,feature_intelligence_cloud_interaction,34,1,0.002,600,499
balanced_baseline,departure,feature_intelligence_cloud_interaction,35,1,0.002,600,499
balanced_baseline,departure,feature_intelligence_cloud_interaction,36,1,0.002,600,499
balanced_baseline,departure,feature_intelligence_cloud_interaction,37,1,0.002,600,499
balanced_baseline,departure,feature_intelligence_cloud_interaction,38,1,0.002,600,499
balanced_baseline,departure,feature_intelligence_cloud_interaction,39,1,0.002,600,499
balanced_baseline,departure,feature_intelligence_cloud_interaction,40,1,0.002,600,499
balanced_baseline,departure,feature_intelligence_cloud_interaction,41,1,0.002,600,499
balanced_baseline,departure,feature_intelligence_cloud_interaction,42,1,0.002,600,499
balanced_baseline,departure,feature_intelligence_cloud_interaction,43,1,0.002,600,499
balanced_baseline,departure,feature_intelligence_cloud_interaction,44,1,0.002,600,499
balanced_baseline,departure,feature_intelligence_cloud_interaction,45,1,0.002,600,499
balanced_baseline,departure,feature_intelligence_cloud_interaction,46,1,0.002,600,499
balanced_baseline,departure,feature_intelligence_cloud_interaction,47,1,0.002,600,499
balanced_baseline,departure,feature_intelligence_cloud_interaction,48,1,0.002,600,499
balanced_baseline,departure,feature_intelligence_cloud_interaction,49,1,0.002,600,499
balanced_baseline,departure,feature_intelligence_cloud_interaction,50,1,0.002,600,499
balanced_baseline,departure,feature_intelligence_cloud_interaction,51,1,0.002,600,499
balanced_baseline,departure,feature_intelligence_cloud_interaction,52,1,0.002,600,499
balanced_baseline,departure,feature_intelligence_cloud_interaction,53,1,0.002,600,499
balanced_baseline,departure,feature_intelligence_cloud_interaction,54,1,0.002,600,499
balanced_baseline,departure,feature_intelligence_cloud_interaction,55,1,0.002,600,499
balanced_baseline,departure,feature_intelligence_cloud_interaction,56,1,0.002,600,499
balanced_baseline,departure,feature_intelligence_cloud_interaction,57,1,0.002,600,499
balanced_baseline,departure,feature_intelligence_cloud_interaction,58,1,0.002,600,499
balanced_baseline,departure,feature_intelligence_cloud_interaction,59,1,0.002,600,499
balanced_baseline,departure,feature_intelligence_cloud_interaction,60,1,0.002,600,499
balanced_baseline,departure,feature_intelligence_cloud_interaction,61,1,0.002,600,499
balanced_baseline,departure,feature_intelligence_cloud_interaction,62,1,0.002,600,499
balanced_baseline,departure,feature_intelligence_cloud_interaction,63,1,0.002,600,499
balanced_baseline,departure,feature_intelligence_cloud_interaction,64,1,0.002,600,499
balanced_baseline,departure,feature_intelligence_cloud_interaction,65,1,0.002,600,499
balanced_baseline,departure,feature_intelligence_cloud_interaction,66,1,0.002,600,499
balanced_baseline,departure,feature_intelligence_cloud_interaction,67,1,0.002,600,499
balanced_baseline,departure,feature_intelligence_cloud_interaction,68,1,0.002,600,499
balanced_baseline,departure,feature_intelligence_cloud_interaction,69,1,0.002,600,499
balanced_baseline,departure,feature_intelligence_cloud_interaction,70,1,0.002,600,499
balanced_baseline,departure,feature_intelligence_cloud_interaction,71,1,0.002,600,499
balanced_baseline,departure,feature_intelligence_cloud_interaction,72,1,0.002,600,499
balanced_baseline,departure,feature_intelligence_cloud_interaction,73,1,0.002,600,499
balanced_baseline,departure,feature_intelligence_cloud_interaction,74,1,0.002,600,499
balanced_baseline,departure,feature_intelligence_cloud_interaction,75,1,0.002,600,499
balanced_baseline,departure,feature_intelligence_cloud_interaction,76,1,0.002,600,499
balanced_baseline,departure,feature_intelligence_cloud_interaction,77,1,0.002,600,499
balanced_baseline,departure,feature_intelligence_cloud_interaction,78,1,0.002,600,499
balanced_baseline,departure,feature_intelligence_cloud_interaction,79,1,0.002,600,499
balanced_baseline,departure,feature_intelligence_cloud_interaction,80,1,0.002,600,499
balanced_baseline,departure,feature_intelligence_cloud_interaction,81,1,0.002,600,499
balanced_baseline,departure,feature_intelligence_cloud_interaction,82,1,0.002,600,499
balanced_baseline,departure,feature_intelligence_cloud_interaction,83,1,0.002,600,499
balanced_baseline,departure,feature_intelligence_cloud_interaction,84,1,0.002,600,499
balanced_baseline,departure,feature_intelligence_cloud_interaction,85,1,0.002,600,499
balanced_baseline,departure,feature_intelligence_cloud_interaction,86,1,0.002,600,499
balanced_baseline,departure,feature_intelligence_cloud_interaction,87,1,0.002,600,499
balanced_baseline,departure,feature_intelligence_cloud_interaction,88,1,0.002,600,499
balanced_baseline,departure,feature_intelligence_cloud_interaction,89,1,0.002,600,499
balanced_baseline,departure,feature_intelligence_cloud_interaction,90,1,0.002,600,499
balanced_baseline,departure,feature_intelligence_cloud_interaction,91,1,0.002,600,499
balanced_baseline,departure,feature_intelligence_cloud_interaction,92,1,0.002,600,499
balanced_baseline,departure,feature_intelligence_cloud_interaction,93,1,0.002,600,499
balanced_baseline,departure,feature_intelligence_cloud_interaction,94,1,0.002,600,499
balanced_baseline,departure,feature_intelligence_cloud_interaction,95,1,0.002,600,499
balanced_baseline,departure,feature_intelligence_cloud_interaction,96,1,0.002,600,499
balanced_baseline,departure,feature_intelligence_cloud_interaction,97,1,0.002,600,499
balanced_baseline,departure,feature_intelligence_cloud_interaction,98,1,0.002,600,499
balanced_baseline,departure,feature_intelligence_cloud_interaction,99,1,0.002,600,499
balanced_baseline,departure,feature_intelligence_cloud_interaction,100,1,0.002,600,499
balanced_baseline,departure,feature_intelligence_cloud_interaction,101,1,0.002,600,499
balanced_baseline,departure,feature_intelligence_cloud_interaction,102,1,0.002,600,499
balanced_baseline,departure,feature_intelligence_cloud_interaction,103,1,0.002,600,499
balanced_baseline,departure,feature_intelligence_cloud_interaction,104,1,0.002,600,499
balanced_baseline,departure,feature_intelligence_cloud_interaction,105,1,0.002,600,499
balanced_baseline,departure,feature_intelligence_cloud_interaction,106,1,0.002,600,499
balanced_baseline,departure,feature_intelligence_cloud_interaction,107,1,0.002,600,499
balanced_baseline,departure,feature_intelligence_cloud_interaction,108,1,0.002,600,499
balanced_baseline,departure,feature_intelligence_cloud_interaction,109,1,0.002,600,499
balanced_baseline,departure,feature_intelligence_cloud_interaction,110,1,0.002,600,499
balanced_baseline,departure,feature_intelligence_cloud_interaction,111,1,0.002,600,499
balanced_baseline,departure,feature_intelligence_cloud_interaction,112,1,0.002,600,499
balanced_baseline,departure,feature_intelligence_cloud_interaction,113,1,0.002,600,499
balanced_baseline,departure,feature_intelligence_cloud_interaction,114,1,0.002,600,499
balanced_baseline,departure,feature_intelligence_cloud_interaction,115,1,0.002,600,499
balanced_baseline,departure,feature_intelligence_cloud_interaction,116,1,0.002,600,499
balanced_baseline,departure,feature_intelligence_cloud_interaction,117,1,0.002,600,499
balanced_baseline,departure,feature_intelligence_cloud_interaction,118,1,0.002,600,499
balanced_baseline,departure,feature_intelligence_cloud_interaction,119,1,0.002,600,499
balanced_baseline,departure,feature_intelligence_cloud_interaction,120,1,0.002,600,499
balanced_baseline,departure,feature_intelligence_cloud_interaction,121,1,0.002,600,499
balanced_baseline,departure,feature_intelligence_cloud_interaction,122,1,0.002,600,499
balanced_baseline,departure,feature_intelligence_cloud_interaction,123,1,0.002,600,499
balanced_baseline,departure,feature_intelligence_cloud_interaction,124,1,0.002,600,499
balanced_baseline,departure,feature_intelligence_cloud_interaction,125,1,0.002,600,499
balanced_baseline,departure,feature_intelligence_cloud_interaction,126,1,0.002,600,499
balanced_baseline,departure,feature_intelligence_cloud_interaction,127,1,0.002,600,499
balanced_baseline,departure,feature_intelligence_cloud_interaction,128,1,0.002,600,499
balanced_baseline,departure,feature_intelligence_cloud_interaction,129,1,0.002,600,499
balanced_baseline,departure,feature_intelligence_cloud_interaction,130,1,0.002,600,499
balanced_baseline,departure,feature_intelligence_cloud_interaction,131,1,0.002,600,499
balanced_baseline,departure,feature_intelligence_cloud_interaction,132,1,0.002,600,499
balanced_baseline,departure,feature_intelligence_cloud_interaction,133,1,0.002,600,499
balanced_baseline,departure,feature_intelligence_cloud_interaction,134,1,0.002,600,499
balanced_baseline,departure,feature_intelligence_cloud_interaction,135,1,0.002,600,499
balanced_baseline,departure,feature_intelligence_cloud_interaction,136,1,0.002,600,499
balanced_baseline,departure,feature_intelligence_cloud_interaction,137,1,0.002,600,499
balanced_baseline,departure,feature_intelligence_cloud_interaction,138,1,0.002,600,499
balanced_baseline,departure,feature_intelligence_cloud_interaction,139,1,0.002,600,499
balanced_baseline,departure,feature_intelligence_cloud_interaction,140,1,0.002,600,499
balanced_baseline,departure,feature_intelligence_cloud_interaction,141,1,0.002,600,499
balanced_baseline,departure,feature_intelligence_cloud_interaction,142,1,0.002,600,499
balanced_baseline,departure,feature_intelligence_cloud_interaction,143,1,0.002,600,499
balanced_baseline,departure,feature_intelligence_cloud_interaction,144,1,0.002,600,499
balanced_baseline,departure,feature_intelligence_cloud_interaction,145,1,0.002,600,499
balanced_baseline,departure,feature_intelligence_cloud_interaction,146,1,0.002,600,499
balanced_baseline,departure,feature_intelligence_cloud_interaction,147,1,0.002,600,499
balanced_baseline,departure,feature_intelligence_cloud_interaction,148,1,0.002,600,499
balanced_baseline,departure,feature_intelligence_cloud_interaction,149,1,0.002,600,499
balanced_baseline,departure,feature_intelligence_cloud_interaction,150,1,0.002,600,499
balanced_baseline,departure,feature_intelligence_cloud_interaction,151,1,0.002,600,499
balanced_baseline,departure,feature_intelligence_cloud_interaction,152,1,0.002,600,499
balanced_baseline,departure,feature_intelligence_cloud_interaction,153,1,0.002,600,499
balanced_baseline,departure,feature_intelligence_cloud_interaction,154,1,0.002,600,499
balanced_baseline,departure,feature_intelligence_cloud_interaction,155,1,0.002,600,499
balanced_baseline,departure,feature_intelligence_cloud_interaction,156,1,0.002,600,499
balanced_baseline,departure,feature_intelligence_cloud_interaction,157,1,0.002,600,499
balanced_baseline,departure,feature_intelligence_cloud_interaction,158,1,0.002,600,499
balanced_baseline,departure,feature_intelligence_cloud_interaction,159,1,0.002,600,499
balanced_baseline,departure,feature_intelligence_cloud_interaction,160,1,0.002,600,499
balanced_baseline,departure,feature_intelligence_cloud_interaction,161,1,0.002,600,499
balanced_baseline,departure,feature_intelligence_cloud_interaction,162,1,0.002,600,499
balanced_baseline,departure,feature_intelligence_cloud_interaction,163,1,0.002,600,499
balanced_baseline,departure,feature_intelligence_cloud_interaction,164,1,0.002,600,499
balanced_baseline,departure,feature_intelligence_cloud_interaction,165,1,0.002,600,499
balanced_baseline,departure,feature_intelligence_cloud_interaction,166,1,0.002,600,499
balanced_baseline,departure,feature_intelligence_cloud_interaction,167,1,0.002,600,499
balanced_baseline,departure,feature_intelligence_cloud_interaction,168,1,0.002,600,499
balanced_baseline,departure,feature_intelligence_cloud_interaction,169,1,0.002,600,499
balanced_baseline,departure,feature_intelligence_cloud_interaction,170,1,0.002,600,499
balanced_baseline,departure,feature_intelligence_cloud_interaction,171,1,0.002,600,499
balanced_baseline,departure,feature_intelligence_cloud_interaction,172,1,0.002,600,499
balanced_baseline,departure,feature_intelligence_cloud_interaction,173,1,0.002,600,499
balanced_baseline,departure,feature_intelligence_cloud_interaction,174,1,0.002,600,499
balanced_baseline,departure,feature_intelligence_cloud_interaction,175,1,0.002,600,499
balanced_baseline,departure,feature_intelligence_cloud_interaction,176,1,0.002,600,499
balanced_baseline,departure,feature_intelligence_cloud_interaction,177,1,0.002,600,499
balanced_baseline,departure,feature_intelligence_cloud_interaction,178,1,0.002,600,499
balanced_baseline,departure,feature_intelligence_cloud_interaction,179,1,0.002,600,499
balanced_baseline,departure,feature_intelligence_cloud_interaction,180,1,0.002,600,499
balanced_baseline,departure,feature_intelligence_cloud_interaction,181,1,0.002,600,499
balanced_baseline,departure,feature_intelligence_cloud_interaction,182,1,0.002,600,499
balanced_baseline,departure,feature_intelligence_cloud_interaction,183,1,0.002,600,499
balanced_baseline,departure,feature_intelligence_cloud_interaction,184,1,0.002,600,499
balanced_baseline,departure,feature_intelligence_cloud_interaction,185,1,0.002,600,499
balanced_baseline,departure,feature_intelligence_cloud_interaction,186,1,0.002,600,499
balanced_baseline,departure,feature_intelligence_cloud_interaction,187,1,0.002,600,499
balanced_baseline,departure,feature_intelligence_cloud_interaction,188,1,0.002,600,499
balanced_baseline,departure,feature_intelligence_cloud_interaction,189,1,0.002,600,499
balanced_baseline,departure,feature_intelligence_cloud_interaction,190,1,0.002,600,499
balanced_baseline,departure,feature_intelligence_cloud_interaction,191,1,0.002,600,499
balanced_baseline,departure,feature_intelligence_cloud_interaction,192,1,0.002,600,499
balanced_baseline,departure,feature_intelligence_cloud_interaction,193,1,0.002,600,499
balanced_baseline,departure,feature_intelligence_cloud_interaction,194,1,0.002,600,499
balanced_baseline,departure,feature_intelligence_cloud_interaction,195,1,0.002,600,499
balanced_baseline,departure,feature_intelligence_cloud_interaction,196,1,0.002,600,499
balanced_baseline,departure,feature_intelligence_cloud_interaction,197,1,0.002,600,499
balanced_baseline,departure,feature_intelligence_cloud_interaction,198,1,0.002,600,499
balanced_baseline,departure,feature_intelligence_cloud_interaction,199,1,0.002,600,499
balanced_baseline,departure,random_0,0,1,0.002,600,499
balanced_baseline,departure,random_0,1,1,0.002,600,499
balanced_baseline,departure,random_0,2,1,0.002,600,499
balanced_baseline,departure,random_0,3,1,0.002,600,499
balanced_baseline,departure,random_0,4,1,0.002,600,499
balanced_baseline,departure,random_0,5,1,0.002,600,499
balanced_baseline,departure,random_0,6,1,0.002,600,499
balanced_baseline,departure,random_0,7,1,0.002,600,499
balanced_baseline,departure,random_0,8,1,0.002,600,499
balanced_baseline,departure,random_0,9,1,0.002,600,499
balanced_baseline,departure,random_0,10,1,0.002,600,499
balanced_baseline,departure,random_0,11,1,0.002,600,499
balanced_baseline,departure,random_0,12,1,0.002,600,499
balanced_baseline,departure,random_0,13,1,0.002,600,499
balanced_baseline,departure,random_0,14,1,0.002,600,499
balanced_baseline,departure,random_0,15,1,0.002,600,499
balanced_baseline,departure,random_0,16,1,0.002,600,499
balanced_baseline,departure,random_0,17,1,0.002,600,499
balanced_baseline,departure,random_0,18,1,0.002,600,499
balanced_baseline,departure,random_0,19,1,0.002,600,499
balanced_baseline,departure,random_0,20,1,0.002,600,499
balanced_baseline,departure,random_0,21,1,0.002,600,499
balanced_baseline,departure,random_0,22,1,0.002,600,499
balanced_baseline,departure,random_0,23,1,0.002,600,499
balanced_baseline,departure,random_0,24,1,0.002,600,499
balanced_baseline,departure,random_0,25,1,0.002,600,499
balanced_baseline,departure,random_0,26,1,0.002,600,499
balanced_baseline,departure,random_0,27,1,0.002,600,499
balanced_baseline,departure,random_0,28,1,0.002,600,499
balanced_baseline,departure,random_0,29,1,0.002,600,499
balanced_baseline,departure,random_0,30,1,0.002,600,499
balanced_baseline,departure,random_0,31,1,0.002,600,499
balanced_baseline,departure,random_0,32,1,0.002,600,499
balanced_baseline,departure,random_0,33,1,0.002,600,499
balanced_baseline,departure,random_0,34,1,0.002,600,499
balanced_baseline,departure,random_0,35,1,0.002,600,499
balanced_baseline,departure,random_0,36,1,0.002,600,499
balanced_baseline,departure,random_0,37,1,0.002,600,499
balanced_baseline,departure,random_0,38,1,0.002,600,499
balanced_baseline,departure,random_0,39,1,0.002,600,499
balanced_baseline,departure,random_0,40,1,0.002,600,499
balanced_baseline,departure,random_0,41,1,0.002,600,499
balanced_baseline,departure,random_0,42,1,0.002,600,499
balanced_baseline,departure,random_0,43,1,0.002,600,499
balanced_baseline,departure,random_0,44,1,0.002,600,499
balanced_baseline,departure,random_0,45,1,0.002,600,499
balanced_baseline,departure,random_0,46,1,0.002,600,499
balanced_baseline,departure,random_0,47,1,0.002,600,499
balanced_baseline,departure,random_0,48,1,0.002,600,499
balanced_baseline,departure,random_0,49,1,0.002,600,499
balanced_baseline,departure,random_0,50,1,0.002,600,499
balanced_baseline,departure,random_0,51,1,0.002,600,499
balanced_baseline,departure,random_0,52,1,0.002,600,499
balanced_baseline,departure,random_0,53,1,0.002,600,499
balanced_baseline,departure,random_0,54,1,0.002,600,499
balanced_baseline,departure,random_0,55,1,0.002,600,499
balanced_baseline,departure,random_0,56,1,0.002,600,499
balanced_baseline,departure,random_0,57,1,0.002,600,499
balanced_baseline,departure,random_0,58,1,0.002,600,499
balanced_baseline,departure,random_0,59,1,0.002,600,499
balanced_baseline,departure,random_0,60,1,0.002,600,499
balanced_baseline,departure,random_0,61,1,0.002,600,499
balanced_baseline,departure,random_0,62,1,0.002,600,499
balanced_baseline,departure,random_0,63,1,0.002,600,499
balanced_baseline,departure,random_0,64,1,0.002,600,499
balanced_baseline,departure,random_0,65,1,0.002,600,499
balanced_baseline,departure,random_0,66,1,0.002,600,499
balanced_baseline,departure,random_0,67,1,0.002,600,499
balanced_baseline,departure,random_0,68,1,0.002,600,499
balanced_baseline,departure,random_0,69,1,0.002,600,499
balanced_baseline,departure,random_0,70,1,0.002,600,499
balanced_baseline,departure,random_0,71,1,0.002,600,499
balanced_baseline,departure,random_0,72,1,0.002,600,499
balanced_baseline,departure,random_0,73,1,0.002,600,499
balanced_baseline,departure,random_0,74,1,0.002,600,499
balanced_baseline,departure,random_0,75,1,0.002,600,499
balanced_baseline,departure,random_0,76,1,0.002,600,499
balanced_baseline,departure,random_0,77,1,0.002,600,499
balanced_baseline,departure,random_0,78,1,0.002,600,499
balanced_baseline,departure,random_0,79,1,0.002,600,499
balanced_baseline,departure,random_0,80,1,0.002,600,499
balanced_baseline,departure,random_0,81,1,0.002,600,499
balanced_baseline,departure,random_0,82,1,0.002,600,499
balanced_baseline,departure,random_0,83,1,0.002,600,499
balanced_baseline,departure,random_0,84,1,0.002,600,499
balanced_baseline,departure,random_0,85,1,0.002,600,499
balanced_baseline,departure,random_0,86,1,0.002,600,499
balanced_baseline,departure,random_0,87,1,0.002,600,499
balanced_baseline,departure,random_0,88,1,0.002,600,499
balanced_baseline,departure,random_0,89,1,0.002,600,499
balanced_baseline,departure,random_0,90,1,0.002,600,499
balanced_baseline,departure,random_0,91,1,0.002,600,499
balanced_baseline,departure,random_0,92,1,0.002,600,499
balanced_baseline,departure,random_0,93,1,0.002,600,499
balanced_baseline,departure,random_0,94,1,0.002,600,499
balanced_baseline,departure,random_0,95,1,0.002,600,499
balanced_baseline,departure,random_0,96,1,0.002,600,499
balanced_baseline,departure,random_0,97,1,0.002,600,499
balanced_baseline,departure,random_0,98,1,0.002,600,499
balanced_baseline,departure,random_0,99,1,0.002,600,499
balanced_baseline,departure,random_0,100,1,0.002,600,499
balanced_baseline,departure,random_0,101,1,0.002,600,499
balanced_baseline,departure,random_0,102,1,0.002,600,499
balanced_baseline,departure,random_0,103,1,0.002,600,499
balanced_baseline,departure,random_0,104,1,0.002,600,499
balanced_baseline,departure,random_0,105,1,0.002,600,499
balanced_baseline,departure,random_0,106,1,0.002,600,499
balanced_baseline,departure,random_0,107,1,0.002,600,499
balanced_baseline,departure,random_0,108,1,0.002,600,499
balanced_baseline,departure,random_0,109,1,0.002,600,499
balanced_baseline,departure,random_0,110,1,0.002,600,499
balanced_baseline,departure,random_0,111,1,0.002,600,499
balanced_baseline,departure,random_0,112,1,0.002,600,499
balanced_baseline,departure,random_0,113,1,0.002,600,499
balanced_baseline,departure,random_0,114,1,0.002,600,499
balanced_baseline,departure,random_0,115,1,0.002,600,499
balanced_baseline,departure,random_0,116,1,0.002,600,499
balanced_baseline,departure,random_0,117,1,0.002,600,499
balanced_baseline,departure,random_0,118,1,0.002,600,499
balanced_baseline,departure,random_0,119,1,0.002,600,499
balanced_baseline,departure,random_0,120,1,0.002,600,499
balanced_baseline,departure,random_0,121,1,0.002,600,499
balanced_baseline,departure,random_0,122,1,0.002,600,499
balanced_baseline,departure,random_0,123,1,0.002,600,499
balanced_baseline,departure,random_0,124,1,0.002,600,499
balanced_baseline,departure,random_0,125,1,0.002,600,499
balanced_baseline,departure,random_0,126,1,0.002,600,499
balanced_baseline,departure,random_0,127,1,0.002,600,499
balanced_baseline,departure,random_0,128,1,0.002,600,499
balanced_baseline,departure,random_0,129,1,0.002,600,499
balanced_baseline,departure,random_0,130,1,0.002,600,499
balanced_baseline,departure,random_0,131,1,0.002,600,499
balanced_baseline,departure,random_0,132,1,0.002,600,499
balanced_baseline,departure,random_0,133,1,0.002,600,499
balanced_baseline,departure,random_0,134,1,0.002,600,499
balanced_baseline,departure,random_0,135,1,0.002,600,499
balanced_baseline,departure,random_0,136,1,0.002,600,499
balanced_baseline,departure,random_0,137,1,0.002,600,499
balanced_baseline,departure,random_0,138,1,0.002,600,499
balanced_baseline,departure,random_0,139,1,0.002,600,499
balanced_baseline,departure,random_0,140,1,0.002,600,499
balanced_baseline,departure,random_0,141,1,0.002,600,499
balanced_baseline,departure,random_0,142,1,0.002,600,499
balanced_baseline,departure,random_0,143,1,0.002,600,499
balanced_baseline,departure,random_0,144,1,0.002,600,499
balanced_baseline,departure,random_0,145,1,0.002,600,499
balanced_baseline,departure,random_0,146,1,0.002,600,499
balanced_baseline,departure,random_0,147,1,0.002,600,499
balanced_baseline,departure,random_0,148,1,0.002,600,499
balanced_baseline,departure,random_0,149,1,0.002,600,499
balanced_baseline,departure,random_0,150,1,0.002,600,499
balanced_baseline,departure,random_0,151,1,0.002,600,499
balanced_baseline,departure,random_0,152,1,0.002,600,499
balanced_baseline,departure,random_0,153,1,0.002,600,499
balanced_baseline,departure,random_0,154,1,0.002,600,499
balanced_baseline,departure,random_0,155,1,0.002,600,499
balanced_baseline,departure,random_0,156,1,0.002,600,499
balanced_baseline,departure,random_0,157,1,0.002,600,499
balanced_baseline,departure,random_0,158,1,0.002,600,499
balanced_baseline,departure,random_0,159,1,0.002,600,499
balanced_baseline,departure,random_0,160,1,0.002,600,499
balanced_baseline,departure,random_0,161,1,0.002,600,499
balanced_baseline,departure,random_0,162,1,0.002,600,499
balanced_baseline,departure,random_0,163,1,0.002,600,499
balanced_baseline,departure,random_0,164,1,0.002,600,499
balanced_baseline,departure,random_0,165,1,0.002,600,499
balanced_baseline,departure,random_0,166,1,0.002,600,499
balanced_baseline,departure,random_0,167,1,0.002,600,499
balanced_baseline,departure,random_0,168,1,0.002,600,499
balanced_baseline,departure,random_0,169,1,0.002,600,499
balanced_baseline,departure,random_0,170,1,0.002,600,499
balanced_baseline,departure,random_0,171,1,0.002,600,499
balanced_baseline,departure,random_0,172,1,0.002,600,499
balanced_baseline,departure,random_0,173,1,0.002,600,499
balanced_baseline,departure,random_0,174,1,0.002,600,499
balanced_baseline,departure,random_0,175,1,0.002,600,499
balanced_baseline,departure,random_0,176,1,0.002,600,499
balanced_baseline,departure,random_0,177,1,0.002,600,499
balanced_baseline,departure,random_0,178,1,0.002,600,499
balanced_baseline,departure,random_0,179,1,0.002,600,499
balanced_baseline,departure,random_0,180,1,0.002,600,499
balanced_baseline,departure,random_0,181,1,0.002,600,499
balanced_baseline,departure,random_0,182,1,0.002,600,499
balanced_baseline,departure,random_0,183,1,0.002,600,499
balanced_baseline,departure,random_0,184,1,0.002,600,499
balanced_baseline,departure,random_0,185,1,0.002,600,499
balanced_baseline,departure,random_0,186,1,0.002,600,499
balanced_baseline,departure,random_0,187,1,0.002,600,499
balanced_baseline,departure,random_0,188,1,0.002,600,499
balanced_baseline,departure,random_0,189,1,0.002,600,499
balanced_baseline,departure,random_0,190,1,0.002,600,499
balanced_baseline,departure,random_0,191,1,0.002,600,499
balanced_baseline,departure,random_0,192,1,0.002,600,499
balanced_baseline,departure,random_0,193,1,0.002,600,499
balanced_baseline,departure,random_0,194,1,0.002,600,499
balanced_baseline,departure,random_0,195,1,0.002,600,499
balanced_baseline,departure,random_0,196,1,0.002,600,499
balanced_baseline,departure,random_0,197,1,0.002,600,499
balanced_baseline,departure,random_0,198,1,0.002,600,499
balanced_baseline,departure,random_0,199,1,0.002,600,499
balanced_baseline,departure,random_1,0,1,0.002,600,499
balanced_baseline,departure,random_1,1,1,0.002,600,499
balanced_baseline,departure,random_1,2,1,0.002,600,499
balanced_baseline,departure,random_1,3,1,0.002,600,499
balanced_baseline,departure,random_1,4,1,0.002,600,499
balanced_baseline,departure,random_1,5,1,0.002,600,499
balanced_baseline,departure,random_1,6,1,0.002,600,499
balanced_baseline,departure,random_1,7,1,0.002,600,499
balanced_baseline,departure,random_1,8,1,0.002,600,499
balanced_baseline,departure,random_1,9,1,0.002,600,499
balanced_baseline,departure,random_1,10,1,0.002,600,499
balanced_baseline,departure,random_1,11,1,0.002,600,499
balanced_baseline,departure,random_1,12,1,0.002,600,499
balanced_baseline,departure,random_1,13,1,0.002,600,499
balanced_baseline,departure,random_1,14,1,0.002,600,499
balanced_baseline,departure,random_1,15,1,0.002,600,499
balanced_baseline,departure,random_1,16,1,0.002,600,499
balanced_baseline,departure,random_1,17,1,0.002,600,499
balanced_baseline,departure,random_1,18,1,0.002,600,499
balanced_baseline,departure,random_1,19,1,0.002,600,499
balanced_baseline,departure,random_1,20,1,0.002,600,499
balanced_baseline,departure,random_1,21,1,0.002,600,499
balanced_baseline,departure,random_1,22,1,0.002,600,499
balanced_baseline,departure,random_1,23,1,0.002,600,499
balanced_baseline,departure,random_1,24,1,0.002,600,499
balanced_baseline,departure,random_1,25,1,0.002,600,499
balanced_baseline,departure,random_1,26,1,0.002,600,499
balanced_baseline,departure,random_1,27,1,0.002,600,499
balanced_baseline,departure,random_1,28,1,0.002,600,499
balanced_baseline,departure,random_1,29,1,0.002,600,499
balanced_baseline,departure,random_1,30,1,0.002,600,499
balanced_baseline,departure,random_1,31,1,0.002,600,499
balanced_baseline,departure,random_1,32,1,0.002,600,499
balanced_baseline,departure,random_1,33,1,0.002,600,499
balanced_baseline,departure,random_1,34,1,0.002,600,499
balanced_baseline,departure,random_1,35,1,0.002,600,499
balanced_baseline,departure,random_1,36,1,0.002,600,499
balanced_baseline,departure,random_1,37,1,0.002,600,499
balanced_baseline,departure,random_1,38,1,0.002,600,499
balanced_baseline,departure,random_1,39,1,0.002,600,499
balanced_baseline,departure,random_1,40,1,0.002,600,499
balanced_baseline,departure,random_1,41,1,0.002,600,499
balanced_baseline,departure,random_1,42,1,0.002,600,499
balanced_baseline,departure,random_1,43,1,0.002,600,499
balanced_baseline,departure,random_1,44,1,0.002,600,499
balanced_baseline,departure,random_1,45,1,0.002,600,499
balanced_baseline,departure,random_1,46,1,0.002,600,499
balanced_baseline,departure,random_1,47,1,0.002,600,499
balanced_baseline,departure,random_1,48,1,0.002,600,499
balanced_baseline,departure,random_1,49,1,0.002,600,499
balanced_baseline,departure,random_1,50,1,0.002,600,499
balanced_baseline,departure,random_1,51,1,0.002,600,499
balanced_baseline,departure,random_1,52,1,0.002,600,499
balanced_baseline,departure,random_1,53,1,0.002,600,499
balanced_baseline,departure,random_1,54,1,0.002,600,499
balanced_baseline,departure,random_1,55,1,0.002,600,499
balanced_baseline,departure,random_1,56,1,0.002,600,499
balanced_baseline,departure,random_1,57,1,0.002,600,499
balanced_baseline,departure,random_1,58,1,0.002,600,499
balanced_baseline,departure,random_1,59,1,0.002,600,499
balanced_baseline,departure,random_1,60,1,0.002,600,499
balanced_baseline,departure,random_1,61,1,0.002,600,499
balanced_baseline,departure,random_1,62,1,0.002,600,499
balanced_baseline,departure,random_1,63,1,0.002,600,499
balanced_baseline,departure,random_1,64,1,0.002,600,499
balanced_baseline,departure,random_1,65,1,0.002,600,499
balanced_baseline,departure,random_1,66,1,0.002,600,499
balanced_baseline,departure,random_1,67,1,0.002,600,499
balanced_baseline,departure,random_1,68,1,0.002,600,499
balanced_baseline,departure,random_1,69,1,0.002,600,499
balanced_baseline,departure,random_1,70,1,0.002,600,499
balanced_baseline,departure,random_1,71,1,0.002,600,499
balanced_baseline,departure,random_1,72,1,0.002,600,499
balanced_baseline,departure,random_1,73,1,0.002,600,499
balanced_baseline,departure,random_1,74,1,0.002,600,499
balanced_baseline,departure,random_1,75,1,0.002,600,499
balanced_baseline,departure,random_1,76,1,0.002,600,499
balanced_baseline,departure,random_1,77,1,0.002,600,499
balanced_baseline,departure,random_1,78,1,0.002,600,499
balanced_baseline,departure,random_1,79,1,0.002,600,499
balanced_baseline,departure,random_1,80,1,0.002,600,499
balanced_baseline,departure,random_1,81,1,0.002,600,499
balanced_baseline,departure,random_1,82,1,0.002,600,499
balanced_baseline,departure,random_1,83,1,0.002,600,499
balanced_baseline,departure,random_1,84,1,0.002,600,499
balanced_baseline,departure,random_1,85,1,0.002,600,499
balanced_baseline,departure,random_1,86,1,0.002,600,499
balanced_baseline,departure,random_1,87,1,0.002,600,499
balanced_baseline,departure,random_1,88,1,0.002,600,499
balanced_baseline,departure,random_1,89,1,0.002,600,499
balanced_baseline,departure,random_1,90,1,0.002,600,499
balanced_baseline,departure,random_1,91,1,0.002,600,499
balanced_baseline,departure,random_1,92,1,0.002,600,499
balanced_baseline,departure,random_1,93,1,0.002,600,499
balanced_baseline,departure,random_1,94,1,0.002,600,499
balanced_baseline,departure,random_1,95,1,0.002,600,499
balanced_baseline,departure,random_1,96,1,0.002,600,499
balanced_baseline,departure,random_1,97,1,0.002,600,499
balanced_baseline,departure,random_1,98,1,0.002,600,499
balanced_baseline,departure,random_1,99,1,0.002,600,499
balanced_baseline,departure,random_1,100,1,0.002,600,499
balanced_baseline,departure,random_1,101,1,0.002,600,499
balanced_baseline,departure,random_1,102,1,0.002,600,499
balanced_baseline,departure,random_1,103,1,0.002,600,499
balanced_baseline,departure,random_1,104,1,0.002,600,499
balanced_baseline,departure,random_1,105,1,0.002,600,499
balanced_baseline,departure,random_1,106,1,0.002,600,499
balanced_baseline,departure,random_1,107,1,0.002,600,499
balanced_baseline,departure,random_1,108,1,0.002,600,499
balanced_baseline,departure,random_1,109,1,0.002,600,499
balanced_baseline,departure,random_1,110,1,0.002,600,499
balanced_baseline,departure,random_1,111,1,0.002,600,499
balanced_baseline,departure,random_1,112,1,0.002,600,499
balanced_baseline,departure,random_1,113,1,0.002,600,499
balanced_baseline,departure,random_1,114,1,0.002,600,499
balanced_baseline,departure,random_1,115,1,0.002,600,499
balanced_baseline,departure,random_1,116,1,0.002,600,499
balanced_baseline,departure,random_1,117,1,0.002,600,499
balanced_baseline,departure,random_1,118,1,0.002,600,499
balanced_baseline,departure,random_1,119,1,0.002,600,499
balanced_baseline,departure,random_1,120,1,0.002,600,499
balanced_baseline,departure,random_1,121,1,0.002,600,499
balanced_baseline,departure,random_1,122,1,0.002,600,499
balanced_baseline,departure,random_1,123,1,0.002,600,499
balanced_baseline,departure,random_1,124,1,0.002,600,499
balanced_baseline,departure,random_1,125,1,0.002,600,499
balanced_baseline,departure,random_1,126,1,0.002,600,499
balanced_baseline,departure,random_1,127,1,0.002,600,499
balanced_baseline,departure,random_1,128,1,0.002,600,499
balanced_baseline,departure,random_1,129,1,0.002,600,499
balanced_baseline,departure,random_1,130,1,0.002,600,499
balanced_baseline,departure,random_1,131,1,0.002,600,499
balanced_baseline,departure,random_1,132,1,0.002,600,499
balanced_baseline,departure,random_1,133,1,0.002,600,499
balanced_baseline,departure,random_1,134,1,0.002,600,499
balanced_baseline,departure,random_1,135,1,0.002,600,499
balanced_baseline,departure,random_1,136,1,0.002,600,499
balanced_baseline,departure,random_1,137,1,0.002,600,499
balanced_baseline,departure,random_1,138,1,0.002,600,499
balanced_baseline,departure,random_1,139,1,0.002,600,499
balanced_baseline,departure,random_1,140,1,0.002,600,499
balanced_baseline,departure,random_1,141,1,0.002,600,499
balanced_baseline,departure,random_1,142,1,0.002,600,499
balanced_baseline,departure,random_1,143,1,0.002,600,499
balanced_baseline,departure,random_1,144,1,0.002,600,499
balanced_baseline,departure,random_1,145,1,0.002,600,499
balanced_baseline,departure,random_1,146,1,0.002,600,499
balanced_baseline,departure,random_1,147,1,0.002,600,499
balanced_baseline,departure,random_1,148,1,0.002,600,499
balanced_baseline,departure,random_1,149,1,0.002,600,499
balanced_baseline,departure,random_1,150,1,0.002,600,499
balanced_baseline,departure,random_1,151,1,0.002,600,499
balanced_baseline,departure,random_1,152,1,0.002,600,499
balanced_baseline,departure,random_1,153,1,0.002,600,499
balanced_baseline,departure,random_1,154,1,0.002,600,499
balanced_baseline,departure,random_1,155,1,0.002,600,499
balanced_baseline,departure,random_1,156,1,0.002,600,499
balanced_baseline,departure,random_1,157,1,0.002,600,499
balanced_baseline,departure,random_1,158,1,0.002,600,499
balanced_baseline,departure,random_1,159,1,0.002,600,499
balanced_baseline,departure,random_1,160,1,0.002,600,499
balanced_baseline,departure,random_1,161,1,0.002,600,499
balanced_baseline,departure,random_1,162,1,0.002,600,499
balanced_baseline,departure,random_1,163,1,0.002,600,499
balanced_baseline,departure,random_1,164,1,0.002,600,499
balanced_baseline,departure,random_1,165,1,0.002,600,499
balanced_baseline,departure,random_1,166,1,0.002,600,499
balanced_baseline,departure,random_1,167,1,0.002,600,499
balanced_baseline,departure,random_1,168,1,0.002,600,499
balanced_baseline,departure,random_1,169,1,0.002,600,499
balanced_baseline,departure,random_1,170,1,0.002,600,499
balanced_baseline,departure,random_1,171,1,0.002,600,499
balanced_baseline,departure,random_1,172,1,0.002,600,499
balanced_baseline,departure,random_1,173,1,0.002,600,499
balanced_baseline,departure,random_1,174,1,0.002,600,499
balanced_baseline,departure,random_1,175,1,0.002,600,499
balanced_baseline,departure,random_1,176,1,0.002,600,499
balanced_baseline,departure,random_1,177,1,0.002,600,499
balanced_baseline,departure,random_1,178,1,0.002,600,499
balanced_baseline,departure,random_1,179,1,0.002,600,499
balanced_baseline,departure,random_1,180,1,0.002,600,499
balanced_baseline,departure,random_1,181,1,0.002,600,499
balanced_baseline,departure,random_1,182,1,0.002,600,499
balanced_baseline,departure,random_1,183,1,0.002,600,499
balanced_baseline,departure,random_1,184,1,0.002,600,499
balanced_baseline,departure,random_1,185,1,0.002,600,499
balanced_baseline,departure,random_1,186,1,0.002,600,499
balanced_baseline,departure,random_1,187,1,0.002,600,499
balanced_baseline,departure,random_1,188,1,0.002,600,499
balanced_baseline,departure,random_1,189,1,0.002,600,499
balanced_baseline,departure,random_1,190,1,0.002,600,499
balanced_baseline,departure,random_1,191,1,0.002,600,499
balanced_baseline,departure,random_1,192,1,0.002,600,499
balanced_baseline,departure,random_1,193,1,0.002,600,499
balanced_baseline,departure,random_1,194,1,0.002,600,499
balanced_baseline,departure,random_1,195,1,0.002,600,499
balanced_baseline,departure,random_1,196,1,0.002,600,499
balanced_baseline,departure,random_1,197,1,0.002,600,499
balanced_baseline,departure,random_1,198,1,0.002,600,499
balanced_baseline,departure,random_1,199,1,0.002,600,499
balanced_baseline,departure,random_2,0,1,0.002,600,499
balanced_baseline,departure,random_2,1,1,0.002,600,499
balanced_baseline,departure,random_2,2,1,0.002,600,499
balanced_baseline,departure,random_2,3,1,0.002,600,499
balanced_baseline,departure,random_2,4,1,0.002,600,499
balanced_baseline,departure,random_2,5,1,0.002,600,499
balanced_baseline,departure,random_2,6,1,0.002,600,499
balanced_baseline,departure,random_2,7,1,0.002,600,499
balanced_baseline,departure,random_2,8,1,0.002,600,499
balanced_baseline,departure,random_2,9,1,0.002,600,499
balanced_baseline,departure,random_2,10,1,0.002,600,499
balanced_baseline,departure,random_2,11,1,0.002,600,499
balanced_baseline,departure,random_2,12,1,0.002,600,499
balanced_baseline,departure,random_2,13,1,0.002,600,499
balanced_baseline,departure,random_2,14,1,0.002,600,499
balanced_baseline,departure,random_2,15,1,0.002,600,499
balanced_baseline,departure,random_2,16,1,0.002,600,499
balanced_baseline,departure,random_2,17,1,0.002,600,499
balanced_baseline,departure,random_2,18,1,0.002,600,499
balanced_baseline,departure,random_2,19,1,0.002,600,499
balanced_baseline,departure,random_2,20,1,0.002,600,499
balanced_baseline,departure,random_2,21,1,0.002,600,499
balanced_baseline,departure,random_2,22,1,0.002,600,499
balanced_baseline,departure,random_2,23,1,0.002,600,499
balanced_baseline,departure,random_2,24,1,0.002,600,499
balanced_baseline,departure,random_2,25,1,0.002,600,499
balanced_baseline,departure,random_2,26,1,0.002,600,499
balanced_baseline,departure,random_2,27,1,0.002,600,499
balanced_baseline,departure,random_2,28,1,0.002,600,499
balanced_baseline,departure,random_2,29,1,0.002,600,499
balanced_baseline,departure,random_2,30,1,0.002,600,499
balanced_baseline,departure,random_2,31,1,0.002,600,499
balanced_baseline,departure,random_2,32,1,0.002,600,499
balanced_baseline,departure,random_2,33,1,0.002,600,499
balanced_baseline,departure,random_2,34,1,0.002,600,499
balanced_baseline,departure,random_2,35,1,0.002,600,499
balanced_baseline,departure,random_2,36,1,0.002,600,499
balanced_baseline,departure,random_2,37,1,0.002,600,499
balanced_baseline,departure,random_2,38,1,0.002,600,499
balanced_baseline,departure,random_2,39,1,0.002,600,499
balanced_baseline,departure,random_2,40,1,0.002,600,499
balanced_baseline,departure,random_2,41,1,0.002,600,499
balanced_baseline,departure,random_2,42,1,0.002,600,499
balanced_baseline,departure,random_2,43,1,0.002,600,499
balanced_baseline,departure,random_2,44,1,0.002,600,499
balanced_baseline,departure,random_2,45,1,0.002,600,499
balanced_baseline,departure,random_2,46,1,0.002,600,499
balanced_baseline,departure,random_2,47,1,0.002,600,499
balanced_baseline,departure,random_2,48,1,0.002,600,499
balanced_baseline,departure,random_2,49,1,0.002,600,499
balanced_baseline,departure,random_2,50,1,0.002,600,499
balanced_baseline,departure,random_2,51,1,0.002,600,499
balanced_baseline,departure,random_2,52,1,0.002,600,499
balanced_baseline,departure,random_2,53,1,0.002,600,499
balanced_baseline,departure,random_2,54,1,0.002,600,499
balanced_baseline,departure,random_2,55,1,0.002,600,499
balanced_baseline,departure,random_2,56,1,0.002,600,499
balanced_baseline,departure,random_2,57,1,0.002,600,499
balanced_baseline,departure,random_2,58,1,0.002,600,499
balanced_baseline,departure,random_2,59,1,0.002,600,499
balanced_baseline,departure,random_2,60,1,0.002,600,499
balanced_baseline,departure,random_2,61,1,0.002,600,499
balanced_baseline,departure,random_2,62,1,0.002,600,499
balanced_baseline,departure,random_2,63,1,0.002,600,499
balanced_baseline,departure,random_2,64,1,0.002,600,499
balanced_baseline,departure,random_2,65,1,0.002,600,499
balanced_baseline,departure,random_2,66,1,0.002,600,499
balanced_baseline,departure,random_2,67,1,0.002,600,499
balanced_baseline,departure,random_2,68,1,0.002,600,499
balanced_baseline,departure,random_2,69,1,0.002,600,499
balanced_baseline,departure,random_2,70,1,0.002,600,499
balanced_baseline,departure,random_2,71,1,0.002,600,499
balanced_baseline,departure,random_2,72,1,0.002,600,499
balanced_baseline,departure,random_2,73,1,0.002,600,499
balanced_baseline,departure,random_2,74,1,0.002,600,499
balanced_baseline,departure,random_2,75,1,0.002,600,499
balanced_baseline,departure,random_2,76,1,0.002,600,499
balanced_baseline,departure,random_2,77,1,0.002,600,499
balanced_baseline,departure,random_2,78,1,0.002,600,499
balanced_baseline,departure,random_2,79,1,0.002,600,499
balanced_baseline,departure,random_2,80,1,0.002,600,499
balanced_baseline,departure,random_2,81,1,0.002,600,499
balanced_baseline,departure,random_2,82,1,0.002,600,499
balanced_baseline,departure,random_2,83,1,0.002,600,499
balanced_baseline,departure,random_2,84,1,0.002,600,499
balanced_baseline,departure,random_2,85,1,0.002,600,499
balanced_baseline,departure,random_2,86,1,0.002,600,499
balanced_baseline,departure,random_2,87,1,0.002,600,499
balanced_baseline,departure,random_2,88,1,0.002,600,499
balanced_baseline,departure,random_2,89,1,0.002,600,499
balanced_baseline,departure,random_2,90,1,0.002,600,499
balanced_baseline,departure,random_2,91,1,0.002,600,499
balanced_baseline,departure,random_2,92,1,0.002,600,499
balanced_baseline,departure,random_2,93,1,0.002,600,499
balanced_baseline,departure,random_2,94,1,0.002,600,499
balanced_baseline,departure,random_2,95,1,0.002,600,499
balanced_baseline,departure,random_2,96,1,0.002,600,499
balanced_baseline,departure,random_2,97,1,0.002,600,499
balanced_baseline,departure,random_2,98,1,0.002,600,499
balanced_baseline,departure,random_2,99,1,0.002,600,499
balanced_baseline,departure,random_2,100,1,0.002,600,499
balanced_baseline,departure,random_2,101,1,0.002,600,499
balanced_baseline,departure,random_2,102,1,0.002,600,499
balanced_baseline,departure,random_2,103,1,0.002,600,499
balanced_baseline,departure,random_2,104,1,0.002,600,499
balanced_baseline,departure,random_2,105,1,0.002,600,499
balanced_baseline,departure,random_2,106,1,0.002,600,499
balanced_baseline,departure,random_2,107,1,0.002,600,499
balanced_baseline,departure,random_2,108,1,0.002,600,499
balanced_baseline,departure,random_2,109,1,0.002,600,499
balanced_baseline,departure,random_2,110,1,0.002,600,499
balanced_baseline,departure,random_2,111,1,0.002,600,499
balanced_baseline,departure,random_2,112,1,0.002,600,499
balanced_baseline,departure,random_2,113,1,0.002,600,499
balanced_baseline,departure,random_2,114,1,0.002,600,499
balanced_baseline,departure,random_2,115,1,0.002,600,499
balanced_baseline,departure,random_2,116,1,0.002,600,499
balanced_baseline,departure,random_2,117,1,0.002,600,499
balanced_baseline,departure,random_2,118,1,0.002,600,499
balanced_baseline,departure,random_2,119,1,0.002,600,499
balanced_baseline,departure,random_2,120,1,0.002,600,499
balanced_baseline,departure,random_2,121,1,0.002,600,499
balanced_baseline,departure,random_2,122,1,0.002,600,499
balanced_baseline,departure,random_2,123,1,0.002,600,499
balanced_baseline,departure,random_2,124,1,0.002,600,499
balanced_baseline,departure,random_2,125,1,0.002,600,499
balanced_baseline,departure,random_2,126,1,0.002,600,499
balanced_baseline,departure,random_2,127,1,0.002,600,499
balanced_baseline,departure,random_2,128,1,0.002,600,499
balanced_baseline,departure,random_2,129,1,0.002,600,499
balanced_baseline,departure,random_2,130,1,0.002,600,499
balanced_baseline,departure,random_2,131,1,0.002,600,499
balanced_baseline,departure,random_2,132,1,0.002,600,499
balanced_baseline,departure,random_2,133,1,0.002,600,499
balanced_baseline,departure,random_2,134,1,0.002,600,499
balanced_baseline,departure,random_2,135,1,0.002,600,499
balanced_baseline,departure,random_2,136,1,0.002,600,499
balanced_baseline,departure,random_2,137,1,0.002,600,499
balanced_baseline,departure,random_2,138,1,0.002,600,499
balanced_baseline,departure,random_2,139,1,0.002,600,499
balanced_baseline,departure,random_2,140,1,0.002,600,499
balanced_baseline,departure,random_2,141,1,0.002,600,499
balanced_baseline,departure,random_2,142,1,0.002,600,499
balanced_baseline,departure,random_2,143,1,0.002,600,499
balanced_baseline,departure,random_2,144,1,0.002,600,499
balanced_baseline,departure,random_2,145,1,0.002,600,499
balanced_baseline,departure,random_2,146,1,0.002,600,499
balanced_baseline,departure,random_2,147,1,0.002,600,499
balanced_baseline,departure,random_2,148,1,0.002,600,499
balanced_baseline,departure,random_2,149,1,0.002,600,499
balanced_baseline,departure,random_2,150,1,0.002,600,499
balanced_baseline,departure,random_2,151,1,0.002,600,499
balanced_baseline,departure,random_2,152,1,0.002,600,499
balanced_baseline,departure,random_2,153,1,0.002,600,499
balanced_baseline,departure,random_2,154,1,0.002,600,499
balanced_baseline,departure,random_2,155,1,0.002,600,499
balanced_baseline,departure,random_2,156,1,0.002,600,499
balanced_baseline,departure,random_2,157,1,0.002,600,499
balanced_baseline,departure,random_2,158,1,0.002,600,499
balanced_baseline,departure,random_2,159,1,0.002,600,499
balanced_baseline,departure,random_2,160,1,0.002,600,499
balanced_baseline,departure,random_2,161,1,0.002,600,499
balanced_baseline,departure,random_2,162,1,0.002,600,499
balanced_baseline,departure,random_2,163,1,0.002,600,499
balanced_baseline,departure,random_2,164,1,0.002,600,499
balanced_baseline,departure,random_2,165,1,0.002,600,499
balanced_baseline,departure,random_2,166,1,0.002,600,499
balanced_baseline,departure,random_2,167,1,0.002,600,499
balanced_baseline,departure,random_2,168,1,0.002,600,499
balanced_baseline,departure,random_2,169,1,0.002,600,499
balanced_baseline,departure,random_2,170,1,0.002,600,499
balanced_baseline,departure,random_2,171,1,0.002,600,499
balanced_baseline,departure,random_2,172,1,0.002,600,499
balanced_baseline,departure,random_2,173,1,0.002,600,499
balanced_baseline,departure,random_2,174,1,0.002,600,499
balanced_baseline,departure,random_2,175,1,0.002,600,499
balanced_baseline,departure,random_2,176,1,0.002,600,499
balanced_baseline,departure,random_2,177,1,0.002,600,499
balanced_baseline,departure,random_2,178,1,0.002,600,499
balanced_baseline,departure,random_2,179,1,0.002,600,499
balanced_baseline,departure,random_2,180,1,0.002,600,499
balanced_baseline,departure,random_2,181,1,0.002,600,499
balanced_baseline,departure,random_2,182,1,0.002,600,499
balanced_baseline,departure,random_2,183,1,0.002,600,499
balanced_baseline,departure,random_2,184,1,0.002,600,499
balanced_baseline,departure,random_2,185,1,0.002,600,499
balanced_baseline,departure,random_2,186,1,0.002,600,499
balanced_baseline,departure,random_2,187,1,0.002,600,499
balanced_baseline,departure,random_2,188,1,0.002,600,499
balanced_baseline,departure,random_2,189,1,0.002,600,499
balanced_baseline,departure,random_2,190,1,0.002,600,499
balanced_baseline,departure,random_2,191,1,0.002,600,499
balanced_baseline,departure,random_2,192,1,0.002,600,499
balanced_baseline,departure,random_2,193,1,0.002,600,499
balanced_baseline,departure,random_2,194,1,0.002,600,499
balanced_baseline,departure,random_2,195,1,0.002,600,499
balanced_baseline,departure,random_2,196,1,0.002,600,499
balanced_baseline,departure,random_2,197,1,0.002,600,499
balanced_baseline,departure,random_2,198,1,0.002,600,499
balanced_baseline,departure,random_2,199,1,0.002,600,499
balanced_baseline,departure,random_3,0,1,0.002,600,499
balanced_baseline,departure,random_3,1,1,0.002,600,499
balanced_baseline,departure,random_3,2,1,0.002,600,499
balanced_baseline,departure,random_3,3,1,0.002,600,499
balanced_baseline,departure,random_3,4,1,0.002,600,499
balanced_baseline,departure,random_3,5,1,0.002,600,499
balanced_baseline,departure,random_3,6,1,0.002,600,499
balanced_baseline,departure,random_3,7,1,0.002,600,499
balanced_baseline,departure,random_3,8,1,0.002,600,499
balanced_baseline,departure,random_3,9,1,0.002,600,499
balanced_baseline,departure,random_3,10,1,0.002,600,499
balanced_baseline,departure,random_3,11,1,0.002,600,499
balanced_baseline,departure,random_3,12,1,0.002,600,499
balanced_baseline,departure,random_3,13,1,0.002,600,499
balanced_baseline,departure,random_3,14,1,0.002,600,499
balanced_baseline,departure,random_3,15,1,0.002,600,499
balanced_baseline,departure,random_3,16,1,0.002,600,499
balanced_baseline,departure,random_3,17,1,0.002,600,499
balanced_baseline,departure,random_3,18,1,0.002,600,499
balanced_baseline,departure,random_3,19,1,0.002,600,499
balanced_baseline,departure,random_3,20,1,0.002,600,499
balanced_baseline,departure,random_3,21,1,0.002,600,499
balanced_baseline,departure,random_3,22,1,0.002,600,499
balanced_baseline,departure,random_3,23,1,0.002,600,499
balanced_baseline,departure,random_3,24,1,0.002,600,499
balanced_baseline,departure,random_3,25,1,0.002,600,499
balanced_baseline,departure,random_3,26,1,0.002,600,499
balanced_baseline,departure,random_3,27,1,0.002,600,499
balanced_baseline,departure,random_3,28,1,0.002,600,499
balanced_baseline,departure,random_3,29,1,0.002,600,499
balanced_baseline,departure,random_3,30,1,0.002,600,499
balanced_baseline,departure,random_3,31,1,0.002,600,499
balanced_baseline,departure,random_3,32,1,0.002,600,499
balanced_baseline,departure,random_3,33,1,0.002,600,499
balanced_baseline,departure,random_3,34,1,0.002,600,499
balanced_baseline,departure,random_3,35,1,0.002,600,499
balanced_baseline,departure,random_3,36,1,0.002,600,499
balanced_baseline,departure,random_3,37,1,0.002,600,499
balanced_baseline,departure,random_3,38,1,0.002,600,499
balanced_baseline,departure,random_3,39,1,0.002,600,499
balanced_baseline,departure,random_3,40,1,0.002,600,499
balanced_baseline,departure,random_3,41,1,0.002,600,499
balanced_baseline,departure,random_3,42,1,0.002,600,499
balanced_baseline,departure,random_3,43,1,0.002,600,499
balanced_baseline,departure,random_3,44,1,0.002,600,499
balanced_baseline,departure,random_3,45,1,0.002,600,499
balanced_baseline,departure,random_3,46,1,0.002,600,499
balanced_baseline,departure,random_3,47,1,0.002,600,499
balanced_baseline,departure,random_3,48,1,0.002,600,499
balanced_baseline,departure,random_3,49,1,0.002,600,499
balanced_baseline,departure,random_3,50,1,0.002,600,499
balanced_baseline,departure,random_3,51,1,0.002,600,499
balanced_baseline,departure,random_3,52,1,0.002,600,499
balanced_baseline,departure,random_3,53,1,0.002,600,499
balanced_baseline,departure,random_3,54,1,0.002,600,499
balanced_baseline,departure,random_3,55,1,0.002,600,499
balanced_baseline,departure,random_3,56,1,0.002,600,499
balanced_baseline,departure,random_3,57,1,0.002,600,499
balanced_baseline,departure,random_3,58,1,0.002,600,499
balanced_baseline,departure,random_3,59,1,0.002,600,499
balanced_baseline,departure,random_3,60,1,0.002,600,499
balanced_baseline,departure,random_3,61,1,0.002,600,499
balanced_baseline,departure,random_3,62,1,0.002,600,499
balanced_baseline,departure,random_3,63,1,0.002,600,499
balanced_baseline,departure,random_3,64,1,0.002,600,499
balanced_baseline,departure,random_3,65,1,0.002,600,499
balanced_baseline,departure,random_3,66,1,0.002,600,499
balanced_baseline,departure,random_3,67,1,0.002,600,499
balanced_baseline,departure,random_3,68,1,0.002,600,499
balanced_baseline,departure,random_3,69,1,0.002,600,499
balanced_baseline,departure,random_3,70,1,0.002,600,499
balanced_baseline,departure,random_3,71,1,0.002,600,499
balanced_baseline,departure,random_3,72,1,0.002,600,499
balanced_baseline,departure,random_3,73,1,0.002,600,499
balanced_baseline,departure,random_3,74,1,0.002,600,499
balanced_baseline,departure,random_3,75,1,0.002,600,499
balanced_baseline,departure,random_3,76,1,0.002,600,499
balanced_baseline,departure,random_3,77,1,0.002,600,499
balanced_baseline,departure,random_3,78,1,0.002,600,499
balanced_baseline,departure,random_3,79,1,0.002,600,499
balanced_baseline,departure,random_3,80,1,0.002,600,499
balanced_baseline,departure,random_3,81,1,0.002,600,499
balanced_baseline,departure,random_3,82,1,0.002,600,499
balanced_baseline,departure,random_3,83,1,0.002,600,499
balanced_baseline,departure,random_3,84,1,0.002,600,499
balanced_baseline,departure,random_3,85,1,0.002,600,499
balanced_baseline,departure,random_3,86,1,0.002,600,499
balanced_baseline,departure,random_3,87,1,0.002,600,499
balanced_baseline,departure,random_3,88,1,0.002,600,499
balanced_baseline,departure,random_3,89,1,0.002,600,499
balanced_baseline,departure,random_3,90,1,0.002,600,499
balanced_baseline,departure,random_3,91,1,0.002,600,499
balanced_baseline,departure,random_3,92,1,0.002,600,499
balanced_baseline,departure,random_3,93,1,0.002,600,499
balanced_baseline,departure,random_3,94,1,0.002,600,499
balanced_baseline,departure,random_3,95,1,0.002,600,499
balanced_baseline,departure,random_3,96,1,0.002,600,499
balanced_baseline,departure,random_3,97,1,0.002,600,499
balanced_baseline,departure,random_3,98,1,0.002,600,499
balanced_baseline,departure,random_3,99,1,0.002,600,499
balanced_baseline,departure,random_3,100,1,0.002,600,499
balanced_baseline,departure,random_3,101,1,0.002,600,499
balanced_baseline,departure,random_3,102,1,0.002,600,499
balanced_baseline,departure,random_3,103,1,0.002,600,499
balanced_baseline,departure,random_3,104,1,0.002,600,499
balanced_baseline,departure,random_3,105,1,0.002,600,499
balanced_baseline,departure,random_3,106,1,0.002,600,499
balanced_baseline,departure,random_3,107,1,0.002,600,499
balanced_baseline,departure,random_3,108,1,0.002,600,499
balanced_baseline,departure,random_3,109,1,0.002,600,499
balanced_baseline,departure,random_3,110,1,0.002,600,499
balanced_baseline,departure,random_3,111,1,0.002,600,499
balanced_baseline,departure,random_3,112,1,0.002,600,499
balanced_baseline,departure,random_3,113,1,0.002,600,499
balanced_baseline,departure,random_3,114,1,0.002,600,499
balanced_baseline,departure,random_3,115,1,0.002,600,499
balanced_baseline,departure,random_3,116,1,0.002,600,499
balanced_baseline,departure,random_3,117,1,0.002,600,499
balanced_baseline,departure,random_3,118,1,0.002,600,499
balanced_baseline,departure,random_3,119,1,0.002,600,499
balanced_baseline,departure,random_3,120,1,0.002,600,499
balanced_baseline,departure,random_3,121,1,0.002,600,499
balanced_baseline,departure,random_3,122,1,0.002,600,499
balanced_baseline,departure,random_3,123,1,0.002,600,499
balanced_baseline,departure,random_3,124,1,0.002,600,499
balanced_baseline,departure,random_3,125,1,0.002,600,499
balanced_baseline,departure,random_3,126,1,0.002,600,499
balanced_baseline,departure,random_3,127,1,0.002,600,499
balanced_baseline,departure,random_3,128,1,0.002,600,499
balanced_baseline,departure,random_3,129,1,0.002,600,499
balanced_baseline,departure,random_3,130,1,0.002,600,499
balanced_baseline,departure,random_3,131,1,0.002,600,499
balanced_baseline,departure,random_3,132,1,0.002,600,499
balanced_baseline,departure,random_3,133,1,0.002,600,499
balanced_baseline,departure,random_3,134,1,0.002,600,499
balanced_baseline,departure,random_3,135,1,0.002,600,499
balanced_baseline,departure,random_3,136,1,0.002,600,499
balanced_baseline,departure,random_3,137,1,0.002,600,499
balanced_baseline,departure,random_3,138,1,0.002,600,499
balanced_baseline,departure,random_3,139,1,0.002,600,499
balanced_baseline,departure,random_3,140,1,0.002,600,499
balanced_baseline,departure,random_3,141,1,0.002,600,499
balanced_baseline,departure,random_3,142,1,0.002,600,499
balanced_baseline,departure,random_3,143,1,0.002,600,499
balanced_baseline,departure,random_3,144,1,0.002,600,499
balanced_baseline,departure,random_3,145,1,0.002,600,499
balanced_baseline,departure,random_3,146,1,0.002,600,499
balanced_baseline,departure,random_3,147,1,0.002,600,499
balanced_baseline,departure,random_3,148,1,0.002,600,499
balanced_baseline,departure,random_3,149,1,0.002,600,499
balanced_baseline,departure,random_3,150,1,0.002,600,499
balanced_baseline,departure,random_3,151,1,0.002,600,499
balanced_baseline,departure,random_3,152,1,0.002,600,499
balanced_baseline,departure,random_3,153,1,0.002,600,499
balanced_baseline,departure,random_3,154,1,0.002,600,499
balanced_baseline,departure,random_3,155,1,0.002,600,499
balanced_baseline,departure,random_3,156,1,0.002,600,499
balanced_baseline,departure,random_3,157,1,0.002,600,499
balanced_baseline,departure,random_3,158,1,0.002,600,499
balanced_baseline,departure,random_3,159,1,0.002,600,499
balanced_baseline,departure,random_3,160,1,0.002,600,499
balanced_baseline,departure,random_3,161,1,0.002,600,499
balanced_baseline,departure,random_3,162,1,0.002,600,499
balanced_baseline,departure,random_3,163,1,0.002,600,499
balanced_baseline,departure,random_3,164,1,0.002,600,499
balanced_baseline,departure,random_3,165,1,0.002,600,499
balanced_baseline,departure,random_3,166,1,0.002,600,499
balanced_baseline,departure,random_3,167,1,0.002,600,499
balanced_baseline,departure,random_3,168,1,0.002,600,499
balanced_baseline,departure,random_3,169,1,0.002,600,499
balanced_baseline,departure,random_3,170,1,0.002,600,499
balanced_baseline,departure,random_3,171,1,0.002,600,499
balanced_baseline,departure,random_3,172,1,0.002,600,499
balanced_baseline,departure,random_3,173,1,0.002,600,499
balanced_baseline,departure,random_3,174,1,0.002,600,499
balanced_baseline,departure,random_3,175,1,0.002,600,499
balanced_baseline,departure,random_3,176,1,0.002,600,499
balanced_baseline,departure,random_3,177,1,0.002,600,499
balanced_baseline,departure,random_3,178,1,0.002,600,499
balanced_baseline,departure,random_3,179,1,0.002,600,499
balanced_baseline,departure,random_3,180,1,0.002,600,499
balanced_baseline,departure,random_3,181,1,0.002,600,499
balanced_baseline,departure,random_3,182,1,0.002,600,499
balanced_baseline,departure,random_3,183,1,0.002,600,499
balanced_baseline,departure,random_3,184,1,0.002,600,499
balanced_baseline,departure,random_3,185,1,0.002,600,499
balanced_baseline,departure,random_3,186,1,0.002,600,499
balanced_baseline,departure,random_3,187,1,0.002,600,499
balanced_baseline,departure,random_3,188,1,0.002,600,499
balanced_baseline,departure,random_3,189,1,0.002,600,499
balanced_baseline,departure,random_3,190,1,0.002,600,499
balanced_baseline,departure,random_3,191,1,0.002,600,499
balanced_baseline,departure,random_3,192,1,0.002,600,499
balanced_baseline,departure,random_3,193,1,0.002,600,499
balanced_baseline,departure,random_3,194,1,0.002,600,499
balanced_baseline,departure,random_3,195,1,0.002,600,499
balanced_baseline,departure,random_3,196,1,0.002,600,499
balanced_baseline,departure,random_3,197,1,0.002,600,499
balanced_baseline,departure,random_3,198,1,0.002,600,499
balanced_baseline,departure,random_3,199,1,0.002,600,499
balanced_baseline,departure,random_4,0,1,0.002,600,499
balanced_baseline,departure,random_4,1,1,0.002,600,499
balanced_baseline,departure,random_4,2,1,0.004,600,499
balanced_baseline,departure,random_4,3,1,0.002,600,499
balanced_baseline,departure,random_4,4,1,0.002,600,499
balanced_baseline,departure,random_4,5,1,0.002,600,499
balanced_baseline,departure,random_4,6,1,0.002,600,499
balanced_baseline,departure,random_4,7,1,0.002,600,499
balanced_baseline,departure,random_4,8,1,0.002,600,499
balanced_baseline,departure,random_4,9,1,0.002,600,499
balanced_baseline,departure,random_4,10,1,0.002,600,499
balanced_baseline,departure,random_4,11,1,0.002,600,499
balanced_baseline,departure,random_4,12,1,0.002,600,499
balanced_baseline,departure,random_4,13,0,0.07,600,499
balanced_baseline,departure,random_4,14,1,0.002,600,499
balanced_baseline,departure,random_4,15,1,0.002,600,499
balanced_baseline,departure,random_4,16,1,0.002,600,499
balanced_baseline,departure,random_4,17,1,0.002,600,499
balanced_baseline,departure,random_4,18,1,0.002,600,499
balanced_baseline,departure,random_4,19,1,0.002,600,499
balanced_baseline,departure,random_4,20,1,0.002,600,499
balanced_baseline,departure,random_4,21,1,0.002,600,499
balanced_baseline,departure,random_4,22,1,0.002,600,499
balanced_baseline,departure,random_4,23,1,0.002,600,499
balanced_baseline,departure,random_4,24,1,0.002,600,499
balanced_baseline,departure,random_4,25,1,0.002,600,499
balanced_baseline,departure,random_4,26,1,0.002,600,499
balanced_baseline,departure,random_4,27,1,0.002,600,499
balanced_baseline,departure,random_4,28,1,0.002,600,499
balanced_baseline,departure,random_4,29,1,0.002,600,499
balanced_baseline,departure,random_4,30,1,0.002,600,499
balanced_baseline,departure,random_4,31,1,0.002,600,499
balanced_baseline,departure,random_4,32,1,0.002,600,499
balanced_baseline,departure,random_4,33,0,0.136,600,499
balanced_baseline,departure,random_4,34,1,0.002,600,499
balanced_baseline,departure,random_4,35,1,0.002,600,499
balanced_baseline,departure,random_4,36,1,0.002,600,499
balanced_baseline,departure,random_4,37,1,0.002,600,499
balanced_baseline,departure,random_4,38,1,0.002,600,499
balanced_baseline,departure,random_4,39,1,0.008,600,499
balanced_baseline,departure,random_4,40,1,0.002,600,499
balanced_baseline,departure,random_4,41,1,0.04,600,499
balanced_baseline,departure,random_4,42,1,0.02,600,499
balanced_baseline,departure,random_4,43,1,0.004,600,499
balanced_baseline,departure,random_4,44,1,0.002,600,499
balanced_baseline,departure,random_4,45,1,0.002,600,499
balanced_baseline,departure,random_4,46,1,0.002,600,499
balanced_baseline,departure,random_4,47,1,0.002,600,499
balanced_baseline,departure,random_4,48,1,0.002,600,499
balanced_baseline,departure,random_4,49,1,0.002,600,499
balanced_baseline,departure,random_4,50,1,0.002,600,499
balanced_baseline,departure,random_4,51,1,0.002,600,499
balanced_baseline,departure,random_4,52,1,0.002,600,499
balanced_baseline,departure,random_4,53,1,0.01,600,499
balanced_baseline,departure,random_4,54,1,0.002,600,499
balanced_baseline,departure,random_4,55,1,0.002,600,499
balanced_baseline,departure,random_4,56,1,0.002,600,499
balanced_baseline,departure,random_4,57,1,0.002,600,499
balanced_baseline,departure,random_4,58,1,0.002,600,499
balanced_baseline,departure,random_4,59,1,0.004,600,499
balanced_baseline,departure,random_4,60,1,0.002,600,499
balanced_baseline,departure,random_4,61,1,0.002,600,499
balanced_baseline,departure,random_4,62,1,0.002,600,499
balanced_baseline,departure,random_4,63,1,0.002,600,499
balanced_baseline,departure,random_4,64,1,0.002,600,499
balanced_baseline,departure,random_4,65,1,0.002,600,499
balanced_baseline,departure,random_4,66,1,0.002,600,499
balanced_baseline,departure,random_4,67,1,0.002,600,499
balanced_baseline,departure,random_4,68,1,0.002,600,499
balanced_baseline,departure,random_4,69,1,0.002,600,499
balanced_baseline,departure,random_4,70,1,0.002,600,499
balanced_baseline,departure,random_4,71,1,0.002,600,499
balanced_baseline,departure,random_4,72,1,0.002,600,499
balanced_baseline,departure,random_4,73,1,0.022,600,499
balanced_baseline,departure,random_4,74,1,0.008,600,499
balanced_baseline,departure,random_4,75,1,0.002,600,499
balanced_baseline,departure,random_4,76,1,0.002,600,499
balanced_baseline,departure,random_4,77,1,0.002,600,499
balanced_baseline,departure,random_4,78,1,0.002,600,499
balanced_baseline,departure,random_4,79,1,0.002,600,499
balanced_baseline,departure,random_4,80,1,0.002,600,499
balanced_baseline,departure,random_4,81,1,0.012,600,499
balanced_baseline,departure,random_4,82,1,0.002,600,499
balanced_baseline,departure,random_4,83,1,0.002,600,499
balanced_baseline,departure,random_4,84,1,0.002,600,499
balanced_baseline,departure,random_4,85,1,0.002,600,499
balanced_baseline,departure,random_4,86,1,0.002,600,499
balanced_baseline,departure,random_4,87,1,0.016,600,499
balanced_baseline,departure,random_4,88,1,0.002,600,499
balanced_baseline,departure,random_4,89,1,0.002,600,499
balanced_baseline,departure,random_4,90,1,0.002,600,499
balanced_baseline,departure,random_4,91,1,0.002,600,499
balanced_baseline,departure,random_4,92,1,0.002,600,499
balanced_baseline,departure,random_4,93,1,0.002,600,499
balanced_baseline,departure,random_4,94,1,0.002,600,499
balanced_baseline,departure,random_4,95,1,0.016,600,499
balanced_baseline,departure,random_4,96,1,0.004,600,499
balanced_baseline,departure,random_4,97,1,0.002,600,499
balanced_baseline,departure,random_4,98,1,0.002,600,499
balanced_baseline,departure,random_4,99,1,0.002,600,499
balanced_baseline,departure,random_4,100,1,0.002,600,499
balanced_baseline,departure,random_4,101,1,0.002,600,499
balanced_baseline,departure,random_4,102,1,0.002,600,499
balanced_baseline,departure,random_4,103,1,0.002,600,499
balanced_baseline,departure,random_4,104,1,0.002,600,499
balanced_baseline,departure,random_4,105,1,0.018,600,499
balanced_baseline,departure,random_4,106,1,0.002,600,499
balanced_baseline,departure,random_4,107,1,0.002,600,499
balanced_baseline,departure,random_4,108,1,0.002,600,499
balanced_baseline,departure,random_4,109,1,0.002,600,499
balanced_baseline,departure,random_4,110,1,0.002,600,499
balanced_baseline,departure,random_4,111,1,0.002,600,499
balanced_baseline,departure,random_4,112,1,0.002,600,499
balanced_baseline,departure,random_4,113,1,0.004,600,499
balanced_baseline,departure,random_4,114,1,0.002,600,499
balanced_baseline,departure,random_4,115,1,0.002,600,499
balanced_baseline,departure,random_4,116,1,0.002,600,499
balanced_baseline,departure,random_4,117,1,0.002,600,499
balanced_baseline,departure,random_4,118,1,0.002,600,499
balanced_baseline,departure,random_4,119,1,0.002,600,499
balanced_baseline,departure,random_4,120,1,0.002,600,499
balanced_baseline,departure,random_4,121,1,0.002,600,499
balanced_baseline,departure,random_4,122,1,0.002,600,499
balanced_baseline,departure,random_4,123,1,0.002,600,499
balanced_baseline,departure,random_4,124,1,0.002,600,499
balanced_baseline,departure,random_4,125,1,0.002,600,499
balanced_baseline,departure,random_4,126,1,0.002,600,499
balanced_baseline,departure,random_4,127,1,0.01,600,499
balanced_baseline,departure,random_4,128,1,0.002,600,499
balanced_baseline,departure,random_4,129,1,0.002,600,499
balanced_baseline,departure,random_4,130,1,0.002,600,499
balanced_baseline,departure,random_4,131,1,0.002,600,499
balanced_baseline,departure,random_4,132,1,0.002,600,499
balanced_baseline,departure,random_4,133,1,0.002,600,499
balanced_baseline,departure,random_4,134,1,0.002,600,499
balanced_baseline,departure,random_4,135,1,0.002,600,499
balanced_baseline,departure,random_4,136,1,0.018,600,499
balanced_baseline,departure,random_4,137,1,0.002,600,499
balanced_baseline,departure,random_4,138,1,0.002,600,499
balanced_baseline,departure,random_4,139,1,0.002,600,499
balanced_baseline,departure,random_4,140,1,0.002,600,499
balanced_baseline,departure,random_4,141,1,0.006,600,499
balanced_baseline,departure,random_4,142,1,0.002,600,499
balanced_baseline,departure,random_4,143,1,0.002,600,499
balanced_baseline,departure,random_4,144,1,0.002,600,499
balanced_baseline,departure,random_4,145,1,0.002,600,499
balanced_baseline,departure,random_4,146,1,0.002,600,499
balanced_baseline,departure,random_4,147,1,0.03,600,499
balanced_baseline,departure,random_4,148,1,0.004,600,499
balanced_baseline,departure,random_4,149,1,0.01,600,499
balanced_baseline,departure,random_4,150,1,0.002,600,499
balanced_baseline,departure,random_4,151,1,0.002,600,499
balanced_baseline,departure,random_4,152,1,0.002,600,499
balanced_baseline,departure,random_4,153,1,0.002,600,499
balanced_baseline,departure,random_4,154,1,0.002,600,499
balanced_baseline,departure,random_4,155,1,0.002,600,499
balanced_baseline,departure,random_4,156,1,0.002,600,499
balanced_baseline,departure,random_4,157,1,0.002,600,499
balanced_baseline,departure,random_4,158,1,0.002,600,499
balanced_baseline,departure,random_4,159,1,0.002,600,499
balanced_baseline,departure,random_4,160,1,0.002,600,499
balanced_baseline,departure,random_4,161,1,0.016,600,499
balanced_baseline,departure,random_4,162,1,0.002,600,499
balanced_baseline,departure,random_4,163,1,0.002,600,499
balanced_baseline,departure,random_4,164,1,0.002,600,499
balanced_baseline,departure,random_4,165,1,0.002,600,499
balanced_baseline,departure,random_4,166,1,0.002,600,499
balanced_baseline,departure,random_4,167,1,0.002,600,499
balanced_baseline,departure,random_4,168,1,0.002,600,499
balanced_baseline,departure,random_4,169,1,0.002,600,499
balanced_baseline,departure,random_4,170,1,0.002,600,499
balanced_baseline,departure,random_4,171,1,0.002,600,499
balanced_baseline,departure,random_4,172,1,0.014,600,499
balanced_baseline,departure,random_4,173,1,0.002,600,499
balanced_baseline,departure,random_4,174,1,0.002,600,499
balanced_baseline,departure,random_4,175,1,0.002,600,499
balanced_baseline,departure,random_4,176,1,0.002,600,499
balanced_baseline,departure,random_4,177,1,0.006,600,499
balanced_baseline,departure,random_4,178,1,0.002,600,499
balanced_baseline,departure,random_4,179,1,0.002,600,499
balanced_baseline,departure,random_4,180,1,0.002,600,499
balanced_baseline,departure,random_4,181,1,0.002,600,499
balanced_baseline,departure,random_4,182,1,0.002,600,499
balanced_baseline,departure,random_4,183,1,0.032,600,499
balanced_baseline,departure,random_4,184,1,0.002,600,499
balanced_baseline,departure,random_4,185,1,0.002,600,499
balanced_baseline,departure,random_4,186,1,0.002,600,499
balanced_baseline,departure,random_4,187,1,0.002,600,499
balanced_baseline,departure,random_4,188,1,0.002,600,499
balanced_baseline,departure,random_4,189,1,0.002,600,499
balanced_baseline,departure,random_4,190,1,0.002,600,499
balanced_baseline,departure,random_4,191,1,0.002,600,499
balanced_baseline,departure,random_4,192,1,0.002,600,499
balanced_baseline,departure,random_4,193,1,0.002,600,499
balanced_baseline,departure,random_4,194,1,0.002,600,499
balanced_baseline,departure,random_4,195,1,0.002,600,499
balanced_baseline,departure,random_4,196,1,0.002,600,499
balanced_baseline,departure,random_4,197,1,0.002,600,499
balanced_baseline,departure,random_4,198,1,0.002,600,499
balanced_baseline,departure,random_4,199,1,0.002,600,499
balanced_baseline,departure,random_5,0,1,0.002,600,499
balanced_baseline,departure,random_5,1,1,0.002,600,499
balanced_baseline,departure,random_5,2,1,0.002,600,499
balanced_baseline,departure,random_5,3,1,0.002,600,499
balanced_baseline,departure,random_5,4,1,0.002,600,499
balanced_baseline,departure,random_5,5,1,0.002,600,499
balanced_baseline,departure,random_5,6,1,0.002,600,499
balanced_baseline,departure,random_5,7,1,0.002,600,499
balanced_baseline,departure,random_5,8,1,0.002,600,499
balanced_baseline,departure,random_5,9,1,0.002,600,499
balanced_baseline,departure,random_5,10,1,0.002,600,499
balanced_baseline,departure,random_5,11,1,0.002,600,499
balanced_baseline,departure,random_5,12,1,0.002,600,499
balanced_baseline,departure,random_5,13,1,0.002,600,499
balanced_baseline,departure,random_5,14,1,0.002,600,499
balanced_baseline,departure,random_5,15,1,0.002,600,499
balanced_baseline,departure,random_5,16,1,0.002,600,499
balanced_baseline,departure,random_5,17,1,0.002,600,499
balanced_baseline,departure,random_5,18,1,0.002,600,499
balanced_baseline,departure,random_5,19,1,0.002,600,499
balanced_baseline,departure,random_5,20,1,0.002,600,499
balanced_baseline,departure,random_5,21,1,0.002,600,499
balanced_baseline,departure,random_5,22,1,0.002,600,499
balanced_baseline,departure,random_5,23,1,0.002,600,499
balanced_baseline,departure,random_5,24,1,0.002,600,499
balanced_baseline,departure,random_5,25,1,0.002,600,499
balanced_baseline,departure,random_5,26,1,0.002,600,499
balanced_baseline,departure,random_5,27,1,0.002,600,499
balanced_baseline,departure,random_5,28,1,0.002,600,499
balanced_baseline,departure,random_5,29,1,0.002,600,499
balanced_baseline,departure,random_5,30,1,0.002,600,499
balanced_baseline,departure,random_5,31,1,0.002,600,499
balanced_baseline,departure,random_5,32,1,0.002,600,499
balanced_baseline,departure,random_5,33,1,0.002,600,499
balanced_baseline,departure,random_5,34,1,0.002,600,499
balanced_baseline,departure,random_5,35,1,0.002,600,499
balanced_baseline,departure,random_5,36,1,0.002,600,499
balanced_baseline,departure,random_5,37,1,0.002,600,499
balanced_baseline,departure,random_5,38,1,0.002,600,499
balanced_baseline,departure,random_5,39,1,0.002,600,499
balanced_baseline,departure,random_5,40,1,0.002,600,499
balanced_baseline,departure,random_5,41,1,0.002,600,499
balanced_baseline,departure,random_5,42,1,0.002,600,499
balanced_baseline,departure,random_5,43,1,0.002,600,499
balanced_baseline,departure,random_5,44,1,0.002,600,499
balanced_baseline,departure,random_5,45,1,0.002,600,499
balanced_baseline,departure,random_5,46,1,0.002,600,499
balanced_baseline,departure,random_5,47,1,0.002,600,499
balanced_baseline,departure,random_5,48,1,0.002,600,499
balanced_baseline,departure,random_5,49,1,0.002,600,499
balanced_baseline,departure,random_5,50,1,0.002,600,499
balanced_baseline,departure,random_5,51,1,0.002,600,499
balanced_baseline,departure,random_5,52,1,0.002,600,499
balanced_baseline,departure,random_5,53,1,0.002,600,499
balanced_baseline,departure,random_5,54,1,0.002,600,499
balanced_baseline,departure,random_5,55,1,0.002,600,499
balanced_baseline,departure,random_5,56,1,0.002,600,499
balanced_baseline,departure,random_5,57,1,0.002,600,499
balanced_baseline,departure,random_5,58,1,0.002,600,499
balanced_baseline,departure,random_5,59,1,0.002,600,499
balanced_baseline,departure,random_5,60,1,0.002,600,499
balanced_baseline,departure,random_5,61,1,0.002,600,499
balanced_baseline,departure,random_5,62,1,0.002,600,499
balanced_baseline,departure,random_5,63,1,0.002,600,499
balanced_baseline,departure,random_5,64,1,0.002,600,499
balanced_baseline,departure,random_5,65,1,0.002,600,499
balanced_baseline,departure,random_5,66,1,0.002,600,499
balanced_baseline,departure,random_5,67,1,0.002,600,499
balanced_baseline,departure,random_5,68,1,0.002,600,499
balanced_baseline,departure,random_5,69,1,0.002,600,499
balanced_baseline,departure,random_5,70,1,0.002,600,499
balanced_baseline,departure,random_5,71,1,0.002,600,499
balanced_baseline,departure,random_5,72,1,0.002,600,499
balanced_baseline,departure,random_5,73,1,0.002,600,499
balanced_baseline,departure,random_5,74,1,0.002,600,499
balanced_baseline,departure,random_5,75,1,0.002,600,499
balanced_baseline,departure,random_5,76,1,0.002,600,499
balanced_baseline,departure,random_5,77,1,0.002,600,499
balanced_baseline,departure,random_5,78,1,0.002,600,499
balanced_baseline,departure,random_5,79,1,0.002,600,499
balanced_baseline,departure,random_5,80,1,0.002,600,499
balanced_baseline,departure,random_5,81,1,0.002,600,499
balanced_baseline,departure,random_5,82,1,0.002,600,499
balanced_baseline,departure,random_5,83,1,0.002,600,499
balanced_baseline,departure,random_5,84,1,0.002,600,499
balanced_baseline,departure,random_5,85,1,0.002,600,499
balanced_baseline,departure,random_5,86,1,0.002,600,499
balanced_baseline,departure,random_5,87,1,0.002,600,499
balanced_baseline,departure,random_5,88,1,0.002,600,499
balanced_baseline,departure,random_5,89,1,0.002,600,499
balanced_baseline,departure,random_5,90,1,0.002,600,499
balanced_baseline,departure,random_5,91,1,0.002,600,499
balanced_baseline,departure,random_5,92,1,0.002,600,499
balanced_baseline,departure,random_5,93,1,0.002,600,499
balanced_baseline,departure,random_5,94,1,0.002,600,499
balanced_baseline,departure,random_5,95,1,0.002,600,499
balanced_baseline,departure,random_5,96,1,0.002,600,499
balanced_baseline,departure,random_5,97,1,0.002,600,499
balanced_baseline,departure,random_5,98,1,0.002,600,499
balanced_baseline,departure,random_5,99,1,0.002,600,499
balanced_baseline,departure,random_5,100,1,0.002,600,499
balanced_baseline,departure,random_5,101,1,0.002,600,499
balanced_baseline,departure,random_5,102,1,0.002,600,499
balanced_baseline,departure,random_5,103,1,0.002,600,499
balanced_baseline,departure,random_5,104,1,0.002,600,499
balanced_baseline,departure,random_5,105,1,0.002,600,499
balanced_baseline,departure,random_5,106,1,0.002,600,499
balanced_baseline,departure,random_5,107,1,0.002,600,499
balanced_baseline,departure,random_5,108,1,0.002,600,499
balanced_baseline,departure,random_5,109,1,0.002,600,499
balanced_baseline,departure,random_5,110,1,0.002,600,499
balanced_baseline,departure,random_5,111,1,0.002,600,499
balanced_baseline,departure,random_5,112,1,0.002,600,499
balanced_baseline,departure,random_5,113,1,0.002,600,499
balanced_baseline,departure,random_5,114,1,0.002,600,499
balanced_baseline,departure,random_5,115,1,0.002,600,499
balanced_baseline,departure,random_5,116,1,0.002,600,499
balanced_baseline,departure,random_5,117,1,0.002,600,499
balanced_baseline,departure,random_5,118,1,0.002,600,499
balanced_baseline,departure,random_5,119,1,0.002,600,499
balanced_baseline,departure,random_5,120,1,0.002,600,499
balanced_baseline,departure,random_5,121,1,0.002,600,499
balanced_baseline,departure,random_5,122,1,0.002,600,499
balanced_baseline,departure,random_5,123,1,0.002,600,499
balanced_baseline,departure,random_5,124,1,0.002,600,499
balanced_baseline,departure,random_5,125,1,0.002,600,499
balanced_baseline,departure,random_5,126,1,0.002,600,499
balanced_baseline,departure,random_5,127,1,0.002,600,499
balanced_baseline,departure,random_5,128,1,0.002,600,499
balanced_baseline,departure,random_5,129,1,0.002,600,499
balanced_baseline,departure,random_5,130,1,0.002,600,499
balanced_baseline,departure,random_5,131,1,0.002,600,499
balanced_baseline,departure,random_5,132,1,0.002,600,499
balanced_baseline,departure,random_5,133,1,0.002,600,499
balanced_baseline,departure,random_5,134,1,0.002,600,499
balanced_baseline,departure,random_5,135,1,0.002,600,499
balanced_baseline,departure,random_5,136,1,0.002,600,499
balanced_baseline,departure,random_5,137,1,0.002,600,499
balanced_baseline,departure,random_5,138,1,0.002,600,499
balanced_baseline,departure,random_5,139,1,0.002,600,499
balanced_baseline,departure,random_5,140,1,0.002,600,499
balanced_baseline,departure,random_5,141,1,0.002,600,499
balanced_baseline,departure,random_5,142,1,0.002,600,499
balanced_baseline,departure,random_5,143,1,0.002,600,499
balanced_baseline,departure,random_5,144,1,0.002,600,499
balanced_baseline,departure,random_5,145,1,0.002,600,499
balanced_baseline,departure,random_5,146,1,0.002,600,499
balanced_baseline,departure,random_5,147,1,0.002,600,499
balanced_baseline,departure,random_5,148,1,0.002,600,499
balanced_baseline,departure,random_5,149,1,0.002,600,499
balanced_baseline,departure,random_5,150,1,0.002,600,499
balanced_baseline,departure,random_5,151,1,0.002,600,499
balanced_baseline,departure,random_5,152,1,0.002,600,499
balanced_baseline,departure,random_5,153,1,0.002,600,499
balanced_baseline,departure,random_5,154,1,0.002,600,499
balanced_baseline,departure,random_5,155,1,0.002,600,499
balanced_baseline,departure,random_5,156,1,0.002,600,499
balanced_baseline,departure,random_5,157,1,0.002,600,499
balanced_baseline,departure,random_5,158,1,0.002,600,499
balanced_baseline,departure,random_5,159,1,0.002,600,499
balanced_baseline,departure,random_5,160,1,0.002,600,499
balanced_baseline,departure,random_5,161,1,0.002,600,499
balanced_baseline,departure,random_5,162,1,0.002,600,499
balanced_baseline,departure,random_5,163,1,0.002,600,499
balanced_baseline,departure,random_5,164,1,0.002,600,499
balanced_baseline,departure,random_5,165,1,0.002,600,499
balanced_baseline,departure,random_5,166,1,0.002,600,499
balanced_baseline,departure,random_5,167,1,0.002,600,499
balanced_baseline,departure,random_5,168,1,0.002,600,499
balanced_baseline,departure,random_5,169,1,0.002,600,499
balanced_baseline,departure,random_5,170,1,0.002,600,499
balanced_baseline,departure,random_5,171,1,0.002,600,499
balanced_baseline,departure,random_5,172,1,0.002,600,499
balanced_baseline,departure,random_5,173,1,0.002,600,499
balanced_baseline,departure,random_5,174,1,0.002,600,499
balanced_baseline,departure,random_5,175,1,0.002,600,499
balanced_baseline,departure,random_5,176,1,0.002,600,499
balanced_baseline,departure,random_5,177,1,0.002,600,499
balanced_baseline,departure,random_5,178,1,0.002,600,499
balanced_baseline,departure,random_5,179,1,0.002,600,499
balanced_baseline,departure,random_5,180,1,0.002,600,499
balanced_baseline,departure,random_5,181,1,0.002,600,499
balanced_baseline,departure,random_5,182,1,0.002,600,499
balanced_baseline,departure,random_5,183,1,0.002,600,499
balanced_baseline,departure,random_5,184,1,0.002,600,499
balanced_baseline,departure,random_5,185,1,0.002,600,499
balanced_baseline,departure,random_5,186,1,0.002,600,499
balanced_baseline,departure,random_5,187,1,0.002,600,499
balanced_baseline,departure,random_5,188,1,0.002,600,499
balanced_baseline,departure,random_5,189,1,0.002,600,499
balanced_baseline,departure,random_5,190,1,0.002,600,499
balanced_baseline,departure,random_5,191,1,0.002,600,499
balanced_baseline,departure,random_5,192,1,0.002,600,499
balanced_baseline,departure,random_5,193,1,0.002,600,499
balanced_baseline,departure,random_5,194,1,0.002,600,499
balanced_baseline,departure,random_5,195,1,0.002,600,499
balanced_baseline,departure,random_5,196,1,0.002,600,499
balanced_baseline,departure,random_5,197,1,0.002,600,499
balanced_baseline,departure,random_5,198,1,0.002,600,499
balanced_baseline,departure,random_5,199,1,0.002,600,499
balanced_baseline,departure,random_6,0,1,0.002,600,499
balanced_baseline,departure,random_6,1,1,0.002,600,499
balanced_baseline,departure,random_6,2,1,0.002,600,499
balanced_baseline,departure,random_6,3,1,0.002,600,499
balanced_baseline,departure,random_6,4,1,0.002,600,499
balanced_baseline,departure,random_6,5,1,0.002,600,499
balanced_baseline,departure,random_6,6,1,0.002,600,499
balanced_baseline,departure,random_6,7,1,0.002,600,499
balanced_baseline,departure,random_6,8,1,0.002,600,499
balanced_baseline,departure,random_6,9,1,0.002,600,499
balanced_baseline,departure,random_6,10,1,0.002,600,499
balanced_baseline,departure,random_6,11,1,0.002,600,499
balanced_baseline,departure,random_6,12,1,0.002,600,499
balanced_baseline,departure,random_6,13,1,0.002,600,499
balanced_baseline,departure,random_6,14,1,0.002,600,499
balanced_baseline,departure,random_6,15,1,0.002,600,499
balanced_baseline,departure,random_6,16,1,0.002,600,499
balanced_baseline,departure,random_6,17,1,0.002,600,499
balanced_baseline,departure,random_6,18,1,0.002,600,499
balanced_baseline,departure,random_6,19,1,0.002,600,499
balanced_baseline,departure,random_6,20,1,0.002,600,499
balanced_baseline,departure,random_6,21,1,0.002,600,499
balanced_baseline,departure,random_6,22,1,0.002,600,499
balanced_baseline,departure,random_6,23,1,0.002,600,499
balanced_baseline,departure,random_6,24,1,0.002,600,499
balanced_baseline,departure,random_6,25,1,0.002,600,499
balanced_baseline,departure,random_6,26,1,0.002,600,499
balanced_baseline,departure,random_6,27,1,0.002,600,499
balanced_baseline,departure,random_6,28,1,0.002,600,499
balanced_baseline,departure,random_6,29,1,0.002,600,499
balanced_baseline,departure,random_6,30,1,0.002,600,499
balanced_baseline,departure,random_6,31,1,0.002,600,499
balanced_baseline,departure,random_6,32,1,0.002,600,499
balanced_baseline,departure,random_6,33,1,0.002,600,499
balanced_baseline,departure,random_6,34,1,0.002,600,499
balanced_baseline,departure,random_6,35,1,0.002,600,499
balanced_baseline,departure,random_6,36,1,0.002,600,499
balanced_baseline,departure,random_6,37,1,0.002,600,499
balanced_baseline,departure,random_6,38,1,0.002,600,499
balanced_baseline,departure,random_6,39,1,0.002,600,499
balanced_baseline,departure,random_6,40,1,0.002,600,499
balanced_baseline,departure,random_6,41,1,0.002,600,499
balanced_baseline,departure,random_6,42,1,0.002,600,499
balanced_baseline,departure,random_6,43,1,0.002,600,499
balanced_baseline,departure,random_6,44,1,0.002,600,499
balanced_baseline,departure,random_6,45,1,0.002,600,499
balanced_baseline,departure,random_6,46,1,0.002,600,499
balanced_baseline,departure,random_6,47,1,0.002,600,499
balanced_baseline,departure,random_6,48,1,0.002,600,499
balanced_baseline,departure,random_6,49,1,0.002,600,499
balanced_baseline,departure,random_6,50,1,0.002,600,499
balanced_baseline,departure,random_6,51,1,0.002,600,499
balanced_baseline,departure,random_6,52,1,0.002,600,499
balanced_baseline,departure,random_6,53,1,0.002,600,499
balanced_baseline,departure,random_6,54,1,0.002,600,499
balanced_baseline,departure,random_6,55,1,0.002,600,499
balanced_baseline,departure,random_6,56,1,0.002,600,499
balanced_baseline,departure,random_6,57,1,0.002,600,499
balanced_baseline,departure,random_6,58,1,0.002,600,499
balanced_baseline,departure,random_6,59,1,0.002,600,499
balanced_baseline,departure,random_6,60,1,0.002,600,499
balanced_baseline,departure,random_6,61,1,0.002,600,499
balanced_baseline,departure,random_6,62,1,0.002,600,499
balanced_baseline,departure,random_6,63,1,0.002,600,499
balanced_baseline,departure,random_6,64,1,0.002,600,499
balanced_baseline,departure,random_6,65,1,0.002,600,499
balanced_baseline,departure,random_6,66,1,0.002,600,499
balanced_baseline,departure,random_6,67,1,0.002,600,499
balanced_baseline,departure,random_6,68,1,0.002,600,499
balanced_baseline,departure,random_6,69,1,0.002,600,499
balanced_baseline,departure,random_6,70,1,0.002,600,499
balanced_baseline,departure,random_6,71,1,0.002,600,499
balanced_baseline,departure,random_6,72,1,0.002,600,499
balanced_baseline,departure,random_6,73,1,0.002,600,499
balanced_baseline,departure,random_6,74,1,0.002,600,499
balanced_baseline,departure,random_6,75,1,0.002,600,499
balanced_baseline,departure,random_6,76,1,0.002,600,499
balanced_baseline,departure,random_6,77,1,0.002,600,499
balanced_baseline,departure,random_6,78,1,0.002,600,499
balanced_baseline,departure,random_6,79,1,0.002,600,499
balanced_baseline,departure,random_6,80,1,0.002,600,499
balanced_baseline,departure,random_6,81,1,0.002,600,499
balanced_baseline,departure,random_6,82,1,0.002,600,499
balanced_baseline,departure,random_6,83,1,0.002,600,499
balanced_baseline,departure,random_6,84,1,0.002,600,499
balanced_baseline,departure,random_6,85,1,0.002,600,499
balanced_baseline,departure,random_6,86,1,0.002,600,499
balanced_baseline,departure,random_6,87,1,0.002,600,499
balanced_baseline,departure,random_6,88,1,0.002,600,499
balanced_baseline,departure,random_6,89,1,0.002,600,499
balanced_baseline,departure,random_6,90,1,0.002,600,499
balanced_baseline,departure,random_6,91,1,0.002,600,499
balanced_baseline,departure,random_6,92,1,0.002,600,499
balanced_baseline,departure,random_6,93,1,0.002,600,499
balanced_baseline,departure,random_6,94,1,0.002,600,499
balanced_baseline,departure,random_6,95,1,0.002,600,499
balanced_baseline,departure,random_6,96,1,0.002,600,499
balanced_baseline,departure,random_6,97,1,0.002,600,499
balanced_baseline,departure,random_6,98,1,0.002,600,499
balanced_baseline,departure,random_6,99,1,0.002,600,499
balanced_baseline,departure,random_6,100,1,0.002,600,499
balanced_baseline,departure,random_6,101,1,0.002,600,499
balanced_baseline,departure,random_6,102,1,0.002,600,499
balanced_baseline,departure,random_6,103,1,0.002,600,499
balanced_baseline,departure,random_6,104,1,0.002,600,499
balanced_baseline,departure,random_6,105,1,0.002,600,499
balanced_baseline,departure,random_6,106,1,0.002,600,499
balanced_baseline,departure,random_6,107,1,0.002,600,499
balanced_baseline,departure,random_6,108,1,0.002,600,499
balanced_baseline,departure,random_6,109,1,0.002,600,499
balanced_baseline,departure,random_6,110,1,0.002,600,499
balanced_baseline,departure,random_6,111,1,0.002,600,499
balanced_baseline,departure,random_6,112,1,0.002,600,499
balanced_baseline,departure,random_6,113,1,0.002,600,499
balanced_baseline,departure,random_6,114,1,0.002,600,499
balanced_baseline,departure,random_6,115,1,0.002,600,499
balanced_baseline,departure,random_6,116,1,0.002,600,499
balanced_baseline,departure,random_6,117,1,0.002,600,499
balanced_baseline,departure,random_6,118,1,0.002,600,499
balanced_baseline,departure,random_6,119,1,0.002,600,499
balanced_baseline,departure,random_6,120,1,0.002,600,499
balanced_baseline,departure,random_6,121,1,0.002,600,499
balanced_baseline,departure,random_6,122,1,0.002,600,499
balanced_baseline,departure,random_6,123,1,0.002,600,499
balanced_baseline,departure,random_6,124,1,0.002,600,499
balanced_baseline,departure,random_6,125,1,0.002,600,499
balanced_baseline,departure,random_6,126,1,0.002,600,499
balanced_baseline,departure,random_6,127,1,0.002,600,499
balanced_baseline,departure,random_6,128,1,0.002,600,499
balanced_baseline,departure,random_6,129,1,0.002,600,499
balanced_baseline,departure,random_6,130,1,0.002,600,499
balanced_baseline,departure,random_6,131,1,0.002,600,499
balanced_baseline,departure,random_6,132,1,0.002,600,499
balanced_baseline,departure,random_6,133,1,0.002,600,499
balanced_baseline,departure,random_6,134,1,0.002,600,499
balanced_baseline,departure,random_6,135,1,0.002,600,499
balanced_baseline,departure,random_6,136,1,0.002,600,499
balanced_baseline,departure,random_6,137,1,0.002,600,499
balanced_baseline,departure,random_6,138,1,0.002,600,499
balanced_baseline,departure,random_6,139,1,0.002,600,499
balanced_baseline,departure,random_6,140,1,0.002,600,499
balanced_baseline,departure,random_6,141,1,0.002,600,499
balanced_baseline,departure,random_6,142,1,0.002,600,499
balanced_baseline,departure,random_6,143,1,0.002,600,499
balanced_baseline,departure,random_6,144,1,0.002,600,499
balanced_baseline,departure,random_6,145,1,0.002,600,499
balanced_baseline,departure,random_6,146,1,0.002,600,499
balanced_baseline,departure,random_6,147,1,0.002,600,499
balanced_baseline,departure,random_6,148,1,0.002,600,499
balanced_baseline,departure,random_6,149,1,0.002,600,499
balanced_baseline,departure,random_6,150,1,0.002,600,499
balanced_baseline,departure,random_6,151,1,0.002,600,499
balanced_baseline,departure,random_6,152,1,0.002,600,499
balanced_baseline,departure,random_6,153,1,0.002,600,499
balanced_baseline,departure,random_6,154,1,0.002,600,499
balanced_baseline,departure,random_6,155,1,0.002,600,499
balanced_baseline,departure,random_6,156,1,0.002,600,499
balanced_baseline,departure,random_6,157,1,0.002,600,499
balanced_baseline,departure,random_6,158,1,0.002,600,499
balanced_baseline,departure,random_6,159,1,0.002,600,499
balanced_baseline,departure,random_6,160,1,0.002,600,499
balanced_baseline,departure,random_6,161,1,0.002,600,499
balanced_baseline,departure,random_6,162,1,0.002,600,499
balanced_baseline,departure,random_6,163,1,0.002,600,499
balanced_baseline,departure,random_6,164,1,0.002,600,499
balanced_baseline,departure,random_6,165,1,0.002,600,499
balanced_baseline,departure,random_6,166,1,0.002,600,499
balanced_baseline,departure,random_6,167,1,0.002,600,499
balanced_baseline,departure,random_6,168,1,0.002,600,499
balanced_baseline,departure,random_6,169,1,0.002,600,499
balanced_baseline,departure,random_6,170,1,0.002,600,499
balanced_baseline,departure,random_6,171,1,0.002,600,499
balanced_baseline,departure,random_6,172,1,0.002,600,499
balanced_baseline,departure,random_6,173,1,0.002,600,499
balanced_baseline,departure,random_6,174,1,0.002,600,499
balanced_baseline,departure,random_6,175,1,0.002,600,499
balanced_baseline,departure,random_6,176,1,0.002,600,499
balanced_baseline,departure,random_6,177,1,0.002,600,499
balanced_baseline,departure,random_6,178,1,0.002,600,499
balanced_baseline,departure,random_6,179,1,0.002,600,499
balanced_baseline,departure,random_6,180,1,0.002,600,499
balanced_baseline,departure,random_6,181,1,0.002,600,499
balanced_baseline,departure,random_6,182,1,0.002,600,499
balanced_baseline,departure,random_6,183,1,0.002,600,499
balanced_baseline,departure,random_6,184,1,0.002,600,499
balanced_baseline,departure,random_6,185,1,0.002,600,499
balanced_baseline,departure,random_6,186,1,0.002,600,499
balanced_baseline,departure,random_6,187,1,0.002,600,499
balanced_baseline,departure,random_6,188,1,0.002,600,499
balanced_baseline,departure,random_6,189,1,0.002,600,499
balanced_baseline,departure,random_6,190,1,0.002,600,499
balanced_baseline,departure,random_6,191,1,0.002,600,499
balanced_baseline,departure,random_6,192,1,0.002,600,499
balanced_baseline,departure,random_6,193,1,0.002,600,499
balanced_baseline,departure,random_6,194,1,0.002,600,499
balanced_baseline,departure,random_6,195,1,0.002,600,499
balanced_baseline,departure,random_6,196,1,0.002,600,499
balanced_baseline,departure,random_6,197,1,0.002,600,499
balanced_baseline,departure,random_6,198,1,0.002,600,499
balanced_baseline,departure,random_6,199,1,0.002,600,499
balanced_baseline,departure,random_7,0,1,0.002,600,499
balanced_baseline,departure,random_7,1,1,0.002,600,499
balanced_baseline,departure,random_7,2,1,0.002,600,499
balanced_baseline,departure,random_7,3,1,0.002,600,499
balanced_baseline,departure,random_7,4,1,0.002,600,499
balanced_baseline,departure,random_7,5,1,0.016,600,499
balanced_baseline,departure,random_7,6,1,0.002,600,499
balanced_baseline,departure,random_7,7,0,0.162,600,499
balanced_baseline,departure,random_7,8,1,0.002,600,499
balanced_baseline,departure,random_7,9,1,0.002,600,499
balanced_baseline,departure,random_7,10,1,0.002,600,499
balanced_baseline,departure,random_7,11,1,0.004,600,499
balanced_baseline,departure,random_7,12,1,0.002,600,499
balanced_baseline,departure,random_7,13,1,0.024,600,499
balanced_baseline,departure,random_7,14,1,0.008,600,499
balanced_baseline,departure,random_7,15,1,0.002,600,499
balanced_baseline,departure,random_7,16,1,0.002,600,499
balanced_baseline,departure,random_7,17,1,0.018,600,499
balanced_baseline,departure,random_7,18,1,0.014,600,499
balanced_baseline,departure,random_7,19,1,0.002,600,499
balanced_baseline,departure,random_7,20,1,0.002,600,499
balanced_baseline,departure,random_7,21,1,0.034,600,499
balanced_baseline,departure,random_7,22,0,0.192,600,499
balanced_baseline,departure,random_7,23,1,0.002,600,499
balanced_baseline,departure,random_7,24,0,0.11,600,499
balanced_baseline,departure,random_7,25,1,0.002,600,499
balanced_baseline,departure,random_7,26,1,0.034,600,499
balanced_baseline,departure,random_7,27,1,0.016,600,499
balanced_baseline,departure,random_7,28,1,0.02,600,499
balanced_baseline,departure,random_7,29,1,0.03,600,499
balanced_baseline,departure,random_7,30,1,0.002,600,499
balanced_baseline,departure,random_7,31,1,0.016,600,499
balanced_baseline,departure,random_7,32,1,0.002,600,499
balanced_baseline,departure,random_7,33,0,0.06,600,499
balanced_baseline,departure,random_7,34,1,0.038,600,499
balanced_baseline,departure,random_7,35,1,0.002,600,499
balanced_baseline,departure,random_7,36,1,0.016,600,499
balanced_baseline,departure,random_7,37,1,0.002,600,499
balanced_baseline,departure,random_7,38,1,0.002,600,499
balanced_baseline,departure,random_7,39,1,0.002,600,499
balanced_baseline,departure,random_7,40,1,0.002,600,499
balanced_baseline,departure,random_7,41,1,0.004,600,499
balanced_baseline,departure,random_7,42,1,0.002,600,499
balanced_baseline,departure,random_7,43,0,0.158,600,499
balanced_baseline,departure,random_7,44,1,0.002,600,499
balanced_baseline,departure,random_7,45,1,0.002,600,499
balanced_baseline,departure,random_7,46,1,0.002,600,499
balanced_baseline,departure,random_7,47,1,0.002,600,499
balanced_baseline,departure,random_7,48,1,0.002,600,499
balanced_baseline,departure,random_7,49,1,0.006,600,499
balanced_baseline,departure,random_7,50,1,0.004,600,499
balanced_baseline,departure,random_7,51,1,0.004,600,499
balanced_baseline,departure,random_7,52,1,0.002,600,499
balanced_baseline,departure,random_7,53,1,0.004,600,499
balanced_baseline,departure,random_7,54,1,0.002,600,499
balanced_baseline,departure,random_7,55,1,0.044,600,499
balanced_baseline,departure,random_7,56,1,0.002,600,499
balanced_baseline,departure,random_7,57,1,0.004,600,499
balanced_baseline,departure,random_7,58,1,0.002,600,499
balanced_baseline,departure,random_7,59,1,0.004,600,499
balanced_baseline,departure,random_7,60,1,0.002,600,499
balanced_baseline,departure,random_7,61,0,0.062,600,499
balanced_baseline,departure,random_7,62,1,0.01,600,499
balanced_baseline,departure,random_7,63,0,0.316,600,499
balanced_baseline,departure,random_7,64,1,0.002,600,499
balanced_baseline,departure,random_7,65,1,0.004,600,499
balanced_baseline,departure,random_7,66,1,0.004,600,499
balanced_baseline,departure,random_7,67,0,0.746,600,499
balanced_baseline,departure,random_7,68,1,0.02,600,499
balanced_baseline,departure,random_7,69,1,0.022,600,499
balanced_baseline,departure,random_7,70,1,0.026,600,499
balanced_baseline,departure,random_7,71,1,0.02,600,499
balanced_baseline,departure,random_7,72,1,0.002,600,499
balanced_baseline,departure,random_7,73,1,0.012,600,499
balanced_baseline,departure,random_7,74,1,0.03,600,499
balanced_baseline,departure,random_7,75,1,0.002,600,499
balanced_baseline,departure,random_7,76,1,0.002,600,499
balanced_baseline,departure,random_7,77,1,0.04,600,499
balanced_baseline,departure,random_7,78,0,0.142,600,499
balanced_baseline,departure,random_7,79,1,0.002,600,499
balanced_baseline,departure,random_7,80,1,0.002,600,499
balanced_baseline,departure,random_7,81,1,0.006,600,499
balanced_baseline,departure,random_7,82,0,0.136,600,499
balanced_baseline,departure,random_7,83,0,0.138,600,499
balanced_baseline,departure,random_7,84,1,0.002,600,499
balanced_baseline,departure,random_7,85,0,0.514,600,499
balanced_baseline,departure,random_7,86,1,0.004,600,499
balanced_baseline,departure,random_7,87,1,0.002,600,499
balanced_baseline,departure,random_7,88,1,0.002,600,499
balanced_baseline,departure,random_7,89,1,0.002,600,499
balanced_baseline,departure,random_7,90,0,0.076,600,499
balanced_baseline,departure,random_7,91,1,0.002,600,499
balanced_baseline,departure,random_7,92,1,0.002,600,499
balanced_baseline,departure,random_7,93,0,0.322,600,499
balanced_baseline,departure,random_7,94,1,0.002,600,499
balanced_baseline,departure,random_7,95,1,0.002,600,499
balanced_baseline,departure,random_7,96,1,0.006,600,499
balanced_baseline,departure,random_7,97,1,0.002,600,499
balanced_baseline,departure,random_7,98,1,0.002,600,499
balanced_baseline,departure,random_7,99,1,0.002,600,499
balanced_baseline,departure,random_7,100,1,0.01,600,499
balanced_baseline,departure,random_7,101,1,0.018,600,499
balanced_baseline,departure,random_7,102,1,0.002,600,499
balanced_baseline,departure,random_7,103,1,0.002,600,499
balanced_baseline,departure,random_7,104,1,0.002,600,499
balanced_baseline,departure,random_7,105,1,0.002,600,499
balanced_baseline,departure,random_7,106,0,0.116,600,499
balanced_baseline,departure,random_7,107,1,0.004,600,499
balanced_baseline,departure,random_7,108,1,0.002,600,499
balanced_baseline,departure,random_7,109,1,0.002,600,499
balanced_baseline,departure,random_7,110,0,0.09,600,499
balanced_baseline,departure,random_7,111,1,0.004,600,499
balanced_baseline,departure,random_7,112,1,0.01,600,499
balanced_baseline,departure,random_7,113,1,0.018,600,499
balanced_baseline,departure,random_7,114,1,0.004,600,499
balanced_baseline,departure,random_7,115,1,0.004,600,499
balanced_baseline,departure,random_7,116,1,0.006,600,499
balanced_baseline,departure,random_7,117,1,0.002,600,499
balanced_baseline,departure,random_7,118,1,0.006,600,499
balanced_baseline,departure,random_7,119,1,0.006,600,499
balanced_baseline,departure,random_7,120,1,0.004,600,499
balanced_baseline,departure,random_7,121,1,0.008,600,499
balanced_baseline,departure,random_7,122,1,0.002,600,499
balanced_baseline,departure,random_7,123,1,0.002,600,499
balanced_baseline,departure,random_7,124,1,0.002,600,499
balanced_baseline,departure,random_7,125,1,0.002,600,499
balanced_baseline,departure,random_7,126,1,0.034,600,499
balanced_baseline,departure,random_7,127,1,0.02,600,499
balanced_baseline,departure,random_7,128,1,0.002,600,499
balanced_baseline,departure,random_7,129,1,0.028,600,499
balanced_baseline,departure,random_7,130,1,0.034,600,499
balanced_baseline,departure,random_7,131,1,0.016,600,499
balanced_baseline,departure,random_7,132,0,0.58,600,499
balanced_baseline,departure,random_7,133,1,0.002,600,499
balanced_baseline,departure,random_7,134,1,0.002,600,499
balanced_baseline,departure,random_7,135,1,0.004,600,499
balanced_baseline,departure,random_7,136,1,0.004,600,499
balanced_baseline,departure,random_7,137,1,0.008,600,499
balanced_baseline,departure,random_7,138,1,0.002,600,499
balanced_baseline,departure,random_7,139,1,0.002,600,499
balanced_baseline,departure,random_7,140,1,0.012,600,499
balanced_baseline,departure,random_7,141,1,0.004,600,499
balanced_baseline,departure,random_7,142,1,0.008,600,499
balanced_baseline,departure,random_7,143,1,0.018,600,499
balanced_baseline,departure,random_7,144,1,0.002,600,499
balanced_baseline,departure,random_7,145,1,0.002,600,499
balanced_baseline,departure,random_7,146,1,0.004,600,499
balanced_baseline,departure,random_7,147,1,0.002,600,499
balanced_baseline,departure,random_7,148,1,0.024,600,499
balanced_baseline,departure,random_7,149,1,0.002,600,499
balanced_baseline,departure,random_7,150,1,0.04,600,499
balanced_baseline,departure,random_7,151,1,0.002,600,499
balanced_baseline,departure,random_7,152,1,0.004,600,499
balanced_baseline,departure,random_7,153,1,0.002,600,499
balanced_baseline,departure,random_7,154,1,0.008,600,499
balanced_baseline,departure,random_7,155,1,0.002,600,499
balanced_baseline,departure,random_7,156,1,0.004,600,499
balanced_baseline,departure,random_7,157,1,0.046,600,499
balanced_baseline,departure,random_7,158,1,0.002,600,499
balanced_baseline,departure,random_7,159,1,0.01,600,499
balanced_baseline,departure,random_7,160,1,0.002,600,499
balanced_baseline,departure,random_7,161,1,0.002,600,499
balanced_baseline,departure,random_7,162,1,0.002,600,499
balanced_baseline,departure,random_7,163,1,0.002,600,499
balanced_baseline,departure,random_7,164,1,0.002,600,499
balanced_baseline,departure,random_7,165,1,0.002,600,499
balanced_baseline,departure,random_7,166,1,0.002,600,499
balanced_baseline,departure,random_7,167,1,0.002,600,499
balanced_baseline,departure,random_7,168,1,0.006,600,499
balanced_baseline,departure,random_7,169,1,0.014,600,499
balanced_baseline,departure,random_7,170,1,0.002,600,499
balanced_baseline,departure,random_7,171,1,0.002,600,499
balanced_baseline,departure,random_7,172,1,0.02,600,499
balanced_baseline,departure,random_7,173,1,0.002,600,499
balanced_baseline,departure,random_7,174,1,0.002,600,499
balanced_baseline,departure,random_7,175,1,0.002,600,499
balanced_baseline,departure,random_7,176,1,0.002,600,499
balanced_baseline,departure,random_7,177,0,0.056,600,499
balanced_baseline,departure,random_7,178,1,0.002,600,499
balanced_baseline,departure,random_7,179,1,0.014,600,499
balanced_baseline,departure,random_7,180,1,0.002,600,499
balanced_baseline,departure,random_7,181,1,0.006,600,499
balanced_baseline,departure,random_7,182,1,0.002,600,499
balanced_baseline,departure,random_7,183,1,0.002,600,499
balanced_baseline,departure,random_7,184,1,0.002,600,499
balanced_baseline,departure,random_7,185,1,0.002,600,499
balanced_baseline,departure,random_7,186,1,0.002,600,499
balanced_baseline,departure,random_7,187,1,0.004,600,499
balanced_baseline,departure,random_7,188,1,0.002,600,499
balanced_baseline,departure,random_7,189,1,0.002,600,499
balanced_baseline,departure,random_7,190,1,0.002,600,499
balanced_baseline,departure,random_7,191,1,0.01,600,499
balanced_baseline,departure,random_7,192,0,0.218,600,499
balanced_baseline,departure,random_7,193,1,0.002,600,499
balanced_baseline,departure,random_7,194,1,0.002,600,499
balanced_baseline,departure,random_7,195,1,0.028,600,499
balanced_baseline,departure,random_7,196,1,0.002,600,499
balanced_baseline,departure,random_7,197,1,0.014,600,499
balanced_baseline,departure,random_7,198,1,0.002,600,499
balanced_baseline,departure,random_7,199,1,0.002,600,499
balanced_baseline,departure,random_8,0,1,0.002,600,499
balanced_baseline,departure,random_8,1,1,0.002,600,499
balanced_baseline,departure,random_8,2,1,0.002,600,499
balanced_baseline,departure,random_8,3,1,0.002,600,499
balanced_baseline,departure,random_8,4,1,0.002,600,499
balanced_baseline,departure,random_8,5,1,0.002,600,499
balanced_baseline,departure,random_8,6,1,0.002,600,499
balanced_baseline,departure,random_8,7,1,0.002,600,499
balanced_baseline,departure,random_8,8,1,0.002,600,499
balanced_baseline,departure,random_8,9,1,0.002,600,499
balanced_baseline,departure,random_8,10,1,0.002,600,499
balanced_baseline,departure,random_8,11,1,0.002,600,499
balanced_baseline,departure,random_8,12,1,0.002,600,499
balanced_baseline,departure,random_8,13,1,0.002,600,499
balanced_baseline,departure,random_8,14,1,0.002,600,499
balanced_baseline,departure,random_8,15,1,0.002,600,499
balanced_baseline,departure,random_8,16,1,0.002,600,499
balanced_baseline,departure,random_8,17,1,0.002,600,499
balanced_baseline,departure,random_8,18,1,0.002,600,499
balanced_baseline,departure,random_8,19,1,0.002,600,499
balanced_baseline,departure,random_8,20,1,0.002,600,499
balanced_baseline,departure,random_8,21,1,0.002,600,499
balanced_baseline,departure,random_8,22,1,0.002,600,499
balanced_baseline,departure,random_8,23,1,0.002,600,499
balanced_baseline,departure,random_8,24,1,0.002,600,499
balanced_baseline,departure,random_8,25,1,0.002,600,499
balanced_baseline,departure,random_8,26,1,0.002,600,499
balanced_baseline,departure,random_8,27,1,0.002,600,499
balanced_baseline,departure,random_8,28,1,0.002,600,499
balanced_baseline,departure,random_8,29,1,0.002,600,499
balanced_baseline,departure,random_8,30,1,0.002,600,499
balanced_baseline,departure,random_8,31,1,0.002,600,499
balanced_baseline,departure,random_8,32,1,0.002,600,499
balanced_baseline,departure,random_8,33,1,0.002,600,499
balanced_baseline,departure,random_8,34,1,0.002,600,499
balanced_baseline,departure,random_8,35,1,0.002,600,499
balanced_baseline,departure,random_8,36,1,0.002,600,499
balanced_baseline,departure,random_8,37,1,0.002,600,499
balanced_baseline,departure,random_8,38,1,0.002,600,499
balanced_baseline,departure,random_8,39,1,0.002,600,499
balanced_baseline,departure,random_8,40,1,0.002,600,499
balanced_baseline,departure,random_8,41,1,0.002,600,499
balanced_baseline,departure,random_8,42,1,0.002,600,499
balanced_baseline,departure,random_8,43,1,0.002,600,499
balanced_baseline,departure,random_8,44,1,0.002,600,499
balanced_baseline,departure,random_8,45,1,0.002,600,499
balanced_baseline,departure,random_8,46,1,0.002,600,499
balanced_baseline,departure,random_8,47,1,0.002,600,499
balanced_baseline,departure,random_8,48,1,0.002,600,499
balanced_baseline,departure,random_8,49,1,0.002,600,499
balanced_baseline,departure,random_8,50,1,0.002,600,499
balanced_baseline,departure,random_8,51,1,0.002,600,499
balanced_baseline,departure,random_8,52,1,0.002,600,499
balanced_baseline,departure,random_8,53,1,0.002,600,499
balanced_baseline,departure,random_8,54,1,0.002,600,499
balanced_baseline,departure,random_8,55,1,0.002,600,499
balanced_baseline,departure,random_8,56,1,0.002,600,499
balanced_baseline,departure,random_8,57,1,0.002,600,499
balanced_baseline,departure,random_8,58,1,0.002,600,499
balanced_baseline,departure,random_8,59,1,0.002,600,499
balanced_baseline,departure,random_8,60,1,0.002,600,499
balanced_baseline,departure,random_8,61,1,0.002,600,499
balanced_baseline,departure,random_8,62,1,0.002,600,499
balanced_baseline,departure,random_8,63,1,0.002,600,499
balanced_baseline,departure,random_8,64,1,0.002,600,499
balanced_baseline,departure,random_8,65,1,0.002,600,499
balanced_baseline,departure,random_8,66,1,0.002,600,499
balanced_baseline,departure,random_8,67,1,0.002,600,499
balanced_baseline,departure,random_8,68,1,0.002,600,499
balanced_baseline,departure,random_8,69,1,0.002,600,499
balanced_baseline,departure,random_8,70,1,0.002,600,499
balanced_baseline,departure,random_8,71,1,0.002,600,499
balanced_baseline,departure,random_8,72,1,0.002,600,499
balanced_baseline,departure,random_8,73,1,0.002,600,499
balanced_baseline,departure,random_8,74,1,0.002,600,499
balanced_baseline,departure,random_8,75,1,0.002,600,499
balanced_baseline,departure,random_8,76,1,0.002,600,499
balanced_baseline,departure,random_8,77,1,0.002,600,499
balanced_baseline,departure,random_8,78,1,0.002,600,499
balanced_baseline,departure,random_8,79,1,0.002,600,499
balanced_baseline,departure,random_8,80,1,0.002,600,499
balanced_baseline,departure,random_8,81,1,0.002,600,499
balanced_baseline,departure,random_8,82,1,0.002,600,499
balanced_baseline,departure,random_8,83,1,0.002,600,499
balanced_baseline,departure,random_8,84,1,0.002,600,499
balanced_baseline,departure,random_8,85,1,0.002,600,499
balanced_baseline,departure,random_8,86,1,0.002,600,499
balanced_baseline,departure,random_8,87,1,0.002,600,499
balanced_baseline,departure,random_8,88,1,0.002,600,499
balanced_baseline,departure,random_8,89,1,0.002,600,499
balanced_baseline,departure,random_8,90,1,0.002,600,499
balanced_baseline,departure,random_8,91,1,0.002,600,499
balanced_baseline,departure,random_8,92,1,0.002,600,499
balanced_baseline,departure,random_8,93,1,0.002,600,499
balanced_baseline,departure,random_8,94,1,0.002,600,499
balanced_baseline,departure,random_8,95,1,0.002,600,499
balanced_baseline,departure,random_8,96,1,0.002,600,499
balanced_baseline,departure,random_8,97,1,0.002,600,499
balanced_baseline,departure,random_8,98,1,0.002,600,499
balanced_baseline,departure,random_8,99,1,0.002,600,499
balanced_baseline,departure,random_8,100,1,0.002,600,499
balanced_baseline,departure,random_8,101,1,0.002,600,499
balanced_baseline,departure,random_8,102,1,0.002,600,499
balanced_baseline,departure,random_8,103,1,0.002,600,499
balanced_baseline,departure,random_8,104,1,0.002,600,499
balanced_baseline,departure,random_8,105,1,0.002,600,499
balanced_baseline,departure,random_8,106,1,0.002,600,499
balanced_baseline,departure,random_8,107,1,0.002,600,499
balanced_baseline,departure,random_8,108,1,0.002,600,499
balanced_baseline,departure,random_8,109,1,0.002,600,499
balanced_baseline,departure,random_8,110,1,0.002,600,499
balanced_baseline,departure,random_8,111,1,0.002,600,499
balanced_baseline,departure,random_8,112,1,0.002,600,499
balanced_baseline,departure,random_8,113,1,0.002,600,499
balanced_baseline,departure,random_8,114,1,0.002,600,499
balanced_baseline,departure,random_8,115,1,0.002,600,499
balanced_baseline,departure,random_8,116,1,0.002,600,499
balanced_baseline,departure,random_8,117,1,0.002,600,499
balanced_baseline,departure,random_8,118,1,0.002,600,499
balanced_baseline,departure,random_8,119,1,0.002,600,499
balanced_baseline,departure,random_8,120,1,0.002,600,499
balanced_baseline,departure,random_8,121,1,0.002,600,499
balanced_baseline,departure,random_8,122,1,0.002,600,499
balanced_baseline,departure,random_8,123,1,0.002,600,499
balanced_baseline,departure,random_8,124,1,0.002,600,499
balanced_baseline,departure,random_8,125,1,0.002,600,499
balanced_baseline,departure,random_8,126,1,0.002,600,499
balanced_baseline,departure,random_8,127,1,0.002,600,499
balanced_baseline,departure,random_8,128,1,0.002,600,499
balanced_baseline,departure,random_8,129,1,0.002,600,499
balanced_baseline,departure,random_8,130,1,0.002,600,499
balanced_baseline,departure,random_8,131,1,0.002,600,499
balanced_baseline,departure,random_8,132,1,0.002,600,499
balanced_baseline,departure,random_8,133,1,0.002,600,499
balanced_baseline,departure,random_8,134,1,0.002,600,499
balanced_baseline,departure,random_8,135,1,0.002,600,499
balanced_baseline,departure,random_8,136,1,0.002,600,499
balanced_baseline,departure,random_8,137,1,0.002,600,499
balanced_baseline,departure,random_8,138,1,0.002,600,499
balanced_baseline,departure,random_8,139,1,0.002,600,499
balanced_baseline,departure,random_8,140,1,0.002,600,499
balanced_baseline,departure,random_8,141,1,0.002,600,499
balanced_baseline,departure,random_8,142,1,0.002,600,499
balanced_baseline,departure,random_8,143,1,0.002,600,499
balanced_baseline,departure,random_8,144,1,0.002,600,499
balanced_baseline,departure,random_8,145,1,0.002,600,499
balanced_baseline,departure,random_8,146,1,0.002,600,499
balanced_baseline,departure,random_8,147,1,0.002,600,499
balanced_baseline,departure,random_8,148,1,0.002,600,499
balanced_baseline,departure,random_8,149,1,0.002,600,499
balanced_baseline,departure,random_8,150,1,0.002,600,499
balanced_baseline,departure,random_8,151,1,0.002,600,499
balanced_baseline,departure,random_8,152,1,0.002,600,499
balanced_baseline,departure,random_8,153,1,0.002,600,499
balanced_baseline,departure,random_8,154,1,0.002,600,499
balanced_baseline,departure,random_8,155,1,0.002,600,499
balanced_baseline,departure,random_8,156,1,0.002,600,499
balanced_baseline,departure,random_8,157,1,0.002,600,499
balanced_baseline,departure,random_8,158,1,0.002,600,499
balanced_baseline,departure,random_8,159,1,0.002,600,499
balanced_baseline,departure,random_8,160,1,0.002,600,499
balanced_baseline,departure,random_8,161,1,0.002,600,499
balanced_baseline,departure,random_8,162,1,0.002,600,499
balanced_baseline,departure,random_8,163,1,0.002,600,499
balanced_baseline,departure,random_8,164,1,0.002,600,499
balanced_baseline,departure,random_8,165,1,0.002,600,499
balanced_baseline,departure,random_8,166,1,0.002,600,499
balanced_baseline,departure,random_8,167,1,0.002,600,499
balanced_baseline,departure,random_8,168,1,0.002,600,499
balanced_baseline,departure,random_8,169,1,0.002,600,499
balanced_baseline,departure,random_8,170,1,0.002,600,499
balanced_baseline,departure,random_8,171,1,0.002,600,499
balanced_baseline,departure,random_8,172,1,0.002,600,499
balanced_baseline,departure,random_8,173,1,0.002,600,499
balanced_baseline,departure,random_8,174,1,0.002,600,499
balanced_baseline,departure,random_8,175,1,0.002,600,499
balanced_baseline,departure,random_8,176,1,0.002,600,499
balanced_baseline,departure,random_8,177,1,0.002,600,499
balanced_baseline,departure,random_8,178,1,0.002,600,499
balanced_baseline,departure,random_8,179,1,0.002,600,499
balanced_baseline,departure,random_8,180,1,0.002,600,499
balanced_baseline,departure,random_8,181,1,0.002,600,499
balanced_baseline,departure,random_8,182,1,0.002,600,499
balanced_baseline,departure,random_8,183,1,0.002,600,499
balanced_baseline,departure,random_8,184,1,0.002,600,499
balanced_baseline,departure,random_8,185,1,0.002,600,499
balanced_baseline,departure,random_8,186,1,0.002,600,499
balanced_baseline,departure,random_8,187,1,0.002,600,499
balanced_baseline,departure,random_8,188,1,0.002,600,499
balanced_baseline,departure,random_8,189,1,0.002,600,499
balanced_baseline,departure,random_8,190,1,0.002,600,499
balanced_baseline,departure,random_8,191,1,0.002,600,499
balanced_baseline,departure,random_8,192,1,0.002,600,499
balanced_baseline,departure,random_8,193,1,0.002,600,499
balanced_baseline,departure,random_8,194,1,0.002,600,499
balanced_baseline,departure,random_8,195,1,0.002,600,499
balanced_baseline,departure,random_8,196,1,0.002,600,499
balanced_baseline,departure,random_8,197,1,0.002,600,499
balanced_baseline,departure,random_8,198,1,0.002,600,499
balanced_baseline,departure,random_8,199,1,0.002,600,499
balanced_baseline,departure,random_9,0,1,0.002,600,499
balanced_baseline,departure,random_9,1,1,0.002,600,499
balanced_baseline,departure,random_9,2,1,0.002,600,499
balanced_baseline,departure,random_9,3,1,0.002,600,499
balanced_baseline,departure,random_9,4,1,0.002,600,499
balanced_baseline,departure,random_9,5,1,0.002,600,499
balanced_baseline,departure,random_9,6,1,0.002,600,499
balanced_baseline,departure,random_9,7,1,0.002,600,499
balanced_baseline,departure,random_9,8,1,0.002,600,499
balanced_baseline,departure,random_9,9,1,0.002,600,499
balanced_baseline,departure,random_9,10,1,0.002,600,499
balanced_baseline,departure,random_9,11,1,0.002,600,499
balanced_baseline,departure,random_9,12,1,0.002,600,499
balanced_baseline,departure,random_9,13,1,0.002,600,499
balanced_baseline,departure,random_9,14,1,0.002,600,499
balanced_baseline,departure,random_9,15,1,0.002,600,499
balanced_baseline,departure,random_9,16,1,0.002,600,499
balanced_baseline,departure,random_9,17,1,0.002,600,499
balanced_baseline,departure,random_9,18,1,0.002,600,499
balanced_baseline,departure,random_9,19,1,0.002,600,499
balanced_baseline,departure,random_9,20,1,0.002,600,499
balanced_baseline,departure,random_9,21,1,0.002,600,499
balanced_baseline,departure,random_9,22,1,0.002,600,499
balanced_baseline,departure,random_9,23,1,0.002,600,499
balanced_baseline,departure,random_9,24,1,0.002,600,499
balanced_baseline,departure,random_9,25,1,0.002,600,499
balanced_baseline,departure,random_9,26,1,0.002,600,499
balanced_baseline,departure,random_9,27,1,0.002,600,499
balanced_baseline,departure,random_9,28,1,0.002,600,499
balanced_baseline,departure,random_9,29,1,0.002,600,499
balanced_baseline,departure,random_9,30,1,0.002,600,499
balanced_baseline,departure,random_9,31,1,0.002,600,499
balanced_baseline,departure,random_9,32,1,0.002,600,499
balanced_baseline,departure,random_9,33,1,0.002,600,499
balanced_baseline,departure,random_9,34,1,0.002,600,499
balanced_baseline,departure,random_9,35,1,0.002,600,499
balanced_baseline,departure,random_9,36,1,0.002,600,499
balanced_baseline,departure,random_9,37,1,0.002,600,499
balanced_baseline,departure,random_9,38,1,0.002,600,499
balanced_baseline,departure,random_9,39,1,0.002,600,499
balanced_baseline,departure,random_9,40,1,0.002,600,499
balanced_baseline,departure,random_9,41,1,0.002,600,499
balanced_baseline,departure,random_9,42,1,0.002,600,499
balanced_baseline,departure,random_9,43,1,0.002,600,499
balanced_baseline,departure,random_9,44,1,0.002,600,499
balanced_baseline,departure,random_9,45,1,0.002,600,499
balanced_baseline,departure,random_9,46,1,0.002,600,499
balanced_baseline,departure,random_9,47,1,0.002,600,499
balanced_baseline,departure,random_9,48,1,0.002,600,499
balanced_baseline,departure,random_9,49,1,0.002,600,499
balanced_baseline,departure,random_9,50,1,0.002,600,499
balanced_baseline,departure,random_9,51,1,0.002,600,499
balanced_baseline,departure,random_9,52,1,0.002,600,499
balanced_baseline,departure,random_9,53,1,0.002,600,499
balanced_baseline,departure,random_9,54,1,0.002,600,499
balanced_baseline,departure,random_9,55,1,0.002,600,499
balanced_baseline,departure,random_9,56,1,0.002,600,499
balanced_baseline,departure,random_9,57,1,0.002,600,499
balanced_baseline,departure,random_9,58,1,0.002,600,499
balanced_baseline,departure,random_9,59,1,0.002,600,499
balanced_baseline,departure,random_9,60,1,0.002,600,499
balanced_baseline,departure,random_9,61,1,0.002,600,499
balanced_baseline,departure,random_9,62,1,0.002,600,499
balanced_baseline,departure,random_9,63,1,0.002,600,499
balanced_baseline,departure,random_9,64,1,0.002,600,499
balanced_baseline,departure,random_9,65,1,0.002,600,499
balanced_baseline,departure,random_9,66,1,0.002,600,499
balanced_baseline,departure,random_9,67,1,0.002,600,499
balanced_baseline,departure,random_9,68,1,0.002,600,499
balanced_baseline,departure,random_9,69,1,0.002,600,499
balanced_baseline,departure,random_9,70,1,0.002,600,499
balanced_baseline,departure,random_9,71,1,0.002,600,499
balanced_baseline,departure,random_9,72,1,0.002,600,499
balanced_baseline,departure,random_9,73,1,0.002,600,499
balanced_baseline,departure,random_9,74,1,0.002,600,499
balanced_baseline,departure,random_9,75,1,0.002,600,499
balanced_baseline,departure,random_9,76,1,0.002,600,499
balanced_baseline,departure,random_9,77,1,0.002,600,499
balanced_baseline,departure,random_9,78,1,0.002,600,499
balanced_baseline,departure,random_9,79,1,0.002,600,499
balanced_baseline,departure,random_9,80,1,0.002,600,499
balanced_baseline,departure,random_9,81,1,0.002,600,499
balanced_baseline,departure,random_9,82,1,0.002,600,499
balanced_baseline,departure,random_9,83,1,0.002,600,499
balanced_baseline,departure,random_9,84,1,0.002,600,499
balanced_baseline,departure,random_9,85,1,0.002,600,499
balanced_baseline,departure,random_9,86,1,0.002,600,499
balanced_baseline,departure,random_9,87,1,0.002,600,499
balanced_baseline,departure,random_9,88,1,0.002,600,499
balanced_baseline,departure,random_9,89,1,0.002,600,499
balanced_baseline,departure,random_9,90,1,0.002,600,499
balanced_baseline,departure,random_9,91,1,0.002,600,499
balanced_baseline,departure,random_9,92,1,0.002,600,499
balanced_baseline,departure,random_9,93,1,0.002,600,499
balanced_baseline,departure,random_9,94,1,0.002,600,499
balanced_baseline,departure,random_9,95,1,0.002,600,499
balanced_baseline,departure,random_9,96,1,0.002,600,499
balanced_baseline,departure,random_9,97,1,0.002,600,499
balanced_baseline,departure,random_9,98,1,0.002,600,499
balanced_baseline,departure,random_9,99,1,0.002,600,499
balanced_baseline,departure,random_9,100,1,0.002,600,499
balanced_baseline,departure,random_9,101,1,0.002,600,499
balanced_baseline,departure,random_9,102,1,0.002,600,499
balanced_baseline,departure,random_9,103,1,0.002,600,499
balanced_baseline,departure,random_9,104,1,0.002,600,499
balanced_baseline,departure,random_9,105,1,0.002,600,499
balanced_baseline,departure,random_9,106,1,0.002,600,499
balanced_baseline,departure,random_9,107,1,0.002,600,499
balanced_baseline,departure,random_9,108,1,0.002,600,499
balanced_baseline,departure,random_9,109,1,0.002,600,499
balanced_baseline,departure,random_9,110,1,0.002,600,499
balanced_baseline,departure,random_9,111,1,0.002,600,499
balanced_baseline,departure,random_9,112,1,0.002,600,499
balanced_baseline,departure,random_9,113,1,0.002,600,499
balanced_baseline,departure,random_9,114,1,0.002,600,499
balanced_baseline,departure,random_9,115,1,0.002,600,499
balanced_baseline,departure,random_9,116,1,0.002,600,499
balanced_baseline,departure,random_9,117,1,0.002,600,499
balanced_baseline,departure,random_9,118,1,0.002,600,499
balanced_baseline,departure,random_9,119,1,0.002,600,499
balanced_baseline,departure,random_9,120,1,0.002,600,499
balanced_baseline,departure,random_9,121,1,0.002,600,499
balanced_baseline,departure,random_9,122,1,0.002,600,499
balanced_baseline,departure,random_9,123,1,0.002,600,499
balanced_baseline,departure,random_9,124,1,0.002,600,499
balanced_baseline,departure,random_9,125,1,0.002,600,499
balanced_baseline,departure,random_9,126,1,0.002,600,499
balanced_baseline,departure,random_9,127,1,0.002,600,499
balanced_baseline,departure,random_9,128,1,0.002,600,499
balanced_baseline,departure,random_9,129,1,0.002,600,499
balanced_baseline,departure,random_9,130,1,0.002,600,499
balanced_baseline,departure,random_9,131,1,0.002,600,499
balanced_baseline,departure,random_9,132,1,0.002,600,499
balanced_baseline,departure,random_9,133,1,0.002,600,499
balanced_baseline,departure,random_9,134,1,0.002,600,499
balanced_baseline,departure,random_9,135,1,0.002,600,499
balanced_baseline,departure,random_9,136,1,0.002,600,499
balanced_baseline,departure,random_9,137,1,0.002,600,499
balanced_baseline,departure,random_9,138,1,0.002,600,499
balanced_baseline,departure,random_9,139,1,0.002,600,499
balanced_baseline,departure,random_9,140,1,0.002,600,499
balanced_baseline,departure,random_9,141,1,0.002,600,499
balanced_baseline,departure,random_9,142,1,0.002,600,499
balanced_baseline,departure,random_9,143,1,0.002,600,499
balanced_baseline,departure,random_9,144,1,0.002,600,499
balanced_baseline,departure,random_9,145,1,0.002,600,499
balanced_baseline,departure,random_9,146,1,0.002,600,499
balanced_baseline,departure,random_9,147,1,0.002,600,499
balanced_baseline,departure,random_9,148,1,0.002,600,499
balanced_baseline,departure,random_9,149,1,0.002,600,499
balanced_baseline,departure,random_9,150,1,0.002,600,499
balanced_baseline,departure,random_9,151,1,0.002,600,499
balanced_baseline,departure,random_9,152,1,0.002,600,499
balanced_baseline,departure,random_9,153,1,0.002,600,499
balanced_baseline,departure,random_9,154,1,0.002,600,499
balanced_baseline,departure,random_9,155,1,0.002,600,499
balanced_baseline,departure,random_9,156,1,0.002,600,499
balanced_baseline,departure,random_9,157,1,0.002,600,499
balanced_baseline,departure,random_9,158,1,0.002,600,499
balanced_baseline,departure,random_9,159,1,0.002,600,499
balanced_baseline,departure,random_9,160,1,0.002,600,499
balanced_baseline,departure,random_9,161,1,0.002,600,499
balanced_baseline,departure,random_9,162,1,0.002,600,499
balanced_baseline,departure,random_9,163,1,0.002,600,499
balanced_baseline,departure,random_9,164,1,0.002,600,499
balanced_baseline,departure,random_9,165,1,0.002,600,499
balanced_baseline,departure,random_9,166,1,0.002,600,499
balanced_baseline,departure,random_9,167,1,0.002,600,499
balanced_baseline,departure,random_9,168,1,0.002,600,499
balanced_baseline,departure,random_9,169,1,0.002,600,499
balanced_baseline,departure,random_9,170,1,0.002,600,499
balanced_baseline,departure,random_9,171,1,0.002,600,499
balanced_baseline,departure,random_9,172,1,0.002,600,499
balanced_baseline,departure,random_9,173,1,0.002,600,499
balanced_baseline,departure,random_9,174,1,0.002,600,499
balanced_baseline,departure,random_9,175,1,0.002,600,499
balanced_baseline,departure,random_9,176,1,0.002,600,499
balanced_baseline,departure,random_9,177,1,0.002,600,499
balanced_baseline,departure,random_9,178,1,0.002,600,499
balanced_baseline,departure,random_9,179,1,0.002,600,499
balanced_baseline,departure,random_9,180,1,0.002,600,499
balanced_baseline,departure,random_9,181,1,0.002,600,499
balanced_baseline,departure,random_9,182,1,0.002,600,499
balanced_baseline,departure,random_9,183,1,0.002,600,499
balanced_baseline,departure,random_9,184,1,0.002,600,499
balanced_baseline,departure,random_9,185,1,0.002,600,499
balanced_baseline,departure,random_9,186,1,0.002,600,499
balanced_baseline,departure,random_9,187,1,0.002,600,499
balanced_baseline,departure,random_9,188,1,0.002,600,499
balanced_baseline,departure,random_9,189,1,0.002,600,499
balanced_baseline,departure,random_9,190,1,0.002,600,499
balanced_baseline,departure,random_9,191,1,0.002,600,499
balanced_baseline,departure,random_9,192,1,0.002,600,499
balanced_baseline,departure,random_9,193,1,0.002,600,499
balanced_baseline,departure,random_9,194,1,0.002,600,499
balanced_baseline,departure,random_9,195,1,0.002,600,499
balanced_baseline,departure,random_9,196,1,0.002,600,499
balanced_baseline,departure,random_9,197,1,0.002,600,499
balanced_baseline,departure,random_9,198,1,0.002,600,499
balanced_baseline,departure,random_9,199,1,0.002,600,499
maximin_falsification,null,null,0,0,0.844,600,499
maximin_falsification,null,null,1,0,0.748,600,499
maximin_falsification,null,null,2,0,0.886,600,499
maximin_falsification,null,null,3,0,0.792,600,499
maximin_falsification,null,null,4,0,0.786,600,499
maximin_falsification,null,null,5,1,0.03,600,499
maximin_falsification,null,null,6,0,0.59,600,499
maximin_falsification,null,null,7,0,0.2,600,499
maximin_falsification,null,null,8,0,0.798,600,499
maximin_falsification,null,null,9,0,0.914,600,499
maximin_falsification,null,null,10,0,0.102,600,499
maximin_falsification,null,null,11,1,0.018,600,499
maximin_falsification,null,null,12,0,0.23,600,499
maximin_falsification,null,null,13,0,0.928,600,499
maximin_falsification,null,null,14,0,0.186,600,499
maximin_falsification,null,null,15,0,0.628,600,499
maximin_falsification,null,null,16,0,0.086,600,499
maximin_falsification,null,null,17,0,0.486,600,499
maximin_falsification,null,null,18,0,0.482,600,499
maximin_falsification,null,null,19,0,0.348,600,499
maximin_falsification,null,null,20,0,0.87,600,499
maximin_falsification,null,null,21,0,0.786,600,499
maximin_falsification,null,null,22,0,0.552,600,499
maximin_falsification,null,null,23,0,0.522,600,499
maximin_falsification,null,null,24,0,0.178,600,499
maximin_falsification,null,null,25,0,0.26,600,499
maximin_falsification,null,null,26,0,0.586,600,499
maximin_falsification,null,null,27,0,0.334,600,499
maximin_falsification,null,null,28,0,0.36,600,499
maximin_falsification,null,null,29,0,0.77,600,499
maximin_falsification,null,null,30,0,0.584,600,499
maximin_falsification,null,null,31,0,0.748,600,499
maximin_falsification,null,null,32,0,0.08,600,499
maximin_falsification,null,null,33,0,0.766,600,499
maximin_falsification,null,null,34,0,0.806,600,499
maximin_falsification,null,null,35,0,0.3,600,499
maximin_falsification,null,null,36,0,0.556,600,499
maximin_falsification,null,null,37,0,0.636,600,499
maximin_falsification,null,null,38,0,0.472,600,499
maximin_falsification,null,null,39,0,0.548,600,499
maximin_falsification,null,null,40,0,0.536,600,499
maximin_falsification,null,null,41,0,0.492,600,499
maximin_falsification,null,null,42,0,0.546,600,499
maximin_falsification,null,null,43,0,0.446,600,499
maximin_falsification,null,null,44,0,0.178,600,499
maximin_falsification,null,null,45,0,0.402,600,499
maximin_falsification,null,null,46,0,0.36,600,499
maximin_falsification,null,null,47,0,0.272,600,499
maximin_falsification,null,null,48,0,0.538,600,499
maximin_falsification,null,null,49,0,0.368,600,499
maximin_falsification,null,null,50,0,0.412,600,499
maximin_falsification,null,null,51,0,0.634,600,499
maximin_falsification,null,null,52,0,0.274,600,499
maximin_falsification,null,null,53,0,0.756,600,499
maximin_falsification,null,null,54,0,0.672,600,499
maximin_falsification,null,null,55,0,0.82,600,499
maximin_falsification,null,null,56,0,0.388,600,499
maximin_falsification,null,null,57,0,0.542,600,499
maximin_falsification,null,null,58,0,0.838,600,499
maximin_falsification,null,null,59,0,0.926,600,499
maximin_falsification,null,null,60,0,0.576,600,499
maximin_falsification,null,null,61,0,0.41,600,499
maximin_falsification,null,null,62,0,0.938,600,499
maximin_falsification,null,null,63,0,0.584,600,499
maximin_falsification,null,null,64,0,0.8,600,499
maximin_falsification,null,null,65,0,0.606,600,499
maximin_falsification,null,null,66,1,0.044,600,499
maximin_falsification,null,null,67,0,0.396,600,499
maximin_falsification,null,null,68,0,0.2,600,499
maximin_falsification,null,null,69,0,0.126,600,499
maximin_falsification,null,null,70,0,0.268,600,499
maximin_falsification,null,null,71,0,0.404,600,499
maximin_falsification,null,null,72,0,0.924,600,499
maximin_falsification,null,null,73,0,0.152,600,499
maximin_falsification,null,null,74,0,0.282,600,499
maximin_falsification,null,null,75,0,0.296,600,499
maximin_falsification,null,null,76,0,0.478,600,499
maximin_falsification,null,null,77,0,0.468,600,499
maximin_falsification,null,null,78,0,0.148,600,499
maximin_falsification,null,null,79,0,0.516,600,499
maximin_falsification,null,null,80,0,0.584,600,499
maximin_falsification,null,null,81,0,0.614,600,499
maximin_falsification,null,null,82,0,0.898,600,499
maximin_falsification,null,null,83,0,0.972,600,499
maximin_falsification,null,null,84,0,0.096,600,499
maximin_falsification,null,null,85,0,0.86,600,499
maximin_falsification,null,null,86,0,0.786,600,499
maximin_falsification,null,null,87,0,0.092,600,499
maximin_falsification,null,null,88,0,0.756,600,499
maximin_falsification,null,null,89,1,0.044,600,499
maximin_falsification,null,null,90,0,0.986,600,499
maximin_falsification,null,null,91,0,0.95,600,499
maximin_falsification,null,null,92,1,0.048,600,499
maximin_falsification,null,null,93,1,0.03,600,499
maximin_falsification,null,null,94,0,0.404,600,499
maximin_falsification,null,null,95,0,0.148,600,499
maximin_falsification,null,null,96,0,0.554,600,499
maximin_falsification,null,null,97,0,0.556,600,499
maximin_falsification,null,null,98,0,0.366,600,499
maximin_falsification,null,null,99,0,0.826,600,499
maximin_falsification,null,null,100,0,0.22,600,499
maximin_falsification,null,null,101,0,0.256,600,499
maximin_falsification,null,null,102,0,0.84,600,499
maximin_falsification,null,null,103,0,0.142,600,499
maximin_falsification,null,null,104,0,0.454,600,499
maximin_falsification,null,null,105,0,0.216,600,499
maximin_falsification,null,null,106,0,0.822,600,499
maximin_falsification,null,null,107,0,0.56,600,499
maximin_falsification,null,null,108,0,0.624,600,499
maximin_falsification,null,null,109,0,0.774,600,499
maximin_falsification,null,null,110,0,0.624,600,499
maximin_falsification,null,null,111,0,0.774,600,499
maximin_falsification,null,null,112,0,0.5,600,499
maximin_falsification,null,null,113,0,0.126,600,499
maximin_falsification,null,null,114,0,0.77,600,499
maximin_falsification,null,null,115,0,0.248,600,499
maximin_falsification,null,null,116,0,0.998,600,499
maximin_falsification,null,null,117,0,0.422,600,499
maximin_falsification,null,null,118,0,0.794,600,499
maximin_falsification,null,null,119,0,0.536,600,499
maximin_falsification,null,null,120,0,0.396,600,499
maximin_falsification,null,null,121,0,0.146,600,499
maximin_falsification,null,null,122,0,0.49,600,499
maximin_falsification,null,null,123,0,0.73,600,499
maximin_falsification,null,null,124,0,0.504,600,499
maximin_falsification,null,null,125,0,0.854,600,499
maximin_falsification,null,null,126,0,0.748,600,499
maximin_falsification,null,null,127,0,0.87,600,499
maximin_falsification,null,null,128,0,0.404,600,499
maximin_falsification,null,null,129,0,0.152,600,499
maximin_falsification,null,null,130,0,0.738,600,499
maximin_falsification,null,null,131,0,0.72,600,499
maximin_falsification,null,null,132,0,0.456,600,499
maximin_falsification,null,null,133,0,0.248,600,499
maximin_falsification,null,null,134,0,0.86,600,499
maximin_falsification,null,null,135,0,0.656,600,499
maximin_falsification,null,null,136,0,0.442,600,499
maximin_falsification,null,null,137,0,0.076,600,499
maximin_falsification,null,null,138,0,0.596,600,499
maximin_falsification,null,null,139,0,0.334,600,499
maximin_falsification,null,null,140,0,0.21,600,499
maximin_falsification,null,null,141,0,0.762,600,499
maximin_falsification,null,null,142,0,0.434,600,499
maximin_falsification,null,null,143,0,0.928,600,499
maximin_falsification,null,null,144,0,0.666,600,499
maximin_falsification,null,null,145,0,0.134,600,499
maximin_falsification,null,null,146,0,0.754,600,499
maximin_falsification,null,null,147,0,0.674,600,499
maximin_falsification,null,null,148,0,0.41,600,499
maximin_falsification,null,null,149,0,0.37,600,499
maximin_falsification,null,null,150,0,0.748,600,499
maximin_falsification,null,null,151,0,0.9,600,499
maximin_falsification,null,null,152,0,0.698,600,499
maximin_falsification,null,null,153,0,0.726,600,499
maximin_falsification,null,null,154,0,0.812,600,499
maximin_falsification,null,null,155,0,0.576,600,499
maximin_falsification,null,null,156,0,0.834,600,499
maximin_falsification,null,null,157,0,0.768,600,499
maximin_falsification,null,null,158,0,0.756,600,499
maximin_falsification,null,null,159,0,0.75,600,499
maximin_falsification,null,null,160,0,0.962,600,499
maximin_falsification,null,null,161,0,0.374,600,499
maximin_falsification,null,null,162,0,0.62,600,499
maximin_falsification,null,null,163,0,0.888,600,499
maximin_falsification,null,null,164,0,0.464,600,499
maximin_falsification,null,null,165,0,0.09,600,499
maximin_falsification,null,null,166,0,0.434,600,499
maximin_falsification,null,null,167,0,0.62,600,499
maximin_falsification,null,null,168,0,0.694,600,499
maximin_falsification,null,null,169,1,0.014,600,499
maximin_falsification,null,null,170,0,0.31,600,499
maximin_falsification,null,null,171,0,0.572,600,499
maximin_falsification,null,null,172,0,0.302,600,499
maximin_falsification,null,null,173,0,0.186,600,499
maximin_falsification,null,null,174,0,0.758,600,499
maximin_falsification,null,null,175,0,0.598,600,499
maximin_falsification,null,null,176,0,0.452,600,499
maximin_falsification,null,null,177,0,0.516,600,499
maximin_falsification,null,null,178,0,0.67,600,499
maximin_falsification,null,null,179,0,0.388,600,499
maximin_falsification,null,null,180,0,0.668,600,499
maximin_falsification,null,null,181,0,0.79,600,499
maximin_falsification,null,null,182,0,0.878,600,499
maximin_falsification,null,null,183,0,0.28,600,499
maximin_falsification,null,null,184,0,0.588,600,499
maximin_falsification,null,null,185,0,0.938,600,499
maximin_falsification,null,null,186,0,0.166,600,499
maximin_falsification,null,null,187,0,0.536,600,499
maximin_falsification,null,null,188,0,0.338,600,499
maximin_falsification,null,null,189,0,0.704,600,499
maximin_falsification,null,null,190,0,0.81,600,499
maximin_falsification,null,null,191,0,0.632,600,499
maximin_falsification,null,null,192,0,0.648,600,499
maximin_falsification,null,null,193,0,0.46,600,499
maximin_falsification,null,null,194,0,0.606,600,499
maximin_falsification,null,null,195,0,0.434,600,499
maximin_falsification,null,null,196,0,0.284,600,499
maximin_falsification,null,null,197,0,0.798,600,499
maximin_falsification,null,null,198,0,0.678,600,499
maximin_falsification,null,null,199,0,0.664,600,499
maximin_falsification,departure,feature_quadratic_total,0,1,0.002,600,499
maximin_falsification,departure,feature_quadratic_total,1,1,0.002,600,499
maximin_falsification,departure,feature_quadratic_total,2,1,0.002,600,499
maximin_falsification,departure,feature_quadratic_total,3,1,0.002,600,499
maximin_falsification,departure,feature_quadratic_total,4,1,0.002,600,499
maximin_falsification,departure,feature_quadratic_total,5,1,0.002,600,499
maximin_falsification,departure,feature_quadratic_total,6,1,0.002,600,499
maximin_falsification,departure,feature_quadratic_total,7,1,0.002,600,499
maximin_falsification,departure,feature_quadratic_total,8,1,0.002,600,499
maximin_falsification,departure,feature_quadratic_total,9,1,0.002,600,499
maximin_falsification,departure,feature_quadratic_total,10,1,0.002,600,499
maximin_falsification,departure,feature_quadratic_total,11,1,0.002,600,499
maximin_falsification,departure,feature_quadratic_total,12,1,0.002,600,499
maximin_falsification,departure,feature_quadratic_total,13,1,0.002,600,499
maximin_falsification,departure,feature_quadratic_total,14,1,0.002,600,499
maximin_falsification,departure,feature_quadratic_total,15,1,0.002,600,499
maximin_falsification,departure,feature_quadratic_total,16,1,0.002,600,499
maximin_falsification,departure,feature_quadratic_total,17,1,0.002,600,499
maximin_falsification,departure,feature_quadratic_total,18,1,0.002,600,499
maximin_falsification,departure,feature_quadratic_total,19,1,0.002,600,499
maximin_falsification,departure,feature_quadratic_total,20,1,0.002,600,499
maximin_falsification,departure,feature_quadratic_total,21,1,0.002,600,499
maximin_falsification,departure,feature_quadratic_total,22,1,0.002,600,499
maximin_falsification,departure,feature_quadratic_total,23,1,0.002,600,499
maximin_falsification,departure,feature_quadratic_total,24,1,0.002,600,499
maximin_falsification,departure,feature_quadratic_total,25,1,0.002,600,499
maximin_falsification,departure,feature_quadratic_total,26,1,0.002,600,499
maximin_falsification,departure,feature_quadratic_total,27,1,0.002,600,499
maximin_falsification,departure,feature_quadratic_total,28,1,0.002,600,499
maximin_falsification,departure,feature_quadratic_total,29,1,0.002,600,499
maximin_falsification,departure,feature_quadratic_total,30,1,0.002,600,499
maximin_falsification,departure,feature_quadratic_total,31,1,0.002,600,499
maximin_falsification,departure,feature_quadratic_total,32,1,0.002,600,499
maximin_falsification,departure,feature_quadratic_total,33,1,0.002,600,499
maximin_falsification,departure,feature_quadratic_total,34,1,0.002,600,499
maximin_falsification,departure,feature_quadratic_total,35,1,0.002,600,499
maximin_falsification,departure,feature_quadratic_total,36,1,0.002,600,499
maximin_falsification,departure,feature_quadratic_total,37,1,0.002,600,499
maximin_falsification,departure,feature_quadratic_total,38,1,0.002,600,499
maximin_falsification,departure,feature_quadratic_total,39,1,0.002,600,499
maximin_falsification,departure,feature_quadratic_total,40,1,0.002,600,499
maximin_falsification,departure,feature_quadratic_total,41,1,0.002,600,499
maximin_falsification,departure,feature_quadratic_total,42,1,0.002,600,499
maximin_falsification,departure,feature_quadratic_total,43,1,0.002,600,499
maximin_falsification,departure,feature_quadratic_total,44,1,0.002,600,499
maximin_falsification,departure,feature_quadratic_total,45,1,0.002,600,499
maximin_falsification,departure,feature_quadratic_total,46,1,0.002,600,499
maximin_falsification,departure,feature_quadratic_total,47,1,0.002,600,499
maximin_falsification,departure,feature_quadratic_total,48,1,0.002,600,499
maximin_falsification,departure,feature_quadratic_total,49,1,0.002,600,499
maximin_falsification,departure,feature_quadratic_total,50,1,0.002,600,499
maximin_falsification,departure,feature_quadratic_total,51,1,0.002,600,499
maximin_falsification,departure,feature_quadratic_total,52,1,0.002,600,499
maximin_falsification,departure,feature_quadratic_total,53,1,0.002,600,499
maximin_falsification,departure,feature_quadratic_total,54,1,0.002,600,499
maximin_falsification,departure,feature_quadratic_total,55,1,0.002,600,499
maximin_falsification,departure,feature_quadratic_total,56,1,0.002,600,499
maximin_falsification,departure,feature_quadratic_total,57,1,0.002,600,499
maximin_falsification,departure,feature_quadratic_total,58,1,0.002,600,499
maximin_falsification,departure,feature_quadratic_total,59,1,0.002,600,499
maximin_falsification,departure,feature_quadratic_total,60,1,0.002,600,499
maximin_falsification,departure,feature_quadratic_total,61,1,0.002,600,499
maximin_falsification,departure,feature_quadratic_total,62,1,0.002,600,499
maximin_falsification,departure,feature_quadratic_total,63,1,0.002,600,499
maximin_falsification,departure,feature_quadratic_total,64,1,0.002,600,499
maximin_falsification,departure,feature_quadratic_total,65,1,0.002,600,499
maximin_falsification,departure,feature_quadratic_total,66,1,0.002,600,499
maximin_falsification,departure,feature_quadratic_total,67,1,0.002,600,499
maximin_falsification,departure,feature_quadratic_total,68,1,0.002,600,499
maximin_falsification,departure,feature_quadratic_total,69,1,0.002,600,499
maximin_falsification,departure,feature_quadratic_total,70,1,0.002,600,499
maximin_falsification,departure,feature_quadratic_total,71,1,0.002,600,499
maximin_falsification,departure,feature_quadratic_total,72,1,0.002,600,499
maximin_falsification,departure,feature_quadratic_total,73,1,0.002,600,499
maximin_falsification,departure,feature_quadratic_total,74,1,0.002,600,499
maximin_falsification,departure,feature_quadratic_total,75,1,0.002,600,499
maximin_falsification,departure,feature_quadratic_total,76,1,0.002,600,499
maximin_falsification,departure,feature_quadratic_total,77,1,0.002,600,499
maximin_falsification,departure,feature_quadratic_total,78,1,0.002,600,499
maximin_falsification,departure,feature_quadratic_total,79,1,0.002,600,499
maximin_falsification,departure,feature_quadratic_total,80,1,0.002,600,499
maximin_falsification,departure,feature_quadratic_total,81,1,0.002,600,499
maximin_falsification,departure,feature_quadratic_total,82,1,0.002,600,499
maximin_falsification,departure,feature_quadratic_total,83,1,0.002,600,499
maximin_falsification,departure,feature_quadratic_total,84,1,0.002,600,499
maximin_falsification,departure,feature_quadratic_total,85,1,0.002,600,499
maximin_falsification,departure,feature_quadratic_total,86,1,0.002,600,499
maximin_falsification,departure,feature_quadratic_total,87,1,0.002,600,499
maximin_falsification,departure,feature_quadratic_total,88,1,0.002,600,499
maximin_falsification,departure,feature_quadratic_total,89,1,0.002,600,499
maximin_falsification,departure,feature_quadratic_total,90,1,0.002,600,499
maximin_falsification,departure,feature_quadratic_total,91,1,0.002,600,499
maximin_falsification,departure,feature_quadratic_total,92,1,0.002,600,499
maximin_falsification,departure,feature_quadratic_total,93,1,0.002,600,499
maximin_falsification,departure,feature_quadratic_total,94,1,0.002,600,499
maximin_falsification,departure,feature_quadratic_total,95,1,0.002,600,499
maximin_falsification,departure,feature_quadratic_total,96,1,0.002,600,499
maximin_falsification,departure,feature_quadratic_total,97,1,0.002,600,499
maximin_falsification,departure,feature_quadratic_total,98,1,0.002,600,499
maximin_falsification,departure,feature_quadratic_total,99,1,0.002,600,499
maximin_falsification,departure,feature_quadratic_total,100,1,0.002,600,499
maximin_falsification,departure,feature_quadratic_total,101,1,0.002,600,499
maximin_falsification,departure,feature_quadratic_total,102,1,0.002,600,499
maximin_falsification,departure,feature_quadratic_total,103,1,0.002,600,499
maximin_falsification,departure,feature_quadratic_total,104,1,0.002,600,499
maximin_falsification,departure,feature_quadratic_total,105,1,0.002,600,499
maximin_falsification,departure,feature_quadratic_total,106,1,0.002,600,499
maximin_falsification,departure,feature_quadratic_total,107,1,0.002,600,499
maximin_falsification,departure,feature_quadratic_total,108,1,0.002,600,499
maximin_falsification,departure,feature_quadratic_total,109,1,0.002,600,499
maximin_falsification,departure,feature_quadratic_total,110,1,0.002,600,499
maximin_falsification,departure,feature_quadratic_total,111,1,0.002,600,499
maximin_falsification,departure,feature_quadratic_total,112,1,0.002,600,499
maximin_falsification,departure,feature_quadratic_total,113,1,0.002,600,499
maximin_falsification,departure,feature_quadratic_total,114,1,0.002,600,499
maximin_falsification,departure,feature_quadratic_total,115,1,0.002,600,499
maximin_falsification,departure,feature_quadratic_total,116,1,0.002,600,499
maximin_falsification,departure,feature_quadratic_total,117,1,0.002,600,499
maximin_falsification,departure,feature_quadratic_total,118,1,0.002,600,499
maximin_falsification,departure,feature_quadratic_total,119,1,0.002,600,499
maximin_falsification,departure,feature_quadratic_total,120,1,0.002,600,499
maximin_falsification,departure,feature_quadratic_total,121,1,0.002,600,499
maximin_falsification,departure,feature_quadratic_total,122,1,0.002,600,499
maximin_falsification,departure,feature_quadratic_total,123,1,0.002,600,499
maximin_falsification,departure,feature_quadratic_total,124,1,0.002,600,499
maximin_falsification,departure,feature_quadratic_total,125,1,0.002,600,499
maximin_falsification,departure,feature_quadratic_total,126,1,0.002,600,499
maximin_falsification,departure,feature_quadratic_total,127,1,0.002,600,499
maximin_falsification,departure,feature_quadratic_total,128,1,0.002,600,499
maximin_falsification,departure,feature_quadratic_total,129,1,0.002,600,499
maximin_falsification,departure,feature_quadratic_total,130,1,0.002,600,499
maximin_falsification,departure,feature_quadratic_total,131,1,0.002,600,499
maximin_falsification,departure,feature_quadratic_total,132,1,0.002,600,499
maximin_falsification,departure,feature_quadratic_total,133,1,0.002,600,499
maximin_falsification,departure,feature_quadratic_total,134,1,0.002,600,499
maximin_falsification,departure,feature_quadratic_total,135,1,0.002,600,499
maximin_falsification,departure,feature_quadratic_total,136,1,0.002,600,499
maximin_falsification,departure,feature_quadratic_total,137,1,0.002,600,499
maximin_falsification,departure,feature_quadratic_total,138,1,0.002,600,499
maximin_falsification,departure,feature_quadratic_total,139,1,0.002,600,499
maximin_falsification,departure,feature_quadratic_total,140,1,0.002,600,499
maximin_falsification,departure,feature_quadratic_total,141,1,0.002,600,499
maximin_falsification,departure,feature_quadratic_total,142,1,0.002,600,499
maximin_falsification,departure,feature_quadratic_total,143,1,0.002,600,499
maximin_falsification,departure,feature_quadratic_total,144,1,0.002,600,499
maximin_falsification,departure,feature_quadratic_total,145,1,0.002,600,499
maximin_falsification,departure,feature_quadratic_total,146,1,0.002,600,499
maximin_falsification,departure,feature_quadratic_total,147,1,0.002,600,499
maximin_falsification,departure,feature_quadratic_total,148,1,0.002,600,499
maximin_falsification,departure,feature_quadratic_total,149,1,0.002,600,499
maximin_falsification,departure,feature_quadratic_total,150,1,0.002,600,499
maximin_falsification,departure,feature_quadratic_total,151,1,0.002,600,499
maximin_falsification,departure,feature_quadratic_total,152,1,0.002,600,499
maximin_falsification,departure,feature_quadratic_total,153,1,0.002,600,499
maximin_falsification,departure,feature_quadratic_total,154,1,0.002,600,499
maximin_falsification,departure,feature_quadratic_total,155,1,0.002,600,499
maximin_falsification,departure,feature_quadratic_total,156,1,0.002,600,499
maximin_falsification,departure,feature_quadratic_total,157,1,0.002,600,499
maximin_falsification,departure,feature_quadratic_total,158,1,0.002,600,499
maximin_falsification,departure,feature_quadratic_total,159,1,0.002,600,499
maximin_falsification,departure,feature_quadratic_total,160,1,0.002,600,499
maximin_falsification,departure,feature_quadratic_total,161,1,0.002,600,499
maximin_falsification,departure,feature_quadratic_total,162,1,0.002,600,499
maximin_falsification,departure,feature_quadratic_total,163,1,0.002,600,499
maximin_falsification,departure,feature_quadratic_total,164,1,0.002,600,499
maximin_falsification,departure,feature_quadratic_total,165,1,0.002,600,499
maximin_falsification,departure,feature_quadratic_total,166,1,0.002,600,499
maximin_falsification,departure,feature_quadratic_total,167,1,0.002,600,499
maximin_falsification,departure,feature_quadratic_total,168,1,0.002,600,499
maximin_falsification,departure,feature_quadratic_total,169,1,0.002,600,499
maximin_falsification,departure,feature_quadratic_total,170,1,0.002,600,499
maximin_falsification,departure,feature_quadratic_total,171,1,0.002,600,499
maximin_falsification,departure,feature_quadratic_total,172,1,0.002,600,499
maximin_falsification,departure,feature_quadratic_total,173,1,0.002,600,499
maximin_falsification,departure,feature_quadratic_total,174,1,0.002,600,499
maximin_falsification,departure,feature_quadratic_total,175,1,0.002,600,499
maximin_falsification,departure,feature_quadratic_total,176,1,0.002,600,499
maximin_falsification,departure,feature_quadratic_total,177,1,0.002,600,499
maximin_falsification,departure,feature_quadratic_total,178,1,0.002,600,499
maximin_falsification,departure,feature_quadratic_total,179,1,0.002,600,499
maximin_falsification,departure,feature_quadratic_total,180,1,0.002,600,499
maximin_falsification,departure,feature_quadratic_total,181,1,0.002,600,499
maximin_falsification,departure,feature_quadratic_total,182,1,0.002,600,499
maximin_falsification,departure,feature_quadratic_total,183,1,0.002,600,499
maximin_falsification,departure,feature_quadratic_total,184,1,0.002,600,499
maximin_falsification,departure,feature_quadratic_total,185,1,0.002,600,499
maximin_falsification,departure,feature_quadratic_total,186,1,0.002,600,499
maximin_falsification,departure,feature_quadratic_total,187,1,0.002,600,499
maximin_falsification,departure,feature_quadratic_total,188,1,0.002,600,499
maximin_falsification,departure,feature_quadratic_total,189,1,0.002,600,499
maximin_falsification,departure,feature_quadratic_total,190,1,0.002,600,499
maximin_falsification,departure,feature_quadratic_total,191,1,0.002,600,499
maximin_falsification,departure,feature_quadratic_total,192,1,0.002,600,499
maximin_falsification,departure,feature_quadratic_total,193,1,0.002,600,499
maximin_falsification,departure,feature_quadratic_total,194,1,0.002,600,499
maximin_falsification,departure,feature_quadratic_total,195,1,0.002,600,499
maximin_falsification,departure,feature_quadratic_total,196,1,0.002,600,499
maximin_falsification,departure,feature_quadratic_total,197,1,0.002,600,499
maximin_falsification,departure,feature_quadratic_total,198,1,0.002,600,499
maximin_falsification,departure,feature_quadratic_total,199,1,0.002,600,499
maximin_falsification,departure,feature_intelligence_threshold,0,1,0.002,600,499
maximin_falsification,departure,feature_intelligence_threshold,1,1,0.002,600,499
maximin_falsification,departure,feature_intelligence_threshold,2,1,0.002,600,499
maximin_falsification,departure,feature_intelligence_threshold,3,1,0.002,600,499
maximin_falsification,departure,feature_intelligence_threshold,4,1,0.002,600,499
maximin_falsification,departure,feature_intelligence_threshold,5,1,0.002,600,499
maximin_falsification,departure,feature_intelligence_threshold,6,1,0.002,600,499
maximin_falsification,departure,feature_intelligence_threshold,7,1,0.002,600,499
maximin_falsification,departure,feature_intelligence_threshold,8,1,0.002,600,499
maximin_falsification,departure,feature_intelligence_threshold,9,1,0.002,600,499
maximin_falsification,departure,feature_intelligence_threshold,10,1,0.002,600,499
maximin_falsification,departure,feature_intelligence_threshold,11,1,0.002,600,499
maximin_falsification,departure,feature_intelligence_threshold,12,1,0.002,600,499
maximin_falsification,departure,feature_intelligence_threshold,13,1,0.002,600,499
maximin_falsification,departure,feature_intelligence_threshold,14,1,0.002,600,499
maximin_falsification,departure,feature_intelligence_threshold,15,1,0.002,600,499
maximin_falsification,departure,feature_intelligence_threshold,16,1,0.002,600,499
maximin_falsification,departure,feature_intelligence_threshold,17,1,0.002,600,499
maximin_falsification,departure,feature_intelligence_threshold,18,1,0.002,600,499
maximin_falsification,departure,feature_intelligence_threshold,19,1,0.002,600,499
maximin_falsification,departure,feature_intelligence_threshold,20,1,0.002,600,499
maximin_falsification,departure,feature_intelligence_threshold,21,1,0.002,600,499
maximin_falsification,departure,feature_intelligence_threshold,22,1,0.002,600,499
maximin_falsification,departure,feature_intelligence_threshold,23,1,0.002,600,499
maximin_falsification,departure,feature_intelligence_threshold,24,1,0.002,600,499
maximin_falsification,departure,feature_intelligence_threshold,25,1,0.002,600,499
maximin_falsification,departure,feature_intelligence_threshold,26,1,0.002,600,499
maximin_falsification,departure,feature_intelligence_threshold,27,1,0.002,600,499
maximin_falsification,departure,feature_intelligence_threshold,28,1,0.002,600,499
maximin_falsification,departure,feature_intelligence_threshold,29,1,0.002,600,499
maximin_falsification,departure,feature_intelligence_threshold,30,1,0.002,600,499
maximin_falsification,departure,feature_intelligence_threshold,31,1,0.002,600,499
maximin_falsification,departure,feature_intelligence_threshold,32,1,0.002,600,499
maximin_falsification,departure,feature_intelligence_threshold,33,1,0.002,600,499
maximin_falsification,departure,feature_intelligence_threshold,34,1,0.002,600,499
maximin_falsification,departure,feature_intelligence_threshold,35,1,0.002,600,499
maximin_falsification,departure,feature_intelligence_threshold,36,1,0.002,600,499
maximin_falsification,departure,feature_intelligence_threshold,37,1,0.002,600,499
maximin_falsification,departure,feature_intelligence_threshold,38,1,0.002,600,499
maximin_falsification,departure,feature_intelligence_threshold,39,1,0.002,600,499
maximin_falsification,departure,feature_intelligence_threshold,40,1,0.002,600,499
maximin_falsification,departure,feature_intelligence_threshold,41,1,0.002,600,499
maximin_falsification,departure,feature_intelligence_threshold,42,1,0.002,600,499
maximin_falsification,departure,feature_intelligence_threshold,43,1,0.002,600,499
maximin_falsification,departure,feature_intelligence_threshold,44,1,0.002,600,499
maximin_falsification,departure,feature_intelligence_threshold,45,1,0.002,600,499
maximin_falsification,departure,feature_intelligence_threshold,46,1,0.002,600,499
maximin_falsification,departure,feature_intelligence_threshold,47,1,0.002,600,499
maximin_falsification,departure,feature_intelligence_threshold,48,1,0.002,600,499
maximin_falsification,departure,feature_intelligence_threshold,49,1,0.002,600,499
maximin_falsification,departure,feature_intelligence_threshold,50,1,0.002,600,499
maximin_falsification,departure,feature_intelligence_threshold,51,1,0.002,600,499
maximin_falsification,departure,feature_intelligence_threshold,52,1,0.002,600,499
maximin_falsification,departure,feature_intelligence_threshold,53,1,0.002,600,499
maximin_falsification,departure,feature_intelligence_threshold,54,1,0.002,600,499
maximin_falsification,departure,feature_intelligence_threshold,55,1,0.002,600,499
maximin_falsification,departure,feature_intelligence_threshold,56,1,0.002,600,499
maximin_falsification,departure,feature_intelligence_threshold,57,1,0.002,600,499
maximin_falsification,departure,feature_intelligence_threshold,58,1,0.002,600,499
maximin_falsification,departure,feature_intelligence_threshold,59,1,0.002,600,499
maximin_falsification,departure,feature_intelligence_threshold,60,1,0.002,600,499
maximin_falsification,departure,feature_intelligence_threshold,61,1,0.002,600,499
maximin_falsification,departure,feature_intelligence_threshold,62,1,0.002,600,499
maximin_falsification,departure,feature_intelligence_threshold,63,1,0.002,600,499
maximin_falsification,departure,feature_intelligence_threshold,64,1,0.002,600,499
maximin_falsification,departure,feature_intelligence_threshold,65,1,0.002,600,499
maximin_falsification,departure,feature_intelligence_threshold,66,1,0.002,600,499
maximin_falsification,departure,feature_intelligence_threshold,67,1,0.002,600,499
maximin_falsification,departure,feature_intelligence_threshold,68,1,0.002,600,499
maximin_falsification,departure,feature_intelligence_threshold,69,1,0.002,600,499
maximin_falsification,departure,feature_intelligence_threshold,70,1,0.002,600,499
maximin_falsification,departure,feature_intelligence_threshold,71,1,0.002,600,499
maximin_falsification,departure,feature_intelligence_threshold,72,1,0.002,600,499
maximin_falsification,departure,feature_intelligence_threshold,73,1,0.002,600,499
maximin_falsification,departure,feature_intelligence_threshold,74,1,0.002,600,499
maximin_falsification,departure,feature_intelligence_threshold,75,1,0.002,600,499
maximin_falsification,departure,feature_intelligence_threshold,76,1,0.002,600,499
maximin_falsification,departure,feature_intelligence_threshold,77,1,0.002,600,499
maximin_falsification,departure,feature_intelligence_threshold,78,1,0.002,600,499
maximin_falsification,departure,feature_intelligence_threshold,79,1,0.002,600,499
maximin_falsification,departure,feature_intelligence_threshold,80,1,0.002,600,499
maximin_falsification,departure,feature_intelligence_threshold,81,1,0.002,600,499
maximin_falsification,departure,feature_intelligence_threshold,82,1,0.002,600,499
maximin_falsification,departure,feature_intelligence_threshold,83,1,0.002,600,499
maximin_falsification,departure,feature_intelligence_threshold,84,1,0.002,600,499
maximin_falsification,departure,feature_intelligence_threshold,85,1,0.002,600,499
maximin_falsification,departure,feature_intelligence_threshold,86,1,0.002,600,499
maximin_falsification,departure,feature_intelligence_threshold,87,1,0.002,600,499
maximin_falsification,departure,feature_intelligence_threshold,88,1,0.002,600,499
maximin_falsification,departure,feature_intelligence_threshold,89,1,0.002,600,499
maximin_falsification,departure,feature_intelligence_threshold,90,1,0.002,600,499
maximin_falsification,departure,feature_intelligence_threshold,91,1,0.002,600,499
maximin_falsification,departure,feature_intelligence_threshold,92,1,0.002,600,499
maximin_falsification,departure,feature_intelligence_threshold,93,1,0.002,600,499
maximin_falsification,departure,feature_intelligence_threshold,94,1,0.002,600,499
maximin_falsification,departure,feature_intelligence_threshold,95,1,0.002,600,499
maximin_falsification,departure,feature_intelligence_threshold,96,1,0.002,600,499
maximin_falsification,departure,feature_intelligence_threshold,97,1,0.002,600,499
maximin_falsification,departure,feature_intelligence_threshold,98,1,0.002,600,499
maximin_falsification,departure,feature_intelligence_threshold,99,1,0.002,600,499
maximin_falsification,departure,feature_intelligence_threshold,100,1,0.002,600,499
maximin_falsification,departure,feature_intelligence_threshold,101,1,0.002,600,499
maximin_falsification,departure,feature_intelligence_threshold,102,1,0.002,600,499
maximin_falsification,departure,feature_intelligence_threshold,103,1,0.002,600,499
maximin_falsification,departure,feature_intelligence_threshold,104,1,0.002,600,499
maximin_falsification,departure,feature_intelligence_threshold,105,1,0.002,600,499
maximin_falsification,departure,feature_intelligence_threshold,106,1,0.002,600,499
maximin_falsification,departure,feature_intelligence_threshold,107,1,0.002,600,499
maximin_falsification,departure,feature_intelligence_threshold,108,1,0.002,600,499
maximin_falsification,departure,feature_intelligence_threshold,109,1,0.002,600,499
maximin_falsification,departure,feature_intelligence_threshold,110,1,0.002,600,499
maximin_falsification,departure,feature_intelligence_threshold,111,1,0.002,600,499
maximin_falsification,departure,feature_intelligence_threshold,112,1,0.002,600,499
maximin_falsification,departure,feature_intelligence_threshold,113,1,0.002,600,499
maximin_falsification,departure,feature_intelligence_threshold,114,1,0.002,600,499
maximin_falsification,departure,feature_intelligence_threshold,115,1,0.002,600,499
maximin_falsification,departure,feature_intelligence_threshold,116,1,0.002,600,499
maximin_falsification,departure,feature_intelligence_threshold,117,1,0.002,600,499
maximin_falsification,departure,feature_intelligence_threshold,118,1,0.002,600,499
maximin_falsification,departure,feature_intelligence_threshold,119,1,0.002,600,499
maximin_falsification,departure,feature_intelligence_threshold,120,1,0.002,600,499
maximin_falsification,departure,feature_intelligence_threshold,121,1,0.002,600,499
maximin_falsification,departure,feature_intelligence_threshold,122,1,0.002,600,499
maximin_falsification,departure,feature_intelligence_threshold,123,1,0.002,600,499
maximin_falsification,departure,feature_intelligence_threshold,124,1,0.002,600,499
maximin_falsification,departure,feature_intelligence_threshold,125,1,0.002,600,499
maximin_falsification,departure,feature_intelligence_threshold,126,1,0.002,600,499
maximin_falsification,departure,feature_intelligence_threshold,127,1,0.002,600,499
maximin_falsification,departure,feature_intelligence_threshold,128,1,0.002,600,499
maximin_falsification,departure,feature_intelligence_threshold,129,1,0.002,600,499
maximin_falsification,departure,feature_intelligence_threshold,130,1,0.002,600,499
maximin_falsification,departure,feature_intelligence_threshold,131,1,0.002,600,499
maximin_falsification,departure,feature_intelligence_threshold,132,1,0.002,600,499
maximin_falsification,departure,feature_intelligence_threshold,133,1,0.002,600,499
maximin_falsification,departure,feature_intelligence_threshold,134,1,0.002,600,499
maximin_falsification,departure,feature_intelligence_threshold,135,1,0.002,600,499
maximin_falsification,departure,feature_intelligence_threshold,136,1,0.002,600,499
maximin_falsification,departure,feature_intelligence_threshold,137,1,0.002,600,499
maximin_falsification,departure,feature_intelligence_threshold,138,1,0.002,600,499
maximin_falsification,departure,feature_intelligence_threshold,139,1,0.002,600,499
maximin_falsification,departure,feature_intelligence_threshold,140,1,0.002,600,499
maximin_falsification,departure,feature_intelligence_threshold,141,1,0.002,600,499
maximin_falsification,departure,feature_intelligence_threshold,142,1,0.002,600,499
maximin_falsification,departure,feature_intelligence_threshold,143,1,0.002,600,499
maximin_falsification,departure,feature_intelligence_threshold,144,1,0.002,600,499
maximin_falsification,departure,feature_intelligence_threshold,145,1,0.002,600,499
maximin_falsification,departure,feature_intelligence_threshold,146,1,0.002,600,499
maximin_falsification,departure,feature_intelligence_threshold,147,1,0.002,600,499
maximin_falsification,departure,feature_intelligence_threshold,148,1,0.002,600,499
maximin_falsification,departure,feature_intelligence_threshold,149,1,0.002,600,499
maximin_falsification,departure,feature_intelligence_threshold,150,1,0.002,600,499
maximin_falsification,departure,feature_intelligence_threshold,151,1,0.002,600,499
maximin_falsification,departure,feature_intelligence_threshold,152,1,0.002,600,499
maximin_falsification,departure,feature_intelligence_threshold,153,1,0.002,600,499
maximin_falsification,departure,feature_intelligence_threshold,154,1,0.002,600,499
maximin_falsification,departure,feature_intelligence_threshold,155,1,0.002,600,499
maximin_falsification,departure,feature_intelligence_threshold,156,1,0.002,600,499
maximin_falsification,departure,feature_intelligence_threshold,157,1,0.002,600,499
maximin_falsification,departure,feature_intelligence_threshold,158,1,0.002,600,499
maximin_falsification,departure,feature_intelligence_threshold,159,1,0.002,600,499
maximin_falsification,departure,feature_intelligence_threshold,160,1,0.002,600,499
maximin_falsification,departure,feature_intelligence_threshold,161,1,0.002,600,499
maximin_falsification,departure,feature_intelligence_threshold,162,1,0.002,600,499
maximin_falsification,departure,feature_intelligence_threshold,163,1,0.002,600,499
maximin_falsification,departure,feature_intelligence_threshold,164,1,0.002,600,499
maximin_falsification,departure,feature_intelligence_threshold,165,1,0.002,600,499
maximin_falsification,departure,feature_intelligence_threshold,166,1,0.002,600,499
maximin_falsification,departure,feature_intelligence_threshold,167,1,0.002,600,499
maximin_falsification,departure,feature_intelligence_threshold,168,1,0.002,600,499
maximin_falsification,departure,feature_intelligence_threshold,169,1,0.002,600,499
maximin_falsification,departure,feature_intelligence_threshold,170,1,0.002,600,499
maximin_falsification,departure,feature_intelligence_threshold,171,1,0.002,600,499
maximin_falsification,departure,feature_intelligence_threshold,172,1,0.002,600,499
maximin_falsification,departure,feature_intelligence_threshold,173,1,0.002,600,499
maximin_falsification,departure,feature_intelligence_threshold,174,1,0.002,600,499
maximin_falsification,departure,feature_intelligence_threshold,175,1,0.002,600,499
maximin_falsification,departure,feature_intelligence_threshold,176,1,0.002,600,499
maximin_falsification,departure,feature_intelligence_threshold,177,1,0.002,600,499
maximin_falsification,departure,feature_intelligence_threshold,178,1,0.002,600,499
maximin_falsification,departure,feature_intelligence_threshold,179,1,0.002,600,499
maximin_falsification,departure,feature_intelligence_threshold,180,1,0.002,600,499
maximin_falsification,departure,feature_intelligence_threshold,181,1,0.002,600,499
maximin_falsification,departure,feature_intelligence_threshold,182,1,0.002,600,499
maximin_falsification,departure,feature_intelligence_threshold,183,1,0.002,600,499
maximin_falsification,departure,feature_intelligence_threshold,184,1,0.002,600,499
maximin_falsification,departure,feature_intelligence_threshold,185,1,0.002,600,499
maximin_falsification,departure,feature_intelligence_threshold,186,1,0.002,600,499
maximin_falsification,departure,feature_intelligence_threshold,187,1,0.002,600,499
maximin_falsification,departure,feature_intelligence_threshold,188,1,0.002,600,499
maximin_falsification,departure,feature_intelligence_threshold,189,1,0.002,600,499
maximin_falsification,departure,feature_intelligence_threshold,190,1,0.002,600,499
maximin_falsification,departure,feature_intelligence_threshold,191,1,0.002,600,499
maximin_falsification,departure,feature_intelligence_threshold,192,1,0.002,600,499
maximin_falsification,departure,feature_intelligence_threshold,193,1,0.002,600,499
maximin_falsification,departure,feature_intelligence_threshold,194,1,0.002,600,499
maximin_falsification,departure,feature_intelligence_threshold,195,1,0.002,600,499
maximin_falsification,departure,feature_intelligence_threshold,196,1,0.002,600,499
maximin_falsification,departure,feature_intelligence_threshold,197,1,0.002,600,499
maximin_falsification,departure,feature_intelligence_threshold,198,1,0.002,600,499
maximin_falsification,departure,feature_intelligence_threshold,199,1,0.002,600,499
maximin_falsification,departure,feature_price_threshold,0,1,0.004,600,499
maximin_falsification,departure,feature_price_threshold,1,1,0.002,600,499
maximin_falsification,departure,feature_price_threshold,2,1,0.002,600,499
maximin_falsification,departure,feature_price_threshold,3,1,0.022,600,499
maximin_falsification,departure,feature_price_threshold,4,1,0.002,600,499
maximin_falsification,departure,feature_price_threshold,5,1,0.002,600,499
maximin_falsification,departure,feature_price_threshold,6,1,0.01,600,499
maximin_falsification,departure,feature_price_threshold,7,1,0.004,600,499
maximin_falsification,departure,feature_price_threshold,8,1,0.004,600,499
maximin_falsification,departure,feature_price_threshold,9,1,0.002,600,499
maximin_falsification,departure,feature_price_threshold,10,1,0.004,600,499
maximin_falsification,departure,feature_price_threshold,11,1,0.006,600,499
maximin_falsification,departure,feature_price_threshold,12,1,0.002,600,499
maximin_falsification,departure,feature_price_threshold,13,1,0.004,600,499
maximin_falsification,departure,feature_price_threshold,14,1,0.002,600,499
maximin_falsification,departure,feature_price_threshold,15,1,0.002,600,499
maximin_falsification,departure,feature_price_threshold,16,1,0.002,600,499
maximin_falsification,departure,feature_price_threshold,17,1,0.002,600,499
maximin_falsification,departure,feature_price_threshold,18,1,0.012,600,499
maximin_falsification,departure,feature_price_threshold,19,1,0.002,600,499
maximin_falsification,departure,feature_price_threshold,20,1,0.002,600,499
maximin_falsification,departure,feature_price_threshold,21,1,0.002,600,499
maximin_falsification,departure,feature_price_threshold,22,1,0.002,600,499
maximin_falsification,departure,feature_price_threshold,23,1,0.002,600,499
maximin_falsification,departure,feature_price_threshold,24,1,0.022,600,499
maximin_falsification,departure,feature_price_threshold,25,1,0.002,600,499
maximin_falsification,departure,feature_price_threshold,26,1,0.002,600,499
maximin_falsification,departure,feature_price_threshold,27,1,0.006,600,499
maximin_falsification,departure,feature_price_threshold,28,1,0.002,600,499
maximin_falsification,departure,feature_price_threshold,29,1,0.002,600,499
maximin_falsification,departure,feature_price_threshold,30,1,0.002,600,499
maximin_falsification,departure,feature_price_threshold,31,1,0.018,600,499
maximin_falsification,departure,feature_price_threshold,32,1,0.002,600,499
maximin_falsification,departure,feature_price_threshold,33,1,0.002,600,499
maximin_falsification,departure,feature_price_threshold,34,1,0.004,600,499
maximin_falsification,departure,feature_price_threshold,35,1,0.004,600,499
maximin_falsification,departure,feature_price_threshold,36,1,0.004,600,499
maximin_falsification,departure,feature_price_threshold,37,1,0.002,600,499
maximin_falsification,departure,feature_price_threshold,38,1,0.002,600,499
maximin_falsification,departure,feature_price_threshold,39,1,0.002,600,499
maximin_falsification,departure,feature_price_threshold,40,1,0.002,600,499
maximin_falsification,departure,feature_price_threshold,41,1,0.002,600,499
maximin_falsification,departure,feature_price_threshold,42,1,0.002,600,499
maximin_falsification,departure,feature_price_threshold,43,1,0.004,600,499
maximin_falsification,departure,feature_price_threshold,44,1,0.002,600,499
maximin_falsification,departure,feature_price_threshold,45,1,0.002,600,499
maximin_falsification,departure,feature_price_threshold,46,1,0.002,600,499
maximin_falsification,departure,feature_price_threshold,47,1,0.002,600,499
maximin_falsification,departure,feature_price_threshold,48,1,0.012,600,499
maximin_falsification,departure,feature_price_threshold,49,1,0.002,600,499
maximin_falsification,departure,feature_price_threshold,50,1,0.002,600,499
maximin_falsification,departure,feature_price_threshold,51,1,0.002,600,499
maximin_falsification,departure,feature_price_threshold,52,1,0.002,600,499
maximin_falsification,departure,feature_price_threshold,53,1,0.002,600,499
maximin_falsification,departure,feature_price_threshold,54,1,0.018,600,499
maximin_falsification,departure,feature_price_threshold,55,1,0.002,600,499
maximin_falsification,departure,feature_price_threshold,56,1,0.002,600,499
maximin_falsification,departure,feature_price_threshold,57,1,0.002,600,499
maximin_falsification,departure,feature_price_threshold,58,1,0.002,600,499
maximin_falsification,departure,feature_price_threshold,59,1,0.002,600,499
maximin_falsification,departure,feature_price_threshold,60,1,0.002,600,499
maximin_falsification,departure,feature_price_threshold,61,1,0.002,600,499
maximin_falsification,departure,feature_price_threshold,62,1,0.002,600,499
maximin_falsification,departure,feature_price_threshold,63,1,0.002,600,499
maximin_falsification,departure,feature_price_threshold,64,1,0.002,600,499
maximin_falsification,departure,feature_price_threshold,65,1,0.002,600,499
maximin_falsification,departure,feature_price_threshold,66,1,0.004,600,499
maximin_falsification,departure,feature_price_threshold,67,0,0.506,600,499
maximin_falsification,departure,feature_price_threshold,68,1,0.008,600,499
maximin_falsification,departure,feature_price_threshold,69,1,0.002,600,499
maximin_falsification,departure,feature_price_threshold,70,1,0.002,600,499
maximin_falsification,departure,feature_price_threshold,71,1,0.044,600,499
maximin_falsification,departure,feature_price_threshold,72,0,0.102,600,499
maximin_falsification,departure,feature_price_threshold,73,1,0.004,600,499
maximin_falsification,departure,feature_price_threshold,74,1,0.002,600,499
maximin_falsification,departure,feature_price_threshold,75,0,0.174,600,499
maximin_falsification,departure,feature_price_threshold,76,1,0.004,600,499
maximin_falsification,departure,feature_price_threshold,77,1,0.002,600,499
maximin_falsification,departure,feature_price_threshold,78,1,0.034,600,499
maximin_falsification,departure,feature_price_threshold,79,1,0.002,600,499
maximin_falsification,departure,feature_price_threshold,80,1,0.002,600,499
maximin_falsification,departure,feature_price_threshold,81,1,0.002,600,499
maximin_falsification,departure,feature_price_threshold,82,1,0.002,600,499
maximin_falsification,departure,feature_price_threshold,83,0,0.05,600,499
maximin_falsification,departure,feature_price_threshold,84,1,0.008,600,499
maximin_falsification,departure,feature_price_threshold,85,1,0.004,600,499
maximin_falsification,departure,feature_price_threshold,86,1,0.002,600,499
maximin_falsification,departure,feature_price_threshold,87,1,0.002,600,499
maximin_falsification,departure,feature_price_threshold,88,1,0.002,600,499
maximin_falsification,departure,feature_price_threshold,89,1,0.006,600,499
maximin_falsification,departure,feature_price_threshold,90,1,0.004,600,499
maximin_falsification,departure,feature_price_threshold,91,1,0.002,600,499
maximin_falsification,departure,feature_price_threshold,92,1,0.004,600,499
maximin_falsification,departure,feature_price_threshold,93,1,0.012,600,499
maximin_falsification,departure,feature_price_threshold,94,1,0.002,600,499
maximin_falsification,departure,feature_price_threshold,95,1,0.002,600,499
maximin_falsification,departure,feature_price_threshold,96,1,0.008,600,499
maximin_falsification,departure,feature_price_threshold,97,1,0.002,600,499
maximin_falsification,departure,feature_price_threshold,98,1,0.004,600,499
maximin_falsification,departure,feature_price_threshold,99,1,0.002,600,499
maximin_falsification,departure,feature_price_threshold,100,1,0.048,600,499
maximin_falsification,departure,feature_price_threshold,101,1,0.002,600,499
maximin_falsification,departure,feature_price_threshold,102,1,0.004,600,499
maximin_falsification,departure,feature_price_threshold,103,1,0.002,600,499
maximin_falsification,departure,feature_price_threshold,104,1,0.026,600,499
maximin_falsification,departure,feature_price_threshold,105,1,0.002,600,499
maximin_falsification,departure,feature_price_threshold,106,1,0.002,600,499
maximin_falsification,departure,feature_price_threshold,107,1,0.006,600,499
maximin_falsification,departure,feature_price_threshold,108,1,0.002,600,499
maximin_falsification,departure,feature_price_threshold,109,1,0.004,600,499
maximin_falsification,departure,feature_price_threshold,110,1,0.002,600,499
maximin_falsification,departure,feature_price_threshold,111,1,0.014,600,499
maximin_falsification,departure,feature_price_threshold,112,1,0.006,600,499
maximin_falsification,departure,feature_price_threshold,113,1,0.002,600,499
maximin_falsification,departure,feature_price_threshold,114,1,0.002,600,499
maximin_falsification,departure,feature_price_threshold,115,0,0.092,600,499
maximin_falsification,departure,feature_price_threshold,116,1,0.002,600,499
maximin_falsification,departure,feature_price_threshold,117,1,0.04,600,499
maximin_falsification,departure,feature_price_threshold,118,1,0.008,600,499
maximin_falsification,departure,feature_price_threshold,119,1,0.002,600,499
maximin_falsification,departure,feature_price_threshold,120,1,0.002,600,499
maximin_falsification,departure,feature_price_threshold,121,1,0.002,600,499
maximin_falsification,departure,feature_price_threshold,122,1,0.042,600,499
maximin_falsification,departure,feature_price_threshold,123,0,0.064,600,499
maximin_falsification,departure,feature_price_threshold,124,1,0.002,600,499
maximin_falsification,departure,feature_price_threshold,125,1,0.002,600,499
maximin_falsification,departure,feature_price_threshold,126,1,0.002,600,499
maximin_falsification,departure,feature_price_threshold,127,1,0.002,600,499
maximin_falsification,departure,feature_price_threshold,128,1,0.002,600,499
maximin_falsification,departure,feature_price_threshold,129,1,0.002,600,499
maximin_falsification,departure,feature_price_threshold,130,1,0.004,600,499
maximin_falsification,departure,feature_price_threshold,131,1,0.002,600,499
maximin_falsification,departure,feature_price_threshold,132,1,0.018,600,499
maximin_falsification,departure,feature_price_threshold,133,1,0.002,600,499
maximin_falsification,departure,feature_price_threshold,134,1,0.002,600,499
maximin_falsification,departure,feature_price_threshold,135,0,0.18,600,499
maximin_falsification,departure,feature_price_threshold,136,1,0.002,600,499
maximin_falsification,departure,feature_price_threshold,137,1,0.002,600,499
maximin_falsification,departure,feature_price_threshold,138,1,0.002,600,499
maximin_falsification,departure,feature_price_threshold,139,1,0.002,600,499
maximin_falsification,departure,feature_price_threshold,140,1,0.004,600,499
maximin_falsification,departure,feature_price_threshold,141,1,0.006,600,499
maximin_falsification,departure,feature_price_threshold,142,1,0.016,600,499
maximin_falsification,departure,feature_price_threshold,143,1,0.002,600,499
maximin_falsification,departure,feature_price_threshold,144,1,0.006,600,499
maximin_falsification,departure,feature_price_threshold,145,1,0.002,600,499
maximin_falsification,departure,feature_price_threshold,146,1,0.002,600,499
maximin_falsification,departure,feature_price_threshold,147,1,0.002,600,499
maximin_falsification,departure,feature_price_threshold,148,1,0.002,600,499
maximin_falsification,departure,feature_price_threshold,149,1,0.01,600,499
maximin_falsification,departure,feature_price_threshold,150,1,0.004,600,499
maximin_falsification,departure,feature_price_threshold,151,1,0.002,600,499
maximin_falsification,departure,feature_price_threshold,152,0,0.082,600,499
maximin_falsification,departure,feature_price_threshold,153,1,0.01,600,499
maximin_falsification,departure,feature_price_threshold,154,1,0.004,600,499
maximin_falsification,departure,feature_price_threshold,155,1,0.002,600,499
maximin_falsification,departure,feature_price_threshold,156,1,0.002,600,499
maximin_falsification,departure,feature_price_threshold,157,1,0.002,600,499
maximin_falsification,departure,feature_price_threshold,158,1,0.002,600,499
maximin_falsification,departure,feature_price_threshold,159,1,0.002,600,499
maximin_falsification,departure,feature_price_threshold,160,1,0.002,600,499
maximin_falsification,departure,feature_price_threshold,161,1,0.018,600,499
maximin_falsification,departure,feature_price_threshold,162,1,0.002,600,499
maximin_falsification,departure,feature_price_threshold,163,1,0.002,600,499
maximin_falsification,departure,feature_price_threshold,164,1,0.002,600,499
maximin_falsification,departure,feature_price_threshold,165,1,0.008,600,499
maximin_falsification,departure,feature_price_threshold,166,1,0.034,600,499
maximin_falsification,departure,feature_price_threshold,167,1,0.002,600,499
maximin_falsification,departure,feature_price_threshold,168,1,0.008,600,499
maximin_falsification,departure,feature_price_threshold,169,1,0.004,600,499
maximin_falsification,departure,feature_price_threshold,170,1,0.002,600,499
maximin_falsification,departure,feature_price_threshold,171,1,0.002,600,499
maximin_falsification,departure,feature_price_threshold,172,1,0.002,600,499
maximin_falsification,departure,feature_price_threshold,173,1,0.002,600,499
maximin_falsification,departure,feature_price_threshold,174,1,0.002,600,499
maximin_falsification,departure,feature_price_threshold,175,1,0.002,600,499
maximin_falsification,departure,feature_price_threshold,176,1,0.002,600,499
maximin_falsification,departure,feature_price_threshold,177,1,0.002,600,499
maximin_falsification,departure,feature_price_threshold,178,1,0.004,600,499
maximin_falsification,departure,feature_price_threshold,179,1,0.004,600,499
maximin_falsification,departure,feature_price_threshold,180,1,0.002,600,499
maximin_falsification,departure,feature_price_threshold,181,1,0.002,600,499
maximin_falsification,departure,feature_price_threshold,182,1,0.006,600,499
maximin_falsification,departure,feature_price_threshold,183,0,0.17,600,499
maximin_falsification,departure,feature_price_threshold,184,1,0.002,600,499
maximin_falsification,departure,feature_price_threshold,185,1,0.002,600,499
maximin_falsification,departure,feature_price_threshold,186,1,0.002,600,499
maximin_falsification,departure,feature_price_threshold,187,1,0.002,600,499
maximin_falsification,departure,feature_price_threshold,188,0,0.052,600,499
maximin_falsification,departure,feature_price_threshold,189,1,0.002,600,499
maximin_falsification,departure,feature_price_threshold,190,0,0.262,600,499
maximin_falsification,departure,feature_price_threshold,191,1,0.002,600,499
maximin_falsification,departure,feature_price_threshold,192,1,0.002,600,499
maximin_falsification,departure,feature_price_threshold,193,1,0.002,600,499
maximin_falsification,departure,feature_price_threshold,194,1,0.002,600,499
maximin_falsification,departure,feature_price_threshold,195,0,0.558,600,499
maximin_falsification,departure,feature_price_threshold,196,1,0.002,600,499
maximin_falsification,departure,feature_price_threshold,197,1,0.002,600,499
maximin_falsification,departure,feature_price_threshold,198,1,0.002,600,499
maximin_falsification,departure,feature_price_threshold,199,1,0.01,600,499
maximin_falsification,departure,feature_mode_support_interaction,0,1,0.002,600,499
maximin_falsification,departure,feature_mode_support_interaction,1,1,0.002,600,499
maximin_falsification,departure,feature_mode_support_interaction,2,1,0.002,600,499
maximin_falsification,departure,feature_mode_support_interaction,3,1,0.002,600,499
maximin_falsification,departure,feature_mode_support_interaction,4,1,0.002,600,499
maximin_falsification,departure,feature_mode_support_interaction,5,1,0.002,600,499
maximin_falsification,departure,feature_mode_support_interaction,6,1,0.002,600,499
maximin_falsification,departure,feature_mode_support_interaction,7,1,0.002,600,499
maximin_falsification,departure,feature_mode_support_interaction,8,1,0.002,600,499
maximin_falsification,departure,feature_mode_support_interaction,9,1,0.002,600,499
maximin_falsification,departure,feature_mode_support_interaction,10,1,0.002,600,499
maximin_falsification,departure,feature_mode_support_interaction,11,1,0.002,600,499
maximin_falsification,departure,feature_mode_support_interaction,12,1,0.002,600,499
maximin_falsification,departure,feature_mode_support_interaction,13,1,0.002,600,499
maximin_falsification,departure,feature_mode_support_interaction,14,1,0.002,600,499
maximin_falsification,departure,feature_mode_support_interaction,15,1,0.002,600,499
maximin_falsification,departure,feature_mode_support_interaction,16,1,0.002,600,499
maximin_falsification,departure,feature_mode_support_interaction,17,1,0.002,600,499
maximin_falsification,departure,feature_mode_support_interaction,18,1,0.002,600,499
maximin_falsification,departure,feature_mode_support_interaction,19,1,0.002,600,499
maximin_falsification,departure,feature_mode_support_interaction,20,1,0.002,600,499
maximin_falsification,departure,feature_mode_support_interaction,21,1,0.002,600,499
maximin_falsification,departure,feature_mode_support_interaction,22,1,0.002,600,499
maximin_falsification,departure,feature_mode_support_interaction,23,1,0.002,600,499
maximin_falsification,departure,feature_mode_support_interaction,24,1,0.002,600,499
maximin_falsification,departure,feature_mode_support_interaction,25,1,0.002,600,499
maximin_falsification,departure,feature_mode_support_interaction,26,1,0.002,600,499
maximin_falsification,departure,feature_mode_support_interaction,27,1,0.002,600,499
maximin_falsification,departure,feature_mode_support_interaction,28,1,0.002,600,499
maximin_falsification,departure,feature_mode_support_interaction,29,1,0.002,600,499
maximin_falsification,departure,feature_mode_support_interaction,30,1,0.002,600,499
maximin_falsification,departure,feature_mode_support_interaction,31,1,0.002,600,499
maximin_falsification,departure,feature_mode_support_interaction,32,1,0.002,600,499
maximin_falsification,departure,feature_mode_support_interaction,33,1,0.002,600,499
maximin_falsification,departure,feature_mode_support_interaction,34,1,0.002,600,499
maximin_falsification,departure,feature_mode_support_interaction,35,1,0.002,600,499
maximin_falsification,departure,feature_mode_support_interaction,36,1,0.002,600,499
maximin_falsification,departure,feature_mode_support_interaction,37,1,0.002,600,499
maximin_falsification,departure,feature_mode_support_interaction,38,1,0.002,600,499
maximin_falsification,departure,feature_mode_support_interaction,39,1,0.002,600,499
maximin_falsification,departure,feature_mode_support_interaction,40,1,0.002,600,499
maximin_falsification,departure,feature_mode_support_interaction,41,1,0.002,600,499
maximin_falsification,departure,feature_mode_support_interaction,42,1,0.002,600,499
maximin_falsification,departure,feature_mode_support_interaction,43,1,0.002,600,499
maximin_falsification,departure,feature_mode_support_interaction,44,1,0.002,600,499
maximin_falsification,departure,feature_mode_support_interaction,45,1,0.002,600,499
maximin_falsification,departure,feature_mode_support_interaction,46,1,0.002,600,499
maximin_falsification,departure,feature_mode_support_interaction,47,1,0.002,600,499
maximin_falsification,departure,feature_mode_support_interaction,48,1,0.002,600,499
maximin_falsification,departure,feature_mode_support_interaction,49,1,0.002,600,499
maximin_falsification,departure,feature_mode_support_interaction,50,1,0.002,600,499
maximin_falsification,departure,feature_mode_support_interaction,51,1,0.002,600,499
maximin_falsification,departure,feature_mode_support_interaction,52,1,0.002,600,499
maximin_falsification,departure,feature_mode_support_interaction,53,1,0.002,600,499
maximin_falsification,departure,feature_mode_support_interaction,54,1,0.002,600,499
maximin_falsification,departure,feature_mode_support_interaction,55,1,0.002,600,499
maximin_falsification,departure,feature_mode_support_interaction,56,1,0.002,600,499
maximin_falsification,departure,feature_mode_support_interaction,57,1,0.002,600,499
maximin_falsification,departure,feature_mode_support_interaction,58,1,0.002,600,499
maximin_falsification,departure,feature_mode_support_interaction,59,1,0.002,600,499
maximin_falsification,departure,feature_mode_support_interaction,60,1,0.002,600,499
maximin_falsification,departure,feature_mode_support_interaction,61,1,0.002,600,499
maximin_falsification,departure,feature_mode_support_interaction,62,1,0.002,600,499
maximin_falsification,departure,feature_mode_support_interaction,63,1,0.002,600,499
maximin_falsification,departure,feature_mode_support_interaction,64,1,0.002,600,499
maximin_falsification,departure,feature_mode_support_interaction,65,1,0.002,600,499
maximin_falsification,departure,feature_mode_support_interaction,66,1,0.002,600,499
maximin_falsification,departure,feature_mode_support_interaction,67,1,0.002,600,499
maximin_falsification,departure,feature_mode_support_interaction,68,1,0.002,600,499
maximin_falsification,departure,feature_mode_support_interaction,69,1,0.002,600,499
maximin_falsification,departure,feature_mode_support_interaction,70,1,0.002,600,499
maximin_falsification,departure,feature_mode_support_interaction,71,1,0.002,600,499
maximin_falsification,departure,feature_mode_support_interaction,72,1,0.002,600,499
maximin_falsification,departure,feature_mode_support_interaction,73,1,0.002,600,499
maximin_falsification,departure,feature_mode_support_interaction,74,1,0.002,600,499
maximin_falsification,departure,feature_mode_support_interaction,75,1,0.002,600,499
maximin_falsification,departure,feature_mode_support_interaction,76,1,0.002,600,499
maximin_falsification,departure,feature_mode_support_interaction,77,1,0.002,600,499
maximin_falsification,departure,feature_mode_support_interaction,78,1,0.002,600,499
maximin_falsification,departure,feature_mode_support_interaction,79,1,0.002,600,499
maximin_falsification,departure,feature_mode_support_interaction,80,1,0.002,600,499
maximin_falsification,departure,feature_mode_support_interaction,81,1,0.002,600,499
maximin_falsification,departure,feature_mode_support_interaction,82,1,0.002,600,499
maximin_falsification,departure,feature_mode_support_interaction,83,1,0.002,600,499
maximin_falsification,departure,feature_mode_support_interaction,84,1,0.002,600,499
maximin_falsification,departure,feature_mode_support_interaction,85,1,0.002,600,499
maximin_falsification,departure,feature_mode_support_interaction,86,1,0.002,600,499
maximin_falsification,departure,feature_mode_support_interaction,87,1,0.002,600,499
maximin_falsification,departure,feature_mode_support_interaction,88,1,0.002,600,499
maximin_falsification,departure,feature_mode_support_interaction,89,1,0.002,600,499
maximin_falsification,departure,feature_mode_support_interaction,90,1,0.002,600,499
maximin_falsification,departure,feature_mode_support_interaction,91,1,0.002,600,499
maximin_falsification,departure,feature_mode_support_interaction,92,1,0.002,600,499
maximin_falsification,departure,feature_mode_support_interaction,93,1,0.002,600,499
maximin_falsification,departure,feature_mode_support_interaction,94,1,0.002,600,499
maximin_falsification,departure,feature_mode_support_interaction,95,1,0.002,600,499
maximin_falsification,departure,feature_mode_support_interaction,96,1,0.002,600,499
maximin_falsification,departure,feature_mode_support_interaction,97,1,0.002,600,499
maximin_falsification,departure,feature_mode_support_interaction,98,1,0.002,600,499
maximin_falsification,departure,feature_mode_support_interaction,99,1,0.002,600,499
maximin_falsification,departure,feature_mode_support_interaction,100,1,0.002,600,499
maximin_falsification,departure,feature_mode_support_interaction,101,1,0.002,600,499
maximin_falsification,departure,feature_mode_support_interaction,102,1,0.002,600,499
maximin_falsification,departure,feature_mode_support_interaction,103,1,0.002,600,499
maximin_falsification,departure,feature_mode_support_interaction,104,1,0.002,600,499
maximin_falsification,departure,feature_mode_support_interaction,105,1,0.002,600,499
maximin_falsification,departure,feature_mode_support_interaction,106,1,0.002,600,499
maximin_falsification,departure,feature_mode_support_interaction,107,1,0.002,600,499
maximin_falsification,departure,feature_mode_support_interaction,108,1,0.002,600,499
maximin_falsification,departure,feature_mode_support_interaction,109,1,0.002,600,499
maximin_falsification,departure,feature_mode_support_interaction,110,1,0.002,600,499
maximin_falsification,departure,feature_mode_support_interaction,111,1,0.002,600,499
maximin_falsification,departure,feature_mode_support_interaction,112,1,0.002,600,499
maximin_falsification,departure,feature_mode_support_interaction,113,1,0.002,600,499
maximin_falsification,departure,feature_mode_support_interaction,114,1,0.002,600,499
maximin_falsification,departure,feature_mode_support_interaction,115,1,0.002,600,499
maximin_falsification,departure,feature_mode_support_interaction,116,1,0.002,600,499
maximin_falsification,departure,feature_mode_support_interaction,117,1,0.002,600,499
maximin_falsification,departure,feature_mode_support_interaction,118,1,0.002,600,499
maximin_falsification,departure,feature_mode_support_interaction,119,1,0.002,600,499
maximin_falsification,departure,feature_mode_support_interaction,120,1,0.002,600,499
maximin_falsification,departure,feature_mode_support_interaction,121,1,0.002,600,499
maximin_falsification,departure,feature_mode_support_interaction,122,1,0.002,600,499
maximin_falsification,departure,feature_mode_support_interaction,123,1,0.002,600,499
maximin_falsification,departure,feature_mode_support_interaction,124,1,0.002,600,499
maximin_falsification,departure,feature_mode_support_interaction,125,1,0.002,600,499
maximin_falsification,departure,feature_mode_support_interaction,126,1,0.002,600,499
maximin_falsification,departure,feature_mode_support_interaction,127,1,0.002,600,499
maximin_falsification,departure,feature_mode_support_interaction,128,1,0.002,600,499
maximin_falsification,departure,feature_mode_support_interaction,129,1,0.002,600,499
maximin_falsification,departure,feature_mode_support_interaction,130,1,0.002,600,499
maximin_falsification,departure,feature_mode_support_interaction,131,1,0.002,600,499
maximin_falsification,departure,feature_mode_support_interaction,132,1,0.002,600,499
maximin_falsification,departure,feature_mode_support_interaction,133,1,0.002,600,499
maximin_falsification,departure,feature_mode_support_interaction,134,1,0.002,600,499
maximin_falsification,departure,feature_mode_support_interaction,135,1,0.002,600,499
maximin_falsification,departure,feature_mode_support_interaction,136,1,0.002,600,499
maximin_falsification,departure,feature_mode_support_interaction,137,1,0.002,600,499
maximin_falsification,departure,feature_mode_support_interaction,138,1,0.002,600,499
maximin_falsification,departure,feature_mode_support_interaction,139,1,0.002,600,499
maximin_falsification,departure,feature_mode_support_interaction,140,1,0.002,600,499
maximin_falsification,departure,feature_mode_support_interaction,141,1,0.002,600,499
maximin_falsification,departure,feature_mode_support_interaction,142,1,0.002,600,499
maximin_falsification,departure,feature_mode_support_interaction,143,1,0.002,600,499
maximin_falsification,departure,feature_mode_support_interaction,144,1,0.002,600,499
maximin_falsification,departure,feature_mode_support_interaction,145,1,0.002,600,499
maximin_falsification,departure,feature_mode_support_interaction,146,1,0.002,600,499
maximin_falsification,departure,feature_mode_support_interaction,147,1,0.002,600,499
maximin_falsification,departure,feature_mode_support_interaction,148,1,0.002,600,499
maximin_falsification,departure,feature_mode_support_interaction,149,1,0.002,600,499
maximin_falsification,departure,feature_mode_support_interaction,150,1,0.002,600,499
maximin_falsification,departure,feature_mode_support_interaction,151,1,0.002,600,499
maximin_falsification,departure,feature_mode_support_interaction,152,1,0.002,600,499
maximin_falsification,departure,feature_mode_support_interaction,153,1,0.002,600,499
maximin_falsification,departure,feature_mode_support_interaction,154,1,0.002,600,499
maximin_falsification,departure,feature_mode_support_interaction,155,1,0.002,600,499
maximin_falsification,departure,feature_mode_support_interaction,156,1,0.002,600,499
maximin_falsification,departure,feature_mode_support_interaction,157,1,0.002,600,499
maximin_falsification,departure,feature_mode_support_interaction,158,1,0.002,600,499
maximin_falsification,departure,feature_mode_support_interaction,159,1,0.002,600,499
maximin_falsification,departure,feature_mode_support_interaction,160,1,0.002,600,499
maximin_falsification,departure,feature_mode_support_interaction,161,1,0.002,600,499
maximin_falsification,departure,feature_mode_support_interaction,162,1,0.002,600,499
maximin_falsification,departure,feature_mode_support_interaction,163,1,0.002,600,499
maximin_falsification,departure,feature_mode_support_interaction,164,1,0.002,600,499
maximin_falsification,departure,feature_mode_support_interaction,165,1,0.002,600,499
maximin_falsification,departure,feature_mode_support_interaction,166,1,0.002,600,499
maximin_falsification,departure,feature_mode_support_interaction,167,1,0.002,600,499
maximin_falsification,departure,feature_mode_support_interaction,168,1,0.002,600,499
maximin_falsification,departure,feature_mode_support_interaction,169,1,0.002,600,499
maximin_falsification,departure,feature_mode_support_interaction,170,1,0.002,600,499
maximin_falsification,departure,feature_mode_support_interaction,171,1,0.002,600,499
maximin_falsification,departure,feature_mode_support_interaction,172,1,0.002,600,499
maximin_falsification,departure,feature_mode_support_interaction,173,1,0.002,600,499
maximin_falsification,departure,feature_mode_support_interaction,174,1,0.002,600,499
maximin_falsification,departure,feature_mode_support_interaction,175,1,0.002,600,499
maximin_falsification,departure,feature_mode_support_interaction,176,1,0.002,600,499
maximin_falsification,departure,feature_mode_support_interaction,177,1,0.002,600,499
maximin_falsification,departure,feature_mode_support_interaction,178,1,0.002,600,499
maximin_falsification,departure,feature_mode_support_interaction,179,1,0.002,600,499
maximin_falsification,departure,feature_mode_support_interaction,180,1,0.002,600,499
maximin_falsification,departure,feature_mode_support_interaction,181,1,0.002,600,499
maximin_falsification,departure,feature_mode_support_interaction,182,1,0.002,600,499
maximin_falsification,departure,feature_mode_support_interaction,183,1,0.002,600,499
maximin_falsification,departure,feature_mode_support_interaction,184,1,0.002,600,499
maximin_falsification,departure,feature_mode_support_interaction,185,1,0.002,600,499
maximin_falsification,departure,feature_mode_support_interaction,186,1,0.002,600,499
maximin_falsification,departure,feature_mode_support_interaction,187,1,0.002,600,499
maximin_falsification,departure,feature_mode_support_interaction,188,1,0.002,600,499
maximin_falsification,departure,feature_mode_support_interaction,189,1,0.002,600,499
maximin_falsification,departure,feature_mode_support_interaction,190,1,0.002,600,499
maximin_falsification,departure,feature_mode_support_interaction,191,1,0.002,600,499
maximin_falsification,departure,feature_mode_support_interaction,192,1,0.002,600,499
maximin_falsification,departure,feature_mode_support_interaction,193,1,0.002,600,499
maximin_falsification,departure,feature_mode_support_interaction,194,1,0.002,600,499
maximin_falsification,departure,feature_mode_support_interaction,195,1,0.002,600,499
maximin_falsification,departure,feature_mode_support_interaction,196,1,0.002,600,499
maximin_falsification,departure,feature_mode_support_interaction,197,1,0.002,600,499
maximin_falsification,departure,feature_mode_support_interaction,198,1,0.002,600,499
maximin_falsification,departure,feature_mode_support_interaction,199,1,0.002,600,499
maximin_falsification,departure,feature_intelligence_cloud_interaction,0,1,0.002,600,499
maximin_falsification,departure,feature_intelligence_cloud_interaction,1,1,0.002,600,499
maximin_falsification,departure,feature_intelligence_cloud_interaction,2,1,0.002,600,499
maximin_falsification,departure,feature_intelligence_cloud_interaction,3,1,0.002,600,499
maximin_falsification,departure,feature_intelligence_cloud_interaction,4,1,0.002,600,499
maximin_falsification,departure,feature_intelligence_cloud_interaction,5,1,0.002,600,499
maximin_falsification,departure,feature_intelligence_cloud_interaction,6,1,0.002,600,499
maximin_falsification,departure,feature_intelligence_cloud_interaction,7,1,0.002,600,499
maximin_falsification,departure,feature_intelligence_cloud_interaction,8,1,0.002,600,499
maximin_falsification,departure,feature_intelligence_cloud_interaction,9,1,0.002,600,499
maximin_falsification,departure,feature_intelligence_cloud_interaction,10,1,0.002,600,499
maximin_falsification,departure,feature_intelligence_cloud_interaction,11,1,0.002,600,499
maximin_falsification,departure,feature_intelligence_cloud_interaction,12,1,0.002,600,499
maximin_falsification,departure,feature_intelligence_cloud_interaction,13,1,0.002,600,499
maximin_falsification,departure,feature_intelligence_cloud_interaction,14,1,0.002,600,499
maximin_falsification,departure,feature_intelligence_cloud_interaction,15,1,0.002,600,499
maximin_falsification,departure,feature_intelligence_cloud_interaction,16,1,0.002,600,499
maximin_falsification,departure,feature_intelligence_cloud_interaction,17,1,0.002,600,499
maximin_falsification,departure,feature_intelligence_cloud_interaction,18,1,0.002,600,499
maximin_falsification,departure,feature_intelligence_cloud_interaction,19,1,0.002,600,499
maximin_falsification,departure,feature_intelligence_cloud_interaction,20,1,0.002,600,499
maximin_falsification,departure,feature_intelligence_cloud_interaction,21,1,0.002,600,499
maximin_falsification,departure,feature_intelligence_cloud_interaction,22,1,0.002,600,499
maximin_falsification,departure,feature_intelligence_cloud_interaction,23,1,0.002,600,499
maximin_falsification,departure,feature_intelligence_cloud_interaction,24,1,0.002,600,499
maximin_falsification,departure,feature_intelligence_cloud_interaction,25,1,0.002,600,499
maximin_falsification,departure,feature_intelligence_cloud_interaction,26,1,0.002,600,499
maximin_falsification,departure,feature_intelligence_cloud_interaction,27,1,0.002,600,499
maximin_falsification,departure,feature_intelligence_cloud_interaction,28,1,0.002,600,499
maximin_falsification,departure,feature_intelligence_cloud_interaction,29,1,0.002,600,499
maximin_falsification,departure,feature_intelligence_cloud_interaction,30,1,0.002,600,499
maximin_falsification,departure,feature_intelligence_cloud_interaction,31,1,0.002,600,499
maximin_falsification,departure,feature_intelligence_cloud_interaction,32,1,0.002,600,499
maximin_falsification,departure,feature_intelligence_cloud_interaction,33,1,0.002,600,499
maximin_falsification,departure,feature_intelligence_cloud_interaction,34,1,0.002,600,499
maximin_falsification,departure,feature_intelligence_cloud_interaction,35,1,0.002,600,499
maximin_falsification,departure,feature_intelligence_cloud_interaction,36,1,0.002,600,499
maximin_falsification,departure,feature_intelligence_cloud_interaction,37,1,0.002,600,499
maximin_falsification,departure,feature_intelligence_cloud_interaction,38,1,0.002,600,499
maximin_falsification,departure,feature_intelligence_cloud_interaction,39,1,0.002,600,499
maximin_falsification,departure,feature_intelligence_cloud_interaction,40,1,0.002,600,499
maximin_falsification,departure,feature_intelligence_cloud_interaction,41,1,0.002,600,499
maximin_falsification,departure,feature_intelligence_cloud_interaction,42,1,0.002,600,499
maximin_falsification,departure,feature_intelligence_cloud_interaction,43,1,0.002,600,499
maximin_falsification,departure,feature_intelligence_cloud_interaction,44,1,0.002,600,499
maximin_falsification,departure,feature_intelligence_cloud_interaction,45,1,0.002,600,499
maximin_falsification,departure,feature_intelligence_cloud_interaction,46,1,0.002,600,499
maximin_falsification,departure,feature_intelligence_cloud_interaction,47,1,0.002,600,499
maximin_falsification,departure,feature_intelligence_cloud_interaction,48,1,0.002,600,499
maximin_falsification,departure,feature_intelligence_cloud_interaction,49,1,0.002,600,499
maximin_falsification,departure,feature_intelligence_cloud_interaction,50,1,0.002,600,499
maximin_falsification,departure,feature_intelligence_cloud_interaction,51,1,0.002,600,499
maximin_falsification,departure,feature_intelligence_cloud_interaction,52,1,0.002,600,499
maximin_falsification,departure,feature_intelligence_cloud_interaction,53,1,0.002,600,499
maximin_falsification,departure,feature_intelligence_cloud_interaction,54,1,0.002,600,499
maximin_falsification,departure,feature_intelligence_cloud_interaction,55,1,0.002,600,499
maximin_falsification,departure,feature_intelligence_cloud_interaction,56,1,0.002,600,499
maximin_falsification,departure,feature_intelligence_cloud_interaction,57,1,0.002,600,499
maximin_falsification,departure,feature_intelligence_cloud_interaction,58,1,0.002,600,499
maximin_falsification,departure,feature_intelligence_cloud_interaction,59,1,0.002,600,499
maximin_falsification,departure,feature_intelligence_cloud_interaction,60,1,0.002,600,499
maximin_falsification,departure,feature_intelligence_cloud_interaction,61,1,0.002,600,499
maximin_falsification,departure,feature_intelligence_cloud_interaction,62,1,0.002,600,499
maximin_falsification,departure,feature_intelligence_cloud_interaction,63,1,0.002,600,499
maximin_falsification,departure,feature_intelligence_cloud_interaction,64,1,0.002,600,499
maximin_falsification,departure,feature_intelligence_cloud_interaction,65,1,0.002,600,499
maximin_falsification,departure,feature_intelligence_cloud_interaction,66,1,0.002,600,499
maximin_falsification,departure,feature_intelligence_cloud_interaction,67,1,0.002,600,499
maximin_falsification,departure,feature_intelligence_cloud_interaction,68,1,0.002,600,499
maximin_falsification,departure,feature_intelligence_cloud_interaction,69,1,0.002,600,499
maximin_falsification,departure,feature_intelligence_cloud_interaction,70,1,0.002,600,499
maximin_falsification,departure,feature_intelligence_cloud_interaction,71,1,0.002,600,499
maximin_falsification,departure,feature_intelligence_cloud_interaction,72,1,0.002,600,499
maximin_falsification,departure,feature_intelligence_cloud_interaction,73,1,0.002,600,499
maximin_falsification,departure,feature_intelligence_cloud_interaction,74,1,0.002,600,499
maximin_falsification,departure,feature_intelligence_cloud_interaction,75,1,0.002,600,499
maximin_falsification,departure,feature_intelligence_cloud_interaction,76,1,0.002,600,499
maximin_falsification,departure,feature_intelligence_cloud_interaction,77,1,0.002,600,499
maximin_falsification,departure,feature_intelligence_cloud_interaction,78,1,0.002,600,499
maximin_falsification,departure,feature_intelligence_cloud_interaction,79,1,0.002,600,499
maximin_falsification,departure,feature_intelligence_cloud_interaction,80,1,0.002,600,499
maximin_falsification,departure,feature_intelligence_cloud_interaction,81,1,0.002,600,499
maximin_falsification,departure,feature_intelligence_cloud_interaction,82,1,0.002,600,499
maximin_falsification,departure,feature_intelligence_cloud_interaction,83,1,0.002,600,499
maximin_falsification,departure,feature_intelligence_cloud_interaction,84,1,0.002,600,499
maximin_falsification,departure,feature_intelligence_cloud_interaction,85,1,0.002,600,499
maximin_falsification,departure,feature_intelligence_cloud_interaction,86,1,0.002,600,499
maximin_falsification,departure,feature_intelligence_cloud_interaction,87,1,0.002,600,499
maximin_falsification,departure,feature_intelligence_cloud_interaction,88,1,0.002,600,499
maximin_falsification,departure,feature_intelligence_cloud_interaction,89,1,0.002,600,499
maximin_falsification,departure,feature_intelligence_cloud_interaction,90,1,0.002,600,499
maximin_falsification,departure,feature_intelligence_cloud_interaction,91,1,0.002,600,499
maximin_falsification,departure,feature_intelligence_cloud_interaction,92,1,0.002,600,499
maximin_falsification,departure,feature_intelligence_cloud_interaction,93,1,0.002,600,499
maximin_falsification,departure,feature_intelligence_cloud_interaction,94,1,0.002,600,499
maximin_falsification,departure,feature_intelligence_cloud_interaction,95,1,0.002,600,499
maximin_falsification,departure,feature_intelligence_cloud_interaction,96,1,0.002,600,499
maximin_falsification,departure,feature_intelligence_cloud_interaction,97,1,0.002,600,499
maximin_falsification,departure,feature_intelligence_cloud_interaction,98,1,0.002,600,499
maximin_falsification,departure,feature_intelligence_cloud_interaction,99,1,0.002,600,499
maximin_falsification,departure,feature_intelligence_cloud_interaction,100,1,0.002,600,499
maximin_falsification,departure,feature_intelligence_cloud_interaction,101,1,0.002,600,499
maximin_falsification,departure,feature_intelligence_cloud_interaction,102,1,0.002,600,499
maximin_falsification,departure,feature_intelligence_cloud_interaction,103,1,0.002,600,499
maximin_falsification,departure,feature_intelligence_cloud_interaction,104,1,0.002,600,499
maximin_falsification,departure,feature_intelligence_cloud_interaction,105,1,0.002,600,499
maximin_falsification,departure,feature_intelligence_cloud_interaction,106,1,0.002,600,499
maximin_falsification,departure,feature_intelligence_cloud_interaction,107,1,0.002,600,499
maximin_falsification,departure,feature_intelligence_cloud_interaction,108,1,0.002,600,499
maximin_falsification,departure,feature_intelligence_cloud_interaction,109,1,0.002,600,499
maximin_falsification,departure,feature_intelligence_cloud_interaction,110,1,0.002,600,499
maximin_falsification,departure,feature_intelligence_cloud_interaction,111,1,0.002,600,499
maximin_falsification,departure,feature_intelligence_cloud_interaction,112,1,0.002,600,499
maximin_falsification,departure,feature_intelligence_cloud_interaction,113,1,0.002,600,499
maximin_falsification,departure,feature_intelligence_cloud_interaction,114,1,0.002,600,499
maximin_falsification,departure,feature_intelligence_cloud_interaction,115,1,0.002,600,499
maximin_falsification,departure,feature_intelligence_cloud_interaction,116,1,0.002,600,499
maximin_falsification,departure,feature_intelligence_cloud_interaction,117,1,0.002,600,499
maximin_falsification,departure,feature_intelligence_cloud_interaction,118,1,0.002,600,499
maximin_falsification,departure,feature_intelligence_cloud_interaction,119,1,0.002,600,499
maximin_falsification,departure,feature_intelligence_cloud_interaction,120,1,0.002,600,499
maximin_falsification,departure,feature_intelligence_cloud_interaction,121,1,0.002,600,499
maximin_falsification,departure,feature_intelligence_cloud_interaction,122,1,0.002,600,499
maximin_falsification,departure,feature_intelligence_cloud_interaction,123,1,0.002,600,499
maximin_falsification,departure,feature_intelligence_cloud_interaction,124,1,0.002,600,499
maximin_falsification,departure,feature_intelligence_cloud_interaction,125,1,0.002,600,499
maximin_falsification,departure,feature_intelligence_cloud_interaction,126,1,0.002,600,499
maximin_falsification,departure,feature_intelligence_cloud_interaction,127,1,0.002,600,499
maximin_falsification,departure,feature_intelligence_cloud_interaction,128,1,0.002,600,499
maximin_falsification,departure,feature_intelligence_cloud_interaction,129,1,0.002,600,499
maximin_falsification,departure,feature_intelligence_cloud_interaction,130,1,0.002,600,499
maximin_falsification,departure,feature_intelligence_cloud_interaction,131,1,0.002,600,499
maximin_falsification,departure,feature_intelligence_cloud_interaction,132,1,0.002,600,499
maximin_falsification,departure,feature_intelligence_cloud_interaction,133,1,0.002,600,499
maximin_falsification,departure,feature_intelligence_cloud_interaction,134,1,0.002,600,499
maximin_falsification,departure,feature_intelligence_cloud_interaction,135,1,0.002,600,499
maximin_falsification,departure,feature_intelligence_cloud_interaction,136,1,0.002,600,499
maximin_falsification,departure,feature_intelligence_cloud_interaction,137,1,0.002,600,499
maximin_falsification,departure,feature_intelligence_cloud_interaction,138,1,0.002,600,499
maximin_falsification,departure,feature_intelligence_cloud_interaction,139,1,0.002,600,499
maximin_falsification,departure,feature_intelligence_cloud_interaction,140,1,0.002,600,499
maximin_falsification,departure,feature_intelligence_cloud_interaction,141,1,0.002,600,499
maximin_falsification,departure,feature_intelligence_cloud_interaction,142,1,0.002,600,499
maximin_falsification,departure,feature_intelligence_cloud_interaction,143,1,0.002,600,499
maximin_falsification,departure,feature_intelligence_cloud_interaction,144,1,0.002,600,499
maximin_falsification,departure,feature_intelligence_cloud_interaction,145,1,0.002,600,499
maximin_falsification,departure,feature_intelligence_cloud_interaction,146,1,0.002,600,499
maximin_falsification,departure,feature_intelligence_cloud_interaction,147,1,0.002,600,499
maximin_falsification,departure,feature_intelligence_cloud_interaction,148,1,0.002,600,499
maximin_falsification,departure,feature_intelligence_cloud_interaction,149,1,0.002,600,499
maximin_falsification,departure,feature_intelligence_cloud_interaction,150,1,0.002,600,499
maximin_falsification,departure,feature_intelligence_cloud_interaction,151,1,0.002,600,499
maximin_falsification,departure,feature_intelligence_cloud_interaction,152,1,0.002,600,499
maximin_falsification,departure,feature_intelligence_cloud_interaction,153,1,0.002,600,499
maximin_falsification,departure,feature_intelligence_cloud_interaction,154,1,0.002,600,499
maximin_falsification,departure,feature_intelligence_cloud_interaction,155,1,0.002,600,499
maximin_falsification,departure,feature_intelligence_cloud_interaction,156,1,0.002,600,499
maximin_falsification,departure,feature_intelligence_cloud_interaction,157,1,0.002,600,499
maximin_falsification,departure,feature_intelligence_cloud_interaction,158,1,0.002,600,499
maximin_falsification,departure,feature_intelligence_cloud_interaction,159,1,0.002,600,499
maximin_falsification,departure,feature_intelligence_cloud_interaction,160,1,0.002,600,499
maximin_falsification,departure,feature_intelligence_cloud_interaction,161,1,0.002,600,499
maximin_falsification,departure,feature_intelligence_cloud_interaction,162,1,0.002,600,499
maximin_falsification,departure,feature_intelligence_cloud_interaction,163,1,0.002,600,499
maximin_falsification,departure,feature_intelligence_cloud_interaction,164,1,0.002,600,499
maximin_falsification,departure,feature_intelligence_cloud_interaction,165,1,0.002,600,499
maximin_falsification,departure,feature_intelligence_cloud_interaction,166,1,0.002,600,499
maximin_falsification,departure,feature_intelligence_cloud_interaction,167,1,0.002,600,499
maximin_falsification,departure,feature_intelligence_cloud_interaction,168,1,0.002,600,499
maximin_falsification,departure,feature_intelligence_cloud_interaction,169,1,0.002,600,499
maximin_falsification,departure,feature_intelligence_cloud_interaction,170,1,0.002,600,499
maximin_falsification,departure,feature_intelligence_cloud_interaction,171,1,0.002,600,499
maximin_falsification,departure,feature_intelligence_cloud_interaction,172,1,0.002,600,499
maximin_falsification,departure,feature_intelligence_cloud_interaction,173,1,0.002,600,499
maximin_falsification,departure,feature_intelligence_cloud_interaction,174,1,0.002,600,499
maximin_falsification,departure,feature_intelligence_cloud_interaction,175,1,0.002,600,499
maximin_falsification,departure,feature_intelligence_cloud_interaction,176,1,0.002,600,499
maximin_falsification,departure,feature_intelligence_cloud_interaction,177,1,0.002,600,499
maximin_falsification,departure,feature_intelligence_cloud_interaction,178,1,0.002,600,499
maximin_falsification,departure,feature_intelligence_cloud_interaction,179,1,0.002,600,499
maximin_falsification,departure,feature_intelligence_cloud_interaction,180,1,0.002,600,499
maximin_falsification,departure,feature_intelligence_cloud_interaction,181,1,0.002,600,499
maximin_falsification,departure,feature_intelligence_cloud_interaction,182,1,0.002,600,499
maximin_falsification,departure,feature_intelligence_cloud_interaction,183,1,0.002,600,499
maximin_falsification,departure,feature_intelligence_cloud_interaction,184,1,0.002,600,499
maximin_falsification,departure,feature_intelligence_cloud_interaction,185,1,0.002,600,499
maximin_falsification,departure,feature_intelligence_cloud_interaction,186,1,0.002,600,499
maximin_falsification,departure,feature_intelligence_cloud_interaction,187,1,0.002,600,499
maximin_falsification,departure,feature_intelligence_cloud_interaction,188,1,0.002,600,499
maximin_falsification,departure,feature_intelligence_cloud_interaction,189,1,0.002,600,499
maximin_falsification,departure,feature_intelligence_cloud_interaction,190,1,0.002,600,499
maximin_falsification,departure,feature_intelligence_cloud_interaction,191,1,0.002,600,499
maximin_falsification,departure,feature_intelligence_cloud_interaction,192,1,0.002,600,499
maximin_falsification,departure,feature_intelligence_cloud_interaction,193,1,0.002,600,499
maximin_falsification,departure,feature_intelligence_cloud_interaction,194,1,0.002,600,499
maximin_falsification,departure,feature_intelligence_cloud_interaction,195,1,0.002,600,499
maximin_falsification,departure,feature_intelligence_cloud_interaction,196,1,0.002,600,499
maximin_falsification,departure,feature_intelligence_cloud_interaction,197,1,0.002,600,499
maximin_falsification,departure,feature_intelligence_cloud_interaction,198,1,0.002,600,499
maximin_falsification,departure,feature_intelligence_cloud_interaction,199,1,0.002,600,499
maximin_falsification,departure,random_0,0,1,0.002,600,499
maximin_falsification,departure,random_0,1,1,0.002,600,499
maximin_falsification,departure,random_0,2,1,0.002,600,499
maximin_falsification,departure,random_0,3,1,0.002,600,499
maximin_falsification,departure,random_0,4,1,0.002,600,499
maximin_falsification,departure,random_0,5,1,0.002,600,499
maximin_falsification,departure,random_0,6,1,0.002,600,499
maximin_falsification,departure,random_0,7,1,0.002,600,499
maximin_falsification,departure,random_0,8,1,0.002,600,499
maximin_falsification,departure,random_0,9,1,0.002,600,499
maximin_falsification,departure,random_0,10,1,0.002,600,499
maximin_falsification,departure,random_0,11,1,0.002,600,499
maximin_falsification,departure,random_0,12,1,0.002,600,499
maximin_falsification,departure,random_0,13,1,0.002,600,499
maximin_falsification,departure,random_0,14,1,0.002,600,499
maximin_falsification,departure,random_0,15,1,0.002,600,499
maximin_falsification,departure,random_0,16,1,0.002,600,499
maximin_falsification,departure,random_0,17,1,0.002,600,499
maximin_falsification,departure,random_0,18,1,0.002,600,499
maximin_falsification,departure,random_0,19,1,0.002,600,499
maximin_falsification,departure,random_0,20,1,0.002,600,499
maximin_falsification,departure,random_0,21,1,0.002,600,499
maximin_falsification,departure,random_0,22,1,0.002,600,499
maximin_falsification,departure,random_0,23,1,0.002,600,499
maximin_falsification,departure,random_0,24,1,0.002,600,499
maximin_falsification,departure,random_0,25,1,0.002,600,499
maximin_falsification,departure,random_0,26,1,0.002,600,499
maximin_falsification,departure,random_0,27,1,0.002,600,499
maximin_falsification,departure,random_0,28,1,0.002,600,499
maximin_falsification,departure,random_0,29,1,0.002,600,499
maximin_falsification,departure,random_0,30,1,0.002,600,499
maximin_falsification,departure,random_0,31,1,0.002,600,499
maximin_falsification,departure,random_0,32,1,0.002,600,499
maximin_falsification,departure,random_0,33,1,0.002,600,499
maximin_falsification,departure,random_0,34,1,0.002,600,499
maximin_falsification,departure,random_0,35,1,0.002,600,499
maximin_falsification,departure,random_0,36,1,0.002,600,499
maximin_falsification,departure,random_0,37,1,0.002,600,499
maximin_falsification,departure,random_0,38,1,0.002,600,499
maximin_falsification,departure,random_0,39,1,0.002,600,499
maximin_falsification,departure,random_0,40,1,0.002,600,499
maximin_falsification,departure,random_0,41,1,0.002,600,499
maximin_falsification,departure,random_0,42,1,0.002,600,499
maximin_falsification,departure,random_0,43,1,0.002,600,499
maximin_falsification,departure,random_0,44,1,0.002,600,499
maximin_falsification,departure,random_0,45,1,0.002,600,499
maximin_falsification,departure,random_0,46,1,0.002,600,499
maximin_falsification,departure,random_0,47,1,0.002,600,499
maximin_falsification,departure,random_0,48,1,0.002,600,499
maximin_falsification,departure,random_0,49,1,0.002,600,499
maximin_falsification,departure,random_0,50,1,0.002,600,499
maximin_falsification,departure,random_0,51,1,0.002,600,499
maximin_falsification,departure,random_0,52,1,0.002,600,499
maximin_falsification,departure,random_0,53,1,0.002,600,499
maximin_falsification,departure,random_0,54,1,0.002,600,499
maximin_falsification,departure,random_0,55,1,0.002,600,499
maximin_falsification,departure,random_0,56,1,0.002,600,499
maximin_falsification,departure,random_0,57,1,0.002,600,499
maximin_falsification,departure,random_0,58,1,0.002,600,499
maximin_falsification,departure,random_0,59,1,0.002,600,499
maximin_falsification,departure,random_0,60,1,0.002,600,499
maximin_falsification,departure,random_0,61,1,0.002,600,499
maximin_falsification,departure,random_0,62,1,0.002,600,499
maximin_falsification,departure,random_0,63,1,0.002,600,499
maximin_falsification,departure,random_0,64,1,0.002,600,499
maximin_falsification,departure,random_0,65,1,0.002,600,499
maximin_falsification,departure,random_0,66,1,0.002,600,499
maximin_falsification,departure,random_0,67,1,0.002,600,499
maximin_falsification,departure,random_0,68,1,0.002,600,499
maximin_falsification,departure,random_0,69,1,0.002,600,499
maximin_falsification,departure,random_0,70,1,0.002,600,499
maximin_falsification,departure,random_0,71,1,0.002,600,499
maximin_falsification,departure,random_0,72,1,0.002,600,499
maximin_falsification,departure,random_0,73,1,0.002,600,499
maximin_falsification,departure,random_0,74,1,0.002,600,499
maximin_falsification,departure,random_0,75,1,0.002,600,499
maximin_falsification,departure,random_0,76,1,0.002,600,499
maximin_falsification,departure,random_0,77,1,0.002,600,499
maximin_falsification,departure,random_0,78,1,0.002,600,499
maximin_falsification,departure,random_0,79,1,0.002,600,499
maximin_falsification,departure,random_0,80,1,0.002,600,499
maximin_falsification,departure,random_0,81,1,0.002,600,499
maximin_falsification,departure,random_0,82,1,0.002,600,499
maximin_falsification,departure,random_0,83,1,0.002,600,499
maximin_falsification,departure,random_0,84,1,0.002,600,499
maximin_falsification,departure,random_0,85,1,0.002,600,499
maximin_falsification,departure,random_0,86,1,0.002,600,499
maximin_falsification,departure,random_0,87,1,0.002,600,499
maximin_falsification,departure,random_0,88,1,0.002,600,499
maximin_falsification,departure,random_0,89,1,0.002,600,499
maximin_falsification,departure,random_0,90,1,0.002,600,499
maximin_falsification,departure,random_0,91,1,0.002,600,499
maximin_falsification,departure,random_0,92,1,0.002,600,499
maximin_falsification,departure,random_0,93,1,0.002,600,499
maximin_falsification,departure,random_0,94,1,0.002,600,499
maximin_falsification,departure,random_0,95,1,0.002,600,499
maximin_falsification,departure,random_0,96,1,0.002,600,499
maximin_falsification,departure,random_0,97,1,0.002,600,499
maximin_falsification,departure,random_0,98,1,0.002,600,499
maximin_falsification,departure,random_0,99,1,0.002,600,499
maximin_falsification,departure,random_0,100,1,0.002,600,499
maximin_falsification,departure,random_0,101,1,0.002,600,499
maximin_falsification,departure,random_0,102,1,0.002,600,499
maximin_falsification,departure,random_0,103,1,0.002,600,499
maximin_falsification,departure,random_0,104,1,0.002,600,499
maximin_falsification,departure,random_0,105,1,0.002,600,499
maximin_falsification,departure,random_0,106,1,0.002,600,499
maximin_falsification,departure,random_0,107,1,0.002,600,499
maximin_falsification,departure,random_0,108,1,0.002,600,499
maximin_falsification,departure,random_0,109,1,0.002,600,499
maximin_falsification,departure,random_0,110,1,0.002,600,499
maximin_falsification,departure,random_0,111,1,0.002,600,499
maximin_falsification,departure,random_0,112,1,0.002,600,499
maximin_falsification,departure,random_0,113,1,0.002,600,499
maximin_falsification,departure,random_0,114,1,0.002,600,499
maximin_falsification,departure,random_0,115,1,0.002,600,499
maximin_falsification,departure,random_0,116,1,0.002,600,499
maximin_falsification,departure,random_0,117,1,0.002,600,499
maximin_falsification,departure,random_0,118,1,0.002,600,499
maximin_falsification,departure,random_0,119,1,0.002,600,499
maximin_falsification,departure,random_0,120,1,0.002,600,499
maximin_falsification,departure,random_0,121,1,0.002,600,499
maximin_falsification,departure,random_0,122,1,0.002,600,499
maximin_falsification,departure,random_0,123,1,0.002,600,499
maximin_falsification,departure,random_0,124,1,0.002,600,499
maximin_falsification,departure,random_0,125,1,0.002,600,499
maximin_falsification,departure,random_0,126,1,0.002,600,499
maximin_falsification,departure,random_0,127,1,0.002,600,499
maximin_falsification,departure,random_0,128,1,0.002,600,499
maximin_falsification,departure,random_0,129,1,0.002,600,499
maximin_falsification,departure,random_0,130,1,0.002,600,499
maximin_falsification,departure,random_0,131,1,0.002,600,499
maximin_falsification,departure,random_0,132,1,0.002,600,499
maximin_falsification,departure,random_0,133,1,0.002,600,499
maximin_falsification,departure,random_0,134,1,0.002,600,499
maximin_falsification,departure,random_0,135,1,0.002,600,499
maximin_falsification,departure,random_0,136,1,0.002,600,499
maximin_falsification,departure,random_0,137,1,0.002,600,499
maximin_falsification,departure,random_0,138,1,0.002,600,499
maximin_falsification,departure,random_0,139,1,0.002,600,499
maximin_falsification,departure,random_0,140,1,0.002,600,499
maximin_falsification,departure,random_0,141,1,0.002,600,499
maximin_falsification,departure,random_0,142,1,0.002,600,499
maximin_falsification,departure,random_0,143,1,0.002,600,499
maximin_falsification,departure,random_0,144,1,0.002,600,499
maximin_falsification,departure,random_0,145,1,0.002,600,499
maximin_falsification,departure,random_0,146,1,0.002,600,499
maximin_falsification,departure,random_0,147,1,0.002,600,499
maximin_falsification,departure,random_0,148,1,0.002,600,499
maximin_falsification,departure,random_0,149,1,0.002,600,499
maximin_falsification,departure,random_0,150,1,0.002,600,499
maximin_falsification,departure,random_0,151,1,0.002,600,499
maximin_falsification,departure,random_0,152,1,0.002,600,499
maximin_falsification,departure,random_0,153,1,0.002,600,499
maximin_falsification,departure,random_0,154,1,0.002,600,499
maximin_falsification,departure,random_0,155,1,0.002,600,499
maximin_falsification,departure,random_0,156,1,0.002,600,499
maximin_falsification,departure,random_0,157,1,0.002,600,499
maximin_falsification,departure,random_0,158,1,0.002,600,499
maximin_falsification,departure,random_0,159,1,0.002,600,499
maximin_falsification,departure,random_0,160,1,0.002,600,499
maximin_falsification,departure,random_0,161,1,0.002,600,499
maximin_falsification,departure,random_0,162,1,0.002,600,499
maximin_falsification,departure,random_0,163,1,0.002,600,499
maximin_falsification,departure,random_0,164,1,0.002,600,499
maximin_falsification,departure,random_0,165,1,0.002,600,499
maximin_falsification,departure,random_0,166,1,0.002,600,499
maximin_falsification,departure,random_0,167,1,0.002,600,499
maximin_falsification,departure,random_0,168,1,0.002,600,499
maximin_falsification,departure,random_0,169,1,0.002,600,499
maximin_falsification,departure,random_0,170,1,0.002,600,499
maximin_falsification,departure,random_0,171,1,0.002,600,499
maximin_falsification,departure,random_0,172,1,0.002,600,499
maximin_falsification,departure,random_0,173,1,0.002,600,499
maximin_falsification,departure,random_0,174,1,0.002,600,499
maximin_falsification,departure,random_0,175,1,0.002,600,499
maximin_falsification,departure,random_0,176,1,0.002,600,499
maximin_falsification,departure,random_0,177,1,0.002,600,499
maximin_falsification,departure,random_0,178,1,0.002,600,499
maximin_falsification,departure,random_0,179,1,0.002,600,499
maximin_falsification,departure,random_0,180,1,0.002,600,499
maximin_falsification,departure,random_0,181,1,0.002,600,499
maximin_falsification,departure,random_0,182,1,0.002,600,499
maximin_falsification,departure,random_0,183,1,0.002,600,499
maximin_falsification,departure,random_0,184,1,0.002,600,499
maximin_falsification,departure,random_0,185,1,0.002,600,499
maximin_falsification,departure,random_0,186,1,0.002,600,499
maximin_falsification,departure,random_0,187,1,0.002,600,499
maximin_falsification,departure,random_0,188,1,0.002,600,499
maximin_falsification,departure,random_0,189,1,0.002,600,499
maximin_falsification,departure,random_0,190,1,0.002,600,499
maximin_falsification,departure,random_0,191,1,0.002,600,499
maximin_falsification,departure,random_0,192,1,0.002,600,499
maximin_falsification,departure,random_0,193,1,0.002,600,499
maximin_falsification,departure,random_0,194,1,0.002,600,499
maximin_falsification,departure,random_0,195,1,0.002,600,499
maximin_falsification,departure,random_0,196,1,0.002,600,499
maximin_falsification,departure,random_0,197,1,0.002,600,499
maximin_falsification,departure,random_0,198,1,0.002,600,499
maximin_falsification,departure,random_0,199,1,0.002,600,499
maximin_falsification,departure,random_1,0,1,0.002,600,499
maximin_falsification,departure,random_1,1,1,0.002,600,499
maximin_falsification,departure,random_1,2,1,0.002,600,499
maximin_falsification,departure,random_1,3,1,0.002,600,499
maximin_falsification,departure,random_1,4,1,0.002,600,499
maximin_falsification,departure,random_1,5,1,0.002,600,499
maximin_falsification,departure,random_1,6,1,0.002,600,499
maximin_falsification,departure,random_1,7,1,0.002,600,499
maximin_falsification,departure,random_1,8,1,0.002,600,499
maximin_falsification,departure,random_1,9,1,0.002,600,499
maximin_falsification,departure,random_1,10,1,0.002,600,499
maximin_falsification,departure,random_1,11,1,0.002,600,499
maximin_falsification,departure,random_1,12,1,0.002,600,499
maximin_falsification,departure,random_1,13,1,0.002,600,499
maximin_falsification,departure,random_1,14,1,0.002,600,499
maximin_falsification,departure,random_1,15,1,0.002,600,499
maximin_falsification,departure,random_1,16,1,0.002,600,499
maximin_falsification,departure,random_1,17,1,0.002,600,499
maximin_falsification,departure,random_1,18,1,0.002,600,499
maximin_falsification,departure,random_1,19,1,0.002,600,499
maximin_falsification,departure,random_1,20,1,0.002,600,499
maximin_falsification,departure,random_1,21,1,0.002,600,499
maximin_falsification,departure,random_1,22,1,0.002,600,499
maximin_falsification,departure,random_1,23,1,0.002,600,499
maximin_falsification,departure,random_1,24,1,0.002,600,499
maximin_falsification,departure,random_1,25,1,0.002,600,499
maximin_falsification,departure,random_1,26,1,0.002,600,499
maximin_falsification,departure,random_1,27,1,0.002,600,499
maximin_falsification,departure,random_1,28,1,0.002,600,499
maximin_falsification,departure,random_1,29,1,0.002,600,499
maximin_falsification,departure,random_1,30,1,0.002,600,499
maximin_falsification,departure,random_1,31,1,0.002,600,499
maximin_falsification,departure,random_1,32,1,0.002,600,499
maximin_falsification,departure,random_1,33,1,0.002,600,499
maximin_falsification,departure,random_1,34,1,0.002,600,499
maximin_falsification,departure,random_1,35,1,0.002,600,499
maximin_falsification,departure,random_1,36,1,0.002,600,499
maximin_falsification,departure,random_1,37,1,0.002,600,499
maximin_falsification,departure,random_1,38,1,0.002,600,499
maximin_falsification,departure,random_1,39,1,0.002,600,499
maximin_falsification,departure,random_1,40,1,0.002,600,499
maximin_falsification,departure,random_1,41,1,0.002,600,499
maximin_falsification,departure,random_1,42,1,0.002,600,499
maximin_falsification,departure,random_1,43,1,0.002,600,499
maximin_falsification,departure,random_1,44,1,0.002,600,499
maximin_falsification,departure,random_1,45,1,0.002,600,499
maximin_falsification,departure,random_1,46,1,0.002,600,499
maximin_falsification,departure,random_1,47,1,0.002,600,499
maximin_falsification,departure,random_1,48,1,0.002,600,499
maximin_falsification,departure,random_1,49,1,0.002,600,499
maximin_falsification,departure,random_1,50,1,0.002,600,499
maximin_falsification,departure,random_1,51,1,0.002,600,499
maximin_falsification,departure,random_1,52,1,0.002,600,499
maximin_falsification,departure,random_1,53,1,0.002,600,499
maximin_falsification,departure,random_1,54,1,0.002,600,499
maximin_falsification,departure,random_1,55,1,0.002,600,499
maximin_falsification,departure,random_1,56,1,0.002,600,499
maximin_falsification,departure,random_1,57,1,0.002,600,499
maximin_falsification,departure,random_1,58,1,0.002,600,499
maximin_falsification,departure,random_1,59,1,0.002,600,499
maximin_falsification,departure,random_1,60,1,0.002,600,499
maximin_falsification,departure,random_1,61,1,0.002,600,499
maximin_falsification,departure,random_1,62,1,0.002,600,499
maximin_falsification,departure,random_1,63,1,0.002,600,499
maximin_falsification,departure,random_1,64,1,0.002,600,499
maximin_falsification,departure,random_1,65,1,0.002,600,499
maximin_falsification,departure,random_1,66,1,0.002,600,499
maximin_falsification,departure,random_1,67,1,0.002,600,499
maximin_falsification,departure,random_1,68,1,0.002,600,499
maximin_falsification,departure,random_1,69,1,0.002,600,499
maximin_falsification,departure,random_1,70,1,0.002,600,499
maximin_falsification,departure,random_1,71,1,0.002,600,499
maximin_falsification,departure,random_1,72,1,0.002,600,499
maximin_falsification,departure,random_1,73,1,0.002,600,499
maximin_falsification,departure,random_1,74,1,0.002,600,499
maximin_falsification,departure,random_1,75,1,0.002,600,499
maximin_falsification,departure,random_1,76,1,0.002,600,499
maximin_falsification,departure,random_1,77,1,0.002,600,499
maximin_falsification,departure,random_1,78,1,0.002,600,499
maximin_falsification,departure,random_1,79,1,0.002,600,499
maximin_falsification,departure,random_1,80,1,0.002,600,499
maximin_falsification,departure,random_1,81,1,0.002,600,499
maximin_falsification,departure,random_1,82,1,0.002,600,499
maximin_falsification,departure,random_1,83,1,0.002,600,499
maximin_falsification,departure,random_1,84,1,0.002,600,499
maximin_falsification,departure,random_1,85,1,0.002,600,499
maximin_falsification,departure,random_1,86,1,0.002,600,499
maximin_falsification,departure,random_1,87,1,0.002,600,499
maximin_falsification,departure,random_1,88,1,0.002,600,499
maximin_falsification,departure,random_1,89,1,0.002,600,499
maximin_falsification,departure,random_1,90,1,0.002,600,499
maximin_falsification,departure,random_1,91,1,0.002,600,499
maximin_falsification,departure,random_1,92,1,0.002,600,499
maximin_falsification,departure,random_1,93,1,0.002,600,499
maximin_falsification,departure,random_1,94,1,0.002,600,499
maximin_falsification,departure,random_1,95,1,0.002,600,499
maximin_falsification,departure,random_1,96,1,0.002,600,499
maximin_falsification,departure,random_1,97,1,0.002,600,499
maximin_falsification,departure,random_1,98,1,0.002,600,499
maximin_falsification,departure,random_1,99,1,0.002,600,499
maximin_falsification,departure,random_1,100,1,0.002,600,499
maximin_falsification,departure,random_1,101,1,0.002,600,499
maximin_falsification,departure,random_1,102,1,0.002,600,499
maximin_falsification,departure,random_1,103,1,0.002,600,499
maximin_falsification,departure,random_1,104,1,0.002,600,499
maximin_falsification,departure,random_1,105,1,0.002,600,499
maximin_falsification,departure,random_1,106,1,0.002,600,499
maximin_falsification,departure,random_1,107,1,0.002,600,499
maximin_falsification,departure,random_1,108,1,0.002,600,499
maximin_falsification,departure,random_1,109,1,0.002,600,499
maximin_falsification,departure,random_1,110,1,0.002,600,499
maximin_falsification,departure,random_1,111,1,0.002,600,499
maximin_falsification,departure,random_1,112,1,0.002,600,499
maximin_falsification,departure,random_1,113,1,0.002,600,499
maximin_falsification,departure,random_1,114,1,0.002,600,499
maximin_falsification,departure,random_1,115,1,0.002,600,499
maximin_falsification,departure,random_1,116,1,0.002,600,499
maximin_falsification,departure,random_1,117,1,0.002,600,499
maximin_falsification,departure,random_1,118,1,0.002,600,499
maximin_falsification,departure,random_1,119,1,0.002,600,499
maximin_falsification,departure,random_1,120,1,0.002,600,499
maximin_falsification,departure,random_1,121,1,0.002,600,499
maximin_falsification,departure,random_1,122,1,0.002,600,499
maximin_falsification,departure,random_1,123,1,0.002,600,499
maximin_falsification,departure,random_1,124,1,0.002,600,499
maximin_falsification,departure,random_1,125,1,0.002,600,499
maximin_falsification,departure,random_1,126,1,0.002,600,499
maximin_falsification,departure,random_1,127,1,0.002,600,499
maximin_falsification,departure,random_1,128,1,0.002,600,499
maximin_falsification,departure,random_1,129,1,0.002,600,499
maximin_falsification,departure,random_1,130,1,0.002,600,499
maximin_falsification,departure,random_1,131,1,0.002,600,499
maximin_falsification,departure,random_1,132,1,0.002,600,499
maximin_falsification,departure,random_1,133,1,0.002,600,499
maximin_falsification,departure,random_1,134,1,0.002,600,499
maximin_falsification,departure,random_1,135,1,0.002,600,499
maximin_falsification,departure,random_1,136,1,0.002,600,499
maximin_falsification,departure,random_1,137,1,0.002,600,499
maximin_falsification,departure,random_1,138,1,0.002,600,499
maximin_falsification,departure,random_1,139,1,0.002,600,499
maximin_falsification,departure,random_1,140,1,0.002,600,499
maximin_falsification,departure,random_1,141,1,0.002,600,499
maximin_falsification,departure,random_1,142,1,0.002,600,499
maximin_falsification,departure,random_1,143,1,0.002,600,499
maximin_falsification,departure,random_1,144,1,0.002,600,499
maximin_falsification,departure,random_1,145,1,0.002,600,499
maximin_falsification,departure,random_1,146,1,0.002,600,499
maximin_falsification,departure,random_1,147,1,0.002,600,499
maximin_falsification,departure,random_1,148,1,0.002,600,499
maximin_falsification,departure,random_1,149,1,0.002,600,499
maximin_falsification,departure,random_1,150,1,0.002,600,499
maximin_falsification,departure,random_1,151,1,0.002,600,499
maximin_falsification,departure,random_1,152,1,0.002,600,499
maximin_falsification,departure,random_1,153,1,0.002,600,499
maximin_falsification,departure,random_1,154,1,0.002,600,499
maximin_falsification,departure,random_1,155,1,0.002,600,499
maximin_falsification,departure,random_1,156,1,0.002,600,499
maximin_falsification,departure,random_1,157,1,0.002,600,499
maximin_falsification,departure,random_1,158,1,0.002,600,499
maximin_falsification,departure,random_1,159,1,0.002,600,499
maximin_falsification,departure,random_1,160,1,0.002,600,499
maximin_falsification,departure,random_1,161,1,0.002,600,499
maximin_falsification,departure,random_1,162,1,0.002,600,499
maximin_falsification,departure,random_1,163,1,0.002,600,499
maximin_falsification,departure,random_1,164,1,0.002,600,499
maximin_falsification,departure,random_1,165,1,0.002,600,499
maximin_falsification,departure,random_1,166,1,0.002,600,499
maximin_falsification,departure,random_1,167,1,0.002,600,499
maximin_falsification,departure,random_1,168,1,0.002,600,499
maximin_falsification,departure,random_1,169,1,0.002,600,499
maximin_falsification,departure,random_1,170,1,0.002,600,499
maximin_falsification,departure,random_1,171,1,0.002,600,499
maximin_falsification,departure,random_1,172,1,0.002,600,499
maximin_falsification,departure,random_1,173,1,0.002,600,499
maximin_falsification,departure,random_1,174,1,0.002,600,499
maximin_falsification,departure,random_1,175,1,0.002,600,499
maximin_falsification,departure,random_1,176,1,0.002,600,499
maximin_falsification,departure,random_1,177,1,0.002,600,499
maximin_falsification,departure,random_1,178,1,0.002,600,499
maximin_falsification,departure,random_1,179,1,0.002,600,499
maximin_falsification,departure,random_1,180,1,0.002,600,499
maximin_falsification,departure,random_1,181,1,0.002,600,499
maximin_falsification,departure,random_1,182,1,0.002,600,499
maximin_falsification,departure,random_1,183,1,0.002,600,499
maximin_falsification,departure,random_1,184,1,0.002,600,499
maximin_falsification,departure,random_1,185,1,0.002,600,499
maximin_falsification,departure,random_1,186,1,0.002,600,499
maximin_falsification,departure,random_1,187,1,0.002,600,499
maximin_falsification,departure,random_1,188,1,0.002,600,499
maximin_falsification,departure,random_1,189,1,0.002,600,499
maximin_falsification,departure,random_1,190,1,0.002,600,499
maximin_falsification,departure,random_1,191,1,0.002,600,499
maximin_falsification,departure,random_1,192,1,0.002,600,499
maximin_falsification,departure,random_1,193,1,0.002,600,499
maximin_falsification,departure,random_1,194,1,0.002,600,499
maximin_falsification,departure,random_1,195,1,0.002,600,499
maximin_falsification,departure,random_1,196,1,0.002,600,499
maximin_falsification,departure,random_1,197,1,0.002,600,499
maximin_falsification,departure,random_1,198,1,0.002,600,499
maximin_falsification,departure,random_1,199,1,0.002,600,499
maximin_falsification,departure,random_2,0,1,0.002,600,499
maximin_falsification,departure,random_2,1,1,0.002,600,499
maximin_falsification,departure,random_2,2,1,0.002,600,499
maximin_falsification,departure,random_2,3,1,0.002,600,499
maximin_falsification,departure,random_2,4,1,0.002,600,499
maximin_falsification,departure,random_2,5,1,0.002,600,499
maximin_falsification,departure,random_2,6,1,0.002,600,499
maximin_falsification,departure,random_2,7,1,0.002,600,499
maximin_falsification,departure,random_2,8,1,0.002,600,499
maximin_falsification,departure,random_2,9,1,0.002,600,499
maximin_falsification,departure,random_2,10,1,0.002,600,499
maximin_falsification,departure,random_2,11,1,0.002,600,499
maximin_falsification,departure,random_2,12,1,0.002,600,499
maximin_falsification,departure,random_2,13,1,0.002,600,499
maximin_falsification,departure,random_2,14,1,0.002,600,499
maximin_falsification,departure,random_2,15,1,0.002,600,499
maximin_falsification,departure,random_2,16,1,0.002,600,499
maximin_falsification,departure,random_2,17,1,0.002,600,499
maximin_falsification,departure,random_2,18,1,0.002,600,499
maximin_falsification,departure,random_2,19,1,0.002,600,499
maximin_falsification,departure,random_2,20,1,0.002,600,499
maximin_falsification,departure,random_2,21,1,0.002,600,499
maximin_falsification,departure,random_2,22,1,0.002,600,499
maximin_falsification,departure,random_2,23,1,0.002,600,499
maximin_falsification,departure,random_2,24,1,0.002,600,499
maximin_falsification,departure,random_2,25,1,0.002,600,499
maximin_falsification,departure,random_2,26,1,0.002,600,499
maximin_falsification,departure,random_2,27,1,0.002,600,499
maximin_falsification,departure,random_2,28,1,0.002,600,499
maximin_falsification,departure,random_2,29,1,0.002,600,499
maximin_falsification,departure,random_2,30,1,0.002,600,499
maximin_falsification,departure,random_2,31,1,0.002,600,499
maximin_falsification,departure,random_2,32,1,0.002,600,499
maximin_falsification,departure,random_2,33,1,0.002,600,499
maximin_falsification,departure,random_2,34,1,0.002,600,499
maximin_falsification,departure,random_2,35,1,0.002,600,499
maximin_falsification,departure,random_2,36,1,0.002,600,499
maximin_falsification,departure,random_2,37,1,0.002,600,499
maximin_falsification,departure,random_2,38,1,0.002,600,499
maximin_falsification,departure,random_2,39,1,0.002,600,499
maximin_falsification,departure,random_2,40,1,0.002,600,499
maximin_falsification,departure,random_2,41,1,0.002,600,499
maximin_falsification,departure,random_2,42,1,0.002,600,499
maximin_falsification,departure,random_2,43,1,0.002,600,499
maximin_falsification,departure,random_2,44,1,0.002,600,499
maximin_falsification,departure,random_2,45,1,0.002,600,499
maximin_falsification,departure,random_2,46,1,0.002,600,499
maximin_falsification,departure,random_2,47,1,0.002,600,499
maximin_falsification,departure,random_2,48,1,0.002,600,499
maximin_falsification,departure,random_2,49,1,0.002,600,499
maximin_falsification,departure,random_2,50,1,0.002,600,499
maximin_falsification,departure,random_2,51,1,0.002,600,499
maximin_falsification,departure,random_2,52,1,0.002,600,499
maximin_falsification,departure,random_2,53,1,0.002,600,499
maximin_falsification,departure,random_2,54,1,0.002,600,499
maximin_falsification,departure,random_2,55,1,0.002,600,499
maximin_falsification,departure,random_2,56,1,0.002,600,499
maximin_falsification,departure,random_2,57,1,0.002,600,499
maximin_falsification,departure,random_2,58,1,0.002,600,499
maximin_falsification,departure,random_2,59,1,0.002,600,499
maximin_falsification,departure,random_2,60,1,0.002,600,499
maximin_falsification,departure,random_2,61,1,0.002,600,499
maximin_falsification,departure,random_2,62,1,0.002,600,499
maximin_falsification,departure,random_2,63,1,0.002,600,499
maximin_falsification,departure,random_2,64,1,0.002,600,499
maximin_falsification,departure,random_2,65,1,0.002,600,499
maximin_falsification,departure,random_2,66,1,0.002,600,499
maximin_falsification,departure,random_2,67,1,0.002,600,499
maximin_falsification,departure,random_2,68,1,0.002,600,499
maximin_falsification,departure,random_2,69,1,0.002,600,499
maximin_falsification,departure,random_2,70,1,0.002,600,499
maximin_falsification,departure,random_2,71,1,0.002,600,499
maximin_falsification,departure,random_2,72,1,0.002,600,499
maximin_falsification,departure,random_2,73,1,0.002,600,499
maximin_falsification,departure,random_2,74,1,0.002,600,499
maximin_falsification,departure,random_2,75,1,0.002,600,499
maximin_falsification,departure,random_2,76,1,0.002,600,499
maximin_falsification,departure,random_2,77,1,0.002,600,499
maximin_falsification,departure,random_2,78,1,0.002,600,499
maximin_falsification,departure,random_2,79,1,0.002,600,499
maximin_falsification,departure,random_2,80,1,0.002,600,499
maximin_falsification,departure,random_2,81,1,0.002,600,499
maximin_falsification,departure,random_2,82,1,0.002,600,499
maximin_falsification,departure,random_2,83,1,0.002,600,499
maximin_falsification,departure,random_2,84,1,0.002,600,499
maximin_falsification,departure,random_2,85,1,0.002,600,499
maximin_falsification,departure,random_2,86,1,0.002,600,499
maximin_falsification,departure,random_2,87,1,0.002,600,499
maximin_falsification,departure,random_2,88,1,0.002,600,499
maximin_falsification,departure,random_2,89,1,0.002,600,499
maximin_falsification,departure,random_2,90,1,0.002,600,499
maximin_falsification,departure,random_2,91,1,0.002,600,499
maximin_falsification,departure,random_2,92,1,0.002,600,499
maximin_falsification,departure,random_2,93,1,0.002,600,499
maximin_falsification,departure,random_2,94,1,0.002,600,499
maximin_falsification,departure,random_2,95,1,0.002,600,499
maximin_falsification,departure,random_2,96,1,0.002,600,499
maximin_falsification,departure,random_2,97,1,0.002,600,499
maximin_falsification,departure,random_2,98,1,0.002,600,499
maximin_falsification,departure,random_2,99,1,0.002,600,499
maximin_falsification,departure,random_2,100,1,0.002,600,499
maximin_falsification,departure,random_2,101,1,0.002,600,499
maximin_falsification,departure,random_2,102,1,0.002,600,499
maximin_falsification,departure,random_2,103,1,0.002,600,499
maximin_falsification,departure,random_2,104,1,0.002,600,499
maximin_falsification,departure,random_2,105,1,0.002,600,499
maximin_falsification,departure,random_2,106,1,0.002,600,499
maximin_falsification,departure,random_2,107,1,0.002,600,499
maximin_falsification,departure,random_2,108,1,0.002,600,499
maximin_falsification,departure,random_2,109,1,0.002,600,499
maximin_falsification,departure,random_2,110,1,0.002,600,499
maximin_falsification,departure,random_2,111,1,0.002,600,499
maximin_falsification,departure,random_2,112,1,0.002,600,499
maximin_falsification,departure,random_2,113,1,0.002,600,499
maximin_falsification,departure,random_2,114,1,0.002,600,499
maximin_falsification,departure,random_2,115,1,0.002,600,499
maximin_falsification,departure,random_2,116,1,0.002,600,499
maximin_falsification,departure,random_2,117,1,0.002,600,499
maximin_falsification,departure,random_2,118,1,0.002,600,499
maximin_falsification,departure,random_2,119,1,0.002,600,499
maximin_falsification,departure,random_2,120,1,0.002,600,499
maximin_falsification,departure,random_2,121,1,0.002,600,499
maximin_falsification,departure,random_2,122,1,0.002,600,499
maximin_falsification,departure,random_2,123,1,0.002,600,499
maximin_falsification,departure,random_2,124,1,0.002,600,499
maximin_falsification,departure,random_2,125,1,0.002,600,499
maximin_falsification,departure,random_2,126,1,0.002,600,499
maximin_falsification,departure,random_2,127,1,0.002,600,499
maximin_falsification,departure,random_2,128,1,0.002,600,499
maximin_falsification,departure,random_2,129,1,0.002,600,499
maximin_falsification,departure,random_2,130,1,0.002,600,499
maximin_falsification,departure,random_2,131,1,0.002,600,499
maximin_falsification,departure,random_2,132,1,0.002,600,499
maximin_falsification,departure,random_2,133,1,0.002,600,499
maximin_falsification,departure,random_2,134,1,0.002,600,499
maximin_falsification,departure,random_2,135,1,0.002,600,499
maximin_falsification,departure,random_2,136,1,0.002,600,499
maximin_falsification,departure,random_2,137,1,0.002,600,499
maximin_falsification,departure,random_2,138,1,0.002,600,499
maximin_falsification,departure,random_2,139,1,0.002,600,499
maximin_falsification,departure,random_2,140,1,0.002,600,499
maximin_falsification,departure,random_2,141,1,0.002,600,499
maximin_falsification,departure,random_2,142,1,0.002,600,499
maximin_falsification,departure,random_2,143,1,0.002,600,499
maximin_falsification,departure,random_2,144,1,0.002,600,499
maximin_falsification,departure,random_2,145,1,0.002,600,499
maximin_falsification,departure,random_2,146,1,0.002,600,499
maximin_falsification,departure,random_2,147,1,0.002,600,499
maximin_falsification,departure,random_2,148,1,0.002,600,499
maximin_falsification,departure,random_2,149,1,0.002,600,499
maximin_falsification,departure,random_2,150,1,0.002,600,499
maximin_falsification,departure,random_2,151,1,0.002,600,499
maximin_falsification,departure,random_2,152,1,0.002,600,499
maximin_falsification,departure,random_2,153,1,0.002,600,499
maximin_falsification,departure,random_2,154,1,0.002,600,499
maximin_falsification,departure,random_2,155,1,0.002,600,499
maximin_falsification,departure,random_2,156,1,0.002,600,499
maximin_falsification,departure,random_2,157,1,0.002,600,499
maximin_falsification,departure,random_2,158,1,0.002,600,499
maximin_falsification,departure,random_2,159,1,0.002,600,499
maximin_falsification,departure,random_2,160,1,0.002,600,499
maximin_falsification,departure,random_2,161,1,0.002,600,499
maximin_falsification,departure,random_2,162,1,0.002,600,499
maximin_falsification,departure,random_2,163,1,0.002,600,499
maximin_falsification,departure,random_2,164,1,0.002,600,499
maximin_falsification,departure,random_2,165,1,0.002,600,499
maximin_falsification,departure,random_2,166,1,0.002,600,499
maximin_falsification,departure,random_2,167,1,0.002,600,499
maximin_falsification,departure,random_2,168,1,0.002,600,499
maximin_falsification,departure,random_2,169,1,0.002,600,499
maximin_falsification,departure,random_2,170,1,0.002,600,499
maximin_falsification,departure,random_2,171,1,0.002,600,499
maximin_falsification,departure,random_2,172,1,0.002,600,499
maximin_falsification,departure,random_2,173,1,0.002,600,499
maximin_falsification,departure,random_2,174,1,0.002,600,499
maximin_falsification,departure,random_2,175,1,0.002,600,499
maximin_falsification,departure,random_2,176,1,0.002,600,499
maximin_falsification,departure,random_2,177,1,0.002,600,499
maximin_falsification,departure,random_2,178,1,0.002,600,499
maximin_falsification,departure,random_2,179,1,0.002,600,499
maximin_falsification,departure,random_2,180,1,0.002,600,499
maximin_falsification,departure,random_2,181,1,0.002,600,499
maximin_falsification,departure,random_2,182,1,0.002,600,499
maximin_falsification,departure,random_2,183,1,0.002,600,499
maximin_falsification,departure,random_2,184,1,0.002,600,499
maximin_falsification,departure,random_2,185,1,0.002,600,499
maximin_falsification,departure,random_2,186,1,0.002,600,499
maximin_falsification,departure,random_2,187,1,0.002,600,499
maximin_falsification,departure,random_2,188,1,0.002,600,499
maximin_falsification,departure,random_2,189,1,0.002,600,499
maximin_falsification,departure,random_2,190,1,0.002,600,499
maximin_falsification,departure,random_2,191,1,0.002,600,499
maximin_falsification,departure,random_2,192,1,0.002,600,499
maximin_falsification,departure,random_2,193,1,0.002,600,499
maximin_falsification,departure,random_2,194,1,0.002,600,499
maximin_falsification,departure,random_2,195,1,0.002,600,499
maximin_falsification,departure,random_2,196,1,0.002,600,499
maximin_falsification,departure,random_2,197,1,0.002,600,499
maximin_falsification,departure,random_2,198,1,0.002,600,499
maximin_falsification,departure,random_2,199,1,0.002,600,499
maximin_falsification,departure,random_3,0,1,0.002,600,499
maximin_falsification,departure,random_3,1,1,0.002,600,499
maximin_falsification,departure,random_3,2,1,0.002,600,499
maximin_falsification,departure,random_3,3,1,0.002,600,499
maximin_falsification,departure,random_3,4,1,0.002,600,499
maximin_falsification,departure,random_3,5,1,0.002,600,499
maximin_falsification,departure,random_3,6,1,0.002,600,499
maximin_falsification,departure,random_3,7,1,0.002,600,499
maximin_falsification,departure,random_3,8,1,0.002,600,499
maximin_falsification,departure,random_3,9,1,0.002,600,499
maximin_falsification,departure,random_3,10,1,0.002,600,499
maximin_falsification,departure,random_3,11,1,0.002,600,499
maximin_falsification,departure,random_3,12,1,0.002,600,499
maximin_falsification,departure,random_3,13,1,0.002,600,499
maximin_falsification,departure,random_3,14,1,0.002,600,499
maximin_falsification,departure,random_3,15,1,0.002,600,499
maximin_falsification,departure,random_3,16,1,0.002,600,499
maximin_falsification,departure,random_3,17,1,0.002,600,499
maximin_falsification,departure,random_3,18,1,0.002,600,499
maximin_falsification,departure,random_3,19,1,0.002,600,499
maximin_falsification,departure,random_3,20,1,0.002,600,499
maximin_falsification,departure,random_3,21,1,0.002,600,499
maximin_falsification,departure,random_3,22,1,0.002,600,499
maximin_falsification,departure,random_3,23,1,0.002,600,499
maximin_falsification,departure,random_3,24,1,0.002,600,499
maximin_falsification,departure,random_3,25,1,0.002,600,499
maximin_falsification,departure,random_3,26,1,0.002,600,499
maximin_falsification,departure,random_3,27,1,0.002,600,499
maximin_falsification,departure,random_3,28,1,0.002,600,499
maximin_falsification,departure,random_3,29,1,0.002,600,499
maximin_falsification,departure,random_3,30,1,0.002,600,499
maximin_falsification,departure,random_3,31,1,0.002,600,499
maximin_falsification,departure,random_3,32,1,0.002,600,499
maximin_falsification,departure,random_3,33,1,0.002,600,499
maximin_falsification,departure,random_3,34,1,0.002,600,499
maximin_falsification,departure,random_3,35,1,0.002,600,499
maximin_falsification,departure,random_3,36,1,0.002,600,499
maximin_falsification,departure,random_3,37,1,0.002,600,499
maximin_falsification,departure,random_3,38,1,0.002,600,499
maximin_falsification,departure,random_3,39,1,0.002,600,499
maximin_falsification,departure,random_3,40,1,0.002,600,499
maximin_falsification,departure,random_3,41,1,0.002,600,499
maximin_falsification,departure,random_3,42,1,0.002,600,499
maximin_falsification,departure,random_3,43,1,0.002,600,499
maximin_falsification,departure,random_3,44,1,0.002,600,499
maximin_falsification,departure,random_3,45,1,0.002,600,499
maximin_falsification,departure,random_3,46,1,0.002,600,499
maximin_falsification,departure,random_3,47,1,0.002,600,499
maximin_falsification,departure,random_3,48,1,0.002,600,499
maximin_falsification,departure,random_3,49,1,0.002,600,499
maximin_falsification,departure,random_3,50,1,0.002,600,499
maximin_falsification,departure,random_3,51,1,0.002,600,499
maximin_falsification,departure,random_3,52,1,0.002,600,499
maximin_falsification,departure,random_3,53,1,0.002,600,499
maximin_falsification,departure,random_3,54,1,0.002,600,499
maximin_falsification,departure,random_3,55,1,0.002,600,499
maximin_falsification,departure,random_3,56,1,0.002,600,499
maximin_falsification,departure,random_3,57,1,0.002,600,499
maximin_falsification,departure,random_3,58,1,0.002,600,499
maximin_falsification,departure,random_3,59,1,0.002,600,499
maximin_falsification,departure,random_3,60,1,0.002,600,499
maximin_falsification,departure,random_3,61,1,0.002,600,499
maximin_falsification,departure,random_3,62,1,0.002,600,499
maximin_falsification,departure,random_3,63,1,0.002,600,499
maximin_falsification,departure,random_3,64,1,0.002,600,499
maximin_falsification,departure,random_3,65,1,0.002,600,499
maximin_falsification,departure,random_3,66,1,0.002,600,499
maximin_falsification,departure,random_3,67,1,0.002,600,499
maximin_falsification,departure,random_3,68,1,0.002,600,499
maximin_falsification,departure,random_3,69,1,0.002,600,499
maximin_falsification,departure,random_3,70,1,0.002,600,499
maximin_falsification,departure,random_3,71,1,0.002,600,499
maximin_falsification,departure,random_3,72,1,0.002,600,499
maximin_falsification,departure,random_3,73,1,0.002,600,499
maximin_falsification,departure,random_3,74,1,0.002,600,499
maximin_falsification,departure,random_3,75,1,0.002,600,499
maximin_falsification,departure,random_3,76,1,0.002,600,499
maximin_falsification,departure,random_3,77,1,0.002,600,499
maximin_falsification,departure,random_3,78,1,0.002,600,499
maximin_falsification,departure,random_3,79,1,0.002,600,499
maximin_falsification,departure,random_3,80,1,0.002,600,499
maximin_falsification,departure,random_3,81,1,0.002,600,499
maximin_falsification,departure,random_3,82,1,0.002,600,499
maximin_falsification,departure,random_3,83,1,0.002,600,499
maximin_falsification,departure,random_3,84,1,0.002,600,499
maximin_falsification,departure,random_3,85,1,0.002,600,499
maximin_falsification,departure,random_3,86,1,0.002,600,499
maximin_falsification,departure,random_3,87,1,0.002,600,499
maximin_falsification,departure,random_3,88,1,0.002,600,499
maximin_falsification,departure,random_3,89,1,0.002,600,499
maximin_falsification,departure,random_3,90,1,0.002,600,499
maximin_falsification,departure,random_3,91,1,0.002,600,499
maximin_falsification,departure,random_3,92,1,0.002,600,499
maximin_falsification,departure,random_3,93,1,0.002,600,499
maximin_falsification,departure,random_3,94,1,0.002,600,499
maximin_falsification,departure,random_3,95,1,0.002,600,499
maximin_falsification,departure,random_3,96,1,0.002,600,499
maximin_falsification,departure,random_3,97,1,0.002,600,499
maximin_falsification,departure,random_3,98,1,0.002,600,499
maximin_falsification,departure,random_3,99,1,0.002,600,499
maximin_falsification,departure,random_3,100,1,0.002,600,499
maximin_falsification,departure,random_3,101,1,0.002,600,499
maximin_falsification,departure,random_3,102,1,0.002,600,499
maximin_falsification,departure,random_3,103,1,0.002,600,499
maximin_falsification,departure,random_3,104,1,0.002,600,499
maximin_falsification,departure,random_3,105,1,0.002,600,499
maximin_falsification,departure,random_3,106,1,0.002,600,499
maximin_falsification,departure,random_3,107,1,0.002,600,499
maximin_falsification,departure,random_3,108,1,0.002,600,499
maximin_falsification,departure,random_3,109,1,0.002,600,499
maximin_falsification,departure,random_3,110,1,0.002,600,499
maximin_falsification,departure,random_3,111,1,0.002,600,499
maximin_falsification,departure,random_3,112,1,0.002,600,499
maximin_falsification,departure,random_3,113,1,0.002,600,499
maximin_falsification,departure,random_3,114,1,0.002,600,499
maximin_falsification,departure,random_3,115,1,0.002,600,499
maximin_falsification,departure,random_3,116,1,0.002,600,499
maximin_falsification,departure,random_3,117,1,0.002,600,499
maximin_falsification,departure,random_3,118,1,0.002,600,499
maximin_falsification,departure,random_3,119,1,0.002,600,499
maximin_falsification,departure,random_3,120,1,0.002,600,499
maximin_falsification,departure,random_3,121,1,0.002,600,499
maximin_falsification,departure,random_3,122,1,0.002,600,499
maximin_falsification,departure,random_3,123,1,0.002,600,499
maximin_falsification,departure,random_3,124,1,0.002,600,499
maximin_falsification,departure,random_3,125,1,0.002,600,499
maximin_falsification,departure,random_3,126,1,0.002,600,499
maximin_falsification,departure,random_3,127,1,0.002,600,499
maximin_falsification,departure,random_3,128,1,0.002,600,499
maximin_falsification,departure,random_3,129,1,0.002,600,499
maximin_falsification,departure,random_3,130,1,0.002,600,499
maximin_falsification,departure,random_3,131,1,0.002,600,499
maximin_falsification,departure,random_3,132,1,0.002,600,499
maximin_falsification,departure,random_3,133,1,0.002,600,499
maximin_falsification,departure,random_3,134,1,0.002,600,499
maximin_falsification,departure,random_3,135,1,0.002,600,499
maximin_falsification,departure,random_3,136,1,0.002,600,499
maximin_falsification,departure,random_3,137,1,0.002,600,499
maximin_falsification,departure,random_3,138,1,0.002,600,499
maximin_falsification,departure,random_3,139,1,0.002,600,499
maximin_falsification,departure,random_3,140,1,0.002,600,499
maximin_falsification,departure,random_3,141,1,0.002,600,499
maximin_falsification,departure,random_3,142,1,0.002,600,499
maximin_falsification,departure,random_3,143,1,0.002,600,499
maximin_falsification,departure,random_3,144,1,0.002,600,499
maximin_falsification,departure,random_3,145,1,0.002,600,499
maximin_falsification,departure,random_3,146,1,0.002,600,499
maximin_falsification,departure,random_3,147,1,0.002,600,499
maximin_falsification,departure,random_3,148,1,0.002,600,499
maximin_falsification,departure,random_3,149,1,0.002,600,499
maximin_falsification,departure,random_3,150,1,0.002,600,499
maximin_falsification,departure,random_3,151,1,0.002,600,499
maximin_falsification,departure,random_3,152,1,0.002,600,499
maximin_falsification,departure,random_3,153,1,0.002,600,499
maximin_falsification,departure,random_3,154,1,0.002,600,499
maximin_falsification,departure,random_3,155,1,0.002,600,499
maximin_falsification,departure,random_3,156,1,0.002,600,499
maximin_falsification,departure,random_3,157,1,0.002,600,499
maximin_falsification,departure,random_3,158,1,0.002,600,499
maximin_falsification,departure,random_3,159,1,0.002,600,499
maximin_falsification,departure,random_3,160,1,0.002,600,499
maximin_falsification,departure,random_3,161,1,0.002,600,499
maximin_falsification,departure,random_3,162,1,0.002,600,499
maximin_falsification,departure,random_3,163,1,0.002,600,499
maximin_falsification,departure,random_3,164,1,0.002,600,499
maximin_falsification,departure,random_3,165,1,0.002,600,499
maximin_falsification,departure,random_3,166,1,0.002,600,499
maximin_falsification,departure,random_3,167,1,0.002,600,499
maximin_falsification,departure,random_3,168,1,0.002,600,499
maximin_falsification,departure,random_3,169,1,0.002,600,499
maximin_falsification,departure,random_3,170,1,0.002,600,499
maximin_falsification,departure,random_3,171,1,0.002,600,499
maximin_falsification,departure,random_3,172,1,0.002,600,499
maximin_falsification,departure,random_3,173,1,0.002,600,499
maximin_falsification,departure,random_3,174,1,0.002,600,499
maximin_falsification,departure,random_3,175,1,0.002,600,499
maximin_falsification,departure,random_3,176,1,0.002,600,499
maximin_falsification,departure,random_3,177,1,0.002,600,499
maximin_falsification,departure,random_3,178,1,0.002,600,499
maximin_falsification,departure,random_3,179,1,0.002,600,499
maximin_falsification,departure,random_3,180,1,0.002,600,499
maximin_falsification,departure,random_3,181,1,0.002,600,499
maximin_falsification,departure,random_3,182,1,0.002,600,499
maximin_falsification,departure,random_3,183,1,0.002,600,499
maximin_falsification,departure,random_3,184,1,0.002,600,499
maximin_falsification,departure,random_3,185,1,0.002,600,499
maximin_falsification,departure,random_3,186,1,0.002,600,499
maximin_falsification,departure,random_3,187,1,0.002,600,499
maximin_falsification,departure,random_3,188,1,0.002,600,499
maximin_falsification,departure,random_3,189,1,0.002,600,499
maximin_falsification,departure,random_3,190,1,0.002,600,499
maximin_falsification,departure,random_3,191,1,0.002,600,499
maximin_falsification,departure,random_3,192,1,0.002,600,499
maximin_falsification,departure,random_3,193,1,0.002,600,499
maximin_falsification,departure,random_3,194,1,0.002,600,499
maximin_falsification,departure,random_3,195,1,0.002,600,499
maximin_falsification,departure,random_3,196,1,0.002,600,499
maximin_falsification,departure,random_3,197,1,0.002,600,499
maximin_falsification,departure,random_3,198,1,0.002,600,499
maximin_falsification,departure,random_3,199,1,0.002,600,499
maximin_falsification,departure,random_4,0,1,0.002,600,499
maximin_falsification,departure,random_4,1,1,0.002,600,499
maximin_falsification,departure,random_4,2,1,0.002,600,499
maximin_falsification,departure,random_4,3,1,0.002,600,499
maximin_falsification,departure,random_4,4,1,0.002,600,499
maximin_falsification,departure,random_4,5,1,0.002,600,499
maximin_falsification,departure,random_4,6,1,0.002,600,499
maximin_falsification,departure,random_4,7,1,0.002,600,499
maximin_falsification,departure,random_4,8,1,0.002,600,499
maximin_falsification,departure,random_4,9,1,0.002,600,499
maximin_falsification,departure,random_4,10,1,0.002,600,499
maximin_falsification,departure,random_4,11,1,0.002,600,499
maximin_falsification,departure,random_4,12,1,0.002,600,499
maximin_falsification,departure,random_4,13,1,0.002,600,499
maximin_falsification,departure,random_4,14,1,0.002,600,499
maximin_falsification,departure,random_4,15,1,0.002,600,499
maximin_falsification,departure,random_4,16,1,0.002,600,499
maximin_falsification,departure,random_4,17,1,0.002,600,499
maximin_falsification,departure,random_4,18,1,0.002,600,499
maximin_falsification,departure,random_4,19,1,0.002,600,499
maximin_falsification,departure,random_4,20,1,0.002,600,499
maximin_falsification,departure,random_4,21,1,0.002,600,499
maximin_falsification,departure,random_4,22,1,0.002,600,499
maximin_falsification,departure,random_4,23,1,0.002,600,499
maximin_falsification,departure,random_4,24,1,0.002,600,499
maximin_falsification,departure,random_4,25,1,0.002,600,499
maximin_falsification,departure,random_4,26,1,0.002,600,499
maximin_falsification,departure,random_4,27,1,0.002,600,499
maximin_falsification,departure,random_4,28,1,0.002,600,499
maximin_falsification,departure,random_4,29,1,0.002,600,499
maximin_falsification,departure,random_4,30,1,0.002,600,499
maximin_falsification,departure,random_4,31,1,0.002,600,499
maximin_falsification,departure,random_4,32,1,0.002,600,499
maximin_falsification,departure,random_4,33,1,0.002,600,499
maximin_falsification,departure,random_4,34,1,0.002,600,499
maximin_falsification,departure,random_4,35,1,0.002,600,499
maximin_falsification,departure,random_4,36,1,0.002,600,499
maximin_falsification,departure,random_4,37,1,0.002,600,499
maximin_falsification,departure,random_4,38,1,0.002,600,499
maximin_falsification,departure,random_4,39,1,0.002,600,499
maximin_falsification,departure,random_4,40,1,0.002,600,499
maximin_falsification,departure,random_4,41,1,0.002,600,499
maximin_falsification,departure,random_4,42,1,0.002,600,499
maximin_falsification,departure,random_4,43,1,0.002,600,499
maximin_falsification,departure,random_4,44,1,0.002,600,499
maximin_falsification,departure,random_4,45,1,0.002,600,499
maximin_falsification,departure,random_4,46,1,0.002,600,499
maximin_falsification,departure,random_4,47,1,0.002,600,499
maximin_falsification,departure,random_4,48,1,0.002,600,499
maximin_falsification,departure,random_4,49,1,0.002,600,499
maximin_falsification,departure,random_4,50,1,0.002,600,499
maximin_falsification,departure,random_4,51,1,0.002,600,499
maximin_falsification,departure,random_4,52,1,0.002,600,499
maximin_falsification,departure,random_4,53,1,0.002,600,499
maximin_falsification,departure,random_4,54,1,0.002,600,499
maximin_falsification,departure,random_4,55,1,0.002,600,499
maximin_falsification,departure,random_4,56,1,0.002,600,499
maximin_falsification,departure,random_4,57,1,0.002,600,499
maximin_falsification,departure,random_4,58,1,0.002,600,499
maximin_falsification,departure,random_4,59,1,0.002,600,499
maximin_falsification,departure,random_4,60,1,0.002,600,499
maximin_falsification,departure,random_4,61,1,0.002,600,499
maximin_falsification,departure,random_4,62,1,0.002,600,499
maximin_falsification,departure,random_4,63,1,0.002,600,499
maximin_falsification,departure,random_4,64,1,0.002,600,499
maximin_falsification,departure,random_4,65,1,0.002,600,499
maximin_falsification,departure,random_4,66,1,0.002,600,499
maximin_falsification,departure,random_4,67,1,0.002,600,499
maximin_falsification,departure,random_4,68,1,0.002,600,499
maximin_falsification,departure,random_4,69,1,0.002,600,499
maximin_falsification,departure,random_4,70,1,0.002,600,499
maximin_falsification,departure,random_4,71,1,0.002,600,499
maximin_falsification,departure,random_4,72,1,0.002,600,499
maximin_falsification,departure,random_4,73,1,0.002,600,499
maximin_falsification,departure,random_4,74,1,0.002,600,499
maximin_falsification,departure,random_4,75,1,0.002,600,499
maximin_falsification,departure,random_4,76,1,0.002,600,499
maximin_falsification,departure,random_4,77,1,0.002,600,499
maximin_falsification,departure,random_4,78,1,0.002,600,499
maximin_falsification,departure,random_4,79,1,0.002,600,499
maximin_falsification,departure,random_4,80,1,0.002,600,499
maximin_falsification,departure,random_4,81,1,0.002,600,499
maximin_falsification,departure,random_4,82,1,0.002,600,499
maximin_falsification,departure,random_4,83,1,0.002,600,499
maximin_falsification,departure,random_4,84,1,0.002,600,499
maximin_falsification,departure,random_4,85,1,0.002,600,499
maximin_falsification,departure,random_4,86,1,0.002,600,499
maximin_falsification,departure,random_4,87,1,0.002,600,499
maximin_falsification,departure,random_4,88,1,0.002,600,499
maximin_falsification,departure,random_4,89,1,0.002,600,499
maximin_falsification,departure,random_4,90,1,0.002,600,499
maximin_falsification,departure,random_4,91,1,0.002,600,499
maximin_falsification,departure,random_4,92,1,0.002,600,499
maximin_falsification,departure,random_4,93,1,0.002,600,499
maximin_falsification,departure,random_4,94,1,0.002,600,499
maximin_falsification,departure,random_4,95,1,0.002,600,499
maximin_falsification,departure,random_4,96,1,0.002,600,499
maximin_falsification,departure,random_4,97,1,0.002,600,499
maximin_falsification,departure,random_4,98,1,0.002,600,499
maximin_falsification,departure,random_4,99,1,0.002,600,499
maximin_falsification,departure,random_4,100,1,0.002,600,499
maximin_falsification,departure,random_4,101,1,0.002,600,499
maximin_falsification,departure,random_4,102,1,0.002,600,499
maximin_falsification,departure,random_4,103,1,0.002,600,499
maximin_falsification,departure,random_4,104,1,0.002,600,499
maximin_falsification,departure,random_4,105,1,0.002,600,499
maximin_falsification,departure,random_4,106,1,0.002,600,499
maximin_falsification,departure,random_4,107,1,0.002,600,499
maximin_falsification,departure,random_4,108,1,0.002,600,499
maximin_falsification,departure,random_4,109,1,0.002,600,499
maximin_falsification,departure,random_4,110,1,0.002,600,499
maximin_falsification,departure,random_4,111,1,0.002,600,499
maximin_falsification,departure,random_4,112,1,0.002,600,499
maximin_falsification,departure,random_4,113,1,0.002,600,499
maximin_falsification,departure,random_4,114,1,0.002,600,499
maximin_falsification,departure,random_4,115,1,0.002,600,499
maximin_falsification,departure,random_4,116,1,0.002,600,499
maximin_falsification,departure,random_4,117,1,0.002,600,499
maximin_falsification,departure,random_4,118,1,0.002,600,499
maximin_falsification,departure,random_4,119,1,0.002,600,499
maximin_falsification,departure,random_4,120,1,0.002,600,499
maximin_falsification,departure,random_4,121,1,0.002,600,499
maximin_falsification,departure,random_4,122,1,0.002,600,499
maximin_falsification,departure,random_4,123,1,0.002,600,499
maximin_falsification,departure,random_4,124,1,0.002,600,499
maximin_falsification,departure,random_4,125,1,0.002,600,499
maximin_falsification,departure,random_4,126,1,0.002,600,499
maximin_falsification,departure,random_4,127,1,0.002,600,499
maximin_falsification,departure,random_4,128,1,0.002,600,499
maximin_falsification,departure,random_4,129,1,0.002,600,499
maximin_falsification,departure,random_4,130,1,0.002,600,499
maximin_falsification,departure,random_4,131,1,0.002,600,499
maximin_falsification,departure,random_4,132,1,0.002,600,499
maximin_falsification,departure,random_4,133,1,0.002,600,499
maximin_falsification,departure,random_4,134,1,0.002,600,499
maximin_falsification,departure,random_4,135,1,0.002,600,499
maximin_falsification,departure,random_4,136,1,0.002,600,499
maximin_falsification,departure,random_4,137,1,0.002,600,499
maximin_falsification,departure,random_4,138,1,0.002,600,499
maximin_falsification,departure,random_4,139,1,0.002,600,499
maximin_falsification,departure,random_4,140,1,0.002,600,499
maximin_falsification,departure,random_4,141,1,0.002,600,499
maximin_falsification,departure,random_4,142,1,0.002,600,499
maximin_falsification,departure,random_4,143,1,0.002,600,499
maximin_falsification,departure,random_4,144,1,0.002,600,499
maximin_falsification,departure,random_4,145,1,0.002,600,499
maximin_falsification,departure,random_4,146,1,0.002,600,499
maximin_falsification,departure,random_4,147,1,0.002,600,499
maximin_falsification,departure,random_4,148,1,0.002,600,499
maximin_falsification,departure,random_4,149,1,0.002,600,499
maximin_falsification,departure,random_4,150,1,0.002,600,499
maximin_falsification,departure,random_4,151,1,0.002,600,499
maximin_falsification,departure,random_4,152,1,0.002,600,499
maximin_falsification,departure,random_4,153,1,0.002,600,499
maximin_falsification,departure,random_4,154,1,0.002,600,499
maximin_falsification,departure,random_4,155,1,0.002,600,499
maximin_falsification,departure,random_4,156,1,0.002,600,499
maximin_falsification,departure,random_4,157,1,0.002,600,499
maximin_falsification,departure,random_4,158,1,0.002,600,499
maximin_falsification,departure,random_4,159,1,0.002,600,499
maximin_falsification,departure,random_4,160,1,0.002,600,499
maximin_falsification,departure,random_4,161,1,0.002,600,499
maximin_falsification,departure,random_4,162,1,0.002,600,499
maximin_falsification,departure,random_4,163,1,0.002,600,499
maximin_falsification,departure,random_4,164,1,0.002,600,499
maximin_falsification,departure,random_4,165,1,0.002,600,499
maximin_falsification,departure,random_4,166,1,0.002,600,499
maximin_falsification,departure,random_4,167,1,0.002,600,499
maximin_falsification,departure,random_4,168,1,0.002,600,499
maximin_falsification,departure,random_4,169,1,0.002,600,499
maximin_falsification,departure,random_4,170,1,0.002,600,499
maximin_falsification,departure,random_4,171,1,0.002,600,499
maximin_falsification,departure,random_4,172,1,0.002,600,499
maximin_falsification,departure,random_4,173,1,0.002,600,499
maximin_falsification,departure,random_4,174,1,0.002,600,499
maximin_falsification,departure,random_4,175,1,0.002,600,499
maximin_falsification,departure,random_4,176,1,0.002,600,499
maximin_falsification,departure,random_4,177,1,0.002,600,499
maximin_falsification,departure,random_4,178,1,0.002,600,499
maximin_falsification,departure,random_4,179,1,0.002,600,499
maximin_falsification,departure,random_4,180,1,0.002,600,499
maximin_falsification,departure,random_4,181,1,0.002,600,499
maximin_falsification,departure,random_4,182,1,0.002,600,499
maximin_falsification,departure,random_4,183,1,0.002,600,499
maximin_falsification,departure,random_4,184,1,0.002,600,499
maximin_falsification,departure,random_4,185,1,0.002,600,499
maximin_falsification,departure,random_4,186,1,0.002,600,499
maximin_falsification,departure,random_4,187,1,0.002,600,499
maximin_falsification,departure,random_4,188,1,0.002,600,499
maximin_falsification,departure,random_4,189,1,0.002,600,499
maximin_falsification,departure,random_4,190,1,0.002,600,499
maximin_falsification,departure,random_4,191,1,0.002,600,499
maximin_falsification,departure,random_4,192,1,0.002,600,499
maximin_falsification,departure,random_4,193,1,0.002,600,499
maximin_falsification,departure,random_4,194,1,0.002,600,499
maximin_falsification,departure,random_4,195,1,0.002,600,499
maximin_falsification,departure,random_4,196,1,0.002,600,499
maximin_falsification,departure,random_4,197,1,0.002,600,499
maximin_falsification,departure,random_4,198,1,0.002,600,499
maximin_falsification,departure,random_4,199,1,0.002,600,499
maximin_falsification,departure,random_5,0,1,0.002,600,499
maximin_falsification,departure,random_5,1,1,0.002,600,499
maximin_falsification,departure,random_5,2,1,0.002,600,499
maximin_falsification,departure,random_5,3,1,0.002,600,499
maximin_falsification,departure,random_5,4,1,0.002,600,499
maximin_falsification,departure,random_5,5,1,0.002,600,499
maximin_falsification,departure,random_5,6,1,0.002,600,499
maximin_falsification,departure,random_5,7,1,0.002,600,499
maximin_falsification,departure,random_5,8,1,0.002,600,499
maximin_falsification,departure,random_5,9,1,0.002,600,499
maximin_falsification,departure,random_5,10,1,0.002,600,499
maximin_falsification,departure,random_5,11,1,0.002,600,499
maximin_falsification,departure,random_5,12,1,0.002,600,499
maximin_falsification,departure,random_5,13,1,0.002,600,499
maximin_falsification,departure,random_5,14,1,0.002,600,499
maximin_falsification,departure,random_5,15,1,0.002,600,499
maximin_falsification,departure,random_5,16,1,0.002,600,499
maximin_falsification,departure,random_5,17,1,0.002,600,499
maximin_falsification,departure,random_5,18,1,0.002,600,499
maximin_falsification,departure,random_5,19,1,0.002,600,499
maximin_falsification,departure,random_5,20,1,0.002,600,499
maximin_falsification,departure,random_5,21,1,0.002,600,499
maximin_falsification,departure,random_5,22,1,0.002,600,499
maximin_falsification,departure,random_5,23,1,0.002,600,499
maximin_falsification,departure,random_5,24,1,0.002,600,499
maximin_falsification,departure,random_5,25,1,0.002,600,499
maximin_falsification,departure,random_5,26,1,0.002,600,499
maximin_falsification,departure,random_5,27,1,0.002,600,499
maximin_falsification,departure,random_5,28,1,0.002,600,499
maximin_falsification,departure,random_5,29,1,0.002,600,499
maximin_falsification,departure,random_5,30,1,0.002,600,499
maximin_falsification,departure,random_5,31,1,0.002,600,499
maximin_falsification,departure,random_5,32,1,0.002,600,499
maximin_falsification,departure,random_5,33,1,0.002,600,499
maximin_falsification,departure,random_5,34,1,0.002,600,499
maximin_falsification,departure,random_5,35,1,0.002,600,499
maximin_falsification,departure,random_5,36,1,0.002,600,499
maximin_falsification,departure,random_5,37,1,0.002,600,499
maximin_falsification,departure,random_5,38,1,0.002,600,499
maximin_falsification,departure,random_5,39,1,0.002,600,499
maximin_falsification,departure,random_5,40,1,0.002,600,499
maximin_falsification,departure,random_5,41,1,0.002,600,499
maximin_falsification,departure,random_5,42,1,0.002,600,499
maximin_falsification,departure,random_5,43,1,0.002,600,499
maximin_falsification,departure,random_5,44,1,0.002,600,499
maximin_falsification,departure,random_5,45,1,0.002,600,499
maximin_falsification,departure,random_5,46,1,0.002,600,499
maximin_falsification,departure,random_5,47,1,0.002,600,499
maximin_falsification,departure,random_5,48,1,0.002,600,499
maximin_falsification,departure,random_5,49,1,0.002,600,499
maximin_falsification,departure,random_5,50,1,0.002,600,499
maximin_falsification,departure,random_5,51,1,0.002,600,499
maximin_falsification,departure,random_5,52,1,0.002,600,499
maximin_falsification,departure,random_5,53,1,0.002,600,499
maximin_falsification,departure,random_5,54,1,0.002,600,499
maximin_falsification,departure,random_5,55,1,0.002,600,499
maximin_falsification,departure,random_5,56,1,0.002,600,499
maximin_falsification,departure,random_5,57,1,0.002,600,499
maximin_falsification,departure,random_5,58,1,0.002,600,499
maximin_falsification,departure,random_5,59,1,0.002,600,499
maximin_falsification,departure,random_5,60,1,0.002,600,499
maximin_falsification,departure,random_5,61,1,0.002,600,499
maximin_falsification,departure,random_5,62,1,0.002,600,499
maximin_falsification,departure,random_5,63,1,0.002,600,499
maximin_falsification,departure,random_5,64,1,0.002,600,499
maximin_falsification,departure,random_5,65,1,0.002,600,499
maximin_falsification,departure,random_5,66,1,0.002,600,499
maximin_falsification,departure,random_5,67,1,0.002,600,499
maximin_falsification,departure,random_5,68,1,0.002,600,499
maximin_falsification,departure,random_5,69,1,0.002,600,499
maximin_falsification,departure,random_5,70,1,0.002,600,499
maximin_falsification,departure,random_5,71,1,0.002,600,499
maximin_falsification,departure,random_5,72,1,0.002,600,499
maximin_falsification,departure,random_5,73,1,0.002,600,499
maximin_falsification,departure,random_5,74,1,0.002,600,499
maximin_falsification,departure,random_5,75,1,0.002,600,499
maximin_falsification,departure,random_5,76,1,0.002,600,499
maximin_falsification,departure,random_5,77,1,0.002,600,499
maximin_falsification,departure,random_5,78,1,0.002,600,499
maximin_falsification,departure,random_5,79,1,0.002,600,499
maximin_falsification,departure,random_5,80,1,0.002,600,499
maximin_falsification,departure,random_5,81,1,0.002,600,499
maximin_falsification,departure,random_5,82,1,0.002,600,499
maximin_falsification,departure,random_5,83,1,0.002,600,499
maximin_falsification,departure,random_5,84,1,0.002,600,499
maximin_falsification,departure,random_5,85,1,0.002,600,499
maximin_falsification,departure,random_5,86,1,0.002,600,499
maximin_falsification,departure,random_5,87,1,0.002,600,499
maximin_falsification,departure,random_5,88,1,0.002,600,499
maximin_falsification,departure,random_5,89,1,0.002,600,499
maximin_falsification,departure,random_5,90,1,0.002,600,499
maximin_falsification,departure,random_5,91,1,0.002,600,499
maximin_falsification,departure,random_5,92,1,0.002,600,499
maximin_falsification,departure,random_5,93,1,0.002,600,499
maximin_falsification,departure,random_5,94,1,0.002,600,499
maximin_falsification,departure,random_5,95,1,0.002,600,499
maximin_falsification,departure,random_5,96,1,0.002,600,499
maximin_falsification,departure,random_5,97,1,0.002,600,499
maximin_falsification,departure,random_5,98,1,0.002,600,499
maximin_falsification,departure,random_5,99,1,0.002,600,499
maximin_falsification,departure,random_5,100,1,0.002,600,499
maximin_falsification,departure,random_5,101,1,0.002,600,499
maximin_falsification,departure,random_5,102,1,0.002,600,499
maximin_falsification,departure,random_5,103,1,0.002,600,499
maximin_falsification,departure,random_5,104,1,0.002,600,499
maximin_falsification,departure,random_5,105,1,0.002,600,499
maximin_falsification,departure,random_5,106,1,0.002,600,499
maximin_falsification,departure,random_5,107,1,0.002,600,499
maximin_falsification,departure,random_5,108,1,0.002,600,499
maximin_falsification,departure,random_5,109,1,0.002,600,499
maximin_falsification,departure,random_5,110,1,0.002,600,499
maximin_falsification,departure,random_5,111,1,0.002,600,499
maximin_falsification,departure,random_5,112,1,0.002,600,499
maximin_falsification,departure,random_5,113,1,0.002,600,499
maximin_falsification,departure,random_5,114,1,0.002,600,499
maximin_falsification,departure,random_5,115,1,0.002,600,499
maximin_falsification,departure,random_5,116,1,0.002,600,499
maximin_falsification,departure,random_5,117,1,0.002,600,499
maximin_falsification,departure,random_5,118,1,0.002,600,499
maximin_falsification,departure,random_5,119,1,0.002,600,499
maximin_falsification,departure,random_5,120,1,0.002,600,499
maximin_falsification,departure,random_5,121,1,0.002,600,499
maximin_falsification,departure,random_5,122,1,0.002,600,499
maximin_falsification,departure,random_5,123,1,0.002,600,499
maximin_falsification,departure,random_5,124,1,0.002,600,499
maximin_falsification,departure,random_5,125,1,0.002,600,499
maximin_falsification,departure,random_5,126,1,0.002,600,499
maximin_falsification,departure,random_5,127,1,0.002,600,499
maximin_falsification,departure,random_5,128,1,0.002,600,499
maximin_falsification,departure,random_5,129,1,0.002,600,499
maximin_falsification,departure,random_5,130,1,0.002,600,499
maximin_falsification,departure,random_5,131,1,0.002,600,499
maximin_falsification,departure,random_5,132,1,0.002,600,499
maximin_falsification,departure,random_5,133,1,0.002,600,499
maximin_falsification,departure,random_5,134,1,0.002,600,499
maximin_falsification,departure,random_5,135,1,0.002,600,499
maximin_falsification,departure,random_5,136,1,0.002,600,499
maximin_falsification,departure,random_5,137,1,0.002,600,499
maximin_falsification,departure,random_5,138,1,0.002,600,499
maximin_falsification,departure,random_5,139,1,0.002,600,499
maximin_falsification,departure,random_5,140,1,0.002,600,499
maximin_falsification,departure,random_5,141,1,0.002,600,499
maximin_falsification,departure,random_5,142,1,0.002,600,499
maximin_falsification,departure,random_5,143,1,0.002,600,499
maximin_falsification,departure,random_5,144,1,0.002,600,499
maximin_falsification,departure,random_5,145,1,0.002,600,499
maximin_falsification,departure,random_5,146,1,0.002,600,499
maximin_falsification,departure,random_5,147,1,0.002,600,499
maximin_falsification,departure,random_5,148,1,0.002,600,499
maximin_falsification,departure,random_5,149,1,0.002,600,499
maximin_falsification,departure,random_5,150,1,0.002,600,499
maximin_falsification,departure,random_5,151,1,0.002,600,499
maximin_falsification,departure,random_5,152,1,0.002,600,499
maximin_falsification,departure,random_5,153,1,0.002,600,499
maximin_falsification,departure,random_5,154,1,0.002,600,499
maximin_falsification,departure,random_5,155,1,0.002,600,499
maximin_falsification,departure,random_5,156,1,0.002,600,499
maximin_falsification,departure,random_5,157,1,0.002,600,499
maximin_falsification,departure,random_5,158,1,0.002,600,499
maximin_falsification,departure,random_5,159,1,0.002,600,499
maximin_falsification,departure,random_5,160,1,0.002,600,499
maximin_falsification,departure,random_5,161,1,0.002,600,499
maximin_falsification,departure,random_5,162,1,0.002,600,499
maximin_falsification,departure,random_5,163,1,0.002,600,499
maximin_falsification,departure,random_5,164,1,0.002,600,499
maximin_falsification,departure,random_5,165,1,0.002,600,499
maximin_falsification,departure,random_5,166,1,0.002,600,499
maximin_falsification,departure,random_5,167,1,0.002,600,499
maximin_falsification,departure,random_5,168,1,0.002,600,499
maximin_falsification,departure,random_5,169,1,0.002,600,499
maximin_falsification,departure,random_5,170,1,0.002,600,499
maximin_falsification,departure,random_5,171,1,0.002,600,499
maximin_falsification,departure,random_5,172,1,0.002,600,499
maximin_falsification,departure,random_5,173,1,0.002,600,499
maximin_falsification,departure,random_5,174,1,0.002,600,499
maximin_falsification,departure,random_5,175,1,0.002,600,499
maximin_falsification,departure,random_5,176,1,0.002,600,499
maximin_falsification,departure,random_5,177,1,0.002,600,499
maximin_falsification,departure,random_5,178,1,0.002,600,499
maximin_falsification,departure,random_5,179,1,0.002,600,499
maximin_falsification,departure,random_5,180,1,0.002,600,499
maximin_falsification,departure,random_5,181,1,0.002,600,499
maximin_falsification,departure,random_5,182,1,0.002,600,499
maximin_falsification,departure,random_5,183,1,0.002,600,499
maximin_falsification,departure,random_5,184,1,0.002,600,499
maximin_falsification,departure,random_5,185,1,0.002,600,499
maximin_falsification,departure,random_5,186,1,0.002,600,499
maximin_falsification,departure,random_5,187,1,0.002,600,499
maximin_falsification,departure,random_5,188,1,0.002,600,499
maximin_falsification,departure,random_5,189,1,0.002,600,499
maximin_falsification,departure,random_5,190,1,0.002,600,499
maximin_falsification,departure,random_5,191,1,0.002,600,499
maximin_falsification,departure,random_5,192,1,0.002,600,499
maximin_falsification,departure,random_5,193,1,0.002,600,499
maximin_falsification,departure,random_5,194,1,0.002,600,499
maximin_falsification,departure,random_5,195,1,0.002,600,499
maximin_falsification,departure,random_5,196,1,0.002,600,499
maximin_falsification,departure,random_5,197,1,0.002,600,499
maximin_falsification,departure,random_5,198,1,0.002,600,499
maximin_falsification,departure,random_5,199,1,0.002,600,499
maximin_falsification,departure,random_6,0,1,0.002,600,499
maximin_falsification,departure,random_6,1,1,0.004,600,499
maximin_falsification,departure,random_6,2,1,0.002,600,499
maximin_falsification,departure,random_6,3,1,0.002,600,499
maximin_falsification,departure,random_6,4,1,0.002,600,499
maximin_falsification,departure,random_6,5,1,0.002,600,499
maximin_falsification,departure,random_6,6,1,0.002,600,499
maximin_falsification,departure,random_6,7,1,0.002,600,499
maximin_falsification,departure,random_6,8,1,0.002,600,499
maximin_falsification,departure,random_6,9,1,0.002,600,499
maximin_falsification,departure,random_6,10,1,0.046,600,499
maximin_falsification,departure,random_6,11,1,0.014,600,499
maximin_falsification,departure,random_6,12,1,0.002,600,499
maximin_falsification,departure,random_6,13,1,0.002,600,499
maximin_falsification,departure,random_6,14,1,0.002,600,499
maximin_falsification,departure,random_6,15,1,0.018,600,499
maximin_falsification,departure,random_6,16,1,0.002,600,499
maximin_falsification,departure,random_6,17,1,0.014,600,499
maximin_falsification,departure,random_6,18,1,0.002,600,499
maximin_falsification,departure,random_6,19,1,0.002,600,499
maximin_falsification,departure,random_6,20,1,0.002,600,499
maximin_falsification,departure,random_6,21,1,0.014,600,499
maximin_falsification,departure,random_6,22,1,0.002,600,499
maximin_falsification,departure,random_6,23,1,0.002,600,499
maximin_falsification,departure,random_6,24,1,0.002,600,499
maximin_falsification,departure,random_6,25,1,0.002,600,499
maximin_falsification,departure,random_6,26,1,0.002,600,499
maximin_falsification,departure,random_6,27,1,0.002,600,499
maximin_falsification,departure,random_6,28,1,0.002,600,499
maximin_falsification,departure,random_6,29,1,0.002,600,499
maximin_falsification,departure,random_6,30,1,0.002,600,499
maximin_falsification,departure,random_6,31,1,0.002,600,499
maximin_falsification,departure,random_6,32,1,0.002,600,499
maximin_falsification,departure,random_6,33,1,0.008,600,499
maximin_falsification,departure,random_6,34,1,0.012,600,499
maximin_falsification,departure,random_6,35,1,0.002,600,499
maximin_falsification,departure,random_6,36,1,0.002,600,499
maximin_falsification,departure,random_6,37,1,0.002,600,499
maximin_falsification,departure,random_6,38,1,0.03,600,499
maximin_falsification,departure,random_6,39,1,0.002,600,499
maximin_falsification,departure,random_6,40,1,0.002,600,499
maximin_falsification,departure,random_6,41,1,0.002,600,499
maximin_falsification,departure,random_6,42,1,0.002,600,499
maximin_falsification,departure,random_6,43,1,0.002,600,499
maximin_falsification,departure,random_6,44,1,0.002,600,499
maximin_falsification,departure,random_6,45,1,0.002,600,499
maximin_falsification,departure,random_6,46,1,0.002,600,499
maximin_falsification,departure,random_6,47,1,0.002,600,499
maximin_falsification,departure,random_6,48,1,0.006,600,499
maximin_falsification,departure,random_6,49,1,0.002,600,499
maximin_falsification,departure,random_6,50,1,0.002,600,499
maximin_falsification,departure,random_6,51,1,0.002,600,499
maximin_falsification,departure,random_6,52,1,0.002,600,499
maximin_falsification,departure,random_6,53,1,0.004,600,499
maximin_falsification,departure,random_6,54,1,0.002,600,499
maximin_falsification,departure,random_6,55,1,0.002,600,499
maximin_falsification,departure,random_6,56,1,0.004,600,499
maximin_falsification,departure,random_6,57,1,0.002,600,499
maximin_falsification,departure,random_6,58,1,0.002,600,499
maximin_falsification,departure,random_6,59,1,0.002,600,499
maximin_falsification,departure,random_6,60,1,0.002,600,499
maximin_falsification,departure,random_6,61,1,0.002,600,499
maximin_falsification,departure,random_6,62,1,0.002,600,499
maximin_falsification,departure,random_6,63,1,0.002,600,499
maximin_falsification,departure,random_6,64,1,0.002,600,499
maximin_falsification,departure,random_6,65,1,0.002,600,499
maximin_falsification,departure,random_6,66,1,0.014,600,499
maximin_falsification,departure,random_6,67,1,0.002,600,499
maximin_falsification,departure,random_6,68,1,0.002,600,499
maximin_falsification,departure,random_6,69,1,0.002,600,499
maximin_falsification,departure,random_6,70,1,0.002,600,499
maximin_falsification,departure,random_6,71,1,0.002,600,499
maximin_falsification,departure,random_6,72,1,0.002,600,499
maximin_falsification,departure,random_6,73,1,0.002,600,499
maximin_falsification,departure,random_6,74,1,0.002,600,499
maximin_falsification,departure,random_6,75,1,0.002,600,499
maximin_falsification,departure,random_6,76,1,0.002,600,499
maximin_falsification,departure,random_6,77,1,0.002,600,499
maximin_falsification,departure,random_6,78,1,0.002,600,499
maximin_falsification,departure,random_6,79,1,0.002,600,499
maximin_falsification,departure,random_6,80,1,0.002,600,499
maximin_falsification,departure,random_6,81,1,0.002,600,499
maximin_falsification,departure,random_6,82,1,0.002,600,499
maximin_falsification,departure,random_6,83,1,0.002,600,499
maximin_falsification,departure,random_6,84,1,0.002,600,499
maximin_falsification,departure,random_6,85,1,0.04,600,499
maximin_falsification,departure,random_6,86,1,0.002,600,499
maximin_falsification,departure,random_6,87,1,0.002,600,499
maximin_falsification,departure,random_6,88,1,0.006,600,499
maximin_falsification,departure,random_6,89,1,0.002,600,499
maximin_falsification,departure,random_6,90,1,0.002,600,499
maximin_falsification,departure,random_6,91,1,0.002,600,499
maximin_falsification,departure,random_6,92,1,0.002,600,499
maximin_falsification,departure,random_6,93,1,0.002,600,499
maximin_falsification,departure,random_6,94,1,0.002,600,499
maximin_falsification,departure,random_6,95,1,0.002,600,499
maximin_falsification,departure,random_6,96,1,0.002,600,499
maximin_falsification,departure,random_6,97,1,0.002,600,499
maximin_falsification,departure,random_6,98,1,0.004,600,499
maximin_falsification,departure,random_6,99,1,0.002,600,499
maximin_falsification,departure,random_6,100,1,0.012,600,499
maximin_falsification,departure,random_6,101,1,0.044,600,499
maximin_falsification,departure,random_6,102,1,0.002,600,499
maximin_falsification,departure,random_6,103,1,0.002,600,499
maximin_falsification,departure,random_6,104,1,0.002,600,499
maximin_falsification,departure,random_6,105,1,0.002,600,499
maximin_falsification,departure,random_6,106,1,0.002,600,499
maximin_falsification,departure,random_6,107,1,0.002,600,499
maximin_falsification,departure,random_6,108,1,0.002,600,499
maximin_falsification,departure,random_6,109,1,0.002,600,499
maximin_falsification,departure,random_6,110,1,0.006,600,499
maximin_falsification,departure,random_6,111,1,0.002,600,499
maximin_falsification,departure,random_6,112,1,0.002,600,499
maximin_falsification,departure,random_6,113,1,0.002,600,499
maximin_falsification,departure,random_6,114,1,0.002,600,499
maximin_falsification,departure,random_6,115,1,0.002,600,499
maximin_falsification,departure,random_6,116,1,0.002,600,499
maximin_falsification,departure,random_6,117,1,0.002,600,499
maximin_falsification,departure,random_6,118,1,0.006,600,499
maximin_falsification,departure,random_6,119,1,0.002,600,499
maximin_falsification,departure,random_6,120,1,0.004,600,499
maximin_falsification,departure,random_6,121,1,0.002,600,499
maximin_falsification,departure,random_6,122,1,0.002,600,499
maximin_falsification,departure,random_6,123,1,0.002,600,499
maximin_falsification,departure,random_6,124,1,0.002,600,499
maximin_falsification,departure,random_6,125,1,0.002,600,499
maximin_falsification,departure,random_6,126,1,0.002,600,499
maximin_falsification,departure,random_6,127,1,0.002,600,499
maximin_falsification,departure,random_6,128,1,0.002,600,499
maximin_falsification,departure,random_6,129,1,0.002,600,499
maximin_falsification,departure,random_6,130,1,0.002,600,499
maximin_falsification,departure,random_6,131,1,0.008,600,499
maximin_falsification,departure,random_6,132,0,0.062,600,499
maximin_falsification,departure,random_6,133,1,0.002,600,499
maximin_falsification,departure,random_6,134,1,0.002,600,499
maximin_falsification,departure,random_6,135,1,0.002,600,499
maximin_falsification,departure,random_6,136,1,0.002,600,499
maximin_falsification,departure,random_6,137,1,0.002,600,499
maximin_falsification,departure,random_6,138,1,0.002,600,499
maximin_falsification,departure,random_6,139,1,0.002,600,499
maximin_falsification,departure,random_6,140,1,0.002,600,499
maximin_falsification,departure,random_6,141,1,0.002,600,499
maximin_falsification,departure,random_6,142,1,0.012,600,499
maximin_falsification,departure,random_6,143,1,0.002,600,499
maximin_falsification,departure,random_6,144,1,0.022,600,499
maximin_falsification,departure,random_6,145,1,0.002,600,499
maximin_falsification,departure,random_6,146,1,0.002,600,499
maximin_falsification,departure,random_6,147,1,0.002,600,499
maximin_falsification,departure,random_6,148,0,0.11,600,499
maximin_falsification,departure,random_6,149,1,0.002,600,499
maximin_falsification,departure,random_6,150,1,0.002,600,499
maximin_falsification,departure,random_6,151,1,0.004,600,499
maximin_falsification,departure,random_6,152,1,0.004,600,499
maximin_falsification,departure,random_6,153,1,0.002,600,499
maximin_falsification,departure,random_6,154,1,0.002,600,499
maximin_falsification,departure,random_6,155,1,0.002,600,499
maximin_falsification,departure,random_6,156,1,0.002,600,499
maximin_falsification,departure,random_6,157,1,0.002,600,499
maximin_falsification,departure,random_6,158,0,0.222,600,499
maximin_falsification,departure,random_6,159,1,0.012,600,499
maximin_falsification,departure,random_6,160,1,0.002,600,499
maximin_falsification,departure,random_6,161,1,0.002,600,499
maximin_falsification,departure,random_6,162,1,0.002,600,499
maximin_falsification,departure,random_6,163,1,0.002,600,499
maximin_falsification,departure,random_6,164,1,0.004,600,499
maximin_falsification,departure,random_6,165,1,0.002,600,499
maximin_falsification,departure,random_6,166,1,0.004,600,499
maximin_falsification,departure,random_6,167,1,0.002,600,499
maximin_falsification,departure,random_6,168,1,0.002,600,499
maximin_falsification,departure,random_6,169,1,0.002,600,499
maximin_falsification,departure,random_6,170,1,0.002,600,499
maximin_falsification,departure,random_6,171,1,0.002,600,499
maximin_falsification,departure,random_6,172,1,0.002,600,499
maximin_falsification,departure,random_6,173,1,0.002,600,499
maximin_falsification,departure,random_6,174,1,0.002,600,499
maximin_falsification,departure,random_6,175,1,0.002,600,499
maximin_falsification,departure,random_6,176,1,0.002,600,499
maximin_falsification,departure,random_6,177,1,0.004,600,499
maximin_falsification,departure,random_6,178,1,0.002,600,499
maximin_falsification,departure,random_6,179,1,0.002,600,499
maximin_falsification,departure,random_6,180,1,0.002,600,499
maximin_falsification,departure,random_6,181,1,0.002,600,499
maximin_falsification,departure,random_6,182,1,0.006,600,499
maximin_falsification,departure,random_6,183,1,0.002,600,499
maximin_falsification,departure,random_6,184,1,0.002,600,499
maximin_falsification,departure,random_6,185,1,0.002,600,499
maximin_falsification,departure,random_6,186,1,0.002,600,499
maximin_falsification,departure,random_6,187,1,0.002,600,499
maximin_falsification,departure,random_6,188,1,0.002,600,499
maximin_falsification,departure,random_6,189,1,0.002,600,499
maximin_falsification,departure,random_6,190,1,0.006,600,499
maximin_falsification,departure,random_6,191,1,0.026,600,499
maximin_falsification,departure,random_6,192,1,0.002,600,499
maximin_falsification,departure,random_6,193,1,0.002,600,499
maximin_falsification,departure,random_6,194,1,0.002,600,499
maximin_falsification,departure,random_6,195,1,0.002,600,499
maximin_falsification,departure,random_6,196,1,0.004,600,499
maximin_falsification,departure,random_6,197,1,0.01,600,499
maximin_falsification,departure,random_6,198,1,0.002,600,499
maximin_falsification,departure,random_6,199,1,0.002,600,499
maximin_falsification,departure,random_7,0,1,0.002,600,499
maximin_falsification,departure,random_7,1,1,0.002,600,499
maximin_falsification,departure,random_7,2,1,0.002,600,499
maximin_falsification,departure,random_7,3,1,0.002,600,499
maximin_falsification,departure,random_7,4,1,0.002,600,499
maximin_falsification,departure,random_7,5,1,0.002,600,499
maximin_falsification,departure,random_7,6,1,0.002,600,499
maximin_falsification,departure,random_7,7,1,0.002,600,499
maximin_falsification,departure,random_7,8,1,0.002,600,499
maximin_falsification,departure,random_7,9,1,0.002,600,499
maximin_falsification,departure,random_7,10,1,0.002,600,499
maximin_falsification,departure,random_7,11,1,0.002,600,499
maximin_falsification,departure,random_7,12,1,0.002,600,499
maximin_falsification,departure,random_7,13,1,0.002,600,499
maximin_falsification,departure,random_7,14,1,0.002,600,499
maximin_falsification,departure,random_7,15,1,0.002,600,499
maximin_falsification,departure,random_7,16,1,0.002,600,499
maximin_falsification,departure,random_7,17,1,0.002,600,499
maximin_falsification,departure,random_7,18,1,0.002,600,499
maximin_falsification,departure,random_7,19,1,0.002,600,499
maximin_falsification,departure,random_7,20,1,0.002,600,499
maximin_falsification,departure,random_7,21,1,0.002,600,499
maximin_falsification,departure,random_7,22,1,0.002,600,499
maximin_falsification,departure,random_7,23,1,0.002,600,499
maximin_falsification,departure,random_7,24,1,0.002,600,499
maximin_falsification,departure,random_7,25,1,0.002,600,499
maximin_falsification,departure,random_7,26,1,0.002,600,499
maximin_falsification,departure,random_7,27,1,0.002,600,499
maximin_falsification,departure,random_7,28,1,0.002,600,499
maximin_falsification,departure,random_7,29,1,0.002,600,499
maximin_falsification,departure,random_7,30,1,0.002,600,499
maximin_falsification,departure,random_7,31,1,0.002,600,499
maximin_falsification,departure,random_7,32,1,0.002,600,499
maximin_falsification,departure,random_7,33,1,0.002,600,499
maximin_falsification,departure,random_7,34,1,0.002,600,499
maximin_falsification,departure,random_7,35,1,0.002,600,499
maximin_falsification,departure,random_7,36,1,0.002,600,499
maximin_falsification,departure,random_7,37,1,0.002,600,499
maximin_falsification,departure,random_7,38,1,0.002,600,499
maximin_falsification,departure,random_7,39,1,0.002,600,499
maximin_falsification,departure,random_7,40,1,0.002,600,499
maximin_falsification,departure,random_7,41,1,0.002,600,499
maximin_falsification,departure,random_7,42,1,0.002,600,499
maximin_falsification,departure,random_7,43,1,0.002,600,499
maximin_falsification,departure,random_7,44,1,0.002,600,499
maximin_falsification,departure,random_7,45,1,0.002,600,499
maximin_falsification,departure,random_7,46,1,0.002,600,499
maximin_falsification,departure,random_7,47,1,0.002,600,499
maximin_falsification,departure,random_7,48,1,0.002,600,499
maximin_falsification,departure,random_7,49,1,0.002,600,499
maximin_falsification,departure,random_7,50,1,0.002,600,499
maximin_falsification,departure,random_7,51,1,0.002,600,499
maximin_falsification,departure,random_7,52,1,0.002,600,499
maximin_falsification,departure,random_7,53,1,0.002,600,499
maximin_falsification,departure,random_7,54,1,0.002,600,499
maximin_falsification,departure,random_7,55,1,0.002,600,499
maximin_falsification,departure,random_7,56,1,0.002,600,499
maximin_falsification,departure,random_7,57,1,0.002,600,499
maximin_falsification,departure,random_7,58,1,0.002,600,499
maximin_falsification,departure,random_7,59,1,0.002,600,499
maximin_falsification,departure,random_7,60,1,0.002,600,499
maximin_falsification,departure,random_7,61,1,0.002,600,499
maximin_falsification,departure,random_7,62,1,0.002,600,499
maximin_falsification,departure,random_7,63,1,0.002,600,499
maximin_falsification,departure,random_7,64,1,0.002,600,499
maximin_falsification,departure,random_7,65,1,0.002,600,499
maximin_falsification,departure,random_7,66,1,0.002,600,499
maximin_falsification,departure,random_7,67,1,0.002,600,499
maximin_falsification,departure,random_7,68,1,0.002,600,499
maximin_falsification,departure,random_7,69,1,0.002,600,499
maximin_falsification,departure,random_7,70,1,0.002,600,499
maximin_falsification,departure,random_7,71,1,0.002,600,499
maximin_falsification,departure,random_7,72,1,0.002,600,499
maximin_falsification,departure,random_7,73,1,0.002,600,499
maximin_falsification,departure,random_7,74,1,0.002,600,499
maximin_falsification,departure,random_7,75,1,0.002,600,499
maximin_falsification,departure,random_7,76,1,0.002,600,499
maximin_falsification,departure,random_7,77,1,0.002,600,499
maximin_falsification,departure,random_7,78,1,0.002,600,499
maximin_falsification,departure,random_7,79,1,0.002,600,499
maximin_falsification,departure,random_7,80,1,0.002,600,499
maximin_falsification,departure,random_7,81,1,0.002,600,499
maximin_falsification,departure,random_7,82,1,0.002,600,499
maximin_falsification,departure,random_7,83,1,0.002,600,499
maximin_falsification,departure,random_7,84,1,0.002,600,499
maximin_falsification,departure,random_7,85,1,0.002,600,499
maximin_falsification,departure,random_7,86,1,0.002,600,499
maximin_falsification,departure,random_7,87,1,0.002,600,499
maximin_falsification,departure,random_7,88,1,0.002,600,499
maximin_falsification,departure,random_7,89,1,0.002,600,499
maximin_falsification,departure,random_7,90,1,0.002,600,499
maximin_falsification,departure,random_7,91,1,0.002,600,499
maximin_falsification,departure,random_7,92,1,0.002,600,499
maximin_falsification,departure,random_7,93,1,0.002,600,499
maximin_falsification,departure,random_7,94,1,0.002,600,499
maximin_falsification,departure,random_7,95,1,0.002,600,499
maximin_falsification,departure,random_7,96,1,0.002,600,499
maximin_falsification,departure,random_7,97,1,0.002,600,499
maximin_falsification,departure,random_7,98,1,0.002,600,499
maximin_falsification,departure,random_7,99,1,0.002,600,499
maximin_falsification,departure,random_7,100,1,0.002,600,499
maximin_falsification,departure,random_7,101,1,0.002,600,499
maximin_falsification,departure,random_7,102,1,0.002,600,499
maximin_falsification,departure,random_7,103,1,0.002,600,499
maximin_falsification,departure,random_7,104,1,0.002,600,499
maximin_falsification,departure,random_7,105,1,0.002,600,499
maximin_falsification,departure,random_7,106,1,0.002,600,499
maximin_falsification,departure,random_7,107,1,0.002,600,499
maximin_falsification,departure,random_7,108,1,0.002,600,499
maximin_falsification,departure,random_7,109,1,0.002,600,499
maximin_falsification,departure,random_7,110,1,0.002,600,499
maximin_falsification,departure,random_7,111,1,0.002,600,499
maximin_falsification,departure,random_7,112,1,0.002,600,499
maximin_falsification,departure,random_7,113,1,0.002,600,499
maximin_falsification,departure,random_7,114,1,0.002,600,499
maximin_falsification,departure,random_7,115,1,0.002,600,499
maximin_falsification,departure,random_7,116,1,0.002,600,499
maximin_falsification,departure,random_7,117,1,0.002,600,499
maximin_falsification,departure,random_7,118,1,0.002,600,499
maximin_falsification,departure,random_7,119,1,0.002,600,499
maximin_falsification,departure,random_7,120,1,0.002,600,499
maximin_falsification,departure,random_7,121,1,0.002,600,499
maximin_falsification,departure,random_7,122,1,0.002,600,499
maximin_falsification,departure,random_7,123,1,0.002,600,499
maximin_falsification,departure,random_7,124,1,0.002,600,499
maximin_falsification,departure,random_7,125,1,0.002,600,499
maximin_falsification,departure,random_7,126,1,0.002,600,499
maximin_falsification,departure,random_7,127,1,0.002,600,499
maximin_falsification,departure,random_7,128,1,0.002,600,499
maximin_falsification,departure,random_7,129,1,0.002,600,499
maximin_falsification,departure,random_7,130,1,0.002,600,499
maximin_falsification,departure,random_7,131,1,0.002,600,499
maximin_falsification,departure,random_7,132,1,0.002,600,499
maximin_falsification,departure,random_7,133,1,0.002,600,499
maximin_falsification,departure,random_7,134,1,0.002,600,499
maximin_falsification,departure,random_7,135,1,0.002,600,499
maximin_falsification,departure,random_7,136,1,0.002,600,499
maximin_falsification,departure,random_7,137,1,0.002,600,499
maximin_falsification,departure,random_7,138,1,0.002,600,499
maximin_falsification,departure,random_7,139,1,0.002,600,499
maximin_falsification,departure,random_7,140,1,0.002,600,499
maximin_falsification,departure,random_7,141,1,0.002,600,499
maximin_falsification,departure,random_7,142,1,0.002,600,499
maximin_falsification,departure,random_7,143,1,0.002,600,499
maximin_falsification,departure,random_7,144,1,0.002,600,499
maximin_falsification,departure,random_7,145,1,0.002,600,499
maximin_falsification,departure,random_7,146,1,0.002,600,499
maximin_falsification,departure,random_7,147,1,0.002,600,499
maximin_falsification,departure,random_7,148,1,0.002,600,499
maximin_falsification,departure,random_7,149,1,0.002,600,499
maximin_falsification,departure,random_7,150,1,0.002,600,499
maximin_falsification,departure,random_7,151,1,0.002,600,499
maximin_falsification,departure,random_7,152,1,0.002,600,499
maximin_falsification,departure,random_7,153,1,0.002,600,499
maximin_falsification,departure,random_7,154,1,0.002,600,499
maximin_falsification,departure,random_7,155,1,0.002,600,499
maximin_falsification,departure,random_7,156,1,0.002,600,499
maximin_falsification,departure,random_7,157,1,0.002,600,499
maximin_falsification,departure,random_7,158,1,0.002,600,499
maximin_falsification,departure,random_7,159,1,0.002,600,499
maximin_falsification,departure,random_7,160,1,0.002,600,499
maximin_falsification,departure,random_7,161,1,0.002,600,499
maximin_falsification,departure,random_7,162,1,0.002,600,499
maximin_falsification,departure,random_7,163,1,0.002,600,499
maximin_falsification,departure,random_7,164,1,0.002,600,499
maximin_falsification,departure,random_7,165,1,0.002,600,499
maximin_falsification,departure,random_7,166,1,0.002,600,499
maximin_falsification,departure,random_7,167,1,0.002,600,499
maximin_falsification,departure,random_7,168,1,0.002,600,499
maximin_falsification,departure,random_7,169,1,0.002,600,499
maximin_falsification,departure,random_7,170,1,0.002,600,499
maximin_falsification,departure,random_7,171,1,0.002,600,499
maximin_falsification,departure,random_7,172,1,0.002,600,499
maximin_falsification,departure,random_7,173,1,0.002,600,499
maximin_falsification,departure,random_7,174,1,0.002,600,499
maximin_falsification,departure,random_7,175,1,0.002,600,499
maximin_falsification,departure,random_7,176,1,0.002,600,499
maximin_falsification,departure,random_7,177,1,0.002,600,499
maximin_falsification,departure,random_7,178,1,0.002,600,499
maximin_falsification,departure,random_7,179,1,0.002,600,499
maximin_falsification,departure,random_7,180,1,0.002,600,499
maximin_falsification,departure,random_7,181,1,0.002,600,499
maximin_falsification,departure,random_7,182,1,0.002,600,499
maximin_falsification,departure,random_7,183,1,0.002,600,499
maximin_falsification,departure,random_7,184,1,0.002,600,499
maximin_falsification,departure,random_7,185,1,0.002,600,499
maximin_falsification,departure,random_7,186,1,0.002,600,499
maximin_falsification,departure,random_7,187,1,0.002,600,499
maximin_falsification,departure,random_7,188,1,0.002,600,499
maximin_falsification,departure,random_7,189,1,0.002,600,499
maximin_falsification,departure,random_7,190,1,0.002,600,499
maximin_falsification,departure,random_7,191,1,0.002,600,499
maximin_falsification,departure,random_7,192,1,0.002,600,499
maximin_falsification,departure,random_7,193,1,0.002,600,499
maximin_falsification,departure,random_7,194,1,0.002,600,499
maximin_falsification,departure,random_7,195,1,0.002,600,499
maximin_falsification,departure,random_7,196,1,0.002,600,499
maximin_falsification,departure,random_7,197,1,0.002,600,499
maximin_falsification,departure,random_7,198,1,0.002,600,499
maximin_falsification,departure,random_7,199,1,0.002,600,499
maximin_falsification,departure,random_8,0,1,0.002,600,499
maximin_falsification,departure,random_8,1,1,0.002,600,499
maximin_falsification,departure,random_8,2,1,0.002,600,499
maximin_falsification,departure,random_8,3,1,0.002,600,499
maximin_falsification,departure,random_8,4,1,0.002,600,499
maximin_falsification,departure,random_8,5,1,0.002,600,499
maximin_falsification,departure,random_8,6,1,0.002,600,499
maximin_falsification,departure,random_8,7,1,0.002,600,499
maximin_falsification,departure,random_8,8,1,0.002,600,499
maximin_falsification,departure,random_8,9,1,0.002,600,499
maximin_falsification,departure,random_8,10,1,0.002,600,499
maximin_falsification,departure,random_8,11,1,0.002,600,499
maximin_falsification,departure,random_8,12,1,0.002,600,499
maximin_falsification,departure,random_8,13,1,0.002,600,499
maximin_falsification,departure,random_8,14,1,0.002,600,499
maximin_falsification,departure,random_8,15,1,0.002,600,499
maximin_falsification,departure,random_8,16,1,0.002,600,499
maximin_falsification,departure,random_8,17,1,0.002,600,499
maximin_falsification,departure,random_8,18,1,0.002,600,499
maximin_falsification,departure,random_8,19,1,0.002,600,499
maximin_falsification,departure,random_8,20,1,0.002,600,499
maximin_falsification,departure,random_8,21,1,0.002,600,499
maximin_falsification,departure,random_8,22,1,0.002,600,499
maximin_falsification,departure,random_8,23,1,0.002,600,499
maximin_falsification,departure,random_8,24,1,0.002,600,499
maximin_falsification,departure,random_8,25,1,0.002,600,499
maximin_falsification,departure,random_8,26,1,0.002,600,499
maximin_falsification,departure,random_8,27,1,0.002,600,499
maximin_falsification,departure,random_8,28,1,0.002,600,499
maximin_falsification,departure,random_8,29,1,0.002,600,499
maximin_falsification,departure,random_8,30,1,0.002,600,499
maximin_falsification,departure,random_8,31,1,0.002,600,499
maximin_falsification,departure,random_8,32,1,0.002,600,499
maximin_falsification,departure,random_8,33,1,0.002,600,499
maximin_falsification,departure,random_8,34,1,0.002,600,499
maximin_falsification,departure,random_8,35,1,0.002,600,499
maximin_falsification,departure,random_8,36,1,0.002,600,499
maximin_falsification,departure,random_8,37,1,0.002,600,499
maximin_falsification,departure,random_8,38,1,0.002,600,499
maximin_falsification,departure,random_8,39,1,0.002,600,499
maximin_falsification,departure,random_8,40,1,0.002,600,499
maximin_falsification,departure,random_8,41,1,0.002,600,499
maximin_falsification,departure,random_8,42,1,0.002,600,499
maximin_falsification,departure,random_8,43,1,0.002,600,499
maximin_falsification,departure,random_8,44,1,0.002,600,499
maximin_falsification,departure,random_8,45,1,0.002,600,499
maximin_falsification,departure,random_8,46,1,0.002,600,499
maximin_falsification,departure,random_8,47,1,0.002,600,499
maximin_falsification,departure,random_8,48,1,0.002,600,499
maximin_falsification,departure,random_8,49,1,0.002,600,499
maximin_falsification,departure,random_8,50,1,0.002,600,499
maximin_falsification,departure,random_8,51,1,0.002,600,499
maximin_falsification,departure,random_8,52,1,0.002,600,499
maximin_falsification,departure,random_8,53,1,0.002,600,499
maximin_falsification,departure,random_8,54,1,0.002,600,499
maximin_falsification,departure,random_8,55,1,0.002,600,499
maximin_falsification,departure,random_8,56,1,0.002,600,499
maximin_falsification,departure,random_8,57,1,0.002,600,499
maximin_falsification,departure,random_8,58,1,0.002,600,499
maximin_falsification,departure,random_8,59,1,0.002,600,499
maximin_falsification,departure,random_8,60,1,0.002,600,499
maximin_falsification,departure,random_8,61,1,0.002,600,499
maximin_falsification,departure,random_8,62,1,0.002,600,499
maximin_falsification,departure,random_8,63,1,0.002,600,499
maximin_falsification,departure,random_8,64,1,0.002,600,499
maximin_falsification,departure,random_8,65,1,0.002,600,499
maximin_falsification,departure,random_8,66,1,0.002,600,499
maximin_falsification,departure,random_8,67,1,0.002,600,499
maximin_falsification,departure,random_8,68,1,0.002,600,499
maximin_falsification,departure,random_8,69,1,0.002,600,499
maximin_falsification,departure,random_8,70,1,0.002,600,499
maximin_falsification,departure,random_8,71,1,0.002,600,499
maximin_falsification,departure,random_8,72,1,0.002,600,499
maximin_falsification,departure,random_8,73,1,0.002,600,499
maximin_falsification,departure,random_8,74,1,0.002,600,499
maximin_falsification,departure,random_8,75,1,0.002,600,499
maximin_falsification,departure,random_8,76,1,0.002,600,499
maximin_falsification,departure,random_8,77,1,0.002,600,499
maximin_falsification,departure,random_8,78,1,0.002,600,499
maximin_falsification,departure,random_8,79,1,0.002,600,499
maximin_falsification,departure,random_8,80,1,0.002,600,499
maximin_falsification,departure,random_8,81,1,0.002,600,499
maximin_falsification,departure,random_8,82,1,0.002,600,499
maximin_falsification,departure,random_8,83,1,0.002,600,499
maximin_falsification,departure,random_8,84,1,0.002,600,499
maximin_falsification,departure,random_8,85,1,0.002,600,499
maximin_falsification,departure,random_8,86,1,0.002,600,499
maximin_falsification,departure,random_8,87,1,0.002,600,499
maximin_falsification,departure,random_8,88,1,0.002,600,499
maximin_falsification,departure,random_8,89,1,0.002,600,499
maximin_falsification,departure,random_8,90,1,0.002,600,499
maximin_falsification,departure,random_8,91,1,0.002,600,499
maximin_falsification,departure,random_8,92,1,0.002,600,499
maximin_falsification,departure,random_8,93,1,0.002,600,499
maximin_falsification,departure,random_8,94,1,0.002,600,499
maximin_falsification,departure,random_8,95,1,0.002,600,499
maximin_falsification,departure,random_8,96,1,0.002,600,499
maximin_falsification,departure,random_8,97,1,0.002,600,499
maximin_falsification,departure,random_8,98,1,0.002,600,499
maximin_falsification,departure,random_8,99,1,0.002,600,499
maximin_falsification,departure,random_8,100,1,0.002,600,499
maximin_falsification,departure,random_8,101,1,0.002,600,499
maximin_falsification,departure,random_8,102,1,0.002,600,499
maximin_falsification,departure,random_8,103,1,0.002,600,499
maximin_falsification,departure,random_8,104,1,0.002,600,499
maximin_falsification,departure,random_8,105,1,0.002,600,499
maximin_falsification,departure,random_8,106,1,0.002,600,499
maximin_falsification,departure,random_8,107,1,0.002,600,499
maximin_falsification,departure,random_8,108,1,0.002,600,499
maximin_falsification,departure,random_8,109,1,0.002,600,499
maximin_falsification,departure,random_8,110,1,0.002,600,499
maximin_falsification,departure,random_8,111,1,0.002,600,499
maximin_falsification,departure,random_8,112,1,0.002,600,499
maximin_falsification,departure,random_8,113,1,0.002,600,499
maximin_falsification,departure,random_8,114,1,0.002,600,499
maximin_falsification,departure,random_8,115,1,0.002,600,499
maximin_falsification,departure,random_8,116,1,0.002,600,499
maximin_falsification,departure,random_8,117,1,0.002,600,499
maximin_falsification,departure,random_8,118,1,0.002,600,499
maximin_falsification,departure,random_8,119,1,0.002,600,499
maximin_falsification,departure,random_8,120,1,0.002,600,499
maximin_falsification,departure,random_8,121,1,0.002,600,499
maximin_falsification,departure,random_8,122,1,0.002,600,499
maximin_falsification,departure,random_8,123,1,0.002,600,499
maximin_falsification,departure,random_8,124,1,0.002,600,499
maximin_falsification,departure,random_8,125,1,0.002,600,499
maximin_falsification,departure,random_8,126,1,0.002,600,499
maximin_falsification,departure,random_8,127,1,0.002,600,499
maximin_falsification,departure,random_8,128,1,0.002,600,499
maximin_falsification,departure,random_8,129,1,0.002,600,499
maximin_falsification,departure,random_8,130,1,0.002,600,499
maximin_falsification,departure,random_8,131,1,0.002,600,499
maximin_falsification,departure,random_8,132,1,0.002,600,499
maximin_falsification,departure,random_8,133,1,0.002,600,499
maximin_falsification,departure,random_8,134,1,0.002,600,499
maximin_falsification,departure,random_8,135,1,0.002,600,499
maximin_falsification,departure,random_8,136,1,0.002,600,499
maximin_falsification,departure,random_8,137,1,0.002,600,499
maximin_falsification,departure,random_8,138,1,0.002,600,499
maximin_falsification,departure,random_8,139,1,0.002,600,499
maximin_falsification,departure,random_8,140,1,0.002,600,499
maximin_falsification,departure,random_8,141,1,0.002,600,499
maximin_falsification,departure,random_8,142,1,0.002,600,499
maximin_falsification,departure,random_8,143,1,0.002,600,499
maximin_falsification,departure,random_8,144,1,0.002,600,499
maximin_falsification,departure,random_8,145,1,0.002,600,499
maximin_falsification,departure,random_8,146,1,0.002,600,499
maximin_falsification,departure,random_8,147,1,0.002,600,499
maximin_falsification,departure,random_8,148,1,0.002,600,499
maximin_falsification,departure,random_8,149,1,0.002,600,499
maximin_falsification,departure,random_8,150,1,0.002,600,499
maximin_falsification,departure,random_8,151,1,0.002,600,499
maximin_falsification,departure,random_8,152,1,0.002,600,499
maximin_falsification,departure,random_8,153,1,0.002,600,499
maximin_falsification,departure,random_8,154,1,0.002,600,499
maximin_falsification,departure,random_8,155,1,0.002,600,499
maximin_falsification,departure,random_8,156,1,0.002,600,499
maximin_falsification,departure,random_8,157,1,0.002,600,499
maximin_falsification,departure,random_8,158,1,0.002,600,499
maximin_falsification,departure,random_8,159,1,0.002,600,499
maximin_falsification,departure,random_8,160,1,0.002,600,499
maximin_falsification,departure,random_8,161,1,0.002,600,499
maximin_falsification,departure,random_8,162,1,0.002,600,499
maximin_falsification,departure,random_8,163,1,0.002,600,499
maximin_falsification,departure,random_8,164,1,0.002,600,499
maximin_falsification,departure,random_8,165,1,0.002,600,499
maximin_falsification,departure,random_8,166,1,0.002,600,499
maximin_falsification,departure,random_8,167,1,0.002,600,499
maximin_falsification,departure,random_8,168,1,0.002,600,499
maximin_falsification,departure,random_8,169,1,0.002,600,499
maximin_falsification,departure,random_8,170,1,0.002,600,499
maximin_falsification,departure,random_8,171,1,0.002,600,499
maximin_falsification,departure,random_8,172,1,0.002,600,499
maximin_falsification,departure,random_8,173,1,0.002,600,499
maximin_falsification,departure,random_8,174,1,0.002,600,499
maximin_falsification,departure,random_8,175,1,0.002,600,499
maximin_falsification,departure,random_8,176,1,0.002,600,499
maximin_falsification,departure,random_8,177,1,0.002,600,499
maximin_falsification,departure,random_8,178,1,0.002,600,499
maximin_falsification,departure,random_8,179,1,0.002,600,499
maximin_falsification,departure,random_8,180,1,0.002,600,499
maximin_falsification,departure,random_8,181,1,0.002,600,499
maximin_falsification,departure,random_8,182,1,0.002,600,499
maximin_falsification,departure,random_8,183,1,0.002,600,499
maximin_falsification,departure,random_8,184,1,0.002,600,499
maximin_falsification,departure,random_8,185,1,0.002,600,499
maximin_falsification,departure,random_8,186,1,0.002,600,499
maximin_falsification,departure,random_8,187,1,0.002,600,499
maximin_falsification,departure,random_8,188,1,0.002,600,499
maximin_falsification,departure,random_8,189,1,0.002,600,499
maximin_falsification,departure,random_8,190,1,0.002,600,499
maximin_falsification,departure,random_8,191,1,0.002,600,499
maximin_falsification,departure,random_8,192,1,0.002,600,499
maximin_falsification,departure,random_8,193,1,0.002,600,499
maximin_falsification,departure,random_8,194,1,0.002,600,499
maximin_falsification,departure,random_8,195,1,0.002,600,499
maximin_falsification,departure,random_8,196,1,0.002,600,499
maximin_falsification,departure,random_8,197,1,0.002,600,499
maximin_falsification,departure,random_8,198,1,0.002,600,499
maximin_falsification,departure,random_8,199,1,0.002,600,499
maximin_falsification,departure,random_9,0,1,0.002,600,499
maximin_falsification,departure,random_9,1,1,0.002,600,499
maximin_falsification,departure,random_9,2,1,0.002,600,499
maximin_falsification,departure,random_9,3,1,0.002,600,499
maximin_falsification,departure,random_9,4,1,0.002,600,499
maximin_falsification,departure,random_9,5,1,0.002,600,499
maximin_falsification,departure,random_9,6,1,0.002,600,499
maximin_falsification,departure,random_9,7,1,0.002,600,499
maximin_falsification,departure,random_9,8,1,0.002,600,499
maximin_falsification,departure,random_9,9,1,0.002,600,499
maximin_falsification,departure,random_9,10,1,0.002,600,499
maximin_falsification,departure,random_9,11,1,0.002,600,499
maximin_falsification,departure,random_9,12,1,0.002,600,499
maximin_falsification,departure,random_9,13,1,0.002,600,499
maximin_falsification,departure,random_9,14,1,0.002,600,499
maximin_falsification,departure,random_9,15,1,0.002,600,499
maximin_falsification,departure,random_9,16,1,0.002,600,499
maximin_falsification,departure,random_9,17,1,0.002,600,499
maximin_falsification,departure,random_9,18,1,0.002,600,499
maximin_falsification,departure,random_9,19,1,0.002,600,499
maximin_falsification,departure,random_9,20,1,0.002,600,499
maximin_falsification,departure,random_9,21,1,0.002,600,499
maximin_falsification,departure,random_9,22,1,0.002,600,499
maximin_falsification,departure,random_9,23,1,0.002,600,499
maximin_falsification,departure,random_9,24,1,0.002,600,499
maximin_falsification,departure,random_9,25,1,0.002,600,499
maximin_falsification,departure,random_9,26,1,0.002,600,499
maximin_falsification,departure,random_9,27,1,0.002,600,499
maximin_falsification,departure,random_9,28,1,0.002,600,499
maximin_falsification,departure,random_9,29,1,0.002,600,499
maximin_falsification,departure,random_9,30,1,0.002,600,499
maximin_falsification,departure,random_9,31,1,0.002,600,499
maximin_falsification,departure,random_9,32,1,0.002,600,499
maximin_falsification,departure,random_9,33,1,0.002,600,499
maximin_falsification,departure,random_9,34,1,0.002,600,499
maximin_falsification,departure,random_9,35,1,0.002,600,499
maximin_falsification,departure,random_9,36,1,0.002,600,499
maximin_falsification,departure,random_9,37,1,0.002,600,499
maximin_falsification,departure,random_9,38,1,0.002,600,499
maximin_falsification,departure,random_9,39,1,0.002,600,499
maximin_falsification,departure,random_9,40,1,0.002,600,499
maximin_falsification,departure,random_9,41,1,0.002,600,499
maximin_falsification,departure,random_9,42,1,0.002,600,499
maximin_falsification,departure,random_9,43,1,0.002,600,499
maximin_falsification,departure,random_9,44,1,0.002,600,499
maximin_falsification,departure,random_9,45,1,0.002,600,499
maximin_falsification,departure,random_9,46,1,0.002,600,499
maximin_falsification,departure,random_9,47,1,0.002,600,499
maximin_falsification,departure,random_9,48,1,0.002,600,499
maximin_falsification,departure,random_9,49,1,0.002,600,499
maximin_falsification,departure,random_9,50,1,0.002,600,499
maximin_falsification,departure,random_9,51,1,0.002,600,499
maximin_falsification,departure,random_9,52,1,0.002,600,499
maximin_falsification,departure,random_9,53,1,0.002,600,499
maximin_falsification,departure,random_9,54,1,0.002,600,499
maximin_falsification,departure,random_9,55,1,0.002,600,499
maximin_falsification,departure,random_9,56,1,0.002,600,499
maximin_falsification,departure,random_9,57,1,0.002,600,499
maximin_falsification,departure,random_9,58,1,0.002,600,499
maximin_falsification,departure,random_9,59,1,0.002,600,499
maximin_falsification,departure,random_9,60,1,0.002,600,499
maximin_falsification,departure,random_9,61,1,0.002,600,499
maximin_falsification,departure,random_9,62,1,0.002,600,499
maximin_falsification,departure,random_9,63,1,0.002,600,499
maximin_falsification,departure,random_9,64,1,0.002,600,499
maximin_falsification,departure,random_9,65,1,0.002,600,499
maximin_falsification,departure,random_9,66,1,0.002,600,499
maximin_falsification,departure,random_9,67,1,0.002,600,499
maximin_falsification,departure,random_9,68,1,0.002,600,499
maximin_falsification,departure,random_9,69,1,0.002,600,499
maximin_falsification,departure,random_9,70,1,0.002,600,499
maximin_falsification,departure,random_9,71,1,0.002,600,499
maximin_falsification,departure,random_9,72,1,0.002,600,499
maximin_falsification,departure,random_9,73,1,0.002,600,499
maximin_falsification,departure,random_9,74,1,0.002,600,499
maximin_falsification,departure,random_9,75,1,0.002,600,499
maximin_falsification,departure,random_9,76,1,0.002,600,499
maximin_falsification,departure,random_9,77,1,0.002,600,499
maximin_falsification,departure,random_9,78,1,0.002,600,499
maximin_falsification,departure,random_9,79,1,0.002,600,499
maximin_falsification,departure,random_9,80,1,0.002,600,499
maximin_falsification,departure,random_9,81,1,0.002,600,499
maximin_falsification,departure,random_9,82,1,0.002,600,499
maximin_falsification,departure,random_9,83,1,0.002,600,499
maximin_falsification,departure,random_9,84,1,0.002,600,499
maximin_falsification,departure,random_9,85,1,0.002,600,499
maximin_falsification,departure,random_9,86,1,0.002,600,499
maximin_falsification,departure,random_9,87,1,0.002,600,499
maximin_falsification,departure,random_9,88,1,0.002,600,499
maximin_falsification,departure,random_9,89,1,0.002,600,499
maximin_falsification,departure,random_9,90,1,0.002,600,499
maximin_falsification,departure,random_9,91,1,0.002,600,499
maximin_falsification,departure,random_9,92,1,0.002,600,499
maximin_falsification,departure,random_9,93,1,0.002,600,499
maximin_falsification,departure,random_9,94,1,0.002,600,499
maximin_falsification,departure,random_9,95,1,0.002,600,499
maximin_falsification,departure,random_9,96,1,0.002,600,499
maximin_falsification,departure,random_9,97,1,0.002,600,499
maximin_falsification,departure,random_9,98,1,0.002,600,499
maximin_falsification,departure,random_9,99,1,0.002,600,499
maximin_falsification,departure,random_9,100,1,0.002,600,499
maximin_falsification,departure,random_9,101,1,0.002,600,499
maximin_falsification,departure,random_9,102,1,0.002,600,499
maximin_falsification,departure,random_9,103,1,0.002,600,499
maximin_falsification,departure,random_9,104,1,0.002,600,499
maximin_falsification,departure,random_9,105,1,0.002,600,499
maximin_falsification,departure,random_9,106,1,0.002,600,499
maximin_falsification,departure,random_9,107,1,0.002,600,499
maximin_falsification,departure,random_9,108,1,0.002,600,499
maximin_falsification,departure,random_9,109,1,0.002,600,499
maximin_falsification,departure,random_9,110,1,0.002,600,499
maximin_falsification,departure,random_9,111,1,0.002,600,499
maximin_falsification,departure,random_9,112,1,0.002,600,499
maximin_falsification,departure,random_9,113,1,0.002,600,499
maximin_falsification,departure,random_9,114,1,0.002,600,499
maximin_falsification,departure,random_9,115,1,0.002,600,499
maximin_falsification,departure,random_9,116,1,0.002,600,499
maximin_falsification,departure,random_9,117,1,0.002,600,499
maximin_falsification,departure,random_9,118,1,0.002,600,499
maximin_falsification,departure,random_9,119,1,0.002,600,499
maximin_falsification,departure,random_9,120,1,0.002,600,499
maximin_falsification,departure,random_9,121,1,0.002,600,499
maximin_falsification,departure,random_9,122,1,0.002,600,499
maximin_falsification,departure,random_9,123,1,0.002,600,499
maximin_falsification,departure,random_9,124,1,0.002,600,499
maximin_falsification,departure,random_9,125,1,0.002,600,499
maximin_falsification,departure,random_9,126,1,0.002,600,499
maximin_falsification,departure,random_9,127,1,0.002,600,499
maximin_falsification,departure,random_9,128,1,0.002,600,499
maximin_falsification,departure,random_9,129,1,0.002,600,499
maximin_falsification,departure,random_9,130,1,0.002,600,499
maximin_falsification,departure,random_9,131,1,0.002,600,499
maximin_falsification,departure,random_9,132,1,0.002,600,499
maximin_falsification,departure,random_9,133,1,0.002,600,499
maximin_falsification,departure,random_9,134,1,0.002,600,499
maximin_falsification,departure,random_9,135,1,0.002,600,499
maximin_falsification,departure,random_9,136,1,0.002,600,499
maximin_falsification,departure,random_9,137,1,0.002,600,499
maximin_falsification,departure,random_9,138,1,0.002,600,499
maximin_falsification,departure,random_9,139,1,0.002,600,499
maximin_falsification,departure,random_9,140,1,0.002,600,499
maximin_falsification,departure,random_9,141,1,0.002,600,499
maximin_falsification,departure,random_9,142,1,0.002,600,499
maximin_falsification,departure,random_9,143,1,0.002,600,499
maximin_falsification,departure,random_9,144,1,0.002,600,499
maximin_falsification,departure,random_9,145,1,0.002,600,499
maximin_falsification,departure,random_9,146,1,0.002,600,499
maximin_falsification,departure,random_9,147,1,0.002,600,499
maximin_falsification,departure,random_9,148,1,0.002,600,499
maximin_falsification,departure,random_9,149,1,0.002,600,499
maximin_falsification,departure,random_9,150,1,0.002,600,499
maximin_falsification,departure,random_9,151,1,0.002,600,499
maximin_falsification,departure,random_9,152,1,0.002,600,499
maximin_falsification,departure,random_9,153,1,0.002,600,499
maximin_falsification,departure,random_9,154,1,0.002,600,499
maximin_falsification,departure,random_9,155,1,0.002,600,499
maximin_falsification,departure,random_9,156,1,0.002,600,499
maximin_falsification,departure,random_9,157,1,0.002,600,499
maximin_falsification,departure,random_9,158,1,0.002,600,499
maximin_falsification,departure,random_9,159,1,0.002,600,499
maximin_falsification,departure,random_9,160,1,0.002,600,499
maximin_falsification,departure,random_9,161,1,0.002,600,499
maximin_falsification,departure,random_9,162,1,0.002,600,499
maximin_falsification,departure,random_9,163,1,0.002,600,499
maximin_falsification,departure,random_9,164,1,0.002,600,499
maximin_falsification,departure,random_9,165,1,0.002,600,499
maximin_falsification,departure,random_9,166,1,0.002,600,499
maximin_falsification,departure,random_9,167,1,0.002,600,499
maximin_falsification,departure,random_9,168,1,0.002,600,499
maximin_falsification,departure,random_9,169,1,0.002,600,499
maximin_falsification,departure,random_9,170,1,0.002,600,499
maximin_falsification,departure,random_9,171,1,0.002,600,499
maximin_falsification,departure,random_9,172,1,0.002,600,499
maximin_falsification,departure,random_9,173,1,0.002,600,499
maximin_falsification,departure,random_9,174,1,0.002,600,499
maximin_falsification,departure,random_9,175,1,0.002,600,499
maximin_falsification,departure,random_9,176,1,0.002,600,499
maximin_falsification,departure,random_9,177,1,0.002,600,499
maximin_falsification,departure,random_9,178,1,0.002,600,499
maximin_falsification,departure,random_9,179,1,0.002,600,499
maximin_falsification,departure,random_9,180,1,0.002,600,499
maximin_falsification,departure,random_9,181,1,0.002,600,499
maximin_falsification,departure,random_9,182,1,0.002,600,499
maximin_falsification,departure,random_9,183,1,0.002,600,499
maximin_falsification,departure,random_9,184,1,0.002,600,499
maximin_falsification,departure,random_9,185,1,0.002,600,499
maximin_falsification,departure,random_9,186,1,0.002,600,499
maximin_falsification,departure,random_9,187,1,0.002,600,499
maximin_falsification,departure,random_9,188,1,0.002,600,499
maximin_falsification,departure,random_9,189,1,0.002,600,499
maximin_falsification,departure,random_9,190,1,0.002,600,499
maximin_falsification,departure,random_9,191,1,0.002,600,499
maximin_falsification,departure,random_9,192,1,0.002,600,499
maximin_falsification,departure,random_9,193,1,0.002,600,499
maximin_falsification,departure,random_9,194,1,0.002,600,499
maximin_falsification,departure,random_9,195,1,0.002,600,499
maximin_falsification,departure,random_9,196,1,0.002,600,499
maximin_falsification,departure,random_9,197,1,0.002,600,499
maximin_falsification,departure,random_9,198,1,0.002,600,499
maximin_falsification,departure,random_9,199,1,0.002,600,499
