design,condition,rep,candidate,pairs,pvalue,reject
fixed,additive,0,additive,900,0.635,0
fixed,additive,1,additive,900,0.12,0
fixed,additive,2,additive,900,0.555,0
fixed,additive,3,additive,900,0.38,0
fixed,additive,4,additive,900,0.76,0
fixed,additive,5,additive,900,0.56,0
fixed,additive,6,additive,900,0.04,1
fixed,additive,7,additive,900,0.52,0
fixed,additive,8,additive,900,0.62,0
fixed,additive,9,additive,900,0.48,0
fixed,additive,10,additive,900,0.69,0
fixed,additive,11,additive,900,0.635,0
fixed,additive,12,additive,900,0.735,0
fixed,additive,13,additive,900,0.81,0
fixed,additive,14,additive,900,0.72,0
fixed,additive,15,additive,900,0.685,0
fixed,additive,16,additive,900,0.1,0
fixed,additive,17,additive,900,0.655,0
fixed,additive,18,additive,900,0.22,0
fixed,additive,19,additive,900,0.95,0
fixed,additive,20,additive,900,0.82,0
fixed,additive,21,additive,900,0.375,0
fixed,additive,22,additive,900,0.33,0
fixed,additive,23,additive,900,0.97,0
fixed,additive,24,additive,900,0.58,0
fixed,additive,25,additive,900,0.265,0
fixed,additive,26,additive,900,0.515,0
fixed,additive,27,additive,900,0.825,0
fixed,additive,28,additive,900,0.655,0
fixed,additive,29,additive,900,0.17,0
fixed,additive,30,additive,900,0.52,0
fixed,additive,31,additive,900,0.63,0
fixed,additive,32,additive,900,0.945,0
fixed,additive,33,additive,900,0.325,0
fixed,additive,34,additive,900,0.395,0
fixed,additive,35,additive,900,0.045,1
fixed,additive,36,additive,900,0.875,0
fixed,additive,37,additive,900,0.01,1
fixed,additive,38,additive,900,1.0,0
fixed,additive,39,additive,900,0.34,0
fixed,additive,40,additive,900,0.73,0
fixed,additive,41,additive,900,0.985,0
fixed,additive,42,additive,900,0.205,0
fixed,additive,43,additive,900,0.2,0
fixed,additive,44,additive,900,0.64,0
fixed,additive,45,additive,900,0.905,0
fixed,additive,46,additive,900,0.55,0
fixed,additive,47,additive,900,0.16,0
fixed,additive,48,additive,900,0.88,0
fixed,additive,49,additive,900,0.88,0
fixed,nonlinear,0,additive,900,0.08,0
fixed,nonlinear,0,oracle_term,900,0.45,0
fixed,nonlinear,1,additive,900,0.005,1
fixed,nonlinear,1,oracle_term,900,0.53,0
fixed,nonlinear,2,additive,900,0.005,1
fixed,nonlinear,2,oracle_term,900,0.565,0
fixed,nonlinear,3,additive,900,0.05,0
fixed,nonlinear,3,oracle_term,900,0.295,0
fixed,nonlinear,4,additive,900,0.005,1
fixed,nonlinear,4,oracle_term,900,0.71,0
fixed,nonlinear,5,additive,900,0.01,1
fixed,nonlinear,5,oracle_term,900,0.99,0
fixed,nonlinear,6,additive,900,0.005,1
fixed,nonlinear,6,oracle_term,900,0.32,0
fixed,nonlinear,7,additive,900,0.005,1
fixed,nonlinear,7,oracle_term,900,0.62,0
fixed,nonlinear,8,additive,900,0.005,1
fixed,nonlinear,8,oracle_term,900,0.025,1
fixed,nonlinear,9,additive,900,0.005,1
fixed,nonlinear,9,oracle_term,900,0.51,0
fixed,nonlinear,10,additive,900,0.04,1
fixed,nonlinear,10,oracle_term,900,0.105,0
fixed,nonlinear,11,additive,900,0.01,1
fixed,nonlinear,11,oracle_term,900,0.875,0
fixed,nonlinear,12,additive,900,0.115,0
fixed,nonlinear,12,oracle_term,900,0.395,0
fixed,nonlinear,13,additive,900,0.01,1
fixed,nonlinear,13,oracle_term,900,0.945,0
fixed,nonlinear,14,additive,900,0.03,1
fixed,nonlinear,14,oracle_term,900,0.86,0
fixed,nonlinear,15,additive,900,0.005,1
fixed,nonlinear,15,oracle_term,900,0.48,0
fixed,nonlinear,16,additive,900,0.01,1
fixed,nonlinear,16,oracle_term,900,0.805,0
fixed,nonlinear,17,additive,900,0.055,0
fixed,nonlinear,17,oracle_term,900,0.385,0
fixed,nonlinear,18,additive,900,0.39,0
fixed,nonlinear,18,oracle_term,900,0.265,0
fixed,nonlinear,19,additive,900,0.005,1
fixed,nonlinear,19,oracle_term,900,0.795,0
fixed,nonlinear,20,additive,900,0.08,0
fixed,nonlinear,20,oracle_term,900,0.44,0
fixed,nonlinear,21,additive,900,0.005,1
fixed,nonlinear,21,oracle_term,900,0.24,0
fixed,nonlinear,22,additive,900,0.015,1
fixed,nonlinear,22,oracle_term,900,0.56,0
fixed,nonlinear,23,additive,900,0.005,1
fixed,nonlinear,23,oracle_term,900,0.675,0
fixed,nonlinear,24,additive,900,0.015,1
fixed,nonlinear,24,oracle_term,900,0.465,0
fixed,nonlinear,25,additive,900,0.005,1
fixed,nonlinear,25,oracle_term,900,0.78,0
fixed,nonlinear,26,additive,900,0.025,1
fixed,nonlinear,26,oracle_term,900,0.59,0
fixed,nonlinear,27,additive,900,0.03,1
fixed,nonlinear,27,oracle_term,900,0.22,0
fixed,nonlinear,28,additive,900,0.06,0
fixed,nonlinear,28,oracle_term,900,0.27,0
fixed,nonlinear,29,additive,900,0.005,1
fixed,nonlinear,29,oracle_term,900,0.085,0
fixed,nonlinear,30,additive,900,0.005,1
fixed,nonlinear,30,oracle_term,900,0.165,0
fixed,nonlinear,31,additive,900,0.01,1
fixed,nonlinear,31,oracle_term,900,0.92,0
fixed,nonlinear,32,additive,900,0.01,1
fixed,nonlinear,32,oracle_term,900,0.85,0
fixed,nonlinear,33,additive,900,0.005,1
fixed,nonlinear,33,oracle_term,900,0.265,0
fixed,nonlinear,34,additive,900,0.03,1
fixed,nonlinear,34,oracle_term,900,0.415,0
fixed,nonlinear,35,additive,900,0.01,1
fixed,nonlinear,35,oracle_term,900,0.325,0
fixed,nonlinear,36,additive,900,0.01,1
fixed,nonlinear,36,oracle_term,900,0.435,0
fixed,nonlinear,37,additive,900,0.005,1
fixed,nonlinear,37,oracle_term,900,0.04,1
fixed,nonlinear,38,additive,900,0.025,1
fixed,nonlinear,38,oracle_term,900,0.725,0
fixed,nonlinear,39,additive,900,0.005,1
fixed,nonlinear,39,oracle_term,900,0.32,0
fixed,nonlinear,40,additive,900,0.135,0
fixed,nonlinear,40,oracle_term,900,0.51,0
fixed,nonlinear,41,additive,900,0.005,1
fixed,nonlinear,41,oracle_term,900,0.3,0
fixed,nonlinear,42,additive,900,0.015,1
fixed,nonlinear,42,oracle_term,900,0.73,0
fixed,nonlinear,43,additive,900,0.005,1
fixed,nonlinear,43,oracle_term,900,0.29,0
fixed,nonlinear,44,additive,900,0.005,1
fixed,nonlinear,44,oracle_term,900,0.04,1
fixed,nonlinear,45,additive,900,0.07,0
fixed,nonlinear,45,oracle_term,900,0.94,0
fixed,nonlinear,46,additive,900,0.005,1
fixed,nonlinear,46,oracle_term,900,0.795,0
fixed,nonlinear,47,additive,900,0.005,1
fixed,nonlinear,47,oracle_term,900,0.005,1
fixed,nonlinear,48,additive,900,0.01,1
fixed,nonlinear,48,oracle_term,900,0.665,0
fixed,nonlinear,49,additive,900,0.03,1
fixed,nonlinear,49,oracle_term,900,0.49,0
fixed,threshold,0,additive,900,0.005,1
fixed,threshold,0,oracle_term,900,0.72,0
fixed,threshold,1,additive,900,0.005,1
fixed,threshold,1,oracle_term,900,0.275,0
fixed,threshold,2,additive,900,0.005,1
fixed,threshold,2,oracle_term,900,0.445,0
fixed,threshold,3,additive,900,0.005,1
fixed,threshold,3,oracle_term,900,0.425,0
fixed,threshold,4,additive,900,0.005,1
fixed,threshold,4,oracle_term,900,0.965,0
fixed,threshold,5,additive,900,0.005,1
fixed,threshold,5,oracle_term,900,0.385,0
fixed,threshold,6,additive,900,0.005,1
fixed,threshold,6,oracle_term,900,0.17,0
fixed,threshold,7,additive,900,0.005,1
fixed,threshold,7,oracle_term,900,0.585,0
fixed,threshold,8,additive,900,0.005,1
fixed,threshold,8,oracle_term,900,0.895,0
fixed,threshold,9,additive,900,0.005,1
fixed,threshold,9,oracle_term,900,0.445,0
fixed,threshold,10,additive,900,0.005,1
fixed,threshold,10,oracle_term,900,0.785,0
fixed,threshold,11,additive,900,0.005,1
fixed,threshold,11,oracle_term,900,0.88,0
fixed,threshold,12,additive,900,0.005,1
fixed,threshold,12,oracle_term,900,0.54,0
fixed,threshold,13,additive,900,0.005,1
fixed,threshold,13,oracle_term,900,0.935,0
fixed,threshold,14,additive,900,0.005,1
fixed,threshold,14,oracle_term,900,0.315,0
fixed,threshold,15,additive,900,0.005,1
fixed,threshold,15,oracle_term,900,0.535,0
fixed,threshold,16,additive,900,0.005,1
fixed,threshold,16,oracle_term,900,0.37,0
fixed,threshold,17,additive,900,0.005,1
fixed,threshold,17,oracle_term,900,0.28,0
fixed,threshold,18,additive,900,0.005,1
fixed,threshold,18,oracle_term,900,0.075,0
fixed,threshold,19,additive,900,0.005,1
fixed,threshold,19,oracle_term,900,0.655,0
fixed,threshold,20,additive,900,0.005,1
fixed,threshold,20,oracle_term,900,0.37,0
fixed,threshold,21,additive,900,0.005,1
fixed,threshold,21,oracle_term,900,0.165,0
fixed,threshold,22,additive,900,0.005,1
fixed,threshold,22,oracle_term,900,0.97,0
fixed,threshold,23,additive,900,0.005,1
fixed,threshold,23,oracle_term,900,0.435,0
fixed,threshold,24,additive,900,0.005,1
fixed,threshold,24,oracle_term,900,0.63,0
fixed,threshold,25,additive,900,0.005,1
fixed,threshold,25,oracle_term,900,0.385,0
fixed,threshold,26,additive,900,0.005,1
fixed,threshold,26,oracle_term,900,0.445,0
fixed,threshold,27,additive,900,0.005,1
fixed,threshold,27,oracle_term,900,0.73,0
fixed,threshold,28,additive,900,0.005,1
fixed,threshold,28,oracle_term,900,0.485,0
fixed,threshold,29,additive,900,0.005,1
fixed,threshold,29,oracle_term,900,1.0,0
fixed,threshold,30,additive,900,0.005,1
fixed,threshold,30,oracle_term,900,0.8,0
fixed,threshold,31,additive,900,0.005,1
fixed,threshold,31,oracle_term,900,0.885,0
fixed,threshold,32,additive,900,0.005,1
fixed,threshold,32,oracle_term,900,0.82,0
fixed,threshold,33,additive,900,0.005,1
fixed,threshold,33,oracle_term,900,0.09,0
fixed,threshold,34,additive,900,0.005,1
fixed,threshold,34,oracle_term,900,0.675,0
fixed,threshold,35,additive,900,0.005,1
fixed,threshold,35,oracle_term,900,0.13,0
fixed,threshold,36,additive,900,0.005,1
fixed,threshold,36,oracle_term,900,0.44,0
fixed,threshold,37,additive,900,0.005,1
fixed,threshold,37,oracle_term,900,0.035,1
fixed,threshold,38,additive,900,0.005,1
fixed,threshold,38,oracle_term,900,0.525,0
fixed,threshold,39,additive,900,0.005,1
fixed,threshold,39,oracle_term,900,0.745,0
fixed,threshold,40,additive,900,0.005,1
fixed,threshold,40,oracle_term,900,0.845,0
fixed,threshold,41,additive,900,0.005,1
fixed,threshold,41,oracle_term,900,0.8,0
fixed,threshold,42,additive,900,0.005,1
fixed,threshold,42,oracle_term,900,0.32,0
fixed,threshold,43,additive,900,0.005,1
fixed,threshold,43,oracle_term,900,0.425,0
fixed,threshold,44,additive,900,0.005,1
fixed,threshold,44,oracle_term,900,0.21,0
fixed,threshold,45,additive,900,0.005,1
fixed,threshold,45,oracle_term,900,0.685,0
fixed,threshold,46,additive,900,0.005,1
fixed,threshold,46,oracle_term,900,0.61,0
fixed,threshold,47,additive,900,0.005,1
fixed,threshold,47,oracle_term,900,0.195,0
fixed,threshold,48,additive,900,0.005,1
fixed,threshold,48,oracle_term,900,0.825,0
fixed,threshold,49,additive,900,0.005,1
fixed,threshold,49,oracle_term,900,0.495,0
fixed,interaction,0,additive,900,0.005,1
fixed,interaction,0,oracle_term,900,0.425,0
fixed,interaction,1,additive,900,0.005,1
fixed,interaction,1,oracle_term,900,0.9,0
fixed,interaction,2,additive,900,0.005,1
fixed,interaction,2,oracle_term,900,0.76,0
fixed,interaction,3,additive,900,0.005,1
fixed,interaction,3,oracle_term,900,0.37,0
fixed,interaction,4,additive,900,0.005,1
fixed,interaction,4,oracle_term,900,0.765,0
fixed,interaction,5,additive,900,0.005,1
fixed,interaction,5,oracle_term,900,0.545,0
fixed,interaction,6,additive,900,0.005,1
fixed,interaction,6,oracle_term,900,0.005,1
fixed,interaction,7,additive,900,0.005,1
fixed,interaction,7,oracle_term,900,0.38,0
fixed,interaction,8,additive,900,0.005,1
fixed,interaction,8,oracle_term,900,0.38,0
fixed,interaction,9,additive,900,0.005,1
fixed,interaction,9,oracle_term,900,0.38,0
fixed,interaction,10,additive,900,0.005,1
fixed,interaction,10,oracle_term,900,0.155,0
fixed,interaction,11,additive,900,0.005,1
fixed,interaction,11,oracle_term,900,0.22,0
fixed,interaction,12,additive,900,0.005,1
fixed,interaction,12,oracle_term,900,0.515,0
fixed,interaction,13,additive,900,0.005,1
fixed,interaction,13,oracle_term,900,0.8,0
fixed,interaction,14,additive,900,0.005,1
fixed,interaction,14,oracle_term,900,0.63,0
fixed,interaction,15,additive,900,0.005,1
fixed,interaction,15,oracle_term,900,0.45,0
fixed,interaction,16,additive,900,0.005,1
fixed,interaction,16,oracle_term,900,0.97,0
fixed,interaction,17,additive,900,0.005,1
fixed,interaction,17,oracle_term,900,0.765,0
fixed,interaction,18,additive,900,0.005,1
fixed,interaction,18,oracle_term,900,0.81,0
fixed,interaction,19,additive,900,0.005,1
fixed,interaction,19,oracle_term,900,0.81,0
fixed,interaction,20,additive,900,0.005,1
fixed,interaction,20,oracle_term,900,0.025,1
fixed,interaction,21,additive,900,0.005,1
fixed,interaction,21,oracle_term,900,0.33,0
fixed,interaction,22,additive,900,0.005,1
fixed,interaction,22,oracle_term,900,0.445,0
fixed,interaction,23,additive,900,0.005,1
fixed,interaction,23,oracle_term,900,0.17,0
fixed,interaction,24,additive,900,0.005,1
fixed,interaction,24,oracle_term,900,0.815,0
fixed,interaction,25,additive,900,0.005,1
fixed,interaction,25,oracle_term,900,0.935,0
fixed,interaction,26,additive,900,0.005,1
fixed,interaction,26,oracle_term,900,0.53,0
fixed,interaction,27,additive,900,0.005,1
fixed,interaction,27,oracle_term,900,0.76,0
fixed,interaction,28,additive,900,0.005,1
fixed,interaction,28,oracle_term,900,0.27,0
fixed,interaction,29,additive,900,0.005,1
fixed,interaction,29,oracle_term,900,0.295,0
fixed,interaction,30,additive,900,0.005,1
fixed,interaction,30,oracle_term,900,0.83,0
fixed,interaction,31,additive,900,0.005,1
fixed,interaction,31,oracle_term,900,0.615,0
fixed,interaction,32,additive,900,0.005,1
fixed,interaction,32,oracle_term,900,0.815,0
fixed,interaction,33,additive,900,0.005,1
fixed,interaction,33,oracle_term,900,0.82,0
fixed,interaction,34,additive,900,0.005,1
fixed,interaction,34,oracle_term,900,0.825,0
fixed,interaction,35,additive,900,0.005,1
fixed,interaction,35,oracle_term,900,0.83,0
fixed,interaction,36,additive,900,0.005,1
fixed,interaction,36,oracle_term,900,0.705,0
fixed,interaction,37,additive,900,0.005,1
fixed,interaction,37,oracle_term,900,0.235,0
fixed,interaction,38,additive,900,0.005,1
fixed,interaction,38,oracle_term,900,0.705,0
fixed,interaction,39,additive,900,0.005,1
fixed,interaction,39,oracle_term,900,0.79,0
fixed,interaction,40,additive,900,0.005,1
fixed,interaction,40,oracle_term,900,0.595,0
fixed,interaction,41,additive,900,0.005,1
fixed,interaction,41,oracle_term,900,0.255,0
fixed,interaction,42,additive,900,0.005,1
fixed,interaction,42,oracle_term,900,0.655,0
fixed,interaction,43,additive,900,0.005,1
fixed,interaction,43,oracle_term,900,0.185,0
fixed,interaction,44,additive,900,0.005,1
fixed,interaction,44,oracle_term,900,0.295,0
fixed,interaction,45,additive,900,0.005,1
fixed,interaction,45,oracle_term,900,0.765,0
fixed,interaction,46,additive,900,0.005,1
fixed,interaction,46,oracle_term,900,0.895,0
fixed,interaction,47,additive,900,0.005,1
fixed,interaction,47,oracle_term,900,0.24,0
fixed,interaction,48,additive,900,0.005,1
fixed,interaction,48,oracle_term,900,0.275,0
fixed,interaction,49,additive,900,0.005,1
fixed,interaction,49,oracle_term,900,0.87,0
fixed,random_price,0,additive,900,0.73,0
fixed,random_price,1,additive,900,0.04,1
fixed,random_price,2,additive,900,0.65,0
fixed,random_price,3,additive,900,0.275,0
fixed,random_price,4,additive,900,0.795,0
fixed,random_price,5,additive,900,0.675,0
fixed,random_price,6,additive,900,0.46,0
fixed,random_price,7,additive,900,0.37,0
fixed,random_price,8,additive,900,0.645,0
fixed,random_price,9,additive,900,0.415,0
fixed,random_price,10,additive,900,0.49,0
fixed,random_price,11,additive,900,0.6,0
fixed,random_price,12,additive,900,0.67,0
fixed,random_price,13,additive,900,0.655,0
fixed,random_price,14,additive,900,0.555,0
fixed,random_price,15,additive,900,0.615,0
fixed,random_price,16,additive,900,0.625,0
fixed,random_price,17,additive,900,0.44,0
fixed,random_price,18,additive,900,0.795,0
fixed,random_price,19,additive,900,0.035,1
fixed,random_price,20,additive,900,0.085,0
fixed,random_price,21,additive,900,0.03,1
fixed,random_price,22,additive,900,0.35,0
fixed,random_price,23,additive,900,0.4,0
fixed,random_price,24,additive,900,0.21,0
fixed,random_price,25,additive,900,0.585,0
fixed,random_price,26,additive,900,0.49,0
fixed,random_price,27,additive,900,0.515,0
fixed,random_price,28,additive,900,0.89,0
fixed,random_price,29,additive,900,0.825,0
fixed,random_price,30,additive,900,0.78,0
fixed,random_price,31,additive,900,0.115,0
fixed,random_price,32,additive,900,0.775,0
fixed,random_price,33,additive,900,0.73,0
fixed,random_price,34,additive,900,0.07,0
fixed,random_price,35,additive,900,0.835,0
fixed,random_price,36,additive,900,0.265,0
fixed,random_price,37,additive,900,0.665,0
fixed,random_price,38,additive,900,0.36,0
fixed,random_price,39,additive,900,0.575,0
fixed,random_price,40,additive,900,0.79,0
fixed,random_price,41,additive,900,0.15,0
fixed,random_price,42,additive,900,0.085,0
fixed,random_price,43,additive,900,0.36,0
fixed,random_price,44,additive,900,0.505,0
fixed,random_price,45,additive,900,0.185,0
fixed,random_price,46,additive,900,0.865,0
fixed,random_price,47,additive,900,0.74,0
fixed,random_price,48,additive,900,0.795,0
fixed,random_price,49,additive,900,0.76,0
fixed,nonlinear_random_price,0,additive,900,0.025,1
fixed,nonlinear_random_price,0,oracle_term,900,0.525,0
fixed,nonlinear_random_price,1,additive,900,0.005,1
fixed,nonlinear_random_price,1,oracle_term,900,0.265,0
fixed,nonlinear_random_price,2,additive,900,0.005,1
fixed,nonlinear_random_price,2,oracle_term,900,0.155,0
fixed,nonlinear_random_price,3,additive,900,0.195,0
fixed,nonlinear_random_price,3,oracle_term,900,0.48,0
fixed,nonlinear_random_price,4,additive,900,0.005,1
fixed,nonlinear_random_price,4,oracle_term,900,0.66,0
fixed,nonlinear_random_price,5,additive,900,0.015,1
fixed,nonlinear_random_price,5,oracle_term,900,0.935,0
fixed,nonlinear_random_price,6,additive,900,0.04,1
fixed,nonlinear_random_price,6,oracle_term,900,0.435,0
fixed,nonlinear_random_price,7,additive,900,0.005,1
fixed,nonlinear_random_price,7,oracle_term,900,0.9,0
fixed,nonlinear_random_price,8,additive,900,0.01,1
fixed,nonlinear_random_price,8,oracle_term,900,0.345,0
fixed,nonlinear_random_price,9,additive,900,0.015,1
fixed,nonlinear_random_price,9,oracle_term,900,0.945,0
fixed,nonlinear_random_price,10,additive,900,0.03,1
fixed,nonlinear_random_price,10,oracle_term,900,0.95,0
fixed,nonlinear_random_price,11,additive,900,0.005,1
fixed,nonlinear_random_price,11,oracle_term,900,0.55,0
fixed,nonlinear_random_price,12,additive,900,0.005,1
fixed,nonlinear_random_price,12,oracle_term,900,0.255,0
fixed,nonlinear_random_price,13,additive,900,0.005,1
fixed,nonlinear_random_price,13,oracle_term,900,0.275,0
fixed,nonlinear_random_price,14,additive,900,0.005,1
fixed,nonlinear_random_price,14,oracle_term,900,0.955,0
fixed,nonlinear_random_price,15,additive,900,0.075,0
fixed,nonlinear_random_price,15,oracle_term,900,0.455,0
fixed,nonlinear_random_price,16,additive,900,0.005,1
fixed,nonlinear_random_price,16,oracle_term,900,0.885,0
fixed,nonlinear_random_price,17,additive,900,0.005,1
fixed,nonlinear_random_price,17,oracle_term,900,0.88,0
fixed,nonlinear_random_price,18,additive,900,0.005,1
fixed,nonlinear_random_price,18,oracle_term,900,0.43,0
fixed,nonlinear_random_price,19,additive,900,0.005,1
fixed,nonlinear_random_price,19,oracle_term,900,0.055,0
fixed,nonlinear_random_price,20,additive,900,0.125,0
fixed,nonlinear_random_price,20,oracle_term,900,0.8,0
fixed,nonlinear_random_price,21,additive,900,0.245,0
fixed,nonlinear_random_price,21,oracle_term,900,0.195,0
fixed,nonlinear_random_price,22,additive,900,0.065,0
fixed,nonlinear_random_price,22,oracle_term,900,0.66,0
fixed,nonlinear_random_price,23,additive,900,0.215,0
fixed,nonlinear_random_price,23,oracle_term,900,0.15,0
fixed,nonlinear_random_price,24,additive,900,0.185,0
fixed,nonlinear_random_price,24,oracle_term,900,0.045,1
fixed,nonlinear_random_price,25,additive,900,0.08,0
fixed,nonlinear_random_price,25,oracle_term,900,0.54,0
fixed,nonlinear_random_price,26,additive,900,0.005,1
fixed,nonlinear_random_price,26,oracle_term,900,0.58,0
fixed,nonlinear_random_price,27,additive,900,0.175,0
fixed,nonlinear_random_price,27,oracle_term,900,0.34,0
fixed,nonlinear_random_price,28,additive,900,0.03,1
fixed,nonlinear_random_price,28,oracle_term,900,0.99,0
fixed,nonlinear_random_price,29,additive,900,0.02,1
fixed,nonlinear_random_price,29,oracle_term,900,0.685,0
fixed,nonlinear_random_price,30,additive,900,0.045,1
fixed,nonlinear_random_price,30,oracle_term,900,1.0,0
fixed,nonlinear_random_price,31,additive,900,0.09,0
fixed,nonlinear_random_price,31,oracle_term,900,0.33,0
fixed,nonlinear_random_price,32,additive,900,0.005,1
fixed,nonlinear_random_price,32,oracle_term,900,0.295,0
fixed,nonlinear_random_price,33,additive,900,0.09,0
fixed,nonlinear_random_price,33,oracle_term,900,0.105,0
fixed,nonlinear_random_price,34,additive,900,0.005,1
fixed,nonlinear_random_price,34,oracle_term,900,0.99,0
fixed,nonlinear_random_price,35,additive,900,0.005,1
fixed,nonlinear_random_price,35,oracle_term,900,0.855,0
fixed,nonlinear_random_price,36,additive,900,0.045,1
fixed,nonlinear_random_price,36,oracle_term,900,0.685,0
fixed,nonlinear_random_price,37,additive,900,0.145,0
fixed,nonlinear_random_price,37,oracle_term,900,0.275,0
fixed,nonlinear_random_price,38,additive,900,0.01,1
fixed,nonlinear_random_price,38,oracle_term,900,0.935,0
fixed,nonlinear_random_price,39,additive,900,0.025,1
fixed,nonlinear_random_price,39,oracle_term,900,0.865,0
fixed,nonlinear_random_price,40,additive,900,0.025,1
fixed,nonlinear_random_price,40,oracle_term,900,0.735,0
fixed,nonlinear_random_price,41,additive,900,0.005,1
fixed,nonlinear_random_price,41,oracle_term,900,0.13,0
fixed,nonlinear_random_price,42,additive,900,0.005,1
fixed,nonlinear_random_price,42,oracle_term,900,0.105,0
fixed,nonlinear_random_price,43,additive,900,0.005,1
fixed,nonlinear_random_price,43,oracle_term,900,0.92,0
fixed,nonlinear_random_price,44,additive,900,0.005,1
fixed,nonlinear_random_price,44,oracle_term,900,0.555,0
fixed,nonlinear_random_price,45,additive,900,0.005,1
fixed,nonlinear_random_price,45,oracle_term,900,0.23,0
fixed,nonlinear_random_price,46,additive,900,0.005,1
fixed,nonlinear_random_price,46,oracle_term,900,0.08,0
fixed,nonlinear_random_price,47,additive,900,0.25,0
fixed,nonlinear_random_price,47,oracle_term,900,0.29,0
fixed,nonlinear_random_price,48,additive,900,0.005,1
fixed,nonlinear_random_price,48,oracle_term,900,0.66,0
fixed,nonlinear_random_price,49,additive,900,0.005,1
fixed,nonlinear_random_price,49,oracle_term,900,0.22,0
fixed,interaction_random_price,0,additive,900,0.005,1
fixed,interaction_random_price,0,oracle_term,900,0.065,0
fixed,interaction_random_price,1,additive,900,0.005,1
fixed,interaction_random_price,1,oracle_term,900,0.075,0
fixed,interaction_random_price,2,additive,900,0.005,1
fixed,interaction_random_price,2,oracle_term,900,0.215,0
fixed,interaction_random_price,3,additive,900,0.005,1
fixed,interaction_random_price,3,oracle_term,900,0.875,0
fixed,interaction_random_price,4,additive,900,0.005,1
fixed,interaction_random_price,4,oracle_term,900,0.93,0
fixed,interaction_random_price,5,additive,900,0.005,1
fixed,interaction_random_price,5,oracle_term,900,0.475,0
fixed,interaction_random_price,6,additive,900,0.005,1
fixed,interaction_random_price,6,oracle_term,900,0.695,0
fixed,interaction_random_price,7,additive,900,0.005,1
fixed,interaction_random_price,7,oracle_term,900,0.525,0
fixed,interaction_random_price,8,additive,900,0.005,1
fixed,interaction_random_price,8,oracle_term,900,0.705,0
fixed,interaction_random_price,9,additive,900,0.005,1
fixed,interaction_random_price,9,oracle_term,900,0.37,0
fixed,interaction_random_price,10,additive,900,0.005,1
fixed,interaction_random_price,10,oracle_term,900,0.12,0
fixed,interaction_random_price,11,additive,900,0.005,1
fixed,interaction_random_price,11,oracle_term,900,0.835,0
fixed,interaction_random_price,12,additive,900,0.005,1
fixed,interaction_random_price,12,oracle_term,900,0.785,0
fixed,interaction_random_price,13,additive,900,0.005,1
fixed,interaction_random_price,13,oracle_term,900,0.23,0
fixed,interaction_random_price,14,additive,900,0.005,1
fixed,interaction_random_price,14,oracle_term,900,0.895,0
fixed,interaction_random_price,15,additive,900,0.005,1
fixed,interaction_random_price,15,oracle_term,900,0.77,0
fixed,interaction_random_price,16,additive,900,0.005,1
fixed,interaction_random_price,16,oracle_term,900,0.985,0
fixed,interaction_random_price,17,additive,900,0.005,1
fixed,interaction_random_price,17,oracle_term,900,0.37,0
fixed,interaction_random_price,18,additive,900,0.005,1
fixed,interaction_random_price,18,oracle_term,900,0.99,0
fixed,interaction_random_price,19,additive,900,0.005,1
fixed,interaction_random_price,19,oracle_term,900,0.25,0
fixed,interaction_random_price,20,additive,900,0.005,1
fixed,interaction_random_price,20,oracle_term,900,0.63,0
fixed,interaction_random_price,21,additive,900,0.005,1
fixed,interaction_random_price,21,oracle_term,900,0.055,0
fixed,interaction_random_price,22,additive,900,0.005,1
fixed,interaction_random_price,22,oracle_term,900,0.645,0
fixed,interaction_random_price,23,additive,900,0.005,1
fixed,interaction_random_price,23,oracle_term,900,0.685,0
fixed,interaction_random_price,24,additive,900,0.005,1
fixed,interaction_random_price,24,oracle_term,900,0.935,0
fixed,interaction_random_price,25,additive,900,0.005,1
fixed,interaction_random_price,25,oracle_term,900,0.59,0
fixed,interaction_random_price,26,additive,900,0.005,1
fixed,interaction_random_price,26,oracle_term,900,0.16,0
fixed,interaction_random_price,27,additive,900,0.005,1
fixed,interaction_random_price,27,oracle_term,900,0.715,0
fixed,interaction_random_price,28,additive,900,0.005,1
fixed,interaction_random_price,28,oracle_term,900,0.11,0
fixed,interaction_random_price,29,additive,900,0.005,1
fixed,interaction_random_price,29,oracle_term,900,0.83,0
fixed,interaction_random_price,30,additive,900,0.005,1
fixed,interaction_random_price,30,oracle_term,900,0.67,0
fixed,interaction_random_price,31,additive,900,0.005,1
fixed,interaction_random_price,31,oracle_term,900,0.55,0
fixed,interaction_random_price,32,additive,900,0.005,1
fixed,interaction_random_price,32,oracle_term,900,0.59,0
fixed,interaction_random_price,33,additive,900,0.005,1
fixed,interaction_random_price,33,oracle_term,900,0.595,0
fixed,interaction_random_price,34,additive,900,0.005,1
fixed,interaction_random_price,34,oracle_term,900,0.575,0
fixed,interaction_random_price,35,additive,900,0.005,1
fixed,interaction_random_price,35,oracle_term,900,0.365,0
fixed,interaction_random_price,36,additive,900,0.005,1
fixed,interaction_random_price,36,oracle_term,900,0.815,0
fixed,interaction_random_price,37,additive,900,0.005,1
fixed,interaction_random_price,37,oracle_term,900,0.19,0
fixed,interaction_random_price,38,additive,900,0.005,1
fixed,interaction_random_price,38,oracle_term,900,0.305,0
fixed,interaction_random_price,39,additive,900,0.005,1
fixed,interaction_random_price,39,oracle_term,900,0.355,0
fixed,interaction_random_price,40,additive,900,0.005,1
fixed,interaction_random_price,40,oracle_term,900,0.52,0
fixed,interaction_random_price,41,additive,900,0.005,1
fixed,interaction_random_price,41,oracle_term,900,0.315,0
fixed,interaction_random_price,42,additive,900,0.005,1
fixed,interaction_random_price,42,oracle_term,900,0.655,0
fixed,interaction_random_price,43,additive,900,0.005,1
fixed,interaction_random_price,43,oracle_term,900,0.985,0
fixed,interaction_random_price,44,additive,900,0.005,1
fixed,interaction_random_price,44,oracle_term,900,0.495,0
fixed,interaction_random_price,45,additive,900,0.005,1
fixed,interaction_random_price,45,oracle_term,900,0.13,0
fixed,interaction_random_price,46,additive,900,0.005,1
fixed,interaction_random_price,46,oracle_term,900,0.64,0
fixed,interaction_random_price,47,additive,900,0.005,1
fixed,interaction_random_price,47,oracle_term,900,0.6,0
fixed,interaction_random_price,48,additive,900,0.005,1
fixed,interaction_random_price,48,oracle_term,900,0.62,0
fixed,interaction_random_price,49,additive,900,0.005,1
fixed,interaction_random_price,49,oracle_term,900,0.375,0
fixed,cubic,0,additive,900,0.005,1
fixed,cubic,1,additive,900,0.005,1
fixed,cubic,2,additive,900,0.005,1
fixed,cubic,3,additive,900,0.005,1
fixed,cubic,4,additive,900,0.005,1
fixed,cubic,5,additive,900,0.005,1
fixed,cubic,6,additive,900,0.005,1
fixed,cubic,7,additive,900,0.005,1
fixed,cubic,8,additive,900,0.005,1
fixed,cubic,9,additive,900,0.005,1
fixed,cubic,10,additive,900,0.005,1
fixed,cubic,11,additive,900,0.005,1
fixed,cubic,12,additive,900,0.005,1
fixed,cubic,13,additive,900,0.005,1
fixed,cubic,14,additive,900,0.005,1
fixed,cubic,15,additive,900,0.005,1
fixed,cubic,16,additive,900,0.005,1
fixed,cubic,17,additive,900,0.005,1
fixed,cubic,18,additive,900,0.005,1
fixed,cubic,19,additive,900,0.005,1
fixed,cubic,20,additive,900,0.005,1
fixed,cubic,21,additive,900,0.005,1
fixed,cubic,22,additive,900,0.005,1
fixed,cubic,23,additive,900,0.005,1
fixed,cubic,24,additive,900,0.005,1
fixed,cubic,25,additive,900,0.005,1
fixed,cubic,26,additive,900,0.005,1
fixed,cubic,27,additive,900,0.005,1
fixed,cubic,28,additive,900,0.005,1
fixed,cubic,29,additive,900,0.005,1
fixed,cubic,30,additive,900,0.005,1
fixed,cubic,31,additive,900,0.005,1
fixed,cubic,32,additive,900,0.005,1
fixed,cubic,33,additive,900,0.005,1
fixed,cubic,34,additive,900,0.005,1
fixed,cubic,35,additive,900,0.005,1
fixed,cubic,36,additive,900,0.005,1
fixed,cubic,37,additive,900,0.005,1
fixed,cubic,38,additive,900,0.005,1
fixed,cubic,39,additive,900,0.005,1
fixed,cubic,40,additive,900,0.005,1
fixed,cubic,41,additive,900,0.005,1
fixed,cubic,42,additive,900,0.005,1
fixed,cubic,43,additive,900,0.005,1
fixed,cubic,44,additive,900,0.005,1
fixed,cubic,45,additive,900,0.005,1
fixed,cubic,46,additive,900,0.005,1
fixed,cubic,47,additive,900,0.005,1
fixed,cubic,48,additive,900,0.005,1
fixed,cubic,49,additive,900,0.005,1
constrained_maximin,additive,0,additive,900,0.635,0
constrained_maximin,additive,1,additive,900,0.12,0
constrained_maximin,additive,2,additive,900,0.555,0
constrained_maximin,additive,3,additive,900,0.38,0
constrained_maximin,additive,4,additive,900,0.76,0
constrained_maximin,additive,5,additive,900,0.56,0
constrained_maximin,additive,6,additive,900,0.04,1
constrained_maximin,additive,7,additive,900,0.52,0
constrained_maximin,additive,8,additive,900,0.62,0
constrained_maximin,additive,9,additive,900,0.48,0
constrained_maximin,additive,10,additive,900,0.69,0
constrained_maximin,additive,11,additive,900,0.635,0
constrained_maximin,additive,12,additive,900,0.73,0
constrained_maximin,additive,13,additive,900,0.81,0
constrained_maximin,additive,14,additive,900,0.72,0
constrained_maximin,additive,15,additive,900,0.685,0
constrained_maximin,additive,16,additive,900,0.1,0
constrained_maximin,additive,17,additive,900,0.655,0
constrained_maximin,additive,18,additive,900,0.22,0
constrained_maximin,additive,19,additive,900,0.94,0
constrained_maximin,additive,20,additive,900,0.82,0
constrained_maximin,additive,21,additive,900,0.375,0
constrained_maximin,additive,22,additive,900,0.33,0
constrained_maximin,additive,23,additive,900,0.97,0
constrained_maximin,additive,24,additive,900,0.58,0
constrained_maximin,additive,25,additive,900,0.265,0
constrained_maximin,additive,26,additive,900,0.515,0
constrained_maximin,additive,27,additive,900,0.825,0
constrained_maximin,additive,28,additive,900,0.655,0
constrained_maximin,additive,29,additive,900,0.17,0
constrained_maximin,additive,30,additive,900,0.52,0
constrained_maximin,additive,31,additive,900,0.63,0
constrained_maximin,additive,32,additive,900,0.94,0
constrained_maximin,additive,33,additive,900,0.325,0
constrained_maximin,additive,34,additive,900,0.395,0
constrained_maximin,additive,35,additive,900,0.045,1
constrained_maximin,additive,36,additive,900,0.875,0
constrained_maximin,additive,37,additive,900,0.01,1
constrained_maximin,additive,38,additive,900,1.0,0
constrained_maximin,additive,39,additive,900,0.34,0
constrained_maximin,additive,40,additive,900,0.725,0
constrained_maximin,additive,41,additive,900,0.985,0
constrained_maximin,additive,42,additive,900,0.205,0
constrained_maximin,additive,43,additive,900,0.2,0
constrained_maximin,additive,44,additive,900,0.64,0
constrained_maximin,additive,45,additive,900,0.905,0
constrained_maximin,additive,46,additive,900,0.55,0
constrained_maximin,additive,47,additive,900,0.16,0
constrained_maximin,additive,48,additive,900,0.885,0
constrained_maximin,additive,49,additive,900,0.88,0
constrained_maximin,nonlinear,0,additive,900,0.005,1
constrained_maximin,nonlinear,0,oracle_term,900,0.875,0
constrained_maximin,nonlinear,1,additive,900,0.005,1
constrained_maximin,nonlinear,1,oracle_term,900,0.795,0
constrained_maximin,nonlinear,2,additive,900,0.005,1
constrained_maximin,nonlinear,2,oracle_term,900,0.595,0
constrained_maximin,nonlinear,3,additive,900,0.005,1
constrained_maximin,nonlinear,3,oracle_term,900,0.94,0
constrained_maximin,nonlinear,4,additive,900,0.005,1
constrained_maximin,nonlinear,4,oracle_term,900,0.915,0
constrained_maximin,nonlinear,5,additive,900,0.005,1
constrained_maximin,nonlinear,5,oracle_term,900,0.58,0
constrained_maximin,nonlinear,6,additive,900,0.005,1
constrained_maximin,nonlinear,6,oracle_term,900,0.515,0
constrained_maximin,nonlinear,7,additive,900,0.005,1
constrained_maximin,nonlinear,7,oracle_term,900,0.51,0
constrained_maximin,nonlinear,8,additive,900,0.005,1
constrained_maximin,nonlinear,8,oracle_term,900,0.135,0
constrained_maximin,nonlinear,9,additive,900,0.005,1
constrained_maximin,nonlinear,9,oracle_term,900,0.34,0
constrained_maximin,nonlinear,10,additive,900,0.005,1
constrained_maximin,nonlinear,10,oracle_term,900,0.085,0
constrained_maximin,nonlinear,11,additive,900,0.005,1
constrained_maximin,nonlinear,11,oracle_term,900,0.63,0
constrained_maximin,nonlinear,12,additive,900,0.015,1
constrained_maximin,nonlinear,12,oracle_term,900,0.28,0
constrained_maximin,nonlinear,13,additive,900,0.005,1
constrained_maximin,nonlinear,13,oracle_term,900,0.67,0
constrained_maximin,nonlinear,14,additive,900,0.005,1
constrained_maximin,nonlinear,14,oracle_term,900,0.67,0
constrained_maximin,nonlinear,15,additive,900,0.005,1
constrained_maximin,nonlinear,15,oracle_term,900,0.545,0
constrained_maximin,nonlinear,16,additive,900,0.005,1
constrained_maximin,nonlinear,16,oracle_term,900,0.705,0
constrained_maximin,nonlinear,17,additive,900,0.005,1
constrained_maximin,nonlinear,17,oracle_term,900,0.555,0
constrained_maximin,nonlinear,18,additive,900,0.015,1
constrained_maximin,nonlinear,18,oracle_term,900,0.845,0
constrained_maximin,nonlinear,19,additive,900,0.005,1
constrained_maximin,nonlinear,19,oracle_term,900,0.735,0
constrained_maximin,nonlinear,20,additive,900,0.015,1
constrained_maximin,nonlinear,20,oracle_term,900,0.155,0
constrained_maximin,nonlinear,21,additive,900,0.005,1
constrained_maximin,nonlinear,21,oracle_term,900,0.295,0
constrained_maximin,nonlinear,22,additive,900,0.005,1
constrained_maximin,nonlinear,22,oracle_term,900,0.085,0
constrained_maximin,nonlinear,23,additive,900,0.005,1
constrained_maximin,nonlinear,23,oracle_term,900,0.63,0
constrained_maximin,nonlinear,24,additive,900,0.005,1
constrained_maximin,nonlinear,24,oracle_term,900,0.35,0
constrained_maximin,nonlinear,25,additive,900,0.005,1
constrained_maximin,nonlinear,25,oracle_term,900,0.925,0
constrained_maximin,nonlinear,26,additive,900,0.02,1
constrained_maximin,nonlinear,26,oracle_term,900,0.755,0
constrained_maximin,nonlinear,27,additive,900,0.005,1
constrained_maximin,nonlinear,27,oracle_term,900,0.225,0
constrained_maximin,nonlinear,28,additive,900,0.005,1
constrained_maximin,nonlinear,28,oracle_term,900,0.935,0
constrained_maximin,nonlinear,29,additive,900,0.005,1
constrained_maximin,nonlinear,29,oracle_term,900,0.185,0
constrained_maximin,nonlinear,30,additive,900,0.005,1
constrained_maximin,nonlinear,30,oracle_term,900,0.38,0
constrained_maximin,nonlinear,31,additive,900,0.005,1
constrained_maximin,nonlinear,31,oracle_term,900,0.695,0
constrained_maximin,nonlinear,32,additive,900,0.005,1
constrained_maximin,nonlinear,32,oracle_term,900,0.935,0
constrained_maximin,nonlinear,33,additive,900,0.005,1
constrained_maximin,nonlinear,33,oracle_term,900,0.915,0
constrained_maximin,nonlinear,34,additive,900,0.005,1
constrained_maximin,nonlinear,34,oracle_term,900,0.635,0
constrained_maximin,nonlinear,35,additive,900,0.005,1
constrained_maximin,nonlinear,35,oracle_term,900,1.0,0
constrained_maximin,nonlinear,36,additive,900,0.005,1
constrained_maximin,nonlinear,36,oracle_term,900,0.475,0
constrained_maximin,nonlinear,37,additive,900,0.005,1
constrained_maximin,nonlinear,37,oracle_term,900,0.055,0
constrained_maximin,nonlinear,38,additive,900,0.01,1
constrained_maximin,nonlinear,38,oracle_term,900,0.345,0
constrained_maximin,nonlinear,39,additive,900,0.005,1
constrained_maximin,nonlinear,39,oracle_term,900,0.835,0
constrained_maximin,nonlinear,40,additive,900,0.025,1
constrained_maximin,nonlinear,40,oracle_term,900,0.705,0
constrained_maximin,nonlinear,41,additive,900,0.005,1
constrained_maximin,nonlinear,41,oracle_term,900,0.4,0
constrained_maximin,nonlinear,42,additive,900,0.005,1
constrained_maximin,nonlinear,42,oracle_term,900,0.565,0
constrained_maximin,nonlinear,43,additive,900,0.005,1
constrained_maximin,nonlinear,43,oracle_term,900,0.52,0
constrained_maximin,nonlinear,44,additive,900,0.005,1
constrained_maximin,nonlinear,44,oracle_term,900,0.015,1
constrained_maximin,nonlinear,45,additive,900,0.005,1
constrained_maximin,nonlinear,45,oracle_term,900,0.25,0
constrained_maximin,nonlinear,46,additive,900,0.005,1
constrained_maximin,nonlinear,46,oracle_term,900,0.71,0
constrained_maximin,nonlinear,47,additive,900,0.005,1
constrained_maximin,nonlinear,47,oracle_term,900,0.01,1
constrained_maximin,nonlinear,48,additive,900,0.005,1
constrained_maximin,nonlinear,48,oracle_term,900,0.255,0
constrained_maximin,nonlinear,49,additive,900,0.005,1
constrained_maximin,nonlinear,49,oracle_term,900,0.66,0
constrained_maximin,threshold,0,additive,900,0.005,1
constrained_maximin,threshold,0,oracle_term,900,0.395,0
constrained_maximin,threshold,1,additive,900,0.005,1
constrained_maximin,threshold,1,oracle_term,900,0.57,0
constrained_maximin,threshold,2,additive,900,0.005,1
constrained_maximin,threshold,2,oracle_term,900,0.13,0
constrained_maximin,threshold,3,additive,900,0.005,1
constrained_maximin,threshold,3,oracle_term,900,0.83,0
constrained_maximin,threshold,4,additive,900,0.005,1
constrained_maximin,threshold,4,oracle_term,900,0.9,0
constrained_maximin,threshold,5,additive,900,0.005,1
constrained_maximin,threshold,5,oracle_term,900,0.025,1
constrained_maximin,threshold,6,additive,900,0.005,1
constrained_maximin,threshold,6,oracle_term,900,0.09,0
constrained_maximin,threshold,7,additive,900,0.005,1
constrained_maximin,threshold,7,oracle_term,900,0.9,0
constrained_maximin,threshold,8,additive,900,0.005,1
constrained_maximin,threshold,8,oracle_term,900,0.845,0
constrained_maximin,threshold,9,additive,900,0.005,1
constrained_maximin,threshold,9,oracle_term,900,0.735,0
constrained_maximin,threshold,10,additive,900,0.005,1
constrained_maximin,threshold,10,oracle_term,900,0.93,0
constrained_maximin,threshold,11,additive,900,0.005,1
constrained_maximin,threshold,11,oracle_term,900,0.72,0
constrained_maximin,threshold,12,additive,900,0.005,1
constrained_maximin,threshold,12,oracle_term,900,0.27,0
constrained_maximin,threshold,13,additive,900,0.005,1
constrained_maximin,threshold,13,oracle_term,900,0.43,0
constrained_maximin,threshold,14,additive,900,0.005,1
constrained_maximin,threshold,14,oracle_term,900,0.755,0
constrained_maximin,threshold,15,additive,900,0.005,1
constrained_maximin,threshold,15,oracle_term,900,0.265,0
constrained_maximin,threshold,16,additive,900,0.005,1
constrained_maximin,threshold,16,oracle_term,900,0.515,0
constrained_maximin,threshold,17,additive,900,0.005,1
constrained_maximin,threshold,17,oracle_term,900,0.24,0
constrained_maximin,threshold,18,additive,900,0.005,1
constrained_maximin,threshold,18,oracle_term,900,0.07,0
constrained_maximin,threshold,19,additive,900,0.005,1
constrained_maximin,threshold,19,oracle_term,900,0.825,0
constrained_maximin,threshold,20,additive,900,0.005,1
constrained_maximin,threshold,20,oracle_term,900,0.92,0
constrained_maximin,threshold,21,additive,900,0.005,1
constrained_maximin,threshold,21,oracle_term,900,0.54,0
constrained_maximin,threshold,22,additive,900,0.005,1
constrained_maximin,threshold,22,oracle_term,900,0.26,0
constrained_maximin,threshold,23,additive,900,0.005,1
constrained_maximin,threshold,23,oracle_term,900,0.755,0
constrained_maximin,threshold,24,additive,900,0.005,1
constrained_maximin,threshold,24,oracle_term,900,0.955,0
constrained_maximin,threshold,25,additive,900,0.005,1
constrained_maximin,threshold,25,oracle_term,900,0.22,0
constrained_maximin,threshold,26,additive,900,0.005,1
constrained_maximin,threshold,26,oracle_term,900,0.645,0
constrained_maximin,threshold,27,additive,900,0.005,1
constrained_maximin,threshold,27,oracle_term,900,0.645,0
constrained_maximin,threshold,28,additive,900,0.005,1
constrained_maximin,threshold,28,oracle_term,900,0.535,0
constrained_maximin,threshold,29,additive,900,0.005,1
constrained_maximin,threshold,29,oracle_term,900,0.88,0
constrained_maximin,threshold,30,additive,900,0.005,1
constrained_maximin,threshold,30,oracle_term,900,0.72,0
constrained_maximin,threshold,31,additive,900,0.005,1
constrained_maximin,threshold,31,oracle_term,900,0.555,0
constrained_maximin,threshold,32,additive,900,0.005,1
constrained_maximin,threshold,32,oracle_term,900,0.97,0
constrained_maximin,threshold,33,additive,900,0.005,1
constrained_maximin,threshold,33,oracle_term,900,0.305,0
constrained_maximin,threshold,34,additive,900,0.005,1
constrained_maximin,threshold,34,oracle_term,900,0.79,0
constrained_maximin,threshold,35,additive,900,0.005,1
constrained_maximin,threshold,35,oracle_term,900,0.18,0
constrained_maximin,threshold,36,additive,900,0.005,1
constrained_maximin,threshold,36,oracle_term,900,0.95,0
constrained_maximin,threshold,37,additive,900,0.005,1
constrained_maximin,threshold,37,oracle_term,900,0.05,0
constrained_maximin,threshold,38,additive,900,0.005,1
constrained_maximin,threshold,38,oracle_term,900,0.77,0
constrained_maximin,threshold,39,additive,900,0.005,1
constrained_maximin,threshold,39,oracle_term,900,0.545,0
constrained_maximin,threshold,40,additive,900,0.005,1
constrained_maximin,threshold,40,oracle_term,900,0.785,0
constrained_maximin,threshold,41,additive,900,0.005,1
constrained_maximin,threshold,41,oracle_term,900,0.63,0
constrained_maximin,threshold,42,additive,900,0.005,1
constrained_maximin,threshold,42,oracle_term,900,0.325,0
constrained_maximin,threshold,43,additive,900,0.005,1
constrained_maximin,threshold,43,oracle_term,900,0.195,0
constrained_maximin,threshold,44,additive,900,0.005,1
constrained_maximin,threshold,44,oracle_term,900,0.785,0
constrained_maximin,threshold,45,additive,900,0.005,1
constrained_maximin,threshold,45,oracle_term,900,0.885,0
constrained_maximin,threshold,46,additive,900,0.005,1
constrained_maximin,threshold,46,oracle_term,900,0.395,0
constrained_maximin,threshold,47,additive,900,0.005,1
constrained_maximin,threshold,47,oracle_term,900,0.27,0
constrained_maximin,threshold,48,additive,900,0.005,1
constrained_maximin,threshold,48,oracle_term,900,0.585,0
constrained_maximin,threshold,49,additive,900,0.005,1
constrained_maximin,threshold,49,oracle_term,900,0.925,0
constrained_maximin,interaction,0,additive,900,0.005,1
constrained_maximin,interaction,0,oracle_term,900,0.155,0
constrained_maximin,interaction,1,additive,900,0.005,1
constrained_maximin,interaction,1,oracle_term,900,0.655,0
constrained_maximin,interaction,2,additive,900,0.005,1
constrained_maximin,interaction,2,oracle_term,900,0.685,0
constrained_maximin,interaction,3,additive,900,0.005,1
constrained_maximin,interaction,3,oracle_term,900,0.3,0
constrained_maximin,interaction,4,additive,900,0.005,1
constrained_maximin,interaction,4,oracle_term,900,0.75,0
constrained_maximin,interaction,5,additive,900,0.005,1
constrained_maximin,interaction,5,oracle_term,900,0.34,0
constrained_maximin,interaction,6,additive,900,0.005,1
constrained_maximin,interaction,6,oracle_term,900,0.01,1
constrained_maximin,interaction,7,additive,900,0.005,1
constrained_maximin,interaction,7,oracle_term,900,0.34,0
constrained_maximin,interaction,8,additive,900,0.005,1
constrained_maximin,interaction,8,oracle_term,900,0.18,0
constrained_maximin,interaction,9,additive,900,0.005,1
constrained_maximin,interaction,9,oracle_term,900,0.43,0
constrained_maximin,interaction,10,additive,900,0.005,1
constrained_maximin,interaction,10,oracle_term,900,0.11,0
constrained_maximin,interaction,11,additive,900,0.005,1
constrained_maximin,interaction,11,oracle_term,900,0.495,0
constrained_maximin,interaction,12,additive,900,0.005,1
constrained_maximin,interaction,12,oracle_term,900,0.32,0
constrained_maximin,interaction,13,additive,900,0.005,1
constrained_maximin,interaction,13,oracle_term,900,0.195,0
constrained_maximin,interaction,14,additive,900,0.005,1
constrained_maximin,interaction,14,oracle_term,900,0.78,0
constrained_maximin,interaction,15,additive,900,0.005,1
constrained_maximin,interaction,15,oracle_term,900,0.86,0
constrained_maximin,interaction,16,additive,900,0.005,1
constrained_maximin,interaction,16,oracle_term,900,0.46,0
constrained_maximin,interaction,17,additive,900,0.005,1
constrained_maximin,interaction,17,oracle_term,900,0.115,0
constrained_maximin,interaction,18,additive,900,0.005,1
constrained_maximin,interaction,18,oracle_term,900,0.565,0
constrained_maximin,interaction,19,additive,900,0.005,1
constrained_maximin,interaction,19,oracle_term,900,0.915,0
constrained_maximin,interaction,20,additive,900,0.005,1
constrained_maximin,interaction,20,oracle_term,900,0.495,0
constrained_maximin,interaction,21,additive,900,0.005,1
constrained_maximin,interaction,21,oracle_term,900,0.625,0
constrained_maximin,interaction,22,additive,900,0.005,1
constrained_maximin,interaction,22,oracle_term,900,0.675,0
constrained_maximin,interaction,23,additive,900,0.005,1
constrained_maximin,interaction,23,oracle_term,900,0.63,0
constrained_maximin,interaction,24,additive,900,0.005,1
constrained_maximin,interaction,24,oracle_term,900,0.685,0
constrained_maximin,interaction,25,additive,900,0.005,1
constrained_maximin,interaction,25,oracle_term,900,0.85,0
constrained_maximin,interaction,26,additive,900,0.005,1
constrained_maximin,interaction,26,oracle_term,900,0.525,0
constrained_maximin,interaction,27,additive,900,0.005,1
constrained_maximin,interaction,27,oracle_term,900,0.52,0
constrained_maximin,interaction,28,additive,900,0.005,1
constrained_maximin,interaction,28,oracle_term,900,0.9,0
constrained_maximin,interaction,29,additive,900,0.005,1
constrained_maximin,interaction,29,oracle_term,900,0.145,0
constrained_maximin,interaction,30,additive,900,0.005,1
constrained_maximin,interaction,30,oracle_term,900,0.67,0
constrained_maximin,interaction,31,additive,900,0.005,1
constrained_maximin,interaction,31,oracle_term,900,0.3,0
constrained_maximin,interaction,32,additive,900,0.005,1
constrained_maximin,interaction,32,oracle_term,900,0.94,0
constrained_maximin,interaction,33,additive,900,0.005,1
constrained_maximin,interaction,33,oracle_term,900,0.26,0
constrained_maximin,interaction,34,additive,900,0.005,1
constrained_maximin,interaction,34,oracle_term,900,0.605,0
constrained_maximin,interaction,35,additive,900,0.005,1
constrained_maximin,interaction,35,oracle_term,900,0.29,0
constrained_maximin,interaction,36,additive,900,0.005,1
constrained_maximin,interaction,36,oracle_term,900,0.465,0
constrained_maximin,interaction,37,additive,900,0.005,1
constrained_maximin,interaction,37,oracle_term,900,0.6,0
constrained_maximin,interaction,38,additive,900,0.005,1
constrained_maximin,interaction,38,oracle_term,900,0.665,0
constrained_maximin,interaction,39,additive,900,0.005,1
constrained_maximin,interaction,39,oracle_term,900,0.29,0
constrained_maximin,interaction,40,additive,900,0.005,1
constrained_maximin,interaction,40,oracle_term,900,0.49,0
constrained_maximin,interaction,41,additive,900,0.005,1
constrained_maximin,interaction,41,oracle_term,900,0.515,0
constrained_maximin,interaction,42,additive,900,0.005,1
constrained_maximin,interaction,42,oracle_term,900,0.685,0
constrained_maximin,interaction,43,additive,900,0.005,1
constrained_maximin,interaction,43,oracle_term,900,0.25,0
constrained_maximin,interaction,44,additive,900,0.005,1
constrained_maximin,interaction,44,oracle_term,900,0.79,0
constrained_maximin,interaction,45,additive,900,0.005,1
constrained_maximin,interaction,45,oracle_term,900,0.71,0
constrained_maximin,interaction,46,additive,900,0.005,1
constrained_maximin,interaction,46,oracle_term,900,0.915,0
constrained_maximin,interaction,47,additive,900,0.005,1
constrained_maximin,interaction,47,oracle_term,900,0.075,0
constrained_maximin,interaction,48,additive,900,0.005,1
constrained_maximin,interaction,48,oracle_term,900,0.415,0
constrained_maximin,interaction,49,additive,900,0.005,1
constrained_maximin,interaction,49,oracle_term,900,0.685,0
constrained_maximin,random_price,0,additive,900,0.73,0
constrained_maximin,random_price,1,additive,900,0.04,1
constrained_maximin,random_price,2,additive,900,0.65,0
constrained_maximin,random_price,3,additive,900,0.275,0
constrained_maximin,random_price,4,additive,900,0.795,0
constrained_maximin,random_price,5,additive,900,0.675,0
constrained_maximin,random_price,6,additive,900,0.46,0
constrained_maximin,random_price,7,additive,900,0.37,0
constrained_maximin,random_price,8,additive,900,0.645,0
constrained_maximin,random_price,9,additive,900,0.415,0
constrained_maximin,random_price,10,additive,900,0.49,0
constrained_maximin,random_price,11,additive,900,0.6,0
constrained_maximin,random_price,12,additive,900,0.67,0
constrained_maximin,random_price,13,additive,900,0.655,0
constrained_maximin,random_price,14,additive,900,0.55,0
constrained_maximin,random_price,15,additive,900,0.615,0
constrained_maximin,random_price,16,additive,900,0.625,0
constrained_maximin,random_price,17,additive,900,0.44,0
constrained_maximin,random_price,18,additive,900,0.79,0
constrained_maximin,random_price,19,additive,900,0.035,1
constrained_maximin,random_price,20,additive,900,0.085,0
constrained_maximin,random_price,21,additive,900,0.03,1
constrained_maximin,random_price,22,additive,900,0.35,0
constrained_maximin,random_price,23,additive,900,0.4,0
constrained_maximin,random_price,24,additive,900,0.21,0
constrained_maximin,random_price,25,additive,900,0.585,0
constrained_maximin,random_price,26,additive,900,0.49,0
constrained_maximin,random_price,27,additive,900,0.515,0
constrained_maximin,random_price,28,additive,900,0.89,0
constrained_maximin,random_price,29,additive,900,0.82,0
constrained_maximin,random_price,30,additive,900,0.78,0
constrained_maximin,random_price,31,additive,900,0.115,0
constrained_maximin,random_price,32,additive,900,0.775,0
constrained_maximin,random_price,33,additive,900,0.735,0
constrained_maximin,random_price,34,additive,900,0.07,0
constrained_maximin,random_price,35,additive,900,0.835,0
constrained_maximin,random_price,36,additive,900,0.265,0
constrained_maximin,random_price,37,additive,900,0.665,0
constrained_maximin,random_price,38,additive,900,0.36,0
constrained_maximin,random_price,39,additive,900,0.575,0
constrained_maximin,random_price,40,additive,900,0.79,0
constrained_maximin,random_price,41,additive,900,0.15,0
constrained_maximin,random_price,42,additive,900,0.085,0
constrained_maximin,random_price,43,additive,900,0.36,0
constrained_maximin,random_price,44,additive,900,0.505,0
constrained_maximin,random_price,45,additive,900,0.185,0
constrained_maximin,random_price,46,additive,900,0.865,0
constrained_maximin,random_price,47,additive,900,0.74,0
constrained_maximin,random_price,48,additive,900,0.795,0
constrained_maximin,random_price,49,additive,900,0.76,0
constrained_maximin,nonlinear_random_price,0,additive,900,0.005,1
constrained_maximin,nonlinear_random_price,0,oracle_term,900,0.58,0
constrained_maximin,nonlinear_random_price,1,additive,900,0.005,1
constrained_maximin,nonlinear_random_price,1,oracle_term,900,0.175,0
constrained_maximin,nonlinear_random_price,2,additive,900,0.005,1
constrained_maximin,nonlinear_random_price,2,oracle_term,900,0.175,0
constrained_maximin,nonlinear_random_price,3,additive,900,0.025,1
constrained_maximin,nonlinear_random_price,3,oracle_term,900,0.565,0
constrained_maximin,nonlinear_random_price,4,additive,900,0.005,1
constrained_maximin,nonlinear_random_price,4,oracle_term,900,0.91,0
constrained_maximin,nonlinear_random_price,5,additive,900,0.005,1
constrained_maximin,nonlinear_random_price,5,oracle_term,900,0.535,0
constrained_maximin,nonlinear_random_price,6,additive,900,0.01,1
constrained_maximin,nonlinear_random_price,6,oracle_term,900,0.38,0
constrained_maximin,nonlinear_random_price,7,additive,900,0.005,1
constrained_maximin,nonlinear_random_price,7,oracle_term,900,0.855,0
constrained_maximin,nonlinear_random_price,8,additive,900,0.005,1
constrained_maximin,nonlinear_random_price,8,oracle_term,900,0.435,0
constrained_maximin,nonlinear_random_price,9,additive,900,0.02,1
constrained_maximin,nonlinear_random_price,9,oracle_term,900,0.2,0
constrained_maximin,nonlinear_random_price,10,additive,900,0.005,1
constrained_maximin,nonlinear_random_price,10,oracle_term,900,0.64,0
constrained_maximin,nonlinear_random_price,11,additive,900,0.005,1
constrained_maximin,nonlinear_random_price,11,oracle_term,900,0.21,0
constrained_maximin,nonlinear_random_price,12,additive,900,0.005,1
constrained_maximin,nonlinear_random_price,12,oracle_term,900,0.27,0
constrained_maximin,nonlinear_random_price,13,additive,900,0.005,1
constrained_maximin,nonlinear_random_price,13,oracle_term,900,0.385,0
constrained_maximin,nonlinear_random_price,14,additive,900,0.005,1
constrained_maximin,nonlinear_random_price,14,oracle_term,900,0.99,0
constrained_maximin,nonlinear_random_price,15,additive,900,0.005,1
constrained_maximin,nonlinear_random_price,15,oracle_term,900,0.95,0
constrained_maximin,nonlinear_random_price,16,additive,900,0.005,1
constrained_maximin,nonlinear_random_price,16,oracle_term,900,0.715,0
constrained_maximin,nonlinear_random_price,17,additive,900,0.005,1
constrained_maximin,nonlinear_random_price,17,oracle_term,900,0.97,0
constrained_maximin,nonlinear_random_price,18,additive,900,0.005,1
constrained_maximin,nonlinear_random_price,18,oracle_term,900,0.69,0
constrained_maximin,nonlinear_random_price,19,additive,900,0.005,1
constrained_maximin,nonlinear_random_price,19,oracle_term,900,0.105,0
constrained_maximin,nonlinear_random_price,20,additive,900,0.02,1
constrained_maximin,nonlinear_random_price,20,oracle_term,900,0.92,0
constrained_maximin,nonlinear_random_price,21,additive,900,0.01,1
constrained_maximin,nonlinear_random_price,21,oracle_term,900,0.34,0
constrained_maximin,nonlinear_random_price,22,additive,900,0.01,1
constrained_maximin,nonlinear_random_price,22,oracle_term,900,0.82,0
constrained_maximin,nonlinear_random_price,23,additive,900,0.035,1
constrained_maximin,nonlinear_random_price,23,oracle_term,900,0.045,1
constrained_maximin,nonlinear_random_price,24,additive,900,0.01,1
constrained_maximin,nonlinear_random_price,24,oracle_term,900,0.18,0
constrained_maximin,nonlinear_random_price,25,additive,900,0.005,1
constrained_maximin,nonlinear_random_price,25,oracle_term,900,0.99,0
constrained_maximin,nonlinear_random_price,26,additive,900,0.005,1
constrained_maximin,nonlinear_random_price,26,oracle_term,900,0.725,0
constrained_maximin,nonlinear_random_price,27,additive,900,0.005,1
constrained_maximin,nonlinear_random_price,27,oracle_term,900,0.59,0
constrained_maximin,nonlinear_random_price,28,additive,900,0.01,1
constrained_maximin,nonlinear_random_price,28,oracle_term,900,0.485,0
constrained_maximin,nonlinear_random_price,29,additive,900,0.005,1
constrained_maximin,nonlinear_random_price,29,oracle_term,900,0.865,0
constrained_maximin,nonlinear_random_price,30,additive,900,0.01,1
constrained_maximin,nonlinear_random_price,30,oracle_term,900,0.54,0
constrained_maximin,nonlinear_random_price,31,additive,900,0.005,1
constrained_maximin,nonlinear_random_price,31,oracle_term,900,0.79,0
constrained_maximin,nonlinear_random_price,32,additive,900,0.005,1
constrained_maximin,nonlinear_random_price,32,oracle_term,900,0.27,0
constrained_maximin,nonlinear_random_price,33,additive,900,0.005,1
constrained_maximin,nonlinear_random_price,33,oracle_term,900,0.45,0
constrained_maximin,nonlinear_random_price,34,additive,900,0.005,1
constrained_maximin,nonlinear_random_price,34,oracle_term,900,0.345,0
constrained_maximin,nonlinear_random_price,35,additive,900,0.005,1
constrained_maximin,nonlinear_random_price,35,oracle_term,900,0.995,0
constrained_maximin,nonlinear_random_price,36,additive,900,0.005,1
constrained_maximin,nonlinear_random_price,36,oracle_term,900,0.71,0
constrained_maximin,nonlinear_random_price,37,additive,900,0.005,1
constrained_maximin,nonlinear_random_price,37,oracle_term,900,0.99,0
constrained_maximin,nonlinear_random_price,38,additive,900,0.005,1
constrained_maximin,nonlinear_random_price,38,oracle_term,900,0.54,0
constrained_maximin,nonlinear_random_price,39,additive,900,0.005,1
constrained_maximin,nonlinear_random_price,39,oracle_term,900,0.525,0
constrained_maximin,nonlinear_random_price,40,additive,900,0.01,1
constrained_maximin,nonlinear_random_price,40,oracle_term,900,0.54,0
constrained_maximin,nonlinear_random_price,41,additive,900,0.005,1
constrained_maximin,nonlinear_random_price,41,oracle_term,900,0.3,0
constrained_maximin,nonlinear_random_price,42,additive,900,0.005,1
constrained_maximin,nonlinear_random_price,42,oracle_term,900,0.135,0
constrained_maximin,nonlinear_random_price,43,additive,900,0.005,1
constrained_maximin,nonlinear_random_price,43,oracle_term,900,0.525,0
constrained_maximin,nonlinear_random_price,44,additive,900,0.005,1
constrained_maximin,nonlinear_random_price,44,oracle_term,900,0.28,0
constrained_maximin,nonlinear_random_price,45,additive,900,0.005,1
constrained_maximin,nonlinear_random_price,45,oracle_term,900,0.155,0
constrained_maximin,nonlinear_random_price,46,additive,900,0.005,1
constrained_maximin,nonlinear_random_price,46,oracle_term,900,0.105,0
constrained_maximin,nonlinear_random_price,47,additive,900,0.005,1
constrained_maximin,nonlinear_random_price,47,oracle_term,900,0.79,0
constrained_maximin,nonlinear_random_price,48,additive,900,0.005,1
constrained_maximin,nonlinear_random_price,48,oracle_term,900,0.725,0
constrained_maximin,nonlinear_random_price,49,additive,900,0.005,1
constrained_maximin,nonlinear_random_price,49,oracle_term,900,0.51,0
constrained_maximin,interaction_random_price,0,additive,900,0.005,1
constrained_maximin,interaction_random_price,0,oracle_term,900,0.24,0
constrained_maximin,interaction_random_price,1,additive,900,0.005,1
constrained_maximin,interaction_random_price,1,oracle_term,900,0.24,0
constrained_maximin,interaction_random_price,2,additive,900,0.005,1
constrained_maximin,interaction_random_price,2,oracle_term,900,0.205,0
constrained_maximin,interaction_random_price,3,additive,900,0.005,1
constrained_maximin,interaction_random_price,3,oracle_term,900,0.96,0
constrained_maximin,interaction_random_price,4,additive,900,0.005,1
constrained_maximin,interaction_random_price,4,oracle_term,900,0.37,0
constrained_maximin,interaction_random_price,5,additive,900,0.005,1
constrained_maximin,interaction_random_price,5,oracle_term,900,0.555,0
constrained_maximin,interaction_random_price,6,additive,900,0.005,1
constrained_maximin,interaction_random_price,6,oracle_term,900,0.585,0
constrained_maximin,interaction_random_price,7,additive,900,0.005,1
constrained_maximin,interaction_random_price,7,oracle_term,900,0.83,0
constrained_maximin,interaction_random_price,8,additive,900,0.005,1
constrained_maximin,interaction_random_price,8,oracle_term,900,0.47,0
constrained_maximin,interaction_random_price,9,additive,900,0.005,1
constrained_maximin,interaction_random_price,9,oracle_term,900,0.68,0
constrained_maximin,interaction_random_price,10,additive,900,0.005,1
constrained_maximin,interaction_random_price,10,oracle_term,900,0.67,0
constrained_maximin,interaction_random_price,11,additive,900,0.005,1
constrained_maximin,interaction_random_price,11,oracle_term,900,0.325,0
constrained_maximin,interaction_random_price,12,additive,900,0.005,1
constrained_maximin,interaction_random_price,12,oracle_term,900,0.705,0
constrained_maximin,interaction_random_price,13,additive,900,0.005,1
constrained_maximin,interaction_random_price,13,oracle_term,900,0.045,1
constrained_maximin,interaction_random_price,14,additive,900,0.005,1
constrained_maximin,interaction_random_price,14,oracle_term,900,0.89,0
constrained_maximin,interaction_random_price,15,additive,900,0.005,1
constrained_maximin,interaction_random_price,15,oracle_term,900,0.54,0
constrained_maximin,interaction_random_price,16,additive,900,0.005,1
constrained_maximin,interaction_random_price,16,oracle_term,900,0.73,0
constrained_maximin,interaction_random_price,17,additive,900,0.005,1
constrained_maximin,interaction_random_price,17,oracle_term,900,0.38,0
constrained_maximin,interaction_random_price,18,additive,900,0.005,1
constrained_maximin,interaction_random_price,18,oracle_term,900,0.805,0
constrained_maximin,interaction_random_price,19,additive,900,0.005,1
constrained_maximin,interaction_random_price,19,oracle_term,900,0.155,0
constrained_maximin,interaction_random_price,20,additive,900,0.005,1
constrained_maximin,interaction_random_price,20,oracle_term,900,0.98,0
constrained_maximin,interaction_random_price,21,additive,900,0.005,1
constrained_maximin,interaction_random_price,21,oracle_term,900,0.045,1
constrained_maximin,interaction_random_price,22,additive,900,0.005,1
constrained_maximin,interaction_random_price,22,oracle_term,900,0.85,0
constrained_maximin,interaction_random_price,23,additive,900,0.005,1
constrained_maximin,interaction_random_price,23,oracle_term,900,0.44,0
constrained_maximin,interaction_random_price,24,additive,900,0.005,1
constrained_maximin,interaction_random_price,24,oracle_term,900,0.625,0
constrained_maximin,interaction_random_price,25,additive,900,0.005,1
constrained_maximin,interaction_random_price,25,oracle_term,900,0.24,0
constrained_maximin,interaction_random_price,26,additive,900,0.005,1
constrained_maximin,interaction_random_price,26,oracle_term,900,0.58,0
constrained_maximin,interaction_random_price,27,additive,900,0.005,1
constrained_maximin,interaction_random_price,27,oracle_term,900,0.52,0
constrained_maximin,interaction_random_price,28,additive,900,0.005,1
constrained_maximin,interaction_random_price,28,oracle_term,900,0.765,0
constrained_maximin,interaction_random_price,29,additive,900,0.005,1
constrained_maximin,interaction_random_price,29,oracle_term,900,0.755,0
constrained_maximin,interaction_random_price,30,additive,900,0.005,1
constrained_maximin,interaction_random_price,30,oracle_term,900,0.3,0
constrained_maximin,interaction_random_price,31,additive,900,0.005,1
constrained_maximin,interaction_random_price,31,oracle_term,900,0.27,0
constrained_maximin,interaction_random_price,32,additive,900,0.005,1
constrained_maximin,interaction_random_price,32,oracle_term,900,0.61,0
constrained_maximin,interaction_random_price,33,additive,900,0.005,1
constrained_maximin,interaction_random_price,33,oracle_term,900,0.705,0
constrained_maximin,interaction_random_price,34,additive,900,0.005,1
constrained_maximin,interaction_random_price,34,oracle_term,900,0.875,0
constrained_maximin,interaction_random_price,35,additive,900,0.005,1
constrained_maximin,interaction_random_price,35,oracle_term,900,0.38,0
constrained_maximin,interaction_random_price,36,additive,900,0.005,1
constrained_maximin,interaction_random_price,36,oracle_term,900,0.875,0
constrained_maximin,interaction_random_price,37,additive,900,0.005,1
constrained_maximin,interaction_random_price,37,oracle_term,900,0.895,0
constrained_maximin,interaction_random_price,38,additive,900,0.005,1
constrained_maximin,interaction_random_price,38,oracle_term,900,0.625,0
constrained_maximin,interaction_random_price,39,additive,900,0.005,1
constrained_maximin,interaction_random_price,39,oracle_term,900,0.675,0
constrained_maximin,interaction_random_price,40,additive,900,0.005,1
constrained_maximin,interaction_random_price,40,oracle_term,900,0.47,0
constrained_maximin,interaction_random_price,41,additive,900,0.005,1
constrained_maximin,interaction_random_price,41,oracle_term,900,0.11,0
constrained_maximin,interaction_random_price,42,additive,900,0.005,1
constrained_maximin,interaction_random_price,42,oracle_term,900,0.68,0
constrained_maximin,interaction_random_price,43,additive,900,0.005,1
constrained_maximin,interaction_random_price,43,oracle_term,900,0.765,0
constrained_maximin,interaction_random_price,44,additive,900,0.005,1
constrained_maximin,interaction_random_price,44,oracle_term,900,0.755,0
constrained_maximin,interaction_random_price,45,additive,900,0.005,1
constrained_maximin,interaction_random_price,45,oracle_term,900,0.52,0
constrained_maximin,interaction_random_price,46,additive,900,0.005,1
constrained_maximin,interaction_random_price,46,oracle_term,900,0.92,0
constrained_maximin,interaction_random_price,47,additive,900,0.005,1
constrained_maximin,interaction_random_price,47,oracle_term,900,0.92,0
constrained_maximin,interaction_random_price,48,additive,900,0.005,1
constrained_maximin,interaction_random_price,48,oracle_term,900,0.895,0
constrained_maximin,interaction_random_price,49,additive,900,0.005,1
constrained_maximin,interaction_random_price,49,oracle_term,900,0.135,0
constrained_maximin,cubic,0,additive,900,0.005,1
constrained_maximin,cubic,1,additive,900,0.005,1
constrained_maximin,cubic,2,additive,900,0.005,1
constrained_maximin,cubic,3,additive,900,0.005,1
constrained_maximin,cubic,4,additive,900,0.005,1
constrained_maximin,cubic,5,additive,900,0.005,1
constrained_maximin,cubic,6,additive,900,0.005,1
constrained_maximin,cubic,7,additive,900,0.005,1
constrained_maximin,cubic,8,additive,900,0.005,1
constrained_maximin,cubic,9,additive,900,0.005,1
constrained_maximin,cubic,10,additive,900,0.005,1
constrained_maximin,cubic,11,additive,900,0.005,1
constrained_maximin,cubic,12,additive,900,0.005,1
constrained_maximin,cubic,13,additive,900,0.005,1
constrained_maximin,cubic,14,additive,900,0.005,1
constrained_maximin,cubic,15,additive,900,0.005,1
constrained_maximin,cubic,16,additive,900,0.005,1
constrained_maximin,cubic,17,additive,900,0.005,1
constrained_maximin,cubic,18,additive,900,0.005,1
constrained_maximin,cubic,19,additive,900,0.005,1
constrained_maximin,cubic,20,additive,900,0.005,1
constrained_maximin,cubic,21,additive,900,0.005,1
constrained_maximin,cubic,22,additive,900,0.005,1
constrained_maximin,cubic,23,additive,900,0.005,1
constrained_maximin,cubic,24,additive,900,0.005,1
constrained_maximin,cubic,25,additive,900,0.005,1
constrained_maximin,cubic,26,additive,900,0.005,1
constrained_maximin,cubic,27,additive,900,0.005,1
constrained_maximin,cubic,28,additive,900,0.005,1
constrained_maximin,cubic,29,additive,900,0.005,1
constrained_maximin,cubic,30,additive,900,0.005,1
constrained_maximin,cubic,31,additive,900,0.005,1
constrained_maximin,cubic,32,additive,900,0.005,1
constrained_maximin,cubic,33,additive,900,0.005,1
constrained_maximin,cubic,34,additive,900,0.005,1
constrained_maximin,cubic,35,additive,900,0.005,1
constrained_maximin,cubic,36,additive,900,0.005,1
constrained_maximin,cubic,37,additive,900,0.005,1
constrained_maximin,cubic,38,additive,900,0.005,1
constrained_maximin,cubic,39,additive,900,0.005,1
constrained_maximin,cubic,40,additive,900,0.005,1
constrained_maximin,cubic,41,additive,900,0.005,1
constrained_maximin,cubic,42,additive,900,0.005,1
constrained_maximin,cubic,43,additive,900,0.005,1
constrained_maximin,cubic,44,additive,900,0.005,1
constrained_maximin,cubic,45,additive,900,0.005,1
constrained_maximin,cubic,46,additive,900,0.005,1
constrained_maximin,cubic,47,additive,900,0.005,1
constrained_maximin,cubic,48,additive,900,0.005,1
constrained_maximin,cubic,49,additive,900,0.005,1
unconstrained_maximin,additive,0,additive,900,0.635,0
unconstrained_maximin,additive,1,additive,900,0.12,0
unconstrained_maximin,additive,2,additive,900,0.555,0
unconstrained_maximin,additive,3,additive,900,0.38,0
unconstrained_maximin,additive,4,additive,900,0.76,0
unconstrained_maximin,additive,5,additive,900,0.56,0
unconstrained_maximin,additive,6,additive,900,0.04,1
unconstrained_maximin,additive,7,additive,900,0.52,0
unconstrained_maximin,additive,8,additive,900,0.62,0
unconstrained_maximin,additive,9,additive,900,0.475,0
unconstrained_maximin,additive,10,additive,900,0.69,0
unconstrained_maximin,additive,11,additive,900,0.635,0
unconstrained_maximin,additive,12,additive,900,0.74,0
unconstrained_maximin,additive,13,additive,900,0.81,0
unconstrained_maximin,additive,14,additive,900,0.72,0
unconstrained_maximin,additive,15,additive,900,0.685,0
unconstrained_maximin,additive,16,additive,900,0.1,0
unconstrained_maximin,additive,17,additive,900,0.655,0
unconstrained_maximin,additive,18,additive,900,0.225,0
unconstrained_maximin,additive,19,additive,900,0.945,0
unconstrained_maximin,additive,20,additive,900,0.82,0
unconstrained_maximin,additive,21,additive,900,0.375,0
unconstrained_maximin,additive,22,additive,900,0.33,0
unconstrained_maximin,additive,23,additive,900,0.965,0
unconstrained_maximin,additive,24,additive,900,0.58,0
unconstrained_maximin,additive,25,additive,900,0.265,0
unconstrained_maximin,additive,26,additive,900,0.515,0
unconstrained_maximin,additive,27,additive,900,0.82,0
unconstrained_maximin,additive,28,additive,900,0.655,0
unconstrained_maximin,additive,29,additive,900,0.17,0
unconstrained_maximin,additive,30,additive,900,0.52,0
unconstrained_maximin,additive,31,additive,900,0.615,0
unconstrained_maximin,additive,32,additive,900,0.945,0
unconstrained_maximin,additive,33,additive,900,0.325,0
unconstrained_maximin,additive,34,additive,900,0.395,0
unconstrained_maximin,additive,35,additive,900,0.045,1
unconstrained_maximin,additive,36,additive,900,0.87,0
unconstrained_maximin,additive,37,additive,900,0.01,1
unconstrained_maximin,additive,38,additive,900,1.0,0
unconstrained_maximin,additive,39,additive,900,0.34,0
unconstrained_maximin,additive,40,additive,900,0.725,0
unconstrained_maximin,additive,41,additive,900,0.985,0
unconstrained_maximin,additive,42,additive,900,0.205,0
unconstrained_maximin,additive,43,additive,900,0.2,0
unconstrained_maximin,additive,44,additive,900,0.64,0
unconstrained_maximin,additive,45,additive,900,0.9,0
unconstrained_maximin,additive,46,additive,900,0.55,0
unconstrained_maximin,additive,47,additive,900,0.16,0
unconstrained_maximin,additive,48,additive,900,0.88,0
unconstrained_maximin,additive,49,additive,900,0.88,0
unconstrained_maximin,nonlinear,0,additive,900,0.005,1
unconstrained_maximin,nonlinear,0,oracle_term,900,0.655,0
unconstrained_maximin,nonlinear,1,additive,900,0.005,1
unconstrained_maximin,nonlinear,1,oracle_term,900,0.835,0
unconstrained_maximin,nonlinear,2,additive,900,0.005,1
unconstrained_maximin,nonlinear,2,oracle_term,900,0.48,0
unconstrained_maximin,nonlinear,3,additive,900,0.005,1
unconstrained_maximin,nonlinear,3,oracle_term,900,0.97,0
unconstrained_maximin,nonlinear,4,additive,900,0.005,1
unconstrained_maximin,nonlinear,4,oracle_term,900,0.745,0
unconstrained_maximin,nonlinear,5,additive,900,0.005,1
unconstrained_maximin,nonlinear,5,oracle_term,900,0.945,0
unconstrained_maximin,nonlinear,6,additive,900,0.005,1
unconstrained_maximin,nonlinear,6,oracle_term,900,0.645,0
unconstrained_maximin,nonlinear,7,additive,900,0.005,1
unconstrained_maximin,nonlinear,7,oracle_term,900,0.815,0
unconstrained_maximin,nonlinear,8,additive,900,0.005,1
unconstrained_maximin,nonlinear,8,oracle_term,900,0.195,0
unconstrained_maximin,nonlinear,9,additive,900,0.005,1
unconstrained_maximin,nonlinear,9,oracle_term,900,0.285,0
unconstrained_maximin,nonlinear,10,additive,900,0.005,1
unconstrained_maximin,nonlinear,10,oracle_term,900,0.15,0
unconstrained_maximin,nonlinear,11,additive,900,0.005,1
unconstrained_maximin,nonlinear,11,oracle_term,900,0.885,0
unconstrained_maximin,nonlinear,12,additive,900,0.005,1
unconstrained_maximin,nonlinear,12,oracle_term,900,0.65,0
unconstrained_maximin,nonlinear,13,additive,900,0.005,1
unconstrained_maximin,nonlinear,13,oracle_term,900,0.855,0
unconstrained_maximin,nonlinear,14,additive,900,0.005,1
unconstrained_maximin,nonlinear,14,oracle_term,900,0.905,0
unconstrained_maximin,nonlinear,15,additive,900,0.005,1
unconstrained_maximin,nonlinear,15,oracle_term,900,0.85,0
unconstrained_maximin,nonlinear,16,additive,900,0.005,1
unconstrained_maximin,nonlinear,16,oracle_term,900,0.465,0
unconstrained_maximin,nonlinear,17,additive,900,0.005,1
unconstrained_maximin,nonlinear,17,oracle_term,900,0.62,0
unconstrained_maximin,nonlinear,18,additive,900,0.005,1
unconstrained_maximin,nonlinear,18,oracle_term,900,0.925,0
unconstrained_maximin,nonlinear,19,additive,900,0.005,1
unconstrained_maximin,nonlinear,19,oracle_term,900,0.83,0
unconstrained_maximin,nonlinear,20,additive,900,0.005,1
unconstrained_maximin,nonlinear,20,oracle_term,900,0.585,0
unconstrained_maximin,nonlinear,21,additive,900,0.005,1
unconstrained_maximin,nonlinear,21,oracle_term,900,0.215,0
unconstrained_maximin,nonlinear,22,additive,900,0.005,1
unconstrained_maximin,nonlinear,22,oracle_term,900,0.2,0
unconstrained_maximin,nonlinear,23,additive,900,0.005,1
unconstrained_maximin,nonlinear,23,oracle_term,900,0.805,0
unconstrained_maximin,nonlinear,24,additive,900,0.005,1
unconstrained_maximin,nonlinear,24,oracle_term,900,0.36,0
unconstrained_maximin,nonlinear,25,additive,900,0.005,1
unconstrained_maximin,nonlinear,25,oracle_term,900,0.64,0
unconstrained_maximin,nonlinear,26,additive,900,0.005,1
unconstrained_maximin,nonlinear,26,oracle_term,900,0.91,0
unconstrained_maximin,nonlinear,27,additive,900,0.005,1
unconstrained_maximin,nonlinear,27,oracle_term,900,0.455,0
unconstrained_maximin,nonlinear,28,additive,900,0.005,1
unconstrained_maximin,nonlinear,28,oracle_term,900,0.555,0
unconstrained_maximin,nonlinear,29,additive,900,0.005,1
unconstrained_maximin,nonlinear,29,oracle_term,900,0.17,0
unconstrained_maximin,nonlinear,30,additive,900,0.005,1
unconstrained_maximin,nonlinear,30,oracle_term,900,0.295,0
unconstrained_maximin,nonlinear,31,additive,900,0.005,1
unconstrained_maximin,nonlinear,31,oracle_term,900,0.62,0
unconstrained_maximin,nonlinear,32,additive,900,0.005,1
unconstrained_maximin,nonlinear,32,oracle_term,900,0.985,0
unconstrained_maximin,nonlinear,33,additive,900,0.005,1
unconstrained_maximin,nonlinear,33,oracle_term,900,0.645,0
unconstrained_maximin,nonlinear,34,additive,900,0.005,1
unconstrained_maximin,nonlinear,34,oracle_term,900,0.85,0
unconstrained_maximin,nonlinear,35,additive,900,0.005,1
unconstrained_maximin,nonlinear,35,oracle_term,900,0.92,0
unconstrained_maximin,nonlinear,36,additive,900,0.005,1
unconstrained_maximin,nonlinear,36,oracle_term,900,0.63,0
unconstrained_maximin,nonlinear,37,additive,900,0.005,1
unconstrained_maximin,nonlinear,37,oracle_term,900,0.285,0
unconstrained_maximin,nonlinear,38,additive,900,0.005,1
unconstrained_maximin,nonlinear,38,oracle_term,900,0.24,0
unconstrained_maximin,nonlinear,39,additive,900,0.005,1
unconstrained_maximin,nonlinear,39,oracle_term,900,0.9,0
unconstrained_maximin,nonlinear,40,additive,900,0.005,1
unconstrained_maximin,nonlinear,40,oracle_term,900,0.84,0
unconstrained_maximin,nonlinear,41,additive,900,0.005,1
unconstrained_maximin,nonlinear,41,oracle_term,900,0.435,0
unconstrained_maximin,nonlinear,42,additive,900,0.005,1
unconstrained_maximin,nonlinear,42,oracle_term,900,0.71,0
unconstrained_maximin,nonlinear,43,additive,900,0.005,1
unconstrained_maximin,nonlinear,43,oracle_term,900,0.565,0
unconstrained_maximin,nonlinear,44,additive,900,0.005,1
unconstrained_maximin,nonlinear,44,oracle_term,900,0.02,1
unconstrained_maximin,nonlinear,45,additive,900,0.005,1
unconstrained_maximin,nonlinear,45,oracle_term,900,0.3,0
unconstrained_maximin,nonlinear,46,additive,900,0.005,1
unconstrained_maximin,nonlinear,46,oracle_term,900,0.705,0
unconstrained_maximin,nonlinear,47,additive,900,0.005,1
unconstrained_maximin,nonlinear,47,oracle_term,900,0.01,1
unconstrained_maximin,nonlinear,48,additive,900,0.005,1
unconstrained_maximin,nonlinear,48,oracle_term,900,0.175,0
unconstrained_maximin,nonlinear,49,additive,900,0.005,1
unconstrained_maximin,nonlinear,49,oracle_term,900,0.71,0
unconstrained_maximin,threshold,0,additive,900,0.005,1
unconstrained_maximin,threshold,0,oracle_term,900,0.755,0
unconstrained_maximin,threshold,1,additive,900,0.005,1
unconstrained_maximin,threshold,1,oracle_term,900,0.78,0
unconstrained_maximin,threshold,2,additive,900,0.005,1
unconstrained_maximin,threshold,2,oracle_term,900,0.25,0
unconstrained_maximin,threshold,3,additive,900,0.005,1
unconstrained_maximin,threshold,3,oracle_term,900,0.625,0
unconstrained_maximin,threshold,4,additive,900,0.005,1
unconstrained_maximin,threshold,4,oracle_term,900,0.94,0
unconstrained_maximin,threshold,5,additive,900,0.005,1
unconstrained_maximin,threshold,5,oracle_term,900,0.045,1
unconstrained_maximin,threshold,6,additive,900,0.005,1
unconstrained_maximin,threshold,6,oracle_term,900,0.37,0
unconstrained_maximin,threshold,7,additive,900,0.005,1
unconstrained_maximin,threshold,7,oracle_term,900,0.89,0
unconstrained_maximin,threshold,8,additive,900,0.005,1
unconstrained_maximin,threshold,8,oracle_term,900,0.995,0
unconstrained_maximin,threshold,9,additive,900,0.005,1
unconstrained_maximin,threshold,9,oracle_term,900,0.635,0
unconstrained_maximin,threshold,10,additive,900,0.005,1
unconstrained_maximin,threshold,10,oracle_term,900,0.865,0
unconstrained_maximin,threshold,11,additive,900,0.005,1
unconstrained_maximin,threshold,11,oracle_term,900,0.88,0
unconstrained_maximin,threshold,12,additive,900,0.005,1
unconstrained_maximin,threshold,12,oracle_term,900,0.155,0
unconstrained_maximin,threshold,13,additive,900,0.005,1
unconstrained_maximin,threshold,13,oracle_term,900,0.655,0
unconstrained_maximin,threshold,14,additive,900,0.005,1
unconstrained_maximin,threshold,14,oracle_term,900,0.76,0
unconstrained_maximin,threshold,15,additive,900,0.005,1
unconstrained_maximin,threshold,15,oracle_term,900,0.92,0
unconstrained_maximin,threshold,16,additive,900,0.005,1
unconstrained_maximin,threshold,16,oracle_term,900,0.755,0
unconstrained_maximin,threshold,17,additive,900,0.005,1
unconstrained_maximin,threshold,17,oracle_term,900,0.63,0
unconstrained_maximin,threshold,18,additive,900,0.005,1
unconstrained_maximin,threshold,18,oracle_term,900,0.185,0
unconstrained_maximin,threshold,19,additive,900,0.005,1
unconstrained_maximin,threshold,19,oracle_term,900,0.945,0
unconstrained_maximin,threshold,20,additive,900,0.005,1
unconstrained_maximin,threshold,20,oracle_term,900,0.985,0
unconstrained_maximin,threshold,21,additive,900,0.005,1
unconstrained_maximin,threshold,21,oracle_term,900,0.2,0
unconstrained_maximin,threshold,22,additive,900,0.005,1
unconstrained_maximin,threshold,22,oracle_term,900,0.62,0
unconstrained_maximin,threshold,23,additive,900,0.005,1
unconstrained_maximin,threshold,23,oracle_term,900,0.36,0
unconstrained_maximin,threshold,24,additive,900,0.005,1
unconstrained_maximin,threshold,24,oracle_term,900,0.505,0
unconstrained_maximin,threshold,25,additive,900,0.005,1
unconstrained_maximin,threshold,25,oracle_term,900,0.58,0
unconstrained_maximin,threshold,26,additive,900,0.005,1
unconstrained_maximin,threshold,26,oracle_term,900,0.53,0
unconstrained_maximin,threshold,27,additive,900,0.005,1
unconstrained_maximin,threshold,27,oracle_term,900,0.75,0
unconstrained_maximin,threshold,28,additive,900,0.005,1
unconstrained_maximin,threshold,28,oracle_term,900,0.995,0
unconstrained_maximin,threshold,29,additive,900,0.005,1
unconstrained_maximin,threshold,29,oracle_term,900,0.67,0
unconstrained_maximin,threshold,30,additive,900,0.005,1
unconstrained_maximin,threshold,30,oracle_term,900,0.805,0
unconstrained_maximin,threshold,31,additive,900,0.005,1
unconstrained_maximin,threshold,31,oracle_term,900,0.875,0
unconstrained_maximin,threshold,32,additive,900,0.005,1
unconstrained_maximin,threshold,32,oracle_term,900,0.975,0
unconstrained_maximin,threshold,33,additive,900,0.005,1
unconstrained_maximin,threshold,33,oracle_term,900,0.09,0
unconstrained_maximin,threshold,34,additive,900,0.005,1
unconstrained_maximin,threshold,34,oracle_term,900,0.645,0
unconstrained_maximin,threshold,35,additive,900,0.005,1
unconstrained_maximin,threshold,35,oracle_term,900,0.43,0
unconstrained_maximin,threshold,36,additive,900,0.005,1
unconstrained_maximin,threshold,36,oracle_term,900,0.29,0
unconstrained_maximin,threshold,37,additive,900,0.005,1
unconstrained_maximin,threshold,37,oracle_term,900,0.31,0
unconstrained_maximin,threshold,38,additive,900,0.005,1
unconstrained_maximin,threshold,38,oracle_term,900,0.44,0
unconstrained_maximin,threshold,39,additive,900,0.005,1
unconstrained_maximin,threshold,39,oracle_term,900,0.89,0
unconstrained_maximin,threshold,40,additive,900,0.005,1
unconstrained_maximin,threshold,40,oracle_term,900,0.885,0
unconstrained_maximin,threshold,41,additive,900,0.005,1
unconstrained_maximin,threshold,41,oracle_term,900,0.83,0
unconstrained_maximin,threshold,42,additive,900,0.005,1
unconstrained_maximin,threshold,42,oracle_term,900,0.46,0
unconstrained_maximin,threshold,43,additive,900,0.005,1
unconstrained_maximin,threshold,43,oracle_term,900,0.46,0
unconstrained_maximin,threshold,44,additive,900,0.005,1
unconstrained_maximin,threshold,44,oracle_term,900,0.9,0
unconstrained_maximin,threshold,45,additive,900,0.005,1
unconstrained_maximin,threshold,45,oracle_term,900,0.81,0
unconstrained_maximin,threshold,46,additive,900,0.005,1
unconstrained_maximin,threshold,46,oracle_term,900,0.43,0
unconstrained_maximin,threshold,47,additive,900,0.005,1
unconstrained_maximin,threshold,47,oracle_term,900,0.56,0
unconstrained_maximin,threshold,48,additive,900,0.005,1
unconstrained_maximin,threshold,48,oracle_term,900,0.865,0
unconstrained_maximin,threshold,49,additive,900,0.005,1
unconstrained_maximin,threshold,49,oracle_term,900,0.755,0
unconstrained_maximin,interaction,0,additive,900,0.005,1
unconstrained_maximin,interaction,0,oracle_term,900,0.425,0
unconstrained_maximin,interaction,1,additive,900,0.005,1
unconstrained_maximin,interaction,1,oracle_term,900,0.935,0
unconstrained_maximin,interaction,2,additive,900,0.005,1
unconstrained_maximin,interaction,2,oracle_term,900,0.87,0
unconstrained_maximin,interaction,3,additive,900,0.005,1
unconstrained_maximin,interaction,3,oracle_term,900,0.1,0
unconstrained_maximin,interaction,4,additive,900,0.005,1
unconstrained_maximin,interaction,4,oracle_term,900,0.815,0
unconstrained_maximin,interaction,5,additive,900,0.005,1
unconstrained_maximin,interaction,5,oracle_term,900,0.63,0
unconstrained_maximin,interaction,6,additive,900,0.005,1
unconstrained_maximin,interaction,6,oracle_term,900,0.17,0
unconstrained_maximin,interaction,7,additive,900,0.005,1
unconstrained_maximin,interaction,7,oracle_term,900,0.865,0
unconstrained_maximin,interaction,8,additive,900,0.005,1
unconstrained_maximin,interaction,8,oracle_term,900,0.2,0
unconstrained_maximin,interaction,9,additive,900,0.005,1
unconstrained_maximin,interaction,9,oracle_term,900,0.71,0
unconstrained_maximin,interaction,10,additive,900,0.005,1
unconstrained_maximin,interaction,10,oracle_term,900,0.34,0
unconstrained_maximin,interaction,11,additive,900,0.005,1
unconstrained_maximin,interaction,11,oracle_term,900,0.44,0
unconstrained_maximin,interaction,12,additive,900,0.005,1
unconstrained_maximin,interaction,12,oracle_term,900,0.45,0
unconstrained_maximin,interaction,13,additive,900,0.005,1
unconstrained_maximin,interaction,13,oracle_term,900,0.18,0
unconstrained_maximin,interaction,14,additive,900,0.005,1
unconstrained_maximin,interaction,14,oracle_term,900,0.855,0
unconstrained_maximin,interaction,15,additive,900,0.005,1
unconstrained_maximin,interaction,15,oracle_term,900,0.985,0
unconstrained_maximin,interaction,16,additive,900,0.005,1
unconstrained_maximin,interaction,16,oracle_term,900,0.915,0
unconstrained_maximin,interaction,17,additive,900,0.005,1
unconstrained_maximin,interaction,17,oracle_term,900,0.77,0
unconstrained_maximin,interaction,18,additive,900,0.005,1
unconstrained_maximin,interaction,18,oracle_term,900,0.865,0
unconstrained_maximin,interaction,19,additive,900,0.005,1
unconstrained_maximin,interaction,19,oracle_term,900,0.915,0
unconstrained_maximin,interaction,20,additive,900,0.005,1
unconstrained_maximin,interaction,20,oracle_term,900,0.165,0
unconstrained_maximin,interaction,21,additive,900,0.005,1
unconstrained_maximin,interaction,21,oracle_term,900,0.455,0
unconstrained_maximin,interaction,22,additive,900,0.005,1
unconstrained_maximin,interaction,22,oracle_term,900,0.97,0
unconstrained_maximin,interaction,23,additive,900,0.005,1
unconstrained_maximin,interaction,23,oracle_term,900,0.42,0
unconstrained_maximin,interaction,24,additive,900,0.005,1
unconstrained_maximin,interaction,24,oracle_term,900,0.905,0
unconstrained_maximin,interaction,25,additive,900,0.005,1
unconstrained_maximin,interaction,25,oracle_term,900,0.68,0
unconstrained_maximin,interaction,26,additive,900,0.005,1
unconstrained_maximin,interaction,26,oracle_term,900,0.985,0
unconstrained_maximin,interaction,27,additive,900,0.005,1
unconstrained_maximin,interaction,27,oracle_term,900,0.975,0
unconstrained_maximin,interaction,28,additive,900,0.005,1
unconstrained_maximin,interaction,28,oracle_term,900,0.6,0
unconstrained_maximin,interaction,29,additive,900,0.005,1
unconstrained_maximin,interaction,29,oracle_term,900,0.28,0
unconstrained_maximin,interaction,30,additive,900,0.005,1
unconstrained_maximin,interaction,30,oracle_term,900,0.9,0
unconstrained_maximin,interaction,31,additive,900,0.005,1
unconstrained_maximin,interaction,31,oracle_term,900,0.565,0
unconstrained_maximin,interaction,32,additive,900,0.005,1
unconstrained_maximin,interaction,32,oracle_term,900,0.835,0
unconstrained_maximin,interaction,33,additive,900,0.005,1
unconstrained_maximin,interaction,33,oracle_term,900,0.8,0
unconstrained_maximin,interaction,34,additive,900,0.005,1
unconstrained_maximin,interaction,34,oracle_term,900,0.84,0
unconstrained_maximin,interaction,35,additive,900,0.005,1
unconstrained_maximin,interaction,35,oracle_term,900,0.735,0
unconstrained_maximin,interaction,36,additive,900,0.005,1
unconstrained_maximin,interaction,36,oracle_term,900,0.48,0
unconstrained_maximin,interaction,37,additive,900,0.005,1
unconstrained_maximin,interaction,37,oracle_term,900,0.97,0
unconstrained_maximin,interaction,38,additive,900,0.005,1
unconstrained_maximin,interaction,38,oracle_term,900,0.92,0
unconstrained_maximin,interaction,39,additive,900,0.005,1
unconstrained_maximin,interaction,39,oracle_term,900,0.905,0
unconstrained_maximin,interaction,40,additive,900,0.005,1
unconstrained_maximin,interaction,40,oracle_term,900,0.935,0
unconstrained_maximin,interaction,41,additive,900,0.005,1
unconstrained_maximin,interaction,41,oracle_term,900,0.435,0
unconstrained_maximin,interaction,42,additive,900,0.005,1
unconstrained_maximin,interaction,42,oracle_term,900,0.87,0
unconstrained_maximin,interaction,43,additive,900,0.005,1
unconstrained_maximin,interaction,43,oracle_term,900,0.33,0
unconstrained_maximin,interaction,44,additive,900,0.005,1
unconstrained_maximin,interaction,44,oracle_term,900,0.93,0
unconstrained_maximin,interaction,45,additive,900,0.005,1
unconstrained_maximin,interaction,45,oracle_term,900,0.98,0
unconstrained_maximin,interaction,46,additive,900,0.005,1
unconstrained_maximin,interaction,46,oracle_term,900,0.455,0
unconstrained_maximin,interaction,47,additive,900,0.005,1
unconstrained_maximin,interaction,47,oracle_term,900,0.395,0
unconstrained_maximin,interaction,48,additive,900,0.005,1
unconstrained_maximin,interaction,48,oracle_term,900,0.23,0
unconstrained_maximin,interaction,49,additive,900,0.005,1
unconstrained_maximin,interaction,49,oracle_term,900,0.445,0
unconstrained_maximin,random_price,0,additive,900,0.73,0
unconstrained_maximin,random_price,1,additive,900,0.04,1
unconstrained_maximin,random_price,2,additive,900,0.65,0
unconstrained_maximin,random_price,3,additive,900,0.275,0
unconstrained_maximin,random_price,4,additive,900,0.795,0
unconstrained_maximin,random_price,5,additive,900,0.675,0
unconstrained_maximin,random_price,6,additive,900,0.46,0
unconstrained_maximin,random_price,7,additive,900,0.37,0
unconstrained_maximin,random_price,8,additive,900,0.645,0
unconstrained_maximin,random_price,9,additive,900,0.415,0
unconstrained_maximin,random_price,10,additive,900,0.49,0
unconstrained_maximin,random_price,11,additive,900,0.6,0
unconstrained_maximin,random_price,12,additive,900,0.67,0
unconstrained_maximin,random_price,13,additive,900,0.655,0
unconstrained_maximin,random_price,14,additive,900,0.555,0
unconstrained_maximin,random_price,15,additive,900,0.615,0
unconstrained_maximin,random_price,16,additive,900,0.625,0
unconstrained_maximin,random_price,17,additive,900,0.435,0
unconstrained_maximin,random_price,18,additive,900,0.79,0
unconstrained_maximin,random_price,19,additive,900,0.035,1
unconstrained_maximin,random_price,20,additive,900,0.085,0
unconstrained_maximin,random_price,21,additive,900,0.03,1
unconstrained_maximin,random_price,22,additive,900,0.35,0
unconstrained_maximin,random_price,23,additive,900,0.4,0
unconstrained_maximin,random_price,24,additive,900,0.21,0
unconstrained_maximin,random_price,25,additive,900,0.585,0
unconstrained_maximin,random_price,26,additive,900,0.49,0
unconstrained_maximin,random_price,27,additive,900,0.515,0
unconstrained_maximin,random_price,28,additive,900,0.89,0
unconstrained_maximin,random_price,29,additive,900,0.825,0
unconstrained_maximin,random_price,30,additive,900,0.78,0
unconstrained_maximin,random_price,31,additive,900,0.115,0
unconstrained_maximin,random_price,32,additive,900,0.775,0
unconstrained_maximin,random_price,33,additive,900,0.73,0
unconstrained_maximin,random_price,34,additive,900,0.07,0
unconstrained_maximin,random_price,35,additive,900,0.835,0
unconstrained_maximin,random_price,36,additive,900,0.265,0
unconstrained_maximin,random_price,37,additive,900,0.665,0
unconstrained_maximin,random_price,38,additive,900,0.36,0
unconstrained_maximin,random_price,39,additive,900,0.575,0
unconstrained_maximin,random_price,40,additive,900,0.79,0
unconstrained_maximin,random_price,41,additive,900,0.15,0
unconstrained_maximin,random_price,42,additive,900,0.085,0
unconstrained_maximin,random_price,43,additive,900,0.36,0
unconstrained_maximin,random_price,44,additive,900,0.505,0
unconstrained_maximin,random_price,45,additive,900,0.185,0
unconstrained_maximin,random_price,46,additive,900,0.865,0
unconstrained_maximin,random_price,47,additive,900,0.74,0
unconstrained_maximin,random_price,48,additive,900,0.795,0
unconstrained_maximin,random_price,49,additive,900,0.76,0
unconstrained_maximin,nonlinear_random_price,0,additive,900,0.005,1
unconstrained_maximin,nonlinear_random_price,0,oracle_term,900,0.935,0
unconstrained_maximin,nonlinear_random_price,1,additive,900,0.005,1
unconstrained_maximin,nonlinear_random_price,1,oracle_term,900,0.36,0
unconstrained_maximin,nonlinear_random_price,2,additive,900,0.005,1
unconstrained_maximin,nonlinear_random_price,2,oracle_term,900,0.495,0
unconstrained_maximin,nonlinear_random_price,3,additive,900,0.005,1
unconstrained_maximin,nonlinear_random_price,3,oracle_term,900,0.525,0
unconstrained_maximin,nonlinear_random_price,4,additive,900,0.005,1
unconstrained_maximin,nonlinear_random_price,4,oracle_term,900,0.96,0
unconstrained_maximin,nonlinear_random_price,5,additive,900,0.005,1
unconstrained_maximin,nonlinear_random_price,5,oracle_term,900,0.73,0
unconstrained_maximin,nonlinear_random_price,6,additive,900,0.005,1
unconstrained_maximin,nonlinear_random_price,6,oracle_term,900,1.0,0
unconstrained_maximin,nonlinear_random_price,7,additive,900,0.005,1
unconstrained_maximin,nonlinear_random_price,7,oracle_term,900,0.935,0
unconstrained_maximin,nonlinear_random_price,8,additive,900,0.005,1
unconstrained_maximin,nonlinear_random_price,8,oracle_term,900,0.815,0
unconstrained_maximin,nonlinear_random_price,9,additive,900,0.005,1
unconstrained_maximin,nonlinear_random_price,9,oracle_term,900,0.99,0
unconstrained_maximin,nonlinear_random_price,10,additive,900,0.005,1
unconstrained_maximin,nonlinear_random_price,10,oracle_term,900,0.945,0
unconstrained_maximin,nonlinear_random_price,11,additive,900,0.005,1
unconstrained_maximin,nonlinear_random_price,11,oracle_term,900,0.145,0
unconstrained_maximin,nonlinear_random_price,12,additive,900,0.005,1
unconstrained_maximin,nonlinear_random_price,12,oracle_term,900,0.39,0
unconstrained_maximin,nonlinear_random_price,13,additive,900,0.005,1
unconstrained_maximin,nonlinear_random_price,13,oracle_term,900,0.36,0
unconstrained_maximin,nonlinear_random_price,14,additive,900,0.005,1
unconstrained_maximin,nonlinear_random_price,14,oracle_term,900,0.905,0
unconstrained_maximin,nonlinear_random_price,15,additive,900,0.005,1
unconstrained_maximin,nonlinear_random_price,15,oracle_term,900,0.79,0
unconstrained_maximin,nonlinear_random_price,16,additive,900,0.005,1
unconstrained_maximin,nonlinear_random_price,16,oracle_term,900,0.97,0
unconstrained_maximin,nonlinear_random_price,17,additive,900,0.005,1
unconstrained_maximin,nonlinear_random_price,17,oracle_term,900,0.89,0
unconstrained_maximin,nonlinear_random_price,18,additive,900,0.005,1
unconstrained_maximin,nonlinear_random_price,18,oracle_term,900,0.915,0
unconstrained_maximin,nonlinear_random_price,19,additive,900,0.005,1
unconstrained_maximin,nonlinear_random_price,19,oracle_term,900,0.18,0
unconstrained_maximin,nonlinear_random_price,20,additive,900,0.005,1
unconstrained_maximin,nonlinear_random_price,20,oracle_term,900,0.66,0
unconstrained_maximin,nonlinear_random_price,21,additive,900,0.005,1
unconstrained_maximin,nonlinear_random_price,21,oracle_term,900,0.92,0
unconstrained_maximin,nonlinear_random_price,22,additive,900,0.005,1
unconstrained_maximin,nonlinear_random_price,22,oracle_term,900,0.94,0
unconstrained_maximin,nonlinear_random_price,23,additive,900,0.005,1
unconstrained_maximin,nonlinear_random_price,23,oracle_term,900,0.18,0
unconstrained_maximin,nonlinear_random_price,24,additive,900,0.005,1
unconstrained_maximin,nonlinear_random_price,24,oracle_term,900,0.27,0
unconstrained_maximin,nonlinear_random_price,25,additive,900,0.005,1
unconstrained_maximin,nonlinear_random_price,25,oracle_term,900,0.975,0
unconstrained_maximin,nonlinear_random_price,26,additive,900,0.005,1
unconstrained_maximin,nonlinear_random_price,26,oracle_term,900,0.84,0
unconstrained_maximin,nonlinear_random_price,27,additive,900,0.005,1
unconstrained_maximin,nonlinear_random_price,27,oracle_term,900,0.55,0
unconstrained_maximin,nonlinear_random_price,28,additive,900,0.005,1
unconstrained_maximin,nonlinear_random_price,28,oracle_term,900,0.365,0
unconstrained_maximin,nonlinear_random_price,29,additive,900,0.005,1
unconstrained_maximin,nonlinear_random_price,29,oracle_term,900,0.915,0
unconstrained_maximin,nonlinear_random_price,30,additive,900,0.005,1
unconstrained_maximin,nonlinear_random_price,30,oracle_term,900,0.435,0
unconstrained_maximin,nonlinear_random_price,31,additive,900,0.005,1
unconstrained_maximin,nonlinear_random_price,31,oracle_term,900,0.985,0
unconstrained_maximin,nonlinear_random_price,32,additive,900,0.005,1
unconstrained_maximin,nonlinear_random_price,32,oracle_term,900,0.385,0
unconstrained_maximin,nonlinear_random_price,33,additive,900,0.005,1
unconstrained_maximin,nonlinear_random_price,33,oracle_term,900,0.41,0
unconstrained_maximin,nonlinear_random_price,34,additive,900,0.005,1
unconstrained_maximin,nonlinear_random_price,34,oracle_term,900,0.87,0
unconstrained_maximin,nonlinear_random_price,35,additive,900,0.005,1
unconstrained_maximin,nonlinear_random_price,35,oracle_term,900,0.84,0
unconstrained_maximin,nonlinear_random_price,36,additive,900,0.005,1
unconstrained_maximin,nonlinear_random_price,36,oracle_term,900,0.875,0
unconstrained_maximin,nonlinear_random_price,37,additive,900,0.005,1
unconstrained_maximin,nonlinear_random_price,37,oracle_term,900,0.355,0
unconstrained_maximin,nonlinear_random_price,38,additive,900,0.005,1
unconstrained_maximin,nonlinear_random_price,38,oracle_term,900,0.28,0
unconstrained_maximin,nonlinear_random_price,39,additive,900,0.005,1
unconstrained_maximin,nonlinear_random_price,39,oracle_term,900,0.145,0
unconstrained_maximin,nonlinear_random_price,40,additive,900,0.005,1
unconstrained_maximin,nonlinear_random_price,40,oracle_term,900,0.605,0
unconstrained_maximin,nonlinear_random_price,41,additive,900,0.005,1
unconstrained_maximin,nonlinear_random_price,41,oracle_term,900,0.435,0
unconstrained_maximin,nonlinear_random_price,42,additive,900,0.005,1
unconstrained_maximin,nonlinear_random_price,42,oracle_term,900,0.535,0
unconstrained_maximin,nonlinear_random_price,43,additive,900,0.005,1
unconstrained_maximin,nonlinear_random_price,43,oracle_term,900,0.775,0
unconstrained_maximin,nonlinear_random_price,44,additive,900,0.005,1
unconstrained_maximin,nonlinear_random_price,44,oracle_term,900,0.54,0
unconstrained_maximin,nonlinear_random_price,45,additive,900,0.005,1
unconstrained_maximin,nonlinear_random_price,45,oracle_term,900,0.755,0
unconstrained_maximin,nonlinear_random_price,46,additive,900,0.005,1
unconstrained_maximin,nonlinear_random_price,46,oracle_term,900,0.15,0
unconstrained_maximin,nonlinear_random_price,47,additive,900,0.005,1
unconstrained_maximin,nonlinear_random_price,47,oracle_term,900,0.79,0
unconstrained_maximin,nonlinear_random_price,48,additive,900,0.005,1
unconstrained_maximin,nonlinear_random_price,48,oracle_term,900,0.995,0
unconstrained_maximin,nonlinear_random_price,49,additive,900,0.005,1
unconstrained_maximin,nonlinear_random_price,49,oracle_term,900,0.955,0
unconstrained_maximin,interaction_random_price,0,additive,900,0.005,1
unconstrained_maximin,interaction_random_price,0,oracle_term,900,0.59,0
unconstrained_maximin,interaction_random_price,1,additive,900,0.005,1
unconstrained_maximin,interaction_random_price,1,oracle_term,900,0.365,0
unconstrained_maximin,interaction_random_price,2,additive,900,0.005,1
unconstrained_maximin,interaction_random_price,2,oracle_term,900,0.43,0
unconstrained_maximin,interaction_random_price,3,additive,900,0.005,1
unconstrained_maximin,interaction_random_price,3,oracle_term,900,0.97,0
unconstrained_maximin,interaction_random_price,4,additive,900,0.005,1
unconstrained_maximin,interaction_random_price,4,oracle_term,900,0.72,0
unconstrained_maximin,interaction_random_price,5,additive,900,0.005,1
unconstrained_maximin,interaction_random_price,5,oracle_term,900,0.535,0
unconstrained_maximin,interaction_random_price,6,additive,900,0.005,1
unconstrained_maximin,interaction_random_price,6,oracle_term,900,0.78,0
unconstrained_maximin,interaction_random_price,7,additive,900,0.005,1
unconstrained_maximin,interaction_random_price,7,oracle_term,900,0.745,0
unconstrained_maximin,interaction_random_price,8,additive,900,0.005,1
unconstrained_maximin,interaction_random_price,8,oracle_term,900,0.56,0
unconstrained_maximin,interaction_random_price,9,additive,900,0.005,1
unconstrained_maximin,interaction_random_price,9,oracle_term,900,0.89,0
unconstrained_maximin,interaction_random_price,10,additive,900,0.005,1
unconstrained_maximin,interaction_random_price,10,oracle_term,900,0.25,0
unconstrained_maximin,interaction_random_price,11,additive,900,0.005,1
unconstrained_maximin,interaction_random_price,11,oracle_term,900,0.935,0
unconstrained_maximin,interaction_random_price,12,additive,900,0.005,1
unconstrained_maximin,interaction_random_price,12,oracle_term,900,0.2,0
unconstrained_maximin,interaction_random_price,13,additive,900,0.005,1
unconstrained_maximin,interaction_random_price,13,oracle_term,900,0.155,0
unconstrained_maximin,interaction_random_price,14,additive,900,0.005,1
unconstrained_maximin,interaction_random_price,14,oracle_term,900,1.0,0
unconstrained_maximin,interaction_random_price,15,additive,900,0.005,1
unconstrained_maximin,interaction_random_price,15,oracle_term,900,0.44,0
unconstrained_maximin,interaction_random_price,16,additive,900,0.005,1
unconstrained_maximin,interaction_random_price,16,oracle_term,900,0.42,0
unconstrained_maximin,interaction_random_price,17,additive,900,0.005,1
unconstrained_maximin,interaction_random_price,17,oracle_term,900,0.45,0
unconstrained_maximin,interaction_random_price,18,additive,900,0.005,1
unconstrained_maximin,interaction_random_price,18,oracle_term,900,0.98,0
unconstrained_maximin,interaction_random_price,19,additive,900,0.005,1
unconstrained_maximin,interaction_random_price,19,oracle_term,900,0.75,0
unconstrained_maximin,interaction_random_price,20,additive,900,0.005,1
unconstrained_maximin,interaction_random_price,20,oracle_term,900,0.97,0
unconstrained_maximin,interaction_random_price,21,additive,900,0.005,1
unconstrained_maximin,interaction_random_price,21,oracle_term,900,0.715,0
unconstrained_maximin,interaction_random_price,22,additive,900,0.005,1
unconstrained_maximin,interaction_random_price,22,oracle_term,900,0.825,0
unconstrained_maximin,interaction_random_price,23,additive,900,0.005,1
unconstrained_maximin,interaction_random_price,23,oracle_term,900,0.37,0
unconstrained_maximin,interaction_random_price,24,additive,900,0.005,1
unconstrained_maximin,interaction_random_price,24,oracle_term,900,1.0,0
unconstrained_maximin,interaction_random_price,25,additive,900,0.005,1
unconstrained_maximin,interaction_random_price,25,oracle_term,900,0.595,0
unconstrained_maximin,interaction_random_price,26,additive,900,0.005,1
unconstrained_maximin,interaction_random_price,26,oracle_term,900,0.555,0
unconstrained_maximin,interaction_random_price,27,additive,900,0.005,1
unconstrained_maximin,interaction_random_price,27,oracle_term,900,0.86,0
unconstrained_maximin,interaction_random_price,28,additive,900,0.005,1
unconstrained_maximin,interaction_random_price,28,oracle_term,900,0.165,0
unconstrained_maximin,interaction_random_price,29,additive,900,0.005,1
unconstrained_maximin,interaction_random_price,29,oracle_term,900,0.45,0
unconstrained_maximin,interaction_random_price,30,additive,900,0.005,1
unconstrained_maximin,interaction_random_price,30,oracle_term,900,0.84,0
unconstrained_maximin,interaction_random_price,31,additive,900,0.005,1
unconstrained_maximin,interaction_random_price,31,oracle_term,900,0.755,0
unconstrained_maximin,interaction_random_price,32,additive,900,0.005,1
unconstrained_maximin,interaction_random_price,32,oracle_term,900,0.895,0
unconstrained_maximin,interaction_random_price,33,additive,900,0.005,1
unconstrained_maximin,interaction_random_price,33,oracle_term,900,0.515,0
unconstrained_maximin,interaction_random_price,34,additive,900,0.005,1
unconstrained_maximin,interaction_random_price,34,oracle_term,900,0.775,0
unconstrained_maximin,interaction_random_price,35,additive,900,0.005,1
unconstrained_maximin,interaction_random_price,35,oracle_term,900,0.81,0
unconstrained_maximin,interaction_random_price,36,additive,900,0.005,1
unconstrained_maximin,interaction_random_price,36,oracle_term,900,0.855,0
unconstrained_maximin,interaction_random_price,37,additive,900,0.005,1
unconstrained_maximin,interaction_random_price,37,oracle_term,900,0.595,0
unconstrained_maximin,interaction_random_price,38,additive,900,0.005,1
unconstrained_maximin,interaction_random_price,38,oracle_term,900,0.74,0
unconstrained_maximin,interaction_random_price,39,additive,900,0.005,1
unconstrained_maximin,interaction_random_price,39,oracle_term,900,0.59,0
unconstrained_maximin,interaction_random_price,40,additive,900,0.005,1
unconstrained_maximin,interaction_random_price,40,oracle_term,900,0.735,0
unconstrained_maximin,interaction_random_price,41,additive,900,0.005,1
unconstrained_maximin,interaction_random_price,41,oracle_term,900,0.33,0
unconstrained_maximin,interaction_random_price,42,additive,900,0.005,1
unconstrained_maximin,interaction_random_price,42,oracle_term,900,0.97,0
unconstrained_maximin,interaction_random_price,43,additive,900,0.005,1
unconstrained_maximin,interaction_random_price,43,oracle_term,900,0.89,0
unconstrained_maximin,interaction_random_price,44,additive,900,0.005,1
unconstrained_maximin,interaction_random_price,44,oracle_term,900,0.63,0
unconstrained_maximin,interaction_random_price,45,additive,900,0.005,1
unconstrained_maximin,interaction_random_price,45,oracle_term,900,0.745,0
unconstrained_maximin,interaction_random_price,46,additive,900,0.005,1
unconstrained_maximin,interaction_random_price,46,oracle_term,900,0.99,0
unconstrained_maximin,interaction_random_price,47,additive,900,0.005,1
unconstrained_maximin,interaction_random_price,47,oracle_term,900,0.7,0
unconstrained_maximin,interaction_random_price,48,additive,900,0.005,1
unconstrained_maximin,interaction_random_price,48,oracle_term,900,0.55,0
unconstrained_maximin,interaction_random_price,49,additive,900,0.005,1
unconstrained_maximin,interaction_random_price,49,oracle_term,900,0.905,0
unconstrained_maximin,cubic,0,additive,900,0.005,1
unconstrained_maximin,cubic,1,additive,900,0.005,1
unconstrained_maximin,cubic,2,additive,900,0.005,1
unconstrained_maximin,cubic,3,additive,900,0.005,1
unconstrained_maximin,cubic,4,additive,900,0.005,1
unconstrained_maximin,cubic,5,additive,900,0.005,1
unconstrained_maximin,cubic,6,additive,900,0.005,1
unconstrained_maximin,cubic,7,additive,900,0.005,1
unconstrained_maximin,cubic,8,additive,900,0.005,1
unconstrained_maximin,cubic,9,additive,900,0.005,1
unconstrained_maximin,cubic,10,additive,900,0.005,1
unconstrained_maximin,cubic,11,additive,900,0.005,1
unconstrained_maximin,cubic,12,additive,900,0.005,1
unconstrained_maximin,cubic,13,additive,900,0.005,1
unconstrained_maximin,cubic,14,additive,900,0.005,1
unconstrained_maximin,cubic,15,additive,900,0.005,1
unconstrained_maximin,cubic,16,additive,900,0.005,1
unconstrained_maximin,cubic,17,additive,900,0.005,1
unconstrained_maximin,cubic,18,additive,900,0.005,1
unconstrained_maximin,cubic,19,additive,900,0.005,1
unconstrained_maximin,cubic,20,additive,900,0.005,1
unconstrained_maximin,cubic,21,additive,900,0.005,1
unconstrained_maximin,cubic,22,additive,900,0.005,1
unconstrained_maximin,cubic,23,additive,900,0.005,1
unconstrained_maximin,cubic,24,additive,900,0.005,1
unconstrained_maximin,cubic,25,additive,900,0.005,1
unconstrained_maximin,cubic,26,additive,900,0.005,1
unconstrained_maximin,cubic,27,additive,900,0.005,1
unconstrained_maximin,cubic,28,additive,900,0.005,1
unconstrained_maximin,cubic,29,additive,900,0.005,1
unconstrained_maximin,cubic,30,additive,900,0.005,1
unconstrained_maximin,cubic,31,additive,900,0.005,1
unconstrained_maximin,cubic,32,additive,900,0.005,1
unconstrained_maximin,cubic,33,additive,900,0.005,1
unconstrained_maximin,cubic,34,additive,900,0.005,1
unconstrained_maximin,cubic,35,additive,900,0.005,1
unconstrained_maximin,cubic,36,additive,900,0.005,1
unconstrained_maximin,cubic,37,additive,900,0.005,1
unconstrained_maximin,cubic,38,additive,900,0.005,1
unconstrained_maximin,cubic,39,additive,900,0.005,1
unconstrained_maximin,cubic,40,additive,900,0.005,1
unconstrained_maximin,cubic,41,additive,900,0.005,1
unconstrained_maximin,cubic,42,additive,900,0.005,1
unconstrained_maximin,cubic,43,additive,900,0.005,1
unconstrained_maximin,cubic,44,additive,900,0.005,1
unconstrained_maximin,cubic,45,additive,900,0.005,1
unconstrained_maximin,cubic,46,additive,900,0.005,1
unconstrained_maximin,cubic,47,additive,900,0.005,1
unconstrained_maximin,cubic,48,additive,900,0.005,1
unconstrained_maximin,cubic,49,additive,900,0.005,1
