condition,rep,diagnostic,reject,pvalue
null,0,nuisance_orthogonal,0,0.232
null,0,raw_signal,0,0.408
null,1,nuisance_orthogonal,0,0.49
null,1,raw_signal,0,0.754
null,2,nuisance_orthogonal,0,0.224
null,2,raw_signal,0,0.692
null,3,nuisance_orthogonal,0,0.67
null,3,raw_signal,0,0.918
null,4,nuisance_orthogonal,0,0.618
null,4,raw_signal,0,0.532
null,5,nuisance_orthogonal,0,0.622
null,5,raw_signal,0,0.296
null,6,nuisance_orthogonal,0,0.596
null,6,raw_signal,0,0.606
null,7,nuisance_orthogonal,0,0.45
null,7,raw_signal,0,0.896
null,8,nuisance_orthogonal,0,0.178
null,8,raw_signal,0,0.826
null,9,nuisance_orthogonal,0,0.564
null,9,raw_signal,0,0.694
null,10,nuisance_orthogonal,0,0.356
null,10,raw_signal,0,0.33
null,11,nuisance_orthogonal,0,0.468
null,11,raw_signal,0,0.572
null,12,nuisance_orthogonal,0,0.316
null,12,raw_signal,0,0.092
null,13,nuisance_orthogonal,0,0.486
null,13,raw_signal,0,0.534
null,14,nuisance_orthogonal,0,0.954
null,14,raw_signal,0,0.2
null,15,nuisance_orthogonal,0,0.448
null,15,raw_signal,0,0.96
null,16,nuisance_orthogonal,0,0.684
null,16,raw_signal,0,0.746
null,17,nuisance_orthogonal,0,0.4
null,17,raw_signal,0,0.936
null,18,nuisance_orthogonal,0,0.31
null,18,raw_signal,0,0.09
null,19,nuisance_orthogonal,0,0.636
null,19,raw_signal,0,0.536
null,20,nuisance_orthogonal,0,0.972
null,20,raw_signal,0,0.972
null,21,nuisance_orthogonal,0,0.82
null,21,raw_signal,1,0.002
null,22,nuisance_orthogonal,0,0.63
null,22,raw_signal,0,0.83
null,23,nuisance_orthogonal,1,0.008
null,23,raw_signal,0,0.204
null,24,nuisance_orthogonal,0,0.24
null,24,raw_signal,0,0.798
null,25,nuisance_orthogonal,0,0.62
null,25,raw_signal,0,0.124
null,26,nuisance_orthogonal,1,0.03
null,26,raw_signal,0,0.358
null,27,nuisance_orthogonal,0,0.724
null,27,raw_signal,0,0.644
null,28,nuisance_orthogonal,1,0.026
null,28,raw_signal,0,0.31
null,29,nuisance_orthogonal,1,0.036
null,29,raw_signal,0,0.388
null,30,nuisance_orthogonal,0,0.678
null,30,raw_signal,0,0.468
null,31,nuisance_orthogonal,0,0.43
null,31,raw_signal,0,0.682
null,32,nuisance_orthogonal,0,0.518
null,32,raw_signal,0,0.116
null,33,nuisance_orthogonal,0,0.754
null,33,raw_signal,0,0.776
null,34,nuisance_orthogonal,0,0.35
null,34,raw_signal,0,0.734
null,35,nuisance_orthogonal,1,0.024
null,35,raw_signal,0,0.76
null,36,nuisance_orthogonal,0,0.334
null,36,raw_signal,0,0.488
null,37,nuisance_orthogonal,0,0.116
null,37,raw_signal,0,0.61
null,38,nuisance_orthogonal,0,0.272
null,38,raw_signal,0,0.874
null,39,nuisance_orthogonal,0,0.372
null,39,raw_signal,0,0.806
null,40,nuisance_orthogonal,0,0.948
null,40,raw_signal,0,0.53
null,41,nuisance_orthogonal,0,0.816
null,41,raw_signal,0,0.198
null,42,nuisance_orthogonal,0,0.9
null,42,raw_signal,0,0.264
null,43,nuisance_orthogonal,0,0.584
null,43,raw_signal,0,0.202
null,44,nuisance_orthogonal,0,0.618
null,44,raw_signal,0,0.302
null,45,nuisance_orthogonal,0,0.822
null,45,raw_signal,0,0.436
null,46,nuisance_orthogonal,0,0.806
null,46,raw_signal,0,0.096
null,47,nuisance_orthogonal,0,0.25
null,47,raw_signal,0,0.724
null,48,nuisance_orthogonal,0,0.884
null,48,raw_signal,0,0.5
null,49,nuisance_orthogonal,0,0.066
null,49,raw_signal,0,0.7
null,50,nuisance_orthogonal,0,0.836
null,50,raw_signal,0,0.222
null,51,nuisance_orthogonal,0,0.654
null,51,raw_signal,0,0.376
null,52,nuisance_orthogonal,0,0.572
null,52,raw_signal,0,0.772
null,53,nuisance_orthogonal,0,0.96
null,53,raw_signal,0,0.82
null,54,nuisance_orthogonal,0,0.462
null,54,raw_signal,0,0.436
null,55,nuisance_orthogonal,1,0.046
null,55,raw_signal,0,0.186
null,56,nuisance_orthogonal,0,0.566
null,56,raw_signal,0,0.198
null,57,nuisance_orthogonal,0,0.256
null,57,raw_signal,0,0.294
null,58,nuisance_orthogonal,0,0.634
null,58,raw_signal,0,0.246
null,59,nuisance_orthogonal,0,0.808
null,59,raw_signal,0,0.614
null,60,nuisance_orthogonal,0,0.942
null,60,raw_signal,0,0.076
null,61,nuisance_orthogonal,0,0.276
null,61,raw_signal,0,0.572
null,62,nuisance_orthogonal,0,0.862
null,62,raw_signal,0,0.078
null,63,nuisance_orthogonal,0,0.87
null,63,raw_signal,0,0.062
null,64,nuisance_orthogonal,0,0.782
null,64,raw_signal,0,0.654
null,65,nuisance_orthogonal,0,0.54
null,65,raw_signal,0,0.074
null,66,nuisance_orthogonal,0,0.56
null,66,raw_signal,0,0.866
null,67,nuisance_orthogonal,0,0.746
null,67,raw_signal,0,0.826
null,68,nuisance_orthogonal,0,0.626
null,68,raw_signal,0,0.57
null,69,nuisance_orthogonal,1,0.042
null,69,raw_signal,0,0.686
null,70,nuisance_orthogonal,0,0.11
null,70,raw_signal,0,0.53
null,71,nuisance_orthogonal,0,0.252
null,71,raw_signal,0,0.4
null,72,nuisance_orthogonal,0,0.228
null,72,raw_signal,0,0.32
null,73,nuisance_orthogonal,0,0.328
null,73,raw_signal,0,0.566
null,74,nuisance_orthogonal,0,0.882
null,74,raw_signal,0,0.684
null,75,nuisance_orthogonal,0,0.402
null,75,raw_signal,1,0.014
null,76,nuisance_orthogonal,0,0.988
null,76,raw_signal,0,0.956
null,77,nuisance_orthogonal,0,0.874
null,77,raw_signal,0,0.496
null,78,nuisance_orthogonal,0,0.848
null,78,raw_signal,0,0.654
null,79,nuisance_orthogonal,0,0.554
null,79,raw_signal,0,0.158
null,80,nuisance_orthogonal,0,0.782
null,80,raw_signal,1,0.04
null,81,nuisance_orthogonal,0,0.61
null,81,raw_signal,0,0.436
null,82,nuisance_orthogonal,0,0.394
null,82,raw_signal,0,0.27
null,83,nuisance_orthogonal,0,0.47
null,83,raw_signal,1,0.036
null,84,nuisance_orthogonal,0,0.812
null,84,raw_signal,0,0.804
null,85,nuisance_orthogonal,0,0.37
null,85,raw_signal,0,0.244
null,86,nuisance_orthogonal,0,0.444
null,86,raw_signal,0,0.262
null,87,nuisance_orthogonal,0,0.506
null,87,raw_signal,0,0.914
null,88,nuisance_orthogonal,0,0.756
null,88,raw_signal,0,0.332
null,89,nuisance_orthogonal,0,0.66
null,89,raw_signal,0,0.656
null,90,nuisance_orthogonal,0,0.75
null,90,raw_signal,0,0.242
null,91,nuisance_orthogonal,1,0.036
null,91,raw_signal,0,0.538
null,92,nuisance_orthogonal,0,0.162
null,92,raw_signal,0,0.326
null,93,nuisance_orthogonal,0,0.458
null,93,raw_signal,0,0.87
null,94,nuisance_orthogonal,0,0.842
null,94,raw_signal,0,0.442
null,95,nuisance_orthogonal,0,0.346
null,95,raw_signal,0,0.534
null,96,nuisance_orthogonal,0,0.296
null,96,raw_signal,0,0.264
null,97,nuisance_orthogonal,0,0.802
null,97,raw_signal,0,0.89
null,98,nuisance_orthogonal,0,0.084
null,98,raw_signal,0,1.0
null,99,nuisance_orthogonal,0,0.724
null,99,raw_signal,0,0.47
null,100,nuisance_orthogonal,0,0.398
null,100,raw_signal,0,0.338
null,101,nuisance_orthogonal,0,0.84
null,101,raw_signal,0,0.414
null,102,nuisance_orthogonal,0,0.576
null,102,raw_signal,0,0.072
null,103,nuisance_orthogonal,0,0.274
null,103,raw_signal,0,0.228
null,104,nuisance_orthogonal,0,0.71
null,104,raw_signal,0,0.872
null,105,nuisance_orthogonal,0,0.064
null,105,raw_signal,0,0.934
null,106,nuisance_orthogonal,0,0.622
null,106,raw_signal,0,0.114
null,107,nuisance_orthogonal,0,0.824
null,107,raw_signal,0,0.676
null,108,nuisance_orthogonal,0,0.332
null,108,raw_signal,0,0.298
null,109,nuisance_orthogonal,0,0.436
null,109,raw_signal,0,0.882
null,110,nuisance_orthogonal,0,0.452
null,110,raw_signal,0,0.696
null,111,nuisance_orthogonal,0,0.4
null,111,raw_signal,0,0.826
null,112,nuisance_orthogonal,0,0.064
null,112,raw_signal,0,0.366
null,113,nuisance_orthogonal,0,0.738
null,113,raw_signal,0,0.778
null,114,nuisance_orthogonal,0,0.816
null,114,raw_signal,0,0.088
null,115,nuisance_orthogonal,0,0.606
null,115,raw_signal,0,0.642
null,116,nuisance_orthogonal,0,0.14
null,116,raw_signal,1,0.002
null,117,nuisance_orthogonal,1,0.028
null,117,raw_signal,0,0.248
null,118,nuisance_orthogonal,0,0.85
null,118,raw_signal,0,0.252
null,119,nuisance_orthogonal,0,0.814
null,119,raw_signal,0,0.664
null,120,nuisance_orthogonal,0,0.53
null,120,raw_signal,0,0.76
null,121,nuisance_orthogonal,0,0.938
null,121,raw_signal,0,0.584
null,122,nuisance_orthogonal,0,0.078
null,122,raw_signal,0,0.842
null,123,nuisance_orthogonal,0,0.676
null,123,raw_signal,0,0.354
null,124,nuisance_orthogonal,0,0.304
null,124,raw_signal,0,0.07
null,125,nuisance_orthogonal,0,0.9
null,125,raw_signal,0,0.466
null,126,nuisance_orthogonal,0,0.26
null,126,raw_signal,0,0.696
null,127,nuisance_orthogonal,1,0.024
null,127,raw_signal,0,0.242
null,128,nuisance_orthogonal,0,0.934
null,128,raw_signal,0,0.512
null,129,nuisance_orthogonal,1,0.032
null,129,raw_signal,0,0.462
null,130,nuisance_orthogonal,0,0.412
null,130,raw_signal,0,0.362
null,131,nuisance_orthogonal,0,0.1
null,131,raw_signal,0,0.134
null,132,nuisance_orthogonal,0,0.524
null,132,raw_signal,0,0.336
null,133,nuisance_orthogonal,0,0.32
null,133,raw_signal,0,0.088
null,134,nuisance_orthogonal,0,0.704
null,134,raw_signal,0,0.702
null,135,nuisance_orthogonal,0,0.32
null,135,raw_signal,0,0.842
null,136,nuisance_orthogonal,0,0.212
null,136,raw_signal,0,0.172
null,137,nuisance_orthogonal,0,0.854
null,137,raw_signal,0,0.532
null,138,nuisance_orthogonal,0,0.138
null,138,raw_signal,0,0.45
null,139,nuisance_orthogonal,0,0.854
null,139,raw_signal,0,0.8
null,140,nuisance_orthogonal,0,0.826
null,140,raw_signal,0,0.11
null,141,nuisance_orthogonal,0,0.26
null,141,raw_signal,0,0.21
null,142,nuisance_orthogonal,0,0.992
null,142,raw_signal,0,0.202
null,143,nuisance_orthogonal,0,0.64
null,143,raw_signal,0,0.964
null,144,nuisance_orthogonal,0,0.302
null,144,raw_signal,0,0.428
null,145,nuisance_orthogonal,0,0.146
null,145,raw_signal,0,0.402
null,146,nuisance_orthogonal,0,0.758
null,146,raw_signal,0,0.716
null,147,nuisance_orthogonal,0,0.548
null,147,raw_signal,0,0.09
null,148,nuisance_orthogonal,0,0.686
null,148,raw_signal,0,0.884
null,149,nuisance_orthogonal,0,0.566
null,149,raw_signal,0,0.518
null,150,nuisance_orthogonal,0,0.098
null,150,raw_signal,0,0.82
null,151,nuisance_orthogonal,0,0.408
null,151,raw_signal,0,0.478
null,152,nuisance_orthogonal,0,0.494
null,152,raw_signal,0,0.184
null,153,nuisance_orthogonal,1,0.008
null,153,raw_signal,0,0.678
null,154,nuisance_orthogonal,0,0.862
null,154,raw_signal,0,0.394
null,155,nuisance_orthogonal,0,0.934
null,155,raw_signal,0,0.836
null,156,nuisance_orthogonal,0,0.558
null,156,raw_signal,0,0.434
null,157,nuisance_orthogonal,0,0.678
null,157,raw_signal,0,0.106
null,158,nuisance_orthogonal,0,0.188
null,158,raw_signal,0,0.748
null,159,nuisance_orthogonal,0,0.752
null,159,raw_signal,0,0.844
null,160,nuisance_orthogonal,0,0.854
null,160,raw_signal,1,0.044
null,161,nuisance_orthogonal,0,0.636
null,161,raw_signal,0,0.862
null,162,nuisance_orthogonal,0,0.866
null,162,raw_signal,0,0.194
null,163,nuisance_orthogonal,0,0.466
null,163,raw_signal,0,0.69
null,164,nuisance_orthogonal,0,0.478
null,164,raw_signal,0,0.738
null,165,nuisance_orthogonal,0,0.616
null,165,raw_signal,0,0.318
null,166,nuisance_orthogonal,0,0.436
null,166,raw_signal,0,0.31
null,167,nuisance_orthogonal,0,0.938
null,167,raw_signal,0,0.188
null,168,nuisance_orthogonal,0,0.156
null,168,raw_signal,1,0.004
null,169,nuisance_orthogonal,0,0.63
null,169,raw_signal,0,0.548
null,170,nuisance_orthogonal,0,0.424
null,170,raw_signal,0,0.954
null,171,nuisance_orthogonal,0,0.142
null,171,raw_signal,0,0.346
null,172,nuisance_orthogonal,0,0.818
null,172,raw_signal,0,0.138
null,173,nuisance_orthogonal,0,0.52
null,173,raw_signal,0,0.454
null,174,nuisance_orthogonal,0,0.552
null,174,raw_signal,0,0.996
null,175,nuisance_orthogonal,0,0.058
null,175,raw_signal,0,0.858
null,176,nuisance_orthogonal,0,0.796
null,176,raw_signal,0,0.554
null,177,nuisance_orthogonal,0,0.62
null,177,raw_signal,0,0.762
null,178,nuisance_orthogonal,1,0.03
null,178,raw_signal,0,0.846
null,179,nuisance_orthogonal,0,0.782
null,179,raw_signal,1,0.042
null,180,nuisance_orthogonal,0,0.924
null,180,raw_signal,0,0.64
null,181,nuisance_orthogonal,0,0.428
null,181,raw_signal,0,0.446
null,182,nuisance_orthogonal,0,0.368
null,182,raw_signal,0,0.86
null,183,nuisance_orthogonal,0,0.43
null,183,raw_signal,1,0.016
null,184,nuisance_orthogonal,0,0.8
null,184,raw_signal,0,0.426
null,185,nuisance_orthogonal,0,0.318
null,185,raw_signal,0,0.456
null,186,nuisance_orthogonal,0,0.554
null,186,raw_signal,0,0.466
null,187,nuisance_orthogonal,0,0.57
null,187,raw_signal,0,0.184
null,188,nuisance_orthogonal,0,0.844
null,188,raw_signal,0,0.436
null,189,nuisance_orthogonal,0,0.14
null,189,raw_signal,0,0.798
null,190,nuisance_orthogonal,0,0.072
null,190,raw_signal,0,0.098
null,191,nuisance_orthogonal,0,0.484
null,191,raw_signal,0,0.93
null,192,nuisance_orthogonal,0,0.424
null,192,raw_signal,0,0.634
null,193,nuisance_orthogonal,0,0.218
null,193,raw_signal,0,0.064
null,194,nuisance_orthogonal,0,0.934
null,194,raw_signal,0,0.24
null,195,nuisance_orthogonal,0,0.252
null,195,raw_signal,0,0.274
null,196,nuisance_orthogonal,0,0.09
null,196,raw_signal,0,0.242
null,197,nuisance_orthogonal,0,0.892
null,197,raw_signal,0,0.354
null,198,nuisance_orthogonal,1,0.042
null,198,raw_signal,0,0.634
null,199,nuisance_orthogonal,0,0.824
null,199,raw_signal,0,0.398
omitted,0,nuisance_orthogonal,0,0.076
omitted,0,raw_signal,1,0.008
omitted,1,nuisance_orthogonal,0,0.112
omitted,1,raw_signal,1,0.008
omitted,2,nuisance_orthogonal,0,0.154
omitted,2,raw_signal,0,0.05
omitted,3,nuisance_orthogonal,1,0.016
omitted,3,raw_signal,1,0.002
omitted,4,nuisance_orthogonal,0,0.358
omitted,4,raw_signal,1,0.012
omitted,5,nuisance_orthogonal,0,0.558
omitted,5,raw_signal,1,0.02
omitted,6,nuisance_orthogonal,1,0.004
omitted,6,raw_signal,1,0.006
omitted,7,nuisance_orthogonal,0,0.054
omitted,7,raw_signal,1,0.018
omitted,8,nuisance_orthogonal,0,0.27
omitted,8,raw_signal,1,0.036
omitted,9,nuisance_orthogonal,0,0.368
omitted,9,raw_signal,1,0.002
omitted,10,nuisance_orthogonal,0,0.544
omitted,10,raw_signal,0,0.056
omitted,11,nuisance_orthogonal,1,0.002
omitted,11,raw_signal,1,0.02
omitted,12,nuisance_orthogonal,1,0.02
omitted,12,raw_signal,1,0.004
omitted,13,nuisance_orthogonal,0,0.176
omitted,13,raw_signal,1,0.006
omitted,14,nuisance_orthogonal,1,0.004
omitted,14,raw_signal,0,0.074
omitted,15,nuisance_orthogonal,0,0.07
omitted,15,raw_signal,1,0.002
omitted,16,nuisance_orthogonal,0,0.84
omitted,16,raw_signal,1,0.014
omitted,17,nuisance_orthogonal,0,0.24
omitted,17,raw_signal,1,0.022
omitted,18,nuisance_orthogonal,1,0.004
omitted,18,raw_signal,0,0.2
omitted,19,nuisance_orthogonal,0,0.944
omitted,19,raw_signal,1,0.008
omitted,20,nuisance_orthogonal,0,0.458
omitted,20,raw_signal,1,0.012
omitted,21,nuisance_orthogonal,1,0.004
omitted,21,raw_signal,0,0.288
omitted,22,nuisance_orthogonal,0,0.828
omitted,22,raw_signal,0,0.14
omitted,23,nuisance_orthogonal,0,0.07
omitted,23,raw_signal,1,0.002
omitted,24,nuisance_orthogonal,1,0.002
omitted,24,raw_signal,1,0.002
omitted,25,nuisance_orthogonal,0,0.436
omitted,25,raw_signal,1,0.006
omitted,26,nuisance_orthogonal,0,0.062
omitted,26,raw_signal,0,0.25
omitted,27,nuisance_orthogonal,1,0.016
omitted,27,raw_signal,1,0.006
omitted,28,nuisance_orthogonal,0,0.274
omitted,28,raw_signal,1,0.004
omitted,29,nuisance_orthogonal,1,0.004
omitted,29,raw_signal,0,0.054
omitted,30,nuisance_orthogonal,0,0.062
omitted,30,raw_signal,1,0.028
omitted,31,nuisance_orthogonal,1,0.026
omitted,31,raw_signal,1,0.002
omitted,32,nuisance_orthogonal,0,0.24
omitted,32,raw_signal,1,0.014
omitted,33,nuisance_orthogonal,0,0.206
omitted,33,raw_signal,1,0.028
omitted,34,nuisance_orthogonal,0,0.306
omitted,34,raw_signal,0,0.178
omitted,35,nuisance_orthogonal,0,0.14
omitted,35,raw_signal,0,0.138
omitted,36,nuisance_orthogonal,1,0.012
omitted,36,raw_signal,1,0.006
omitted,37,nuisance_orthogonal,0,0.17
omitted,37,raw_signal,1,0.044
omitted,38,nuisance_orthogonal,0,0.124
omitted,38,raw_signal,1,0.002
omitted,39,nuisance_orthogonal,1,0.006
omitted,39,raw_signal,1,0.012
omitted,40,nuisance_orthogonal,1,0.002
omitted,40,raw_signal,0,0.214
omitted,41,nuisance_orthogonal,0,0.116
omitted,41,raw_signal,0,0.91
omitted,42,nuisance_orthogonal,1,0.042
omitted,42,raw_signal,1,0.01
omitted,43,nuisance_orthogonal,1,0.008
omitted,43,raw_signal,1,0.002
omitted,44,nuisance_orthogonal,0,0.208
omitted,44,raw_signal,1,0.002
omitted,45,nuisance_orthogonal,0,0.052
omitted,45,raw_signal,1,0.036
omitted,46,nuisance_orthogonal,0,0.774
omitted,46,raw_signal,0,0.518
omitted,47,nuisance_orthogonal,0,0.052
omitted,47,raw_signal,1,0.046
omitted,48,nuisance_orthogonal,1,0.022
omitted,48,raw_signal,1,0.004
omitted,49,nuisance_orthogonal,1,0.002
omitted,49,raw_signal,1,0.02
omitted,50,nuisance_orthogonal,0,0.802
omitted,50,raw_signal,0,0.15
omitted,51,nuisance_orthogonal,0,0.24
omitted,51,raw_signal,1,0.004
omitted,52,nuisance_orthogonal,0,0.332
omitted,52,raw_signal,1,0.008
omitted,53,nuisance_orthogonal,0,0.836
omitted,53,raw_signal,1,0.036
omitted,54,nuisance_orthogonal,0,0.134
omitted,54,raw_signal,0,0.054
omitted,55,nuisance_orthogonal,0,0.464
omitted,55,raw_signal,0,0.512
omitted,56,nuisance_orthogonal,1,0.002
omitted,56,raw_signal,1,0.028
omitted,57,nuisance_orthogonal,0,0.438
omitted,57,raw_signal,1,0.004
omitted,58,nuisance_orthogonal,0,0.076
omitted,58,raw_signal,1,0.004
omitted,59,nuisance_orthogonal,1,0.004
omitted,59,raw_signal,0,0.384
omitted,60,nuisance_orthogonal,0,0.21
omitted,60,raw_signal,1,0.004
omitted,61,nuisance_orthogonal,0,0.05
omitted,61,raw_signal,0,0.056
omitted,62,nuisance_orthogonal,0,0.446
omitted,62,raw_signal,1,0.004
omitted,63,nuisance_orthogonal,1,0.006
omitted,63,raw_signal,1,0.002
omitted,64,nuisance_orthogonal,0,0.658
omitted,64,raw_signal,0,0.07
omitted,65,nuisance_orthogonal,1,0.006
omitted,65,raw_signal,1,0.002
omitted,66,nuisance_orthogonal,1,0.024
omitted,66,raw_signal,0,0.19
omitted,67,nuisance_orthogonal,0,0.602
omitted,67,raw_signal,1,0.006
omitted,68,nuisance_orthogonal,1,0.038
omitted,68,raw_signal,0,0.062
omitted,69,nuisance_orthogonal,0,0.188
omitted,69,raw_signal,1,0.006
omitted,70,nuisance_orthogonal,0,0.076
omitted,70,raw_signal,0,0.09
omitted,71,nuisance_orthogonal,1,0.002
omitted,71,raw_signal,1,0.018
omitted,72,nuisance_orthogonal,1,0.012
omitted,72,raw_signal,1,0.002
omitted,73,nuisance_orthogonal,0,0.7
omitted,73,raw_signal,1,0.004
omitted,74,nuisance_orthogonal,1,0.038
omitted,74,raw_signal,1,0.002
omitted,75,nuisance_orthogonal,1,0.024
omitted,75,raw_signal,1,0.002
omitted,76,nuisance_orthogonal,1,0.022
omitted,76,raw_signal,1,0.022
omitted,77,nuisance_orthogonal,0,0.926
omitted,77,raw_signal,1,0.002
omitted,78,nuisance_orthogonal,0,0.982
omitted,78,raw_signal,1,0.008
omitted,79,nuisance_orthogonal,0,0.05
omitted,79,raw_signal,0,0.778
omitted,80,nuisance_orthogonal,0,0.9
omitted,80,raw_signal,1,0.002
omitted,81,nuisance_orthogonal,0,0.114
omitted,81,raw_signal,0,0.086
omitted,82,nuisance_orthogonal,0,0.206
omitted,82,raw_signal,0,0.692
omitted,83,nuisance_orthogonal,0,0.094
omitted,83,raw_signal,1,0.012
omitted,84,nuisance_orthogonal,0,0.066
omitted,84,raw_signal,1,0.002
omitted,85,nuisance_orthogonal,0,0.086
omitted,85,raw_signal,1,0.002
omitted,86,nuisance_orthogonal,1,0.026
omitted,86,raw_signal,1,0.02
omitted,87,nuisance_orthogonal,0,0.07
omitted,87,raw_signal,1,0.004
omitted,88,nuisance_orthogonal,0,0.972
omitted,88,raw_signal,0,0.12
omitted,89,nuisance_orthogonal,0,0.22
omitted,89,raw_signal,1,0.012
omitted,90,nuisance_orthogonal,0,0.206
omitted,90,raw_signal,1,0.038
omitted,91,nuisance_orthogonal,1,0.042
omitted,91,raw_signal,1,0.002
omitted,92,nuisance_orthogonal,1,0.018
omitted,92,raw_signal,1,0.002
omitted,93,nuisance_orthogonal,0,0.092
omitted,93,raw_signal,1,0.004
omitted,94,nuisance_orthogonal,0,0.306
omitted,94,raw_signal,1,0.018
omitted,95,nuisance_orthogonal,0,0.874
omitted,95,raw_signal,1,0.002
omitted,96,nuisance_orthogonal,0,0.084
omitted,96,raw_signal,1,0.014
omitted,97,nuisance_orthogonal,0,0.924
omitted,97,raw_signal,1,0.002
omitted,98,nuisance_orthogonal,0,0.074
omitted,98,raw_signal,1,0.002
omitted,99,nuisance_orthogonal,1,0.002
omitted,99,raw_signal,0,0.57
omitted,100,nuisance_orthogonal,1,0.002
omitted,100,raw_signal,1,0.006
omitted,101,nuisance_orthogonal,1,0.002
omitted,101,raw_signal,1,0.016
omitted,102,nuisance_orthogonal,0,0.728
omitted,102,raw_signal,0,0.056
omitted,103,nuisance_orthogonal,0,0.632
omitted,103,raw_signal,0,0.178
omitted,104,nuisance_orthogonal,0,0.526
omitted,104,raw_signal,1,0.002
omitted,105,nuisance_orthogonal,0,0.216
omitted,105,raw_signal,1,0.002
omitted,106,nuisance_orthogonal,1,0.04
omitted,106,raw_signal,0,0.068
omitted,107,nuisance_orthogonal,0,0.11
omitted,107,raw_signal,1,0.018
omitted,108,nuisance_orthogonal,0,0.528
omitted,108,raw_signal,1,0.002
omitted,109,nuisance_orthogonal,0,0.188
omitted,109,raw_signal,1,0.002
omitted,110,nuisance_orthogonal,1,0.002
omitted,110,raw_signal,1,0.02
omitted,111,nuisance_orthogonal,0,0.112
omitted,111,raw_signal,1,0.022
omitted,112,nuisance_orthogonal,1,0.002
omitted,112,raw_signal,1,0.028
omitted,113,nuisance_orthogonal,0,0.186
omitted,113,raw_signal,1,0.002
omitted,114,nuisance_orthogonal,1,0.038
omitted,114,raw_signal,0,0.678
omitted,115,nuisance_orthogonal,0,0.062
omitted,115,raw_signal,1,0.002
omitted,116,nuisance_orthogonal,0,0.318
omitted,116,raw_signal,1,0.002
omitted,117,nuisance_orthogonal,1,0.016
omitted,117,raw_signal,1,0.018
omitted,118,nuisance_orthogonal,1,0.022
omitted,118,raw_signal,1,0.002
omitted,119,nuisance_orthogonal,1,0.034
omitted,119,raw_signal,1,0.004
omitted,120,nuisance_orthogonal,1,0.018
omitted,120,raw_signal,1,0.012
omitted,121,nuisance_orthogonal,0,0.734
omitted,121,raw_signal,0,0.392
omitted,122,nuisance_orthogonal,0,0.09
omitted,122,raw_signal,1,0.002
omitted,123,nuisance_orthogonal,0,0.09
omitted,123,raw_signal,1,0.006
omitted,124,nuisance_orthogonal,0,0.058
omitted,124,raw_signal,1,0.002
omitted,125,nuisance_orthogonal,0,0.844
omitted,125,raw_signal,0,0.326
omitted,126,nuisance_orthogonal,1,0.016
omitted,126,raw_signal,0,0.198
omitted,127,nuisance_orthogonal,0,0.382
omitted,127,raw_signal,1,0.01
omitted,128,nuisance_orthogonal,0,0.48
omitted,128,raw_signal,1,0.038
omitted,129,nuisance_orthogonal,0,0.906
omitted,129,raw_signal,0,0.1
omitted,130,nuisance_orthogonal,0,0.11
omitted,130,raw_signal,1,0.004
omitted,131,nuisance_orthogonal,0,0.118
omitted,131,raw_signal,1,0.002
omitted,132,nuisance_orthogonal,1,0.002
omitted,132,raw_signal,0,0.066
omitted,133,nuisance_orthogonal,0,0.776
omitted,133,raw_signal,1,0.002
omitted,134,nuisance_orthogonal,1,0.002
omitted,134,raw_signal,1,0.002
omitted,135,nuisance_orthogonal,0,0.108
omitted,135,raw_signal,0,0.158
omitted,136,nuisance_orthogonal,0,0.766
omitted,136,raw_signal,1,0.038
omitted,137,nuisance_orthogonal,0,0.342
omitted,137,raw_signal,1,0.016
omitted,138,nuisance_orthogonal,0,0.33
omitted,138,raw_signal,1,0.002
omitted,139,nuisance_orthogonal,1,0.004
omitted,139,raw_signal,1,0.03
omitted,140,nuisance_orthogonal,0,0.252
omitted,140,raw_signal,1,0.02
omitted,141,nuisance_orthogonal,1,0.04
omitted,141,raw_signal,1,0.002
omitted,142,nuisance_orthogonal,0,0.116
omitted,142,raw_signal,0,0.492
omitted,143,nuisance_orthogonal,1,0.042
omitted,143,raw_signal,1,0.024
omitted,144,nuisance_orthogonal,0,0.796
omitted,144,raw_signal,1,0.018
omitted,145,nuisance_orthogonal,0,0.28
omitted,145,raw_signal,1,0.004
omitted,146,nuisance_orthogonal,0,0.104
omitted,146,raw_signal,1,0.006
omitted,147,nuisance_orthogonal,1,0.024
omitted,147,raw_signal,0,0.818
omitted,148,nuisance_orthogonal,0,0.758
omitted,148,raw_signal,1,0.002
omitted,149,nuisance_orthogonal,0,0.058
omitted,149,raw_signal,1,0.032
omitted,150,nuisance_orthogonal,1,0.004
omitted,150,raw_signal,1,0.01
omitted,151,nuisance_orthogonal,1,0.002
omitted,151,raw_signal,1,0.008
omitted,152,nuisance_orthogonal,1,0.01
omitted,152,raw_signal,0,0.058
omitted,153,nuisance_orthogonal,0,0.114
omitted,153,raw_signal,1,0.01
omitted,154,nuisance_orthogonal,0,0.22
omitted,154,raw_signal,1,0.016
omitted,155,nuisance_orthogonal,0,0.188
omitted,155,raw_signal,1,0.002
omitted,156,nuisance_orthogonal,0,0.148
omitted,156,raw_signal,1,0.018
omitted,157,nuisance_orthogonal,1,0.002
omitted,157,raw_signal,1,0.006
omitted,158,nuisance_orthogonal,1,0.036
omitted,158,raw_signal,1,0.004
omitted,159,nuisance_orthogonal,0,0.062
omitted,159,raw_signal,1,0.004
omitted,160,nuisance_orthogonal,0,0.37
omitted,160,raw_signal,1,0.002
omitted,161,nuisance_orthogonal,0,0.238
omitted,161,raw_signal,1,0.018
omitted,162,nuisance_orthogonal,0,0.122
omitted,162,raw_signal,1,0.002
omitted,163,nuisance_orthogonal,0,0.288
omitted,163,raw_signal,1,0.014
omitted,164,nuisance_orthogonal,1,0.034
omitted,164,raw_signal,0,0.058
omitted,165,nuisance_orthogonal,1,0.012
omitted,165,raw_signal,1,0.002
omitted,166,nuisance_orthogonal,0,0.1
omitted,166,raw_signal,1,0.002
omitted,167,nuisance_orthogonal,1,0.008
omitted,167,raw_signal,1,0.032
omitted,168,nuisance_orthogonal,0,0.13
omitted,168,raw_signal,0,0.95
omitted,169,nuisance_orthogonal,0,0.526
omitted,169,raw_signal,1,0.008
omitted,170,nuisance_orthogonal,1,0.002
omitted,170,raw_signal,1,0.034
omitted,171,nuisance_orthogonal,1,0.002
omitted,171,raw_signal,1,0.002
omitted,172,nuisance_orthogonal,1,0.002
omitted,172,raw_signal,0,0.286
omitted,173,nuisance_orthogonal,1,0.038
omitted,173,raw_signal,1,0.002
omitted,174,nuisance_orthogonal,1,0.008
omitted,174,raw_signal,1,0.006
omitted,175,nuisance_orthogonal,1,0.03
omitted,175,raw_signal,1,0.014
omitted,176,nuisance_orthogonal,0,0.464
omitted,176,raw_signal,0,0.078
omitted,177,nuisance_orthogonal,1,0.006
omitted,177,raw_signal,1,0.016
omitted,178,nuisance_orthogonal,1,0.024
omitted,178,raw_signal,1,0.002
omitted,179,nuisance_orthogonal,0,0.186
omitted,179,raw_signal,1,0.002
omitted,180,nuisance_orthogonal,1,0.028
omitted,180,raw_signal,1,0.022
omitted,181,nuisance_orthogonal,0,0.386
omitted,181,raw_signal,1,0.03
omitted,182,nuisance_orthogonal,1,0.028
omitted,182,raw_signal,1,0.002
omitted,183,nuisance_orthogonal,0,0.344
omitted,183,raw_signal,1,0.018
omitted,184,nuisance_orthogonal,0,0.136
omitted,184,raw_signal,0,0.204
omitted,185,nuisance_orthogonal,0,0.466
omitted,185,raw_signal,0,0.112
omitted,186,nuisance_orthogonal,0,0.12
omitted,186,raw_signal,0,0.078
omitted,187,nuisance_orthogonal,1,0.036
omitted,187,raw_signal,1,0.002
omitted,188,nuisance_orthogonal,1,0.002
omitted,188,raw_signal,1,0.01
omitted,189,nuisance_orthogonal,1,0.032
omitted,189,raw_signal,1,0.006
omitted,190,nuisance_orthogonal,1,0.002
omitted,190,raw_signal,1,0.002
omitted,191,nuisance_orthogonal,0,0.276
omitted,191,raw_signal,0,0.162
omitted,192,nuisance_orthogonal,0,0.352
omitted,192,raw_signal,1,0.004
omitted,193,nuisance_orthogonal,0,0.354
omitted,193,raw_signal,0,0.072
omitted,194,nuisance_orthogonal,1,0.01
omitted,194,raw_signal,1,0.034
omitted,195,nuisance_orthogonal,0,0.702
omitted,195,raw_signal,1,0.018
omitted,196,nuisance_orthogonal,0,0.384
omitted,196,raw_signal,1,0.002
omitted,197,nuisance_orthogonal,1,0.002
omitted,197,raw_signal,1,0.01
omitted,198,nuisance_orthogonal,1,0.016
omitted,198,raw_signal,1,0.04
omitted,199,nuisance_orthogonal,0,0.636
omitted,199,raw_signal,1,0.004
scale,0,nuisance_orthogonal,0,0.082
scale,0,raw_signal,0,0.554
scale,1,nuisance_orthogonal,0,0.106
scale,1,raw_signal,0,0.448
scale,2,nuisance_orthogonal,0,0.504
scale,2,raw_signal,0,0.714
scale,3,nuisance_orthogonal,0,0.752
scale,3,raw_signal,0,0.994
scale,4,nuisance_orthogonal,0,0.372
scale,4,raw_signal,0,0.362
scale,5,nuisance_orthogonal,0,0.98
scale,5,raw_signal,1,0.042
scale,6,nuisance_orthogonal,0,0.618
scale,6,raw_signal,0,0.538
scale,7,nuisance_orthogonal,0,1.0
scale,7,raw_signal,0,0.26
scale,8,nuisance_orthogonal,0,0.638
scale,8,raw_signal,0,0.736
scale,9,nuisance_orthogonal,0,0.416
scale,9,raw_signal,0,0.246
scale,10,nuisance_orthogonal,0,0.318
scale,10,raw_signal,0,0.116
scale,11,nuisance_orthogonal,0,0.51
scale,11,raw_signal,0,0.32
scale,12,nuisance_orthogonal,0,0.288
scale,12,raw_signal,0,0.256
scale,13,nuisance_orthogonal,0,0.144
scale,13,raw_signal,0,0.89
scale,14,nuisance_orthogonal,0,0.778
scale,14,raw_signal,1,0.01
scale,15,nuisance_orthogonal,0,0.428
scale,15,raw_signal,0,0.674
scale,16,nuisance_orthogonal,0,0.612
scale,16,raw_signal,0,0.382
scale,17,nuisance_orthogonal,0,0.532
scale,17,raw_signal,0,0.874
scale,18,nuisance_orthogonal,0,0.11
scale,18,raw_signal,1,0.024
scale,19,nuisance_orthogonal,0,0.74
scale,19,raw_signal,0,0.44
scale,20,nuisance_orthogonal,0,0.83
scale,20,raw_signal,0,0.468
scale,21,nuisance_orthogonal,0,0.196
scale,21,raw_signal,1,0.006
scale,22,nuisance_orthogonal,0,0.634
scale,22,raw_signal,0,0.52
scale,23,nuisance_orthogonal,0,0.108
scale,23,raw_signal,1,0.016
scale,24,nuisance_orthogonal,0,0.848
scale,24,raw_signal,1,0.042
scale,25,nuisance_orthogonal,0,0.98
scale,25,raw_signal,0,0.108
scale,26,nuisance_orthogonal,0,0.08
scale,26,raw_signal,0,0.094
scale,27,nuisance_orthogonal,0,0.35
scale,27,raw_signal,0,0.802
scale,28,nuisance_orthogonal,0,0.308
scale,28,raw_signal,0,0.72
scale,29,nuisance_orthogonal,0,0.108
scale,29,raw_signal,0,0.776
scale,30,nuisance_orthogonal,0,0.816
scale,30,raw_signal,0,0.07
scale,31,nuisance_orthogonal,0,0.156
scale,31,raw_signal,0,0.664
scale,32,nuisance_orthogonal,0,0.524
scale,32,raw_signal,1,0.022
scale,33,nuisance_orthogonal,0,0.718
scale,33,raw_signal,0,0.534
scale,34,nuisance_orthogonal,0,0.722
scale,34,raw_signal,0,0.718
scale,35,nuisance_orthogonal,0,0.95
scale,35,raw_signal,0,0.666
scale,36,nuisance_orthogonal,0,0.544
scale,36,raw_signal,0,0.692
scale,37,nuisance_orthogonal,0,0.246
scale,37,raw_signal,0,0.962
scale,38,nuisance_orthogonal,0,0.962
scale,38,raw_signal,0,0.794
scale,39,nuisance_orthogonal,0,0.492
scale,39,raw_signal,0,0.486
scale,40,nuisance_orthogonal,0,0.652
scale,40,raw_signal,0,0.418
scale,41,nuisance_orthogonal,0,0.476
scale,41,raw_signal,0,0.308
scale,42,nuisance_orthogonal,0,0.634
scale,42,raw_signal,0,0.318
scale,43,nuisance_orthogonal,0,0.988
scale,43,raw_signal,0,0.416
scale,44,nuisance_orthogonal,0,0.37
scale,44,raw_signal,0,0.306
scale,45,nuisance_orthogonal,0,0.454
scale,45,raw_signal,0,0.298
scale,46,nuisance_orthogonal,0,0.992
scale,46,raw_signal,0,0.148
scale,47,nuisance_orthogonal,0,0.496
scale,47,raw_signal,0,0.688
scale,48,nuisance_orthogonal,0,0.936
scale,48,raw_signal,0,0.18
scale,49,nuisance_orthogonal,0,0.402
scale,49,raw_signal,0,0.536
scale,50,nuisance_orthogonal,0,0.526
scale,50,raw_signal,0,0.55
scale,51,nuisance_orthogonal,0,0.582
scale,51,raw_signal,0,0.604
scale,52,nuisance_orthogonal,0,0.94
scale,52,raw_signal,0,0.416
scale,53,nuisance_orthogonal,0,0.302
scale,53,raw_signal,0,0.552
scale,54,nuisance_orthogonal,0,0.41
scale,54,raw_signal,0,0.088
scale,55,nuisance_orthogonal,0,0.364
scale,55,raw_signal,1,0.038
scale,56,nuisance_orthogonal,0,0.794
scale,56,raw_signal,0,0.506
scale,57,nuisance_orthogonal,0,0.24
scale,57,raw_signal,0,0.464
scale,58,nuisance_orthogonal,0,0.778
scale,58,raw_signal,0,0.858
scale,59,nuisance_orthogonal,0,0.788
scale,59,raw_signal,0,0.564
scale,60,nuisance_orthogonal,0,0.654
scale,60,raw_signal,0,0.296
scale,61,nuisance_orthogonal,0,0.822
scale,61,raw_signal,0,0.788
scale,62,nuisance_orthogonal,0,0.806
scale,62,raw_signal,1,0.004
scale,63,nuisance_orthogonal,0,0.774
scale,63,raw_signal,0,0.124
scale,64,nuisance_orthogonal,0,0.928
scale,64,raw_signal,0,0.692
scale,65,nuisance_orthogonal,0,0.152
scale,65,raw_signal,0,0.88
scale,66,nuisance_orthogonal,0,0.14
scale,66,raw_signal,0,0.906
scale,67,nuisance_orthogonal,0,0.916
scale,67,raw_signal,0,0.764
scale,68,nuisance_orthogonal,0,0.63
scale,68,raw_signal,0,0.922
scale,69,nuisance_orthogonal,1,0.004
scale,69,raw_signal,0,0.986
scale,70,nuisance_orthogonal,0,0.07
scale,70,raw_signal,0,0.436
scale,71,nuisance_orthogonal,0,0.228
scale,71,raw_signal,0,0.24
scale,72,nuisance_orthogonal,0,0.466
scale,72,raw_signal,0,0.742
scale,73,nuisance_orthogonal,0,0.352
scale,73,raw_signal,0,0.892
scale,74,nuisance_orthogonal,0,0.638
scale,74,raw_signal,0,0.332
scale,75,nuisance_orthogonal,0,0.224
scale,75,raw_signal,0,0.066
scale,76,nuisance_orthogonal,0,0.944
scale,76,raw_signal,0,0.746
scale,77,nuisance_orthogonal,0,0.844
scale,77,raw_signal,0,0.944
scale,78,nuisance_orthogonal,0,0.514
scale,78,raw_signal,0,0.194
scale,79,nuisance_orthogonal,0,0.432
scale,79,raw_signal,0,0.3
scale,80,nuisance_orthogonal,0,0.706
scale,80,raw_signal,0,0.218
scale,81,nuisance_orthogonal,0,0.548
scale,81,raw_signal,0,0.056
scale,82,nuisance_orthogonal,0,0.548
scale,82,raw_signal,0,0.086
scale,83,nuisance_orthogonal,0,0.858
scale,83,raw_signal,1,0.038
scale,84,nuisance_orthogonal,0,0.592
scale,84,raw_signal,0,0.76
scale,85,nuisance_orthogonal,0,0.752
scale,85,raw_signal,0,0.766
scale,86,nuisance_orthogonal,0,0.786
scale,86,raw_signal,0,0.464
scale,87,nuisance_orthogonal,0,0.77
scale,87,raw_signal,0,0.3
scale,88,nuisance_orthogonal,0,0.942
scale,88,raw_signal,0,0.078
scale,89,nuisance_orthogonal,0,0.908
scale,89,raw_signal,0,0.962
scale,90,nuisance_orthogonal,0,0.626
scale,90,raw_signal,1,0.028
scale,91,nuisance_orthogonal,0,0.074
scale,91,raw_signal,0,0.276
scale,92,nuisance_orthogonal,1,0.034
scale,92,raw_signal,0,0.524
scale,93,nuisance_orthogonal,0,0.55
scale,93,raw_signal,0,0.806
scale,94,nuisance_orthogonal,0,0.624
scale,94,raw_signal,0,0.858
scale,95,nuisance_orthogonal,0,0.334
scale,95,raw_signal,0,0.734
scale,96,nuisance_orthogonal,0,0.872
scale,96,raw_signal,0,0.254
scale,97,nuisance_orthogonal,0,0.776
scale,97,raw_signal,0,0.744
scale,98,nuisance_orthogonal,0,0.238
scale,98,raw_signal,0,0.718
scale,99,nuisance_orthogonal,0,0.98
scale,99,raw_signal,0,0.292
scale,100,nuisance_orthogonal,0,0.246
scale,100,raw_signal,0,0.822
scale,101,nuisance_orthogonal,0,0.778
scale,101,raw_signal,0,0.182
scale,102,nuisance_orthogonal,0,0.214
scale,102,raw_signal,0,0.164
scale,103,nuisance_orthogonal,0,0.064
scale,103,raw_signal,0,0.238
scale,104,nuisance_orthogonal,0,0.538
scale,104,raw_signal,0,0.39
scale,105,nuisance_orthogonal,0,0.128
scale,105,raw_signal,0,0.63
scale,106,nuisance_orthogonal,0,0.748
scale,106,raw_signal,0,0.51
scale,107,nuisance_orthogonal,0,0.192
scale,107,raw_signal,0,0.646
scale,108,nuisance_orthogonal,0,0.152
scale,108,raw_signal,0,0.728
scale,109,nuisance_orthogonal,0,0.524
scale,109,raw_signal,0,0.488
scale,110,nuisance_orthogonal,0,0.898
scale,110,raw_signal,0,0.804
scale,111,nuisance_orthogonal,0,0.19
scale,111,raw_signal,0,0.18
scale,112,nuisance_orthogonal,1,0.004
scale,112,raw_signal,0,0.91
scale,113,nuisance_orthogonal,0,0.574
scale,113,raw_signal,0,0.68
scale,114,nuisance_orthogonal,0,0.744
scale,114,raw_signal,1,0.032
scale,115,nuisance_orthogonal,0,0.822
scale,115,raw_signal,0,0.888
scale,116,nuisance_orthogonal,1,0.042
scale,116,raw_signal,0,0.21
scale,117,nuisance_orthogonal,0,0.094
scale,117,raw_signal,0,0.4
scale,118,nuisance_orthogonal,0,0.344
scale,118,raw_signal,0,0.162
scale,119,nuisance_orthogonal,0,0.356
scale,119,raw_signal,0,0.232
scale,120,nuisance_orthogonal,0,0.908
scale,120,raw_signal,0,0.214
scale,121,nuisance_orthogonal,0,0.832
scale,121,raw_signal,0,0.204
scale,122,nuisance_orthogonal,0,0.31
scale,122,raw_signal,0,0.178
scale,123,nuisance_orthogonal,0,0.738
scale,123,raw_signal,0,0.498
scale,124,nuisance_orthogonal,0,0.894
scale,124,raw_signal,0,0.062
scale,125,nuisance_orthogonal,0,0.798
scale,125,raw_signal,0,0.736
scale,126,nuisance_orthogonal,0,0.496
scale,126,raw_signal,0,0.376
scale,127,nuisance_orthogonal,0,0.114
scale,127,raw_signal,0,0.874
scale,128,nuisance_orthogonal,0,0.868
scale,128,raw_signal,0,0.69
scale,129,nuisance_orthogonal,0,0.336
scale,129,raw_signal,0,0.054
scale,130,nuisance_orthogonal,0,0.124
scale,130,raw_signal,0,0.088
scale,131,nuisance_orthogonal,0,0.898
scale,131,raw_signal,0,0.074
scale,132,nuisance_orthogonal,0,0.306
scale,132,raw_signal,0,0.93
scale,133,nuisance_orthogonal,0,0.626
scale,133,raw_signal,0,0.114
scale,134,nuisance_orthogonal,0,0.966
scale,134,raw_signal,0,0.606
scale,135,nuisance_orthogonal,0,0.612
scale,135,raw_signal,0,0.718
scale,136,nuisance_orthogonal,0,0.696
scale,136,raw_signal,0,0.602
scale,137,nuisance_orthogonal,0,0.738
scale,137,raw_signal,0,0.502
scale,138,nuisance_orthogonal,0,0.146
scale,138,raw_signal,0,0.208
scale,139,nuisance_orthogonal,0,0.836
scale,139,raw_signal,0,0.262
scale,140,nuisance_orthogonal,0,0.968
scale,140,raw_signal,0,0.446
scale,141,nuisance_orthogonal,0,0.074
scale,141,raw_signal,0,0.464
scale,142,nuisance_orthogonal,0,0.988
scale,142,raw_signal,0,0.368
scale,143,nuisance_orthogonal,0,0.782
scale,143,raw_signal,0,0.228
scale,144,nuisance_orthogonal,0,0.374
scale,144,raw_signal,0,0.618
scale,145,nuisance_orthogonal,0,0.276
scale,145,raw_signal,0,0.858
scale,146,nuisance_orthogonal,0,0.944
scale,146,raw_signal,0,0.512
scale,147,nuisance_orthogonal,0,0.242
scale,147,raw_signal,0,0.546
scale,148,nuisance_orthogonal,0,0.854
scale,148,raw_signal,0,0.244
scale,149,nuisance_orthogonal,0,0.282
scale,149,raw_signal,0,0.74
scale,150,nuisance_orthogonal,1,0.034
scale,150,raw_signal,0,0.778
scale,151,nuisance_orthogonal,0,0.278
scale,151,raw_signal,0,0.262
scale,152,nuisance_orthogonal,0,0.604
scale,152,raw_signal,1,0.046
scale,153,nuisance_orthogonal,1,0.044
scale,153,raw_signal,0,0.106
scale,154,nuisance_orthogonal,0,0.868
scale,154,raw_signal,0,0.096
scale,155,nuisance_orthogonal,0,0.38
scale,155,raw_signal,0,0.778
scale,156,nuisance_orthogonal,0,0.656
scale,156,raw_signal,0,0.3
scale,157,nuisance_orthogonal,0,0.854
scale,157,raw_signal,0,0.054
scale,158,nuisance_orthogonal,0,0.212
scale,158,raw_signal,0,0.754
scale,159,nuisance_orthogonal,0,0.94
scale,159,raw_signal,1,0.03
scale,160,nuisance_orthogonal,0,0.444
scale,160,raw_signal,0,0.334
scale,161,nuisance_orthogonal,0,0.972
scale,161,raw_signal,0,0.558
scale,162,nuisance_orthogonal,0,0.204
scale,162,raw_signal,0,0.376
scale,163,nuisance_orthogonal,0,0.528
scale,163,raw_signal,0,0.832
scale,164,nuisance_orthogonal,0,0.638
scale,164,raw_signal,0,0.732
scale,165,nuisance_orthogonal,0,0.96
scale,165,raw_signal,0,0.63
scale,166,nuisance_orthogonal,0,0.37
scale,166,raw_signal,0,0.914
scale,167,nuisance_orthogonal,0,0.888
scale,167,raw_signal,0,0.148
scale,168,nuisance_orthogonal,0,0.278
scale,168,raw_signal,1,0.002
scale,169,nuisance_orthogonal,0,0.298
scale,169,raw_signal,0,0.864
scale,170,nuisance_orthogonal,0,0.594
scale,170,raw_signal,0,0.926
scale,171,nuisance_orthogonal,0,0.066
scale,171,raw_signal,0,0.468
scale,172,nuisance_orthogonal,0,0.676
scale,172,raw_signal,1,0.014
scale,173,nuisance_orthogonal,0,0.448
scale,173,raw_signal,0,0.752
scale,174,nuisance_orthogonal,0,0.614
scale,174,raw_signal,0,0.656
scale,175,nuisance_orthogonal,1,0.004
scale,175,raw_signal,0,0.568
scale,176,nuisance_orthogonal,0,0.67
scale,176,raw_signal,0,0.422
scale,177,nuisance_orthogonal,0,0.476
scale,177,raw_signal,0,0.838
scale,178,nuisance_orthogonal,0,0.226
scale,178,raw_signal,0,0.822
scale,179,nuisance_orthogonal,0,0.732
scale,179,raw_signal,1,0.032
scale,180,nuisance_orthogonal,0,0.984
scale,180,raw_signal,0,0.338
scale,181,nuisance_orthogonal,0,0.138
scale,181,raw_signal,0,0.634
scale,182,nuisance_orthogonal,0,0.962
scale,182,raw_signal,0,0.54
scale,183,nuisance_orthogonal,0,0.386
scale,183,raw_signal,0,0.136
scale,184,nuisance_orthogonal,0,0.694
scale,184,raw_signal,0,0.474
scale,185,nuisance_orthogonal,0,0.728
scale,185,raw_signal,0,0.072
scale,186,nuisance_orthogonal,0,0.7
scale,186,raw_signal,0,0.75
scale,187,nuisance_orthogonal,0,0.934
scale,187,raw_signal,0,0.942
scale,188,nuisance_orthogonal,0,0.658
scale,188,raw_signal,0,0.946
scale,189,nuisance_orthogonal,0,0.298
scale,189,raw_signal,0,0.552
scale,190,nuisance_orthogonal,0,0.156
scale,190,raw_signal,0,0.4
scale,191,nuisance_orthogonal,0,0.506
scale,191,raw_signal,0,0.584
scale,192,nuisance_orthogonal,0,0.144
scale,192,raw_signal,0,0.332
scale,193,nuisance_orthogonal,0,0.216
scale,193,raw_signal,0,0.072
scale,194,nuisance_orthogonal,0,0.924
scale,194,raw_signal,0,0.31
scale,195,nuisance_orthogonal,0,0.398
scale,195,raw_signal,0,0.346
scale,196,nuisance_orthogonal,0,0.226
scale,196,raw_signal,0,0.474
scale,197,nuisance_orthogonal,0,0.288
scale,197,raw_signal,0,0.164
scale,198,nuisance_orthogonal,0,0.122
scale,198,raw_signal,0,0.532
scale,199,nuisance_orthogonal,0,0.91
scale,199,raw_signal,0,0.65
combined,0,nuisance_orthogonal,0,0.816
combined,0,raw_signal,0,0.696
combined,1,nuisance_orthogonal,0,0.558
combined,1,raw_signal,0,0.852
combined,2,nuisance_orthogonal,0,0.624
combined,2,raw_signal,0,0.708
combined,3,nuisance_orthogonal,0,0.722
combined,3,raw_signal,0,0.14
combined,4,nuisance_orthogonal,0,0.802
combined,4,raw_signal,0,0.638
combined,5,nuisance_orthogonal,0,0.3
combined,5,raw_signal,0,0.322
combined,6,nuisance_orthogonal,0,0.062
combined,6,raw_signal,0,0.066
combined,7,nuisance_orthogonal,0,0.294
combined,7,raw_signal,0,0.706
combined,8,nuisance_orthogonal,0,0.89
combined,8,raw_signal,0,0.768
combined,9,nuisance_orthogonal,0,0.864
combined,9,raw_signal,1,0.004
combined,10,nuisance_orthogonal,1,0.02
combined,10,raw_signal,0,0.386
combined,11,nuisance_orthogonal,1,0.004
combined,11,raw_signal,0,0.514
combined,12,nuisance_orthogonal,0,0.252
combined,12,raw_signal,0,0.138
combined,13,nuisance_orthogonal,0,0.638
combined,13,raw_signal,0,0.17
combined,14,nuisance_orthogonal,0,0.214
combined,14,raw_signal,0,0.356
combined,15,nuisance_orthogonal,0,0.872
combined,15,raw_signal,1,0.04
combined,16,nuisance_orthogonal,0,0.336
combined,16,raw_signal,0,0.928
combined,17,nuisance_orthogonal,0,0.424
combined,17,raw_signal,0,0.996
combined,18,nuisance_orthogonal,0,0.424
combined,18,raw_signal,0,0.296
combined,19,nuisance_orthogonal,0,0.172
combined,19,raw_signal,0,0.882
combined,20,nuisance_orthogonal,0,0.91
combined,20,raw_signal,0,0.852
combined,21,nuisance_orthogonal,0,0.068
combined,21,raw_signal,0,0.392
combined,22,nuisance_orthogonal,0,0.106
combined,22,raw_signal,0,0.866
combined,23,nuisance_orthogonal,0,0.52
combined,23,raw_signal,1,0.04
combined,24,nuisance_orthogonal,1,0.018
combined,24,raw_signal,0,0.75
combined,25,nuisance_orthogonal,0,0.714
combined,25,raw_signal,0,0.126
combined,26,nuisance_orthogonal,0,0.504
combined,26,raw_signal,0,0.194
combined,27,nuisance_orthogonal,0,0.458
combined,27,raw_signal,0,0.206
combined,28,nuisance_orthogonal,0,0.292
combined,28,raw_signal,0,0.45
combined,29,nuisance_orthogonal,0,0.162
combined,29,raw_signal,0,0.674
combined,30,nuisance_orthogonal,0,0.408
combined,30,raw_signal,0,0.752
combined,31,nuisance_orthogonal,0,0.322
combined,31,raw_signal,0,0.26
combined,32,nuisance_orthogonal,0,0.902
combined,32,raw_signal,0,0.616
combined,33,nuisance_orthogonal,0,0.592
combined,33,raw_signal,0,0.826
combined,34,nuisance_orthogonal,0,0.5
combined,34,raw_signal,0,0.962
combined,35,nuisance_orthogonal,0,0.464
combined,35,raw_signal,0,0.426
combined,36,nuisance_orthogonal,0,0.242
combined,36,raw_signal,0,0.21
combined,37,nuisance_orthogonal,0,0.778
combined,37,raw_signal,0,0.614
combined,38,nuisance_orthogonal,0,0.884
combined,38,raw_signal,0,0.426
combined,39,nuisance_orthogonal,0,0.444
combined,39,raw_signal,0,0.494
combined,40,nuisance_orthogonal,0,0.084
combined,40,raw_signal,0,0.224
combined,41,nuisance_orthogonal,0,0.522
combined,41,raw_signal,1,0.03
combined,42,nuisance_orthogonal,0,0.686
combined,42,raw_signal,0,0.928
combined,43,nuisance_orthogonal,0,0.694
combined,43,raw_signal,1,0.018
combined,44,nuisance_orthogonal,0,0.658
combined,44,raw_signal,0,0.152
combined,45,nuisance_orthogonal,0,0.652
combined,45,raw_signal,0,0.75
combined,46,nuisance_orthogonal,1,0.038
combined,46,raw_signal,0,0.398
combined,47,nuisance_orthogonal,0,0.88
combined,47,raw_signal,0,0.708
combined,48,nuisance_orthogonal,0,0.868
combined,48,raw_signal,0,0.77
combined,49,nuisance_orthogonal,0,0.24
combined,49,raw_signal,0,0.61
combined,50,nuisance_orthogonal,0,0.122
combined,50,raw_signal,0,0.456
combined,51,nuisance_orthogonal,0,0.41
combined,51,raw_signal,0,0.924
combined,52,nuisance_orthogonal,0,0.492
combined,52,raw_signal,0,0.928
combined,53,nuisance_orthogonal,0,0.142
combined,53,raw_signal,0,0.524
combined,54,nuisance_orthogonal,0,0.556
combined,54,raw_signal,0,0.61
combined,55,nuisance_orthogonal,0,0.872
combined,55,raw_signal,0,0.05
combined,56,nuisance_orthogonal,1,0.034
combined,56,raw_signal,0,0.798
combined,57,nuisance_orthogonal,0,0.978
combined,57,raw_signal,0,0.13
combined,58,nuisance_orthogonal,0,0.552
combined,58,raw_signal,0,0.896
combined,59,nuisance_orthogonal,0,0.418
combined,59,raw_signal,0,0.838
combined,60,nuisance_orthogonal,0,0.194
combined,60,raw_signal,0,0.422
combined,61,nuisance_orthogonal,0,0.62
combined,61,raw_signal,0,0.836
combined,62,nuisance_orthogonal,0,0.104
combined,62,raw_signal,0,0.684
combined,63,nuisance_orthogonal,0,0.208
combined,63,raw_signal,0,0.36
combined,64,nuisance_orthogonal,0,0.146
combined,64,raw_signal,0,0.784
combined,65,nuisance_orthogonal,0,0.152
combined,65,raw_signal,0,0.874
combined,66,nuisance_orthogonal,0,0.142
combined,66,raw_signal,0,0.928
combined,67,nuisance_orthogonal,0,0.184
combined,67,raw_signal,0,0.464
combined,68,nuisance_orthogonal,0,0.642
combined,68,raw_signal,0,0.84
combined,69,nuisance_orthogonal,0,0.67
combined,69,raw_signal,0,0.148
combined,70,nuisance_orthogonal,0,0.936
combined,70,raw_signal,0,0.906
combined,71,nuisance_orthogonal,0,0.588
combined,71,raw_signal,0,0.776
combined,72,nuisance_orthogonal,0,0.314
combined,72,raw_signal,0,0.446
combined,73,nuisance_orthogonal,0,0.486
combined,73,raw_signal,0,0.576
combined,74,nuisance_orthogonal,0,0.626
combined,74,raw_signal,1,0.018
combined,75,nuisance_orthogonal,0,0.928
combined,75,raw_signal,0,0.052
combined,76,nuisance_orthogonal,0,0.49
combined,76,raw_signal,0,0.806
combined,77,nuisance_orthogonal,0,0.128
combined,77,raw_signal,0,0.374
combined,78,nuisance_orthogonal,0,0.46
combined,78,raw_signal,0,0.52
combined,79,nuisance_orthogonal,0,0.752
combined,79,raw_signal,0,0.574
combined,80,nuisance_orthogonal,0,0.48
combined,80,raw_signal,1,0.024
combined,81,nuisance_orthogonal,0,0.756
combined,81,raw_signal,0,0.394
combined,82,nuisance_orthogonal,0,0.606
combined,82,raw_signal,0,0.28
combined,83,nuisance_orthogonal,0,0.468
combined,83,raw_signal,0,0.506
combined,84,nuisance_orthogonal,0,0.888
combined,84,raw_signal,0,0.974
combined,85,nuisance_orthogonal,0,0.65
combined,85,raw_signal,0,0.476
combined,86,nuisance_orthogonal,0,0.172
combined,86,raw_signal,0,0.678
combined,87,nuisance_orthogonal,0,0.944
combined,87,raw_signal,0,0.412
combined,88,nuisance_orthogonal,0,0.114
combined,88,raw_signal,0,0.568
combined,89,nuisance_orthogonal,0,0.478
combined,89,raw_signal,0,0.178
combined,90,nuisance_orthogonal,0,0.528
combined,90,raw_signal,0,0.232
combined,91,nuisance_orthogonal,0,0.436
combined,91,raw_signal,0,0.064
combined,92,nuisance_orthogonal,0,0.834
combined,92,raw_signal,1,0.04
combined,93,nuisance_orthogonal,0,0.834
combined,93,raw_signal,0,0.556
combined,94,nuisance_orthogonal,0,0.71
combined,94,raw_signal,0,0.362
combined,95,nuisance_orthogonal,0,0.392
combined,95,raw_signal,0,0.296
combined,96,nuisance_orthogonal,0,0.88
combined,96,raw_signal,0,0.716
combined,97,nuisance_orthogonal,0,0.262
combined,97,raw_signal,0,0.45
combined,98,nuisance_orthogonal,0,0.486
combined,98,raw_signal,0,0.06
combined,99,nuisance_orthogonal,0,0.26
combined,99,raw_signal,0,0.212
combined,100,nuisance_orthogonal,0,0.18
combined,100,raw_signal,0,0.688
combined,101,nuisance_orthogonal,1,0.018
combined,101,raw_signal,0,0.728
combined,102,nuisance_orthogonal,0,0.102
combined,102,raw_signal,0,0.806
combined,103,nuisance_orthogonal,0,0.898
combined,103,raw_signal,0,0.668
combined,104,nuisance_orthogonal,0,0.536
combined,104,raw_signal,0,0.404
combined,105,nuisance_orthogonal,0,0.11
combined,105,raw_signal,0,0.172
combined,106,nuisance_orthogonal,0,0.96
combined,106,raw_signal,0,0.694
combined,107,nuisance_orthogonal,0,0.648
combined,107,raw_signal,0,0.694
combined,108,nuisance_orthogonal,0,0.248
combined,108,raw_signal,0,0.662
combined,109,nuisance_orthogonal,0,0.528
combined,109,raw_signal,0,0.144
combined,110,nuisance_orthogonal,0,0.336
combined,110,raw_signal,0,0.788
combined,111,nuisance_orthogonal,0,0.502
combined,111,raw_signal,0,0.32
combined,112,nuisance_orthogonal,0,0.066
combined,112,raw_signal,0,0.712
combined,113,nuisance_orthogonal,0,0.494
combined,113,raw_signal,0,0.17
combined,114,nuisance_orthogonal,0,0.964
combined,114,raw_signal,0,0.094
combined,115,nuisance_orthogonal,0,0.76
combined,115,raw_signal,0,0.298
combined,116,nuisance_orthogonal,0,0.508
combined,116,raw_signal,1,0.002
combined,117,nuisance_orthogonal,0,0.582
combined,117,raw_signal,0,0.284
combined,118,nuisance_orthogonal,0,0.288
combined,118,raw_signal,0,0.088
combined,119,nuisance_orthogonal,0,0.632
combined,119,raw_signal,0,0.758
combined,120,nuisance_orthogonal,0,0.42
combined,120,raw_signal,0,0.874
combined,121,nuisance_orthogonal,0,0.314
combined,121,raw_signal,0,0.13
combined,122,nuisance_orthogonal,0,0.292
combined,122,raw_signal,0,0.58
combined,123,nuisance_orthogonal,0,0.294
combined,123,raw_signal,0,0.166
combined,124,nuisance_orthogonal,0,0.862
combined,124,raw_signal,1,0.018
combined,125,nuisance_orthogonal,0,0.054
combined,125,raw_signal,0,0.962
combined,126,nuisance_orthogonal,0,0.112
combined,126,raw_signal,0,0.428
combined,127,nuisance_orthogonal,0,0.404
combined,127,raw_signal,0,0.894
combined,128,nuisance_orthogonal,0,0.23
combined,128,raw_signal,0,0.432
combined,129,nuisance_orthogonal,0,0.306
combined,129,raw_signal,0,0.54
combined,130,nuisance_orthogonal,0,0.796
combined,130,raw_signal,0,0.678
combined,131,nuisance_orthogonal,0,0.714
combined,131,raw_signal,0,0.066
combined,132,nuisance_orthogonal,0,0.172
combined,132,raw_signal,0,0.652
combined,133,nuisance_orthogonal,0,0.334
combined,133,raw_signal,1,0.01
combined,134,nuisance_orthogonal,0,0.184
combined,134,raw_signal,0,0.394
combined,135,nuisance_orthogonal,0,0.65
combined,135,raw_signal,0,0.786
combined,136,nuisance_orthogonal,0,0.242
combined,136,raw_signal,0,0.748
combined,137,nuisance_orthogonal,0,0.932
combined,137,raw_signal,0,0.464
combined,138,nuisance_orthogonal,0,0.48
combined,138,raw_signal,0,0.578
combined,139,nuisance_orthogonal,0,0.94
combined,139,raw_signal,0,0.456
combined,140,nuisance_orthogonal,0,0.896
combined,140,raw_signal,0,0.46
combined,141,nuisance_orthogonal,0,0.72
combined,141,raw_signal,0,0.14
combined,142,nuisance_orthogonal,0,0.916
combined,142,raw_signal,0,0.34
combined,143,nuisance_orthogonal,0,0.68
combined,143,raw_signal,0,0.422
combined,144,nuisance_orthogonal,0,0.136
combined,144,raw_signal,0,0.72
combined,145,nuisance_orthogonal,0,0.578
combined,145,raw_signal,0,0.134
combined,146,nuisance_orthogonal,0,0.604
combined,146,raw_signal,0,0.142
combined,147,nuisance_orthogonal,0,0.622
combined,147,raw_signal,0,0.606
combined,148,nuisance_orthogonal,0,0.128
combined,148,raw_signal,0,0.062
combined,149,nuisance_orthogonal,0,0.708
combined,149,raw_signal,0,0.912
combined,150,nuisance_orthogonal,0,0.142
combined,150,raw_signal,0,0.836
combined,151,nuisance_orthogonal,0,0.536
combined,151,raw_signal,0,0.332
combined,152,nuisance_orthogonal,0,0.1
combined,152,raw_signal,0,0.986
combined,153,nuisance_orthogonal,0,0.746
combined,153,raw_signal,0,0.998
combined,154,nuisance_orthogonal,0,0.81
combined,154,raw_signal,0,0.692
combined,155,nuisance_orthogonal,0,0.766
combined,155,raw_signal,0,0.164
combined,156,nuisance_orthogonal,0,0.64
combined,156,raw_signal,0,0.064
combined,157,nuisance_orthogonal,1,0.032
combined,157,raw_signal,1,0.034
combined,158,nuisance_orthogonal,0,0.246
combined,158,raw_signal,0,0.15
combined,159,nuisance_orthogonal,0,0.13
combined,159,raw_signal,0,0.604
combined,160,nuisance_orthogonal,0,0.224
combined,160,raw_signal,0,0.086
combined,161,nuisance_orthogonal,0,0.982
combined,161,raw_signal,0,0.178
combined,162,nuisance_orthogonal,0,0.412
combined,162,raw_signal,0,0.156
combined,163,nuisance_orthogonal,0,0.738
combined,163,raw_signal,0,0.482
combined,164,nuisance_orthogonal,0,0.83
combined,164,raw_signal,0,0.898
combined,165,nuisance_orthogonal,0,0.794
combined,165,raw_signal,0,0.074
combined,166,nuisance_orthogonal,0,0.846
combined,166,raw_signal,0,0.486
combined,167,nuisance_orthogonal,1,0.018
combined,167,raw_signal,0,0.774
combined,168,nuisance_orthogonal,0,0.86
combined,168,raw_signal,1,0.012
combined,169,nuisance_orthogonal,0,0.262
combined,169,raw_signal,0,0.32
combined,170,nuisance_orthogonal,1,0.004
combined,170,raw_signal,0,0.702
combined,171,nuisance_orthogonal,0,0.45
combined,171,raw_signal,0,0.344
combined,172,nuisance_orthogonal,0,0.932
combined,172,raw_signal,0,0.268
combined,173,nuisance_orthogonal,0,0.726
combined,173,raw_signal,1,0.048
combined,174,nuisance_orthogonal,0,0.138
combined,174,raw_signal,0,0.948
combined,175,nuisance_orthogonal,0,0.686
combined,175,raw_signal,0,0.222
combined,176,nuisance_orthogonal,1,0.024
combined,176,raw_signal,0,0.28
combined,177,nuisance_orthogonal,0,0.31
combined,177,raw_signal,0,0.402
combined,178,nuisance_orthogonal,0,0.924
combined,178,raw_signal,0,0.222
combined,179,nuisance_orthogonal,0,0.562
combined,179,raw_signal,0,0.076
combined,180,nuisance_orthogonal,0,0.43
combined,180,raw_signal,0,0.884
combined,181,nuisance_orthogonal,0,0.744
combined,181,raw_signal,0,0.376
combined,182,nuisance_orthogonal,1,0.024
combined,182,raw_signal,1,0.036
combined,183,nuisance_orthogonal,0,0.504
combined,183,raw_signal,0,0.146
combined,184,nuisance_orthogonal,0,0.878
combined,184,raw_signal,0,0.458
combined,185,nuisance_orthogonal,0,0.114
combined,185,raw_signal,0,0.352
combined,186,nuisance_orthogonal,0,0.706
combined,186,raw_signal,0,0.412
combined,187,nuisance_orthogonal,0,0.852
combined,187,raw_signal,0,0.118
combined,188,nuisance_orthogonal,0,0.052
combined,188,raw_signal,0,0.652
combined,189,nuisance_orthogonal,0,0.738
combined,189,raw_signal,0,0.12
combined,190,nuisance_orthogonal,1,0.022
combined,190,raw_signal,0,0.066
combined,191,nuisance_orthogonal,0,0.154
combined,191,raw_signal,0,0.732
combined,192,nuisance_orthogonal,0,0.638
combined,192,raw_signal,0,0.972
combined,193,nuisance_orthogonal,0,0.538
combined,193,raw_signal,0,0.14
combined,194,nuisance_orthogonal,0,0.424
combined,194,raw_signal,0,0.858
combined,195,nuisance_orthogonal,0,0.58
combined,195,raw_signal,0,0.438
combined,196,nuisance_orthogonal,0,0.288
combined,196,raw_signal,0,0.102
combined,197,nuisance_orthogonal,0,0.17
combined,197,raw_signal,0,0.47
combined,198,nuisance_orthogonal,0,0.862
combined,198,raw_signal,0,0.794
combined,199,nuisance_orthogonal,0,0.27
combined,199,raw_signal,0,0.482
framing,0,nuisance_orthogonal,0,0.08
framing,0,raw_signal,0,0.768
framing,1,nuisance_orthogonal,0,0.54
framing,1,raw_signal,0,0.17
framing,2,nuisance_orthogonal,0,0.2
framing,2,raw_signal,0,0.146
framing,3,nuisance_orthogonal,0,0.314
framing,3,raw_signal,0,0.336
framing,4,nuisance_orthogonal,0,0.318
framing,4,raw_signal,1,0.046
framing,5,nuisance_orthogonal,0,0.592
framing,5,raw_signal,1,0.03
framing,6,nuisance_orthogonal,0,0.44
framing,6,raw_signal,0,0.34
framing,7,nuisance_orthogonal,0,0.706
framing,7,raw_signal,0,0.284
framing,8,nuisance_orthogonal,0,0.056
framing,8,raw_signal,0,0.23
framing,9,nuisance_orthogonal,0,0.274
framing,9,raw_signal,0,0.458
framing,10,nuisance_orthogonal,0,0.374
framing,10,raw_signal,0,0.066
framing,11,nuisance_orthogonal,0,0.758
framing,11,raw_signal,0,0.072
framing,12,nuisance_orthogonal,0,0.318
framing,12,raw_signal,0,0.782
framing,13,nuisance_orthogonal,0,0.968
framing,13,raw_signal,0,0.534
framing,14,nuisance_orthogonal,0,0.818
framing,14,raw_signal,1,0.008
framing,15,nuisance_orthogonal,0,0.572
framing,15,raw_signal,0,0.66
framing,16,nuisance_orthogonal,0,0.874
framing,16,raw_signal,0,0.178
framing,17,nuisance_orthogonal,0,0.16
framing,17,raw_signal,0,0.538
framing,18,nuisance_orthogonal,0,0.108
framing,18,raw_signal,1,0.002
framing,19,nuisance_orthogonal,0,0.896
framing,19,raw_signal,0,0.176
framing,20,nuisance_orthogonal,0,0.678
framing,20,raw_signal,0,0.244
framing,21,nuisance_orthogonal,0,0.342
framing,21,raw_signal,1,0.002
framing,22,nuisance_orthogonal,0,0.53
framing,22,raw_signal,0,0.082
framing,23,nuisance_orthogonal,0,0.092
framing,23,raw_signal,0,0.62
framing,24,nuisance_orthogonal,0,0.608
framing,24,raw_signal,1,0.038
framing,25,nuisance_orthogonal,0,0.402
framing,25,raw_signal,0,0.756
framing,26,nuisance_orthogonal,0,0.09
framing,26,raw_signal,0,0.146
framing,27,nuisance_orthogonal,0,0.89
framing,27,raw_signal,0,0.688
framing,28,nuisance_orthogonal,0,0.484
framing,28,raw_signal,0,0.322
framing,29,nuisance_orthogonal,1,0.036
framing,29,raw_signal,0,0.674
framing,30,nuisance_orthogonal,0,0.928
framing,30,raw_signal,1,0.018
framing,31,nuisance_orthogonal,0,0.4
framing,31,raw_signal,0,0.378
framing,32,nuisance_orthogonal,0,0.904
framing,32,raw_signal,1,0.008
framing,33,nuisance_orthogonal,0,0.802
framing,33,raw_signal,0,0.096
framing,34,nuisance_orthogonal,0,0.122
framing,34,raw_signal,1,0.042
framing,35,nuisance_orthogonal,0,0.056
framing,35,raw_signal,0,0.328
framing,36,nuisance_orthogonal,0,0.294
framing,36,raw_signal,0,0.868
framing,37,nuisance_orthogonal,0,0.166
framing,37,raw_signal,1,0.042
framing,38,nuisance_orthogonal,0,0.668
framing,38,raw_signal,0,0.334
framing,39,nuisance_orthogonal,0,0.248
framing,39,raw_signal,0,0.468
framing,40,nuisance_orthogonal,0,0.82
framing,40,raw_signal,0,0.172
framing,41,nuisance_orthogonal,0,0.792
framing,41,raw_signal,1,0.034
framing,42,nuisance_orthogonal,0,0.728
framing,42,raw_signal,0,0.1
framing,43,nuisance_orthogonal,0,0.92
framing,43,raw_signal,0,0.618
framing,44,nuisance_orthogonal,0,0.368
framing,44,raw_signal,0,0.99
framing,45,nuisance_orthogonal,0,0.682
framing,45,raw_signal,0,0.228
framing,46,nuisance_orthogonal,0,0.622
framing,46,raw_signal,1,0.02
framing,47,nuisance_orthogonal,0,0.074
framing,47,raw_signal,0,0.156
framing,48,nuisance_orthogonal,0,0.848
framing,48,raw_signal,0,0.314
framing,49,nuisance_orthogonal,0,0.128
framing,49,raw_signal,0,0.164
framing,50,nuisance_orthogonal,0,0.944
framing,50,raw_signal,1,0.02
framing,51,nuisance_orthogonal,0,0.646
framing,51,raw_signal,0,0.512
framing,52,nuisance_orthogonal,0,0.91
framing,52,raw_signal,0,0.166
framing,53,nuisance_orthogonal,0,0.434
framing,53,raw_signal,0,0.05
framing,54,nuisance_orthogonal,0,0.886
framing,54,raw_signal,0,0.066
framing,55,nuisance_orthogonal,1,0.046
framing,55,raw_signal,0,0.082
framing,56,nuisance_orthogonal,0,0.73
framing,56,raw_signal,1,0.002
framing,57,nuisance_orthogonal,0,0.156
framing,57,raw_signal,0,0.922
framing,58,nuisance_orthogonal,0,0.634
framing,58,raw_signal,0,0.568
framing,59,nuisance_orthogonal,0,0.85
framing,59,raw_signal,0,0.076
framing,60,nuisance_orthogonal,0,0.59
framing,60,raw_signal,0,0.374
framing,61,nuisance_orthogonal,0,0.3
framing,61,raw_signal,0,0.822
framing,62,nuisance_orthogonal,0,0.594
framing,62,raw_signal,1,0.004
framing,63,nuisance_orthogonal,0,0.94
framing,63,raw_signal,0,0.092
framing,64,nuisance_orthogonal,0,0.952
framing,64,raw_signal,0,0.108
framing,65,nuisance_orthogonal,0,0.42
framing,65,raw_signal,0,0.342
framing,66,nuisance_orthogonal,0,0.97
framing,66,raw_signal,0,0.086
framing,67,nuisance_orthogonal,0,0.804
framing,67,raw_signal,0,0.318
framing,68,nuisance_orthogonal,0,0.924
framing,68,raw_signal,0,0.41
framing,69,nuisance_orthogonal,0,0.07
framing,69,raw_signal,0,0.052
framing,70,nuisance_orthogonal,0,0.146
framing,70,raw_signal,0,0.07
framing,71,nuisance_orthogonal,0,0.234
framing,71,raw_signal,0,0.058
framing,72,nuisance_orthogonal,0,0.572
framing,72,raw_signal,0,0.992
framing,73,nuisance_orthogonal,0,0.482
framing,73,raw_signal,0,0.392
framing,74,nuisance_orthogonal,0,0.586
framing,74,raw_signal,0,0.116
framing,75,nuisance_orthogonal,0,0.316
framing,75,raw_signal,0,0.18
framing,76,nuisance_orthogonal,0,0.692
framing,76,raw_signal,0,0.184
framing,77,nuisance_orthogonal,0,0.936
framing,77,raw_signal,0,0.354
framing,78,nuisance_orthogonal,0,0.326
framing,78,raw_signal,0,0.054
framing,79,nuisance_orthogonal,0,0.328
framing,79,raw_signal,1,0.004
framing,80,nuisance_orthogonal,0,0.84
framing,80,raw_signal,0,0.102
framing,81,nuisance_orthogonal,0,0.852
framing,81,raw_signal,1,0.016
framing,82,nuisance_orthogonal,0,0.358
framing,82,raw_signal,1,0.01
framing,83,nuisance_orthogonal,0,0.48
framing,83,raw_signal,1,0.008
framing,84,nuisance_orthogonal,0,0.84
framing,84,raw_signal,0,0.524
framing,85,nuisance_orthogonal,0,0.518
framing,85,raw_signal,0,0.84
framing,86,nuisance_orthogonal,0,0.664
framing,86,raw_signal,0,0.836
framing,87,nuisance_orthogonal,0,0.832
framing,87,raw_signal,0,0.226
framing,88,nuisance_orthogonal,0,0.85
framing,88,raw_signal,1,0.016
framing,89,nuisance_orthogonal,0,0.89
framing,89,raw_signal,0,0.466
framing,90,nuisance_orthogonal,0,0.406
framing,90,raw_signal,1,0.022
framing,91,nuisance_orthogonal,1,0.016
framing,91,raw_signal,0,0.526
framing,92,nuisance_orthogonal,0,0.196
framing,92,raw_signal,0,0.36
framing,93,nuisance_orthogonal,0,0.62
framing,93,raw_signal,0,0.342
framing,94,nuisance_orthogonal,0,0.412
framing,94,raw_signal,1,0.022
framing,95,nuisance_orthogonal,0,0.526
framing,95,raw_signal,0,0.22
framing,96,nuisance_orthogonal,0,0.836
framing,96,raw_signal,1,0.026
framing,97,nuisance_orthogonal,0,0.926
framing,97,raw_signal,0,0.624
framing,98,nuisance_orthogonal,0,0.14
framing,98,raw_signal,0,0.248
framing,99,nuisance_orthogonal,0,0.626
framing,99,raw_signal,1,0.042
framing,100,nuisance_orthogonal,0,0.294
framing,100,raw_signal,0,0.85
framing,101,nuisance_orthogonal,0,0.518
framing,101,raw_signal,1,0.034
framing,102,nuisance_orthogonal,0,0.532
framing,102,raw_signal,1,0.004
framing,103,nuisance_orthogonal,0,0.54
framing,103,raw_signal,0,0.064
framing,104,nuisance_orthogonal,0,0.518
framing,104,raw_signal,0,0.436
framing,105,nuisance_orthogonal,0,0.056
framing,105,raw_signal,0,0.524
framing,106,nuisance_orthogonal,0,0.598
framing,106,raw_signal,1,0.014
framing,107,nuisance_orthogonal,0,0.722
framing,107,raw_signal,0,0.446
framing,108,nuisance_orthogonal,0,0.528
framing,108,raw_signal,0,0.582
framing,109,nuisance_orthogonal,0,0.33
framing,109,raw_signal,0,0.4
framing,110,nuisance_orthogonal,0,0.318
framing,110,raw_signal,0,0.89
framing,111,nuisance_orthogonal,0,0.266
framing,111,raw_signal,0,0.234
framing,112,nuisance_orthogonal,0,0.144
framing,112,raw_signal,0,0.25
framing,113,nuisance_orthogonal,0,0.456
framing,113,raw_signal,0,0.19
framing,114,nuisance_orthogonal,0,0.514
framing,114,raw_signal,1,0.004
framing,115,nuisance_orthogonal,0,0.902
framing,115,raw_signal,0,0.202
framing,116,nuisance_orthogonal,0,0.256
framing,116,raw_signal,0,0.276
framing,117,nuisance_orthogonal,0,0.088
framing,117,raw_signal,1,0.03
framing,118,nuisance_orthogonal,0,0.604
framing,118,raw_signal,0,0.942
framing,119,nuisance_orthogonal,0,0.924
framing,119,raw_signal,0,0.072
framing,120,nuisance_orthogonal,0,0.406
framing,120,raw_signal,0,0.082
framing,121,nuisance_orthogonal,0,0.528
framing,121,raw_signal,0,0.15
framing,122,nuisance_orthogonal,1,0.044
framing,122,raw_signal,0,0.308
framing,123,nuisance_orthogonal,0,0.468
framing,123,raw_signal,0,0.982
framing,124,nuisance_orthogonal,0,0.404
framing,124,raw_signal,0,0.138
framing,125,nuisance_orthogonal,0,0.832
framing,125,raw_signal,0,0.074
framing,126,nuisance_orthogonal,0,0.458
framing,126,raw_signal,0,0.414
framing,127,nuisance_orthogonal,0,0.088
framing,127,raw_signal,0,0.796
framing,128,nuisance_orthogonal,0,0.412
framing,128,raw_signal,0,0.194
framing,129,nuisance_orthogonal,0,0.278
framing,129,raw_signal,1,0.012
framing,130,nuisance_orthogonal,0,0.382
framing,130,raw_signal,1,0.046
framing,131,nuisance_orthogonal,1,0.036
framing,131,raw_signal,0,0.748
framing,132,nuisance_orthogonal,0,0.276
framing,132,raw_signal,0,0.572
framing,133,nuisance_orthogonal,0,0.37
framing,133,raw_signal,0,0.506
framing,134,nuisance_orthogonal,0,0.208
framing,134,raw_signal,0,0.638
framing,135,nuisance_orthogonal,0,0.318
framing,135,raw_signal,0,0.266
framing,136,nuisance_orthogonal,0,0.198
framing,136,raw_signal,1,0.036
framing,137,nuisance_orthogonal,0,0.94
framing,137,raw_signal,0,0.622
framing,138,nuisance_orthogonal,0,0.12
framing,138,raw_signal,1,0.042
framing,139,nuisance_orthogonal,0,0.954
framing,139,raw_signal,0,0.298
framing,140,nuisance_orthogonal,0,0.918
framing,140,raw_signal,0,0.642
framing,141,nuisance_orthogonal,0,0.318
framing,141,raw_signal,0,0.526
framing,142,nuisance_orthogonal,0,0.48
framing,142,raw_signal,1,0.01
framing,143,nuisance_orthogonal,0,0.924
framing,143,raw_signal,0,0.206
framing,144,nuisance_orthogonal,0,0.548
framing,144,raw_signal,0,0.554
framing,145,nuisance_orthogonal,0,0.406
framing,145,raw_signal,0,0.834
framing,146,nuisance_orthogonal,0,0.628
framing,146,raw_signal,0,0.352
framing,147,nuisance_orthogonal,0,0.782
framing,147,raw_signal,0,0.074
framing,148,nuisance_orthogonal,0,0.976
framing,148,raw_signal,0,0.856
framing,149,nuisance_orthogonal,0,0.554
framing,149,raw_signal,0,0.194
framing,150,nuisance_orthogonal,1,0.008
framing,150,raw_signal,0,0.19
framing,151,nuisance_orthogonal,0,0.42
framing,151,raw_signal,0,0.764
framing,152,nuisance_orthogonal,0,0.948
framing,152,raw_signal,1,0.012
framing,153,nuisance_orthogonal,0,0.05
framing,153,raw_signal,0,0.242
framing,154,nuisance_orthogonal,0,0.86
framing,154,raw_signal,1,0.04
framing,155,nuisance_orthogonal,0,0.766
framing,155,raw_signal,0,0.512
framing,156,nuisance_orthogonal,0,0.958
framing,156,raw_signal,0,0.776
framing,157,nuisance_orthogonal,0,0.558
framing,157,raw_signal,0,0.564
framing,158,nuisance_orthogonal,1,0.042
framing,158,raw_signal,0,0.234
framing,159,nuisance_orthogonal,0,0.958
framing,159,raw_signal,0,0.308
framing,160,nuisance_orthogonal,0,0.746
framing,160,raw_signal,0,0.342
framing,161,nuisance_orthogonal,0,0.856
framing,161,raw_signal,0,0.29
framing,162,nuisance_orthogonal,0,0.74
framing,162,raw_signal,0,0.954
framing,163,nuisance_orthogonal,0,0.594
framing,163,raw_signal,0,0.222
framing,164,nuisance_orthogonal,0,0.822
framing,164,raw_signal,0,0.398
framing,165,nuisance_orthogonal,0,0.998
framing,165,raw_signal,0,0.818
framing,166,nuisance_orthogonal,0,0.386
framing,166,raw_signal,0,1.0
framing,167,nuisance_orthogonal,0,0.618
framing,167,raw_signal,1,0.022
framing,168,nuisance_orthogonal,0,0.326
framing,168,raw_signal,1,0.002
framing,169,nuisance_orthogonal,0,0.722
framing,169,raw_signal,0,0.398
framing,170,nuisance_orthogonal,0,0.428
framing,170,raw_signal,0,0.468
framing,171,nuisance_orthogonal,0,0.196
framing,171,raw_signal,0,0.13
framing,172,nuisance_orthogonal,0,0.792
framing,172,raw_signal,1,0.002
framing,173,nuisance_orthogonal,0,0.672
framing,173,raw_signal,0,0.64
framing,174,nuisance_orthogonal,0,0.954
framing,174,raw_signal,0,0.346
framing,175,nuisance_orthogonal,1,0.048
framing,175,raw_signal,0,0.508
framing,176,nuisance_orthogonal,0,0.894
framing,176,raw_signal,1,0.03
framing,177,nuisance_orthogonal,0,0.744
framing,177,raw_signal,0,0.254
framing,178,nuisance_orthogonal,1,0.044
framing,178,raw_signal,0,0.602
framing,179,nuisance_orthogonal,0,0.958
framing,179,raw_signal,0,0.476
framing,180,nuisance_orthogonal,0,0.956
framing,180,raw_signal,0,0.382
framing,181,nuisance_orthogonal,0,0.834
framing,181,raw_signal,0,0.062
framing,182,nuisance_orthogonal,0,0.538
framing,182,raw_signal,0,0.246
framing,183,nuisance_orthogonal,0,0.396
framing,183,raw_signal,0,0.65
framing,184,nuisance_orthogonal,0,0.814
framing,184,raw_signal,0,0.05
framing,185,nuisance_orthogonal,0,0.622
framing,185,raw_signal,1,0.018
framing,186,nuisance_orthogonal,0,0.394
framing,186,raw_signal,0,0.544
framing,187,nuisance_orthogonal,0,0.8
framing,187,raw_signal,0,0.83
framing,188,nuisance_orthogonal,0,0.934
framing,188,raw_signal,0,0.658
framing,189,nuisance_orthogonal,0,0.594
framing,189,raw_signal,0,0.1
framing,190,nuisance_orthogonal,0,0.344
framing,190,raw_signal,0,0.316
framing,191,nuisance_orthogonal,0,0.734
framing,191,raw_signal,0,0.142
framing,192,nuisance_orthogonal,0,0.506
framing,192,raw_signal,0,0.18
framing,193,nuisance_orthogonal,0,0.734
framing,193,raw_signal,1,0.012
framing,194,nuisance_orthogonal,0,0.948
framing,194,raw_signal,0,0.096
framing,195,nuisance_orthogonal,0,0.572
framing,195,raw_signal,1,0.044
framing,196,nuisance_orthogonal,0,0.13
framing,196,raw_signal,0,0.976
framing,197,nuisance_orthogonal,0,0.876
framing,197,raw_signal,0,0.064
framing,198,nuisance_orthogonal,0,0.052
framing,198,raw_signal,0,0.27
framing,199,nuisance_orthogonal,0,0.956
framing,199,raw_signal,0,0.244
unlisted_complexity,0,nuisance_orthogonal,0,0.19
unlisted_complexity,0,raw_signal,0,0.824
unlisted_complexity,1,nuisance_orthogonal,0,0.23
unlisted_complexity,1,raw_signal,0,0.32
unlisted_complexity,2,nuisance_orthogonal,0,0.666
unlisted_complexity,2,raw_signal,0,0.558
unlisted_complexity,3,nuisance_orthogonal,0,0.804
unlisted_complexity,3,raw_signal,0,0.692
unlisted_complexity,4,nuisance_orthogonal,0,0.618
unlisted_complexity,4,raw_signal,0,0.18
unlisted_complexity,5,nuisance_orthogonal,0,0.868
unlisted_complexity,5,raw_signal,0,0.138
unlisted_complexity,6,nuisance_orthogonal,0,0.886
unlisted_complexity,6,raw_signal,0,0.87
unlisted_complexity,7,nuisance_orthogonal,0,0.884
unlisted_complexity,7,raw_signal,0,0.776
unlisted_complexity,8,nuisance_orthogonal,0,0.282
unlisted_complexity,8,raw_signal,0,0.702
unlisted_complexity,9,nuisance_orthogonal,0,0.328
unlisted_complexity,9,raw_signal,0,0.408
unlisted_complexity,10,nuisance_orthogonal,0,0.234
unlisted_complexity,10,raw_signal,0,0.108
unlisted_complexity,11,nuisance_orthogonal,0,0.794
unlisted_complexity,11,raw_signal,0,0.394
unlisted_complexity,12,nuisance_orthogonal,0,0.264
unlisted_complexity,12,raw_signal,0,0.446
unlisted_complexity,13,nuisance_orthogonal,0,0.408
unlisted_complexity,13,raw_signal,0,0.58
unlisted_complexity,14,nuisance_orthogonal,0,0.978
unlisted_complexity,14,raw_signal,1,0.026
unlisted_complexity,15,nuisance_orthogonal,0,0.468
unlisted_complexity,15,raw_signal,0,0.664
unlisted_complexity,16,nuisance_orthogonal,0,0.998
unlisted_complexity,16,raw_signal,0,0.296
unlisted_complexity,17,nuisance_orthogonal,0,0.458
unlisted_complexity,17,raw_signal,0,0.886
unlisted_complexity,18,nuisance_orthogonal,0,0.1
unlisted_complexity,18,raw_signal,1,0.012
unlisted_complexity,19,nuisance_orthogonal,0,0.992
unlisted_complexity,19,raw_signal,0,0.424
unlisted_complexity,20,nuisance_orthogonal,0,0.962
unlisted_complexity,20,raw_signal,0,0.524
unlisted_complexity,21,nuisance_orthogonal,0,0.442
unlisted_complexity,21,raw_signal,1,0.002
unlisted_complexity,22,nuisance_orthogonal,0,0.448
unlisted_complexity,22,raw_signal,0,0.494
unlisted_complexity,23,nuisance_orthogonal,0,0.054
unlisted_complexity,23,raw_signal,0,0.114
unlisted_complexity,24,nuisance_orthogonal,0,0.52
unlisted_complexity,24,raw_signal,0,0.076
unlisted_complexity,25,nuisance_orthogonal,0,0.354
unlisted_complexity,25,raw_signal,0,0.582
unlisted_complexity,26,nuisance_orthogonal,0,0.072
unlisted_complexity,26,raw_signal,0,0.076
unlisted_complexity,27,nuisance_orthogonal,0,0.756
unlisted_complexity,27,raw_signal,0,0.678
unlisted_complexity,28,nuisance_orthogonal,0,0.108
unlisted_complexity,28,raw_signal,0,0.864
unlisted_complexity,29,nuisance_orthogonal,1,0.03
unlisted_complexity,29,raw_signal,0,0.988
unlisted_complexity,30,nuisance_orthogonal,0,0.95
unlisted_complexity,30,raw_signal,1,0.042
unlisted_complexity,31,nuisance_orthogonal,0,0.216
unlisted_complexity,31,raw_signal,0,0.954
unlisted_complexity,32,nuisance_orthogonal,0,0.54
unlisted_complexity,32,raw_signal,1,0.01
unlisted_complexity,33,nuisance_orthogonal,0,0.984
unlisted_complexity,33,raw_signal,0,0.25
unlisted_complexity,34,nuisance_orthogonal,0,0.444
unlisted_complexity,34,raw_signal,0,0.26
unlisted_complexity,35,nuisance_orthogonal,0,0.212
unlisted_complexity,35,raw_signal,0,0.506
unlisted_complexity,36,nuisance_orthogonal,0,0.596
unlisted_complexity,36,raw_signal,0,0.892
unlisted_complexity,37,nuisance_orthogonal,0,0.204
unlisted_complexity,37,raw_signal,0,0.318
unlisted_complexity,38,nuisance_orthogonal,0,0.556
unlisted_complexity,38,raw_signal,0,0.67
unlisted_complexity,39,nuisance_orthogonal,0,0.216
unlisted_complexity,39,raw_signal,0,0.446
unlisted_complexity,40,nuisance_orthogonal,0,0.658
unlisted_complexity,40,raw_signal,0,0.386
unlisted_complexity,41,nuisance_orthogonal,0,0.538
unlisted_complexity,41,raw_signal,0,0.058
unlisted_complexity,42,nuisance_orthogonal,0,0.774
unlisted_complexity,42,raw_signal,0,0.126
unlisted_complexity,43,nuisance_orthogonal,0,0.966
unlisted_complexity,43,raw_signal,0,0.57
unlisted_complexity,44,nuisance_orthogonal,0,0.612
unlisted_complexity,44,raw_signal,0,0.4
unlisted_complexity,45,nuisance_orthogonal,0,0.42
unlisted_complexity,45,raw_signal,0,0.174
unlisted_complexity,46,nuisance_orthogonal,0,0.402
unlisted_complexity,46,raw_signal,0,0.112
unlisted_complexity,47,nuisance_orthogonal,0,0.53
unlisted_complexity,47,raw_signal,0,0.978
unlisted_complexity,48,nuisance_orthogonal,0,0.976
unlisted_complexity,48,raw_signal,0,0.208
unlisted_complexity,49,nuisance_orthogonal,0,0.34
unlisted_complexity,49,raw_signal,0,0.44
unlisted_complexity,50,nuisance_orthogonal,0,0.894
unlisted_complexity,50,raw_signal,0,0.274
unlisted_complexity,51,nuisance_orthogonal,0,0.954
unlisted_complexity,51,raw_signal,0,0.994
unlisted_complexity,52,nuisance_orthogonal,0,0.762
unlisted_complexity,52,raw_signal,0,0.464
unlisted_complexity,53,nuisance_orthogonal,0,0.64
unlisted_complexity,53,raw_signal,0,0.364
unlisted_complexity,54,nuisance_orthogonal,0,0.256
unlisted_complexity,54,raw_signal,0,0.1
unlisted_complexity,55,nuisance_orthogonal,0,0.1
unlisted_complexity,55,raw_signal,0,0.066
unlisted_complexity,56,nuisance_orthogonal,0,0.706
unlisted_complexity,56,raw_signal,0,0.256
unlisted_complexity,57,nuisance_orthogonal,0,0.336
unlisted_complexity,57,raw_signal,0,0.996
unlisted_complexity,58,nuisance_orthogonal,0,0.676
unlisted_complexity,58,raw_signal,0,0.996
unlisted_complexity,59,nuisance_orthogonal,0,1.0
unlisted_complexity,59,raw_signal,0,0.674
unlisted_complexity,60,nuisance_orthogonal,0,0.718
unlisted_complexity,60,raw_signal,0,0.44
unlisted_complexity,61,nuisance_orthogonal,0,0.194
unlisted_complexity,61,raw_signal,0,0.712
unlisted_complexity,62,nuisance_orthogonal,0,0.694
unlisted_complexity,62,raw_signal,1,0.016
unlisted_complexity,63,nuisance_orthogonal,0,0.814
unlisted_complexity,63,raw_signal,0,0.062
unlisted_complexity,64,nuisance_orthogonal,0,0.482
unlisted_complexity,64,raw_signal,0,0.31
unlisted_complexity,65,nuisance_orthogonal,0,0.372
unlisted_complexity,65,raw_signal,0,0.26
unlisted_complexity,66,nuisance_orthogonal,0,0.17
unlisted_complexity,66,raw_signal,0,0.75
unlisted_complexity,67,nuisance_orthogonal,0,0.69
unlisted_complexity,67,raw_signal,0,0.728
unlisted_complexity,68,nuisance_orthogonal,0,0.98
unlisted_complexity,68,raw_signal,0,0.884
unlisted_complexity,69,nuisance_orthogonal,1,0.048
unlisted_complexity,69,raw_signal,0,0.85
unlisted_complexity,70,nuisance_orthogonal,0,0.51
unlisted_complexity,70,raw_signal,0,0.29
unlisted_complexity,71,nuisance_orthogonal,0,0.334
unlisted_complexity,71,raw_signal,0,0.34
unlisted_complexity,72,nuisance_orthogonal,0,0.486
unlisted_complexity,72,raw_signal,0,0.922
unlisted_complexity,73,nuisance_orthogonal,0,0.366
unlisted_complexity,73,raw_signal,0,0.946
unlisted_complexity,74,nuisance_orthogonal,0,0.842
unlisted_complexity,74,raw_signal,0,0.956
unlisted_complexity,75,nuisance_orthogonal,0,0.27
unlisted_complexity,75,raw_signal,1,0.042
unlisted_complexity,76,nuisance_orthogonal,0,0.682
unlisted_complexity,76,raw_signal,0,0.52
unlisted_complexity,77,nuisance_orthogonal,0,0.778
unlisted_complexity,77,raw_signal,0,0.738
unlisted_complexity,78,nuisance_orthogonal,0,0.392
unlisted_complexity,78,raw_signal,0,0.214
unlisted_complexity,79,nuisance_orthogonal,0,0.658
unlisted_complexity,79,raw_signal,0,0.084
unlisted_complexity,80,nuisance_orthogonal,0,0.936
unlisted_complexity,80,raw_signal,0,0.212
unlisted_complexity,81,nuisance_orthogonal,0,0.64
unlisted_complexity,81,raw_signal,0,0.104
unlisted_complexity,82,nuisance_orthogonal,0,0.428
unlisted_complexity,82,raw_signal,0,0.094
unlisted_complexity,83,nuisance_orthogonal,0,0.732
unlisted_complexity,83,raw_signal,1,0.028
unlisted_complexity,84,nuisance_orthogonal,0,0.546
unlisted_complexity,84,raw_signal,0,0.534
unlisted_complexity,85,nuisance_orthogonal,0,0.846
unlisted_complexity,85,raw_signal,0,0.468
unlisted_complexity,86,nuisance_orthogonal,0,0.426
unlisted_complexity,86,raw_signal,0,0.896
unlisted_complexity,87,nuisance_orthogonal,0,0.622
unlisted_complexity,87,raw_signal,0,0.364
unlisted_complexity,88,nuisance_orthogonal,0,0.928
unlisted_complexity,88,raw_signal,0,0.108
unlisted_complexity,89,nuisance_orthogonal,0,0.898
unlisted_complexity,89,raw_signal,0,0.426
unlisted_complexity,90,nuisance_orthogonal,0,0.838
unlisted_complexity,90,raw_signal,1,0.026
unlisted_complexity,91,nuisance_orthogonal,1,0.046
unlisted_complexity,91,raw_signal,0,0.992
unlisted_complexity,92,nuisance_orthogonal,1,0.028
unlisted_complexity,92,raw_signal,0,0.71
unlisted_complexity,93,nuisance_orthogonal,0,0.99
unlisted_complexity,93,raw_signal,0,0.8
unlisted_complexity,94,nuisance_orthogonal,0,0.894
unlisted_complexity,94,raw_signal,0,0.614
unlisted_complexity,95,nuisance_orthogonal,0,0.35
unlisted_complexity,95,raw_signal,0,0.946
unlisted_complexity,96,nuisance_orthogonal,0,0.526
unlisted_complexity,96,raw_signal,0,0.056
unlisted_complexity,97,nuisance_orthogonal,0,0.954
unlisted_complexity,97,raw_signal,0,0.77
unlisted_complexity,98,nuisance_orthogonal,0,0.05
unlisted_complexity,98,raw_signal,0,0.848
unlisted_complexity,99,nuisance_orthogonal,0,0.684
unlisted_complexity,99,raw_signal,0,0.312
unlisted_complexity,100,nuisance_orthogonal,0,0.682
unlisted_complexity,100,raw_signal,0,0.874
unlisted_complexity,101,nuisance_orthogonal,0,0.718
unlisted_complexity,101,raw_signal,0,0.09
unlisted_complexity,102,nuisance_orthogonal,0,0.168
unlisted_complexity,102,raw_signal,1,0.02
unlisted_complexity,103,nuisance_orthogonal,0,0.074
unlisted_complexity,103,raw_signal,0,0.108
unlisted_complexity,104,nuisance_orthogonal,0,0.664
unlisted_complexity,104,raw_signal,0,0.872
unlisted_complexity,105,nuisance_orthogonal,1,0.012
unlisted_complexity,105,raw_signal,0,0.976
unlisted_complexity,106,nuisance_orthogonal,0,0.558
unlisted_complexity,106,raw_signal,1,0.038
unlisted_complexity,107,nuisance_orthogonal,0,0.344
unlisted_complexity,107,raw_signal,0,0.27
unlisted_complexity,108,nuisance_orthogonal,0,0.2
unlisted_complexity,108,raw_signal,0,0.736
unlisted_complexity,109,nuisance_orthogonal,0,0.678
unlisted_complexity,109,raw_signal,0,0.628
unlisted_complexity,110,nuisance_orthogonal,0,0.528
unlisted_complexity,110,raw_signal,0,0.946
unlisted_complexity,111,nuisance_orthogonal,0,0.836
unlisted_complexity,111,raw_signal,0,0.314
unlisted_complexity,112,nuisance_orthogonal,1,0.022
unlisted_complexity,112,raw_signal,0,0.172
unlisted_complexity,113,nuisance_orthogonal,0,0.902
unlisted_complexity,113,raw_signal,0,0.63
unlisted_complexity,114,nuisance_orthogonal,0,0.67
unlisted_complexity,114,raw_signal,1,0.02
unlisted_complexity,115,nuisance_orthogonal,0,0.584
unlisted_complexity,115,raw_signal,0,0.996
unlisted_complexity,116,nuisance_orthogonal,1,0.03
unlisted_complexity,116,raw_signal,0,0.116
unlisted_complexity,117,nuisance_orthogonal,0,0.066
unlisted_complexity,117,raw_signal,1,0.038
unlisted_complexity,118,nuisance_orthogonal,0,0.95
unlisted_complexity,118,raw_signal,0,0.136
unlisted_complexity,119,nuisance_orthogonal,0,0.42
unlisted_complexity,119,raw_signal,0,0.08
unlisted_complexity,120,nuisance_orthogonal,0,0.806
unlisted_complexity,120,raw_signal,0,0.43
unlisted_complexity,121,nuisance_orthogonal,0,0.956
unlisted_complexity,121,raw_signal,0,0.14
unlisted_complexity,122,nuisance_orthogonal,0,0.184
unlisted_complexity,122,raw_signal,0,0.552
unlisted_complexity,123,nuisance_orthogonal,0,0.712
unlisted_complexity,123,raw_signal,0,0.244
unlisted_complexity,124,nuisance_orthogonal,0,0.506
unlisted_complexity,124,raw_signal,0,0.13
unlisted_complexity,125,nuisance_orthogonal,0,0.494
unlisted_complexity,125,raw_signal,0,0.456
unlisted_complexity,126,nuisance_orthogonal,0,0.72
unlisted_complexity,126,raw_signal,0,0.588
unlisted_complexity,127,nuisance_orthogonal,0,0.062
unlisted_complexity,127,raw_signal,0,0.438
unlisted_complexity,128,nuisance_orthogonal,0,0.534
unlisted_complexity,128,raw_signal,0,0.212
unlisted_complexity,129,nuisance_orthogonal,0,0.102
unlisted_complexity,129,raw_signal,1,0.028
unlisted_complexity,130,nuisance_orthogonal,0,0.184
unlisted_complexity,130,raw_signal,0,0.082
unlisted_complexity,131,nuisance_orthogonal,0,0.336
unlisted_complexity,131,raw_signal,0,0.272
unlisted_complexity,132,nuisance_orthogonal,0,0.756
unlisted_complexity,132,raw_signal,0,0.802
unlisted_complexity,133,nuisance_orthogonal,0,0.496
unlisted_complexity,133,raw_signal,0,0.23
unlisted_complexity,134,nuisance_orthogonal,0,0.718
unlisted_complexity,134,raw_signal,0,0.55
unlisted_complexity,135,nuisance_orthogonal,0,0.33
unlisted_complexity,135,raw_signal,0,0.57
unlisted_complexity,136,nuisance_orthogonal,0,0.302
unlisted_complexity,136,raw_signal,0,0.166
unlisted_complexity,137,nuisance_orthogonal,0,0.988
unlisted_complexity,137,raw_signal,0,0.984
unlisted_complexity,138,nuisance_orthogonal,0,0.05
unlisted_complexity,138,raw_signal,0,0.326
unlisted_complexity,139,nuisance_orthogonal,0,0.736
unlisted_complexity,139,raw_signal,0,0.274
unlisted_complexity,140,nuisance_orthogonal,0,0.846
unlisted_complexity,140,raw_signal,0,0.596
unlisted_complexity,141,nuisance_orthogonal,0,0.14
unlisted_complexity,141,raw_signal,0,0.464
unlisted_complexity,142,nuisance_orthogonal,0,0.9
unlisted_complexity,142,raw_signal,0,0.106
unlisted_complexity,143,nuisance_orthogonal,0,0.874
unlisted_complexity,143,raw_signal,0,0.488
unlisted_complexity,144,nuisance_orthogonal,0,0.538
unlisted_complexity,144,raw_signal,0,0.592
unlisted_complexity,145,nuisance_orthogonal,0,0.24
unlisted_complexity,145,raw_signal,0,0.978
unlisted_complexity,146,nuisance_orthogonal,0,0.638
unlisted_complexity,146,raw_signal,0,0.624
unlisted_complexity,147,nuisance_orthogonal,0,0.668
unlisted_complexity,147,raw_signal,0,0.186
unlisted_complexity,148,nuisance_orthogonal,0,0.942
unlisted_complexity,148,raw_signal,0,0.37
unlisted_complexity,149,nuisance_orthogonal,0,0.362
unlisted_complexity,149,raw_signal,0,0.916
unlisted_complexity,150,nuisance_orthogonal,1,0.026
unlisted_complexity,150,raw_signal,0,0.74
unlisted_complexity,151,nuisance_orthogonal,0,0.66
unlisted_complexity,151,raw_signal,0,0.638
unlisted_complexity,152,nuisance_orthogonal,0,0.852
unlisted_complexity,152,raw_signal,1,0.03
unlisted_complexity,153,nuisance_orthogonal,0,0.07
unlisted_complexity,153,raw_signal,0,0.17
unlisted_complexity,154,nuisance_orthogonal,0,0.758
unlisted_complexity,154,raw_signal,0,0.142
unlisted_complexity,155,nuisance_orthogonal,0,0.654
unlisted_complexity,155,raw_signal,0,0.89
unlisted_complexity,156,nuisance_orthogonal,0,0.722
unlisted_complexity,156,raw_signal,0,0.908
unlisted_complexity,157,nuisance_orthogonal,0,0.822
unlisted_complexity,157,raw_signal,0,0.21
unlisted_complexity,158,nuisance_orthogonal,0,0.142
unlisted_complexity,158,raw_signal,0,0.552
unlisted_complexity,159,nuisance_orthogonal,0,0.642
unlisted_complexity,159,raw_signal,0,0.162
unlisted_complexity,160,nuisance_orthogonal,0,0.606
unlisted_complexity,160,raw_signal,0,0.082
unlisted_complexity,161,nuisance_orthogonal,0,0.9
unlisted_complexity,161,raw_signal,0,0.76
unlisted_complexity,162,nuisance_orthogonal,0,0.544
unlisted_complexity,162,raw_signal,0,0.446
unlisted_complexity,163,nuisance_orthogonal,0,0.532
unlisted_complexity,163,raw_signal,0,0.724
unlisted_complexity,164,nuisance_orthogonal,0,1.0
unlisted_complexity,164,raw_signal,0,0.908
unlisted_complexity,165,nuisance_orthogonal,0,0.66
unlisted_complexity,165,raw_signal,0,0.682
unlisted_complexity,166,nuisance_orthogonal,0,0.216
unlisted_complexity,166,raw_signal,0,0.786
unlisted_complexity,167,nuisance_orthogonal,0,0.998
unlisted_complexity,167,raw_signal,1,0.034
unlisted_complexity,168,nuisance_orthogonal,0,0.252
unlisted_complexity,168,raw_signal,1,0.002
unlisted_complexity,169,nuisance_orthogonal,0,0.62
unlisted_complexity,169,raw_signal,0,0.506
unlisted_complexity,170,nuisance_orthogonal,0,0.526
unlisted_complexity,170,raw_signal,0,0.906
unlisted_complexity,171,nuisance_orthogonal,0,0.156
unlisted_complexity,171,raw_signal,0,0.314
unlisted_complexity,172,nuisance_orthogonal,0,0.818
unlisted_complexity,172,raw_signal,0,0.052
unlisted_complexity,173,nuisance_orthogonal,0,0.724
unlisted_complexity,173,raw_signal,0,0.976
unlisted_complexity,174,nuisance_orthogonal,0,0.756
unlisted_complexity,174,raw_signal,0,0.54
unlisted_complexity,175,nuisance_orthogonal,1,0.01
unlisted_complexity,175,raw_signal,0,0.586
unlisted_complexity,176,nuisance_orthogonal,0,0.684
unlisted_complexity,176,raw_signal,0,0.076
unlisted_complexity,177,nuisance_orthogonal,0,0.712
unlisted_complexity,177,raw_signal,0,0.83
unlisted_complexity,178,nuisance_orthogonal,1,0.022
unlisted_complexity,178,raw_signal,0,0.552
unlisted_complexity,179,nuisance_orthogonal,0,0.654
unlisted_complexity,179,raw_signal,0,0.106
unlisted_complexity,180,nuisance_orthogonal,0,0.846
unlisted_complexity,180,raw_signal,0,0.508
unlisted_complexity,181,nuisance_orthogonal,0,0.202
unlisted_complexity,181,raw_signal,0,0.328
unlisted_complexity,182,nuisance_orthogonal,0,0.456
unlisted_complexity,182,raw_signal,0,0.562
unlisted_complexity,183,nuisance_orthogonal,0,0.528
unlisted_complexity,183,raw_signal,0,0.102
unlisted_complexity,184,nuisance_orthogonal,0,1.0
unlisted_complexity,184,raw_signal,0,0.16
unlisted_complexity,185,nuisance_orthogonal,0,0.978
unlisted_complexity,185,raw_signal,1,0.032
unlisted_complexity,186,nuisance_orthogonal,0,0.308
unlisted_complexity,186,raw_signal,0,0.984
unlisted_complexity,187,nuisance_orthogonal,0,0.806
unlisted_complexity,187,raw_signal,0,0.944
unlisted_complexity,188,nuisance_orthogonal,0,0.684
unlisted_complexity,188,raw_signal,0,0.488
unlisted_complexity,189,nuisance_orthogonal,0,0.088
unlisted_complexity,189,raw_signal,0,0.54
unlisted_complexity,190,nuisance_orthogonal,1,0.048
unlisted_complexity,190,raw_signal,0,0.58
unlisted_complexity,191,nuisance_orthogonal,0,0.426
unlisted_complexity,191,raw_signal,0,0.388
unlisted_complexity,192,nuisance_orthogonal,0,0.302
unlisted_complexity,192,raw_signal,0,0.318
unlisted_complexity,193,nuisance_orthogonal,0,0.202
unlisted_complexity,193,raw_signal,1,0.038
unlisted_complexity,194,nuisance_orthogonal,0,0.792
unlisted_complexity,194,raw_signal,0,0.124
unlisted_complexity,195,nuisance_orthogonal,0,0.398
unlisted_complexity,195,raw_signal,0,0.142
unlisted_complexity,196,nuisance_orthogonal,0,0.05
unlisted_complexity,196,raw_signal,0,0.316
unlisted_complexity,197,nuisance_orthogonal,0,0.528
unlisted_complexity,197,raw_signal,0,0.096
unlisted_complexity,198,nuisance_orthogonal,0,0.07
unlisted_complexity,198,raw_signal,0,0.738
unlisted_complexity,199,nuisance_orthogonal,0,0.866
unlisted_complexity,199,raw_signal,0,0.856
geometry_framing,0,nuisance_orthogonal,1,0.002
geometry_framing,0,raw_signal,1,0.002
geometry_framing,1,nuisance_orthogonal,1,0.002
geometry_framing,1,raw_signal,1,0.002
geometry_framing,2,nuisance_orthogonal,1,0.002
geometry_framing,2,raw_signal,1,0.002
geometry_framing,3,nuisance_orthogonal,1,0.012
geometry_framing,3,raw_signal,1,0.002
geometry_framing,4,nuisance_orthogonal,1,0.002
geometry_framing,4,raw_signal,1,0.002
geometry_framing,5,nuisance_orthogonal,1,0.002
geometry_framing,5,raw_signal,1,0.002
geometry_framing,6,nuisance_orthogonal,1,0.002
geometry_framing,6,raw_signal,1,0.002
geometry_framing,7,nuisance_orthogonal,1,0.002
geometry_framing,7,raw_signal,1,0.002
geometry_framing,8,nuisance_orthogonal,1,0.002
geometry_framing,8,raw_signal,1,0.002
geometry_framing,9,nuisance_orthogonal,1,0.002
geometry_framing,9,raw_signal,1,0.002
geometry_framing,10,nuisance_orthogonal,1,0.002
geometry_framing,10,raw_signal,1,0.002
geometry_framing,11,nuisance_orthogonal,1,0.002
geometry_framing,11,raw_signal,1,0.002
geometry_framing,12,nuisance_orthogonal,1,0.002
geometry_framing,12,raw_signal,1,0.002
geometry_framing,13,nuisance_orthogonal,1,0.002
geometry_framing,13,raw_signal,1,0.002
geometry_framing,14,nuisance_orthogonal,1,0.004
geometry_framing,14,raw_signal,1,0.002
geometry_framing,15,nuisance_orthogonal,1,0.002
geometry_framing,15,raw_signal,1,0.002
geometry_framing,16,nuisance_orthogonal,1,0.002
geometry_framing,16,raw_signal,1,0.002
geometry_framing,17,nuisance_orthogonal,1,0.002
geometry_framing,17,raw_signal,1,0.002
geometry_framing,18,nuisance_orthogonal,1,0.002
geometry_framing,18,raw_signal,1,0.002
geometry_framing,19,nuisance_orthogonal,1,0.002
geometry_framing,19,raw_signal,1,0.002
geometry_framing,20,nuisance_orthogonal,1,0.002
geometry_framing,20,raw_signal,1,0.002
geometry_framing,21,nuisance_orthogonal,1,0.002
geometry_framing,21,raw_signal,1,0.002
geometry_framing,22,nuisance_orthogonal,1,0.002
geometry_framing,22,raw_signal,1,0.002
geometry_framing,23,nuisance_orthogonal,1,0.002
geometry_framing,23,raw_signal,1,0.002
geometry_framing,24,nuisance_orthogonal,1,0.002
geometry_framing,24,raw_signal,1,0.002
geometry_framing,25,nuisance_orthogonal,1,0.002
geometry_framing,25,raw_signal,1,0.002
geometry_framing,26,nuisance_orthogonal,1,0.008
geometry_framing,26,raw_signal,1,0.002
geometry_framing,27,nuisance_orthogonal,1,0.01
geometry_framing,27,raw_signal,1,0.002
geometry_framing,28,nuisance_orthogonal,1,0.002
geometry_framing,28,raw_signal,1,0.002
geometry_framing,29,nuisance_orthogonal,1,0.002
geometry_framing,29,raw_signal,1,0.002
geometry_framing,30,nuisance_orthogonal,1,0.002
geometry_framing,30,raw_signal,1,0.002
geometry_framing,31,nuisance_orthogonal,1,0.002
geometry_framing,31,raw_signal,1,0.002
geometry_framing,32,nuisance_orthogonal,1,0.002
geometry_framing,32,raw_signal,1,0.002
geometry_framing,33,nuisance_orthogonal,1,0.002
geometry_framing,33,raw_signal,1,0.002
geometry_framing,34,nuisance_orthogonal,1,0.002
geometry_framing,34,raw_signal,1,0.002
geometry_framing,35,nuisance_orthogonal,1,0.002
geometry_framing,35,raw_signal,1,0.002
geometry_framing,36,nuisance_orthogonal,1,0.002
geometry_framing,36,raw_signal,1,0.002
geometry_framing,37,nuisance_orthogonal,1,0.006
geometry_framing,37,raw_signal,1,0.002
geometry_framing,38,nuisance_orthogonal,1,0.002
geometry_framing,38,raw_signal,1,0.002
geometry_framing,39,nuisance_orthogonal,1,0.002
geometry_framing,39,raw_signal,1,0.002
geometry_framing,40,nuisance_orthogonal,1,0.002
geometry_framing,40,raw_signal,1,0.002
geometry_framing,41,nuisance_orthogonal,1,0.002
geometry_framing,41,raw_signal,1,0.002
geometry_framing,42,nuisance_orthogonal,1,0.002
geometry_framing,42,raw_signal,1,0.002
geometry_framing,43,nuisance_orthogonal,1,0.002
geometry_framing,43,raw_signal,1,0.002
geometry_framing,44,nuisance_orthogonal,1,0.002
geometry_framing,44,raw_signal,1,0.002
geometry_framing,45,nuisance_orthogonal,1,0.002
geometry_framing,45,raw_signal,1,0.002
geometry_framing,46,nuisance_orthogonal,1,0.002
geometry_framing,46,raw_signal,1,0.002
geometry_framing,47,nuisance_orthogonal,1,0.002
geometry_framing,47,raw_signal,1,0.002
geometry_framing,48,nuisance_orthogonal,1,0.002
geometry_framing,48,raw_signal,1,0.002
geometry_framing,49,nuisance_orthogonal,1,0.002
geometry_framing,49,raw_signal,1,0.002
geometry_framing,50,nuisance_orthogonal,1,0.002
geometry_framing,50,raw_signal,1,0.002
geometry_framing,51,nuisance_orthogonal,1,0.002
geometry_framing,51,raw_signal,1,0.002
geometry_framing,52,nuisance_orthogonal,1,0.002
geometry_framing,52,raw_signal,1,0.002
geometry_framing,53,nuisance_orthogonal,1,0.002
geometry_framing,53,raw_signal,1,0.002
geometry_framing,54,nuisance_orthogonal,1,0.002
geometry_framing,54,raw_signal,1,0.002
geometry_framing,55,nuisance_orthogonal,1,0.002
geometry_framing,55,raw_signal,1,0.002
geometry_framing,56,nuisance_orthogonal,1,0.002
geometry_framing,56,raw_signal,1,0.002
geometry_framing,57,nuisance_orthogonal,1,0.006
geometry_framing,57,raw_signal,1,0.002
geometry_framing,58,nuisance_orthogonal,1,0.002
geometry_framing,58,raw_signal,1,0.002
geometry_framing,59,nuisance_orthogonal,1,0.002
geometry_framing,59,raw_signal,1,0.002
geometry_framing,60,nuisance_orthogonal,1,0.002
geometry_framing,60,raw_signal,1,0.002
geometry_framing,61,nuisance_orthogonal,1,0.002
geometry_framing,61,raw_signal,1,0.002
geometry_framing,62,nuisance_orthogonal,1,0.002
geometry_framing,62,raw_signal,1,0.002
geometry_framing,63,nuisance_orthogonal,1,0.002
geometry_framing,63,raw_signal,1,0.002
geometry_framing,64,nuisance_orthogonal,1,0.002
geometry_framing,64,raw_signal,1,0.002
geometry_framing,65,nuisance_orthogonal,1,0.002
geometry_framing,65,raw_signal,1,0.002
geometry_framing,66,nuisance_orthogonal,1,0.004
geometry_framing,66,raw_signal,1,0.002
geometry_framing,67,nuisance_orthogonal,1,0.002
geometry_framing,67,raw_signal,1,0.002
geometry_framing,68,nuisance_orthogonal,1,0.006
geometry_framing,68,raw_signal,1,0.002
geometry_framing,69,nuisance_orthogonal,1,0.002
geometry_framing,69,raw_signal,1,0.002
geometry_framing,70,nuisance_orthogonal,1,0.002
geometry_framing,70,raw_signal,1,0.002
geometry_framing,71,nuisance_orthogonal,1,0.002
geometry_framing,71,raw_signal,1,0.002
geometry_framing,72,nuisance_orthogonal,1,0.002
geometry_framing,72,raw_signal,1,0.002
geometry_framing,73,nuisance_orthogonal,1,0.002
geometry_framing,73,raw_signal,1,0.002
geometry_framing,74,nuisance_orthogonal,1,0.002
geometry_framing,74,raw_signal,1,0.002
geometry_framing,75,nuisance_orthogonal,1,0.002
geometry_framing,75,raw_signal,1,0.002
geometry_framing,76,nuisance_orthogonal,1,0.002
geometry_framing,76,raw_signal,1,0.002
geometry_framing,77,nuisance_orthogonal,1,0.002
geometry_framing,77,raw_signal,1,0.002
geometry_framing,78,nuisance_orthogonal,1,0.01
geometry_framing,78,raw_signal,1,0.002
geometry_framing,79,nuisance_orthogonal,1,0.002
geometry_framing,79,raw_signal,1,0.002
geometry_framing,80,nuisance_orthogonal,1,0.002
geometry_framing,80,raw_signal,1,0.002
geometry_framing,81,nuisance_orthogonal,1,0.002
geometry_framing,81,raw_signal,1,0.002
geometry_framing,82,nuisance_orthogonal,1,0.002
geometry_framing,82,raw_signal,1,0.002
geometry_framing,83,nuisance_orthogonal,1,0.002
geometry_framing,83,raw_signal,1,0.002
geometry_framing,84,nuisance_orthogonal,1,0.002
geometry_framing,84,raw_signal,1,0.002
geometry_framing,85,nuisance_orthogonal,1,0.002
geometry_framing,85,raw_signal,1,0.002
geometry_framing,86,nuisance_orthogonal,1,0.002
geometry_framing,86,raw_signal,1,0.002
geometry_framing,87,nuisance_orthogonal,1,0.002
geometry_framing,87,raw_signal,1,0.002
geometry_framing,88,nuisance_orthogonal,1,0.002
geometry_framing,88,raw_signal,1,0.002
geometry_framing,89,nuisance_orthogonal,1,0.002
geometry_framing,89,raw_signal,1,0.002
geometry_framing,90,nuisance_orthogonal,1,0.002
geometry_framing,90,raw_signal,1,0.002
geometry_framing,91,nuisance_orthogonal,1,0.002
geometry_framing,91,raw_signal,1,0.002
geometry_framing,92,nuisance_orthogonal,1,0.002
geometry_framing,92,raw_signal,1,0.002
geometry_framing,93,nuisance_orthogonal,1,0.002
geometry_framing,93,raw_signal,1,0.002
geometry_framing,94,nuisance_orthogonal,1,0.002
geometry_framing,94,raw_signal,1,0.002
geometry_framing,95,nuisance_orthogonal,1,0.002
geometry_framing,95,raw_signal,1,0.002
geometry_framing,96,nuisance_orthogonal,1,0.002
geometry_framing,96,raw_signal,1,0.002
geometry_framing,97,nuisance_orthogonal,1,0.004
geometry_framing,97,raw_signal,1,0.002
geometry_framing,98,nuisance_orthogonal,1,0.002
geometry_framing,98,raw_signal,1,0.002
geometry_framing,99,nuisance_orthogonal,1,0.002
geometry_framing,99,raw_signal,1,0.002
geometry_framing,100,nuisance_orthogonal,1,0.002
geometry_framing,100,raw_signal,1,0.002
geometry_framing,101,nuisance_orthogonal,1,0.002
geometry_framing,101,raw_signal,1,0.002
geometry_framing,102,nuisance_orthogonal,1,0.002
geometry_framing,102,raw_signal,1,0.002
geometry_framing,103,nuisance_orthogonal,1,0.002
geometry_framing,103,raw_signal,1,0.002
geometry_framing,104,nuisance_orthogonal,1,0.002
geometry_framing,104,raw_signal,1,0.002
geometry_framing,105,nuisance_orthogonal,1,0.002
geometry_framing,105,raw_signal,1,0.002
geometry_framing,106,nuisance_orthogonal,1,0.002
geometry_framing,106,raw_signal,1,0.002
geometry_framing,107,nuisance_orthogonal,1,0.002
geometry_framing,107,raw_signal,1,0.002
geometry_framing,108,nuisance_orthogonal,1,0.002
geometry_framing,108,raw_signal,1,0.002
geometry_framing,109,nuisance_orthogonal,1,0.002
geometry_framing,109,raw_signal,1,0.002
geometry_framing,110,nuisance_orthogonal,1,0.002
geometry_framing,110,raw_signal,1,0.002
geometry_framing,111,nuisance_orthogonal,1,0.002
geometry_framing,111,raw_signal,1,0.002
geometry_framing,112,nuisance_orthogonal,1,0.002
geometry_framing,112,raw_signal,1,0.002
geometry_framing,113,nuisance_orthogonal,1,0.002
geometry_framing,113,raw_signal,1,0.002
geometry_framing,114,nuisance_orthogonal,1,0.002
geometry_framing,114,raw_signal,1,0.002
geometry_framing,115,nuisance_orthogonal,1,0.004
geometry_framing,115,raw_signal,1,0.002
geometry_framing,116,nuisance_orthogonal,1,0.002
geometry_framing,116,raw_signal,1,0.002
geometry_framing,117,nuisance_orthogonal,1,0.002
geometry_framing,117,raw_signal,1,0.002
geometry_framing,118,nuisance_orthogonal,1,0.002
geometry_framing,118,raw_signal,1,0.002
geometry_framing,119,nuisance_orthogonal,1,0.004
geometry_framing,119,raw_signal,1,0.002
geometry_framing,120,nuisance_orthogonal,1,0.002
geometry_framing,120,raw_signal,1,0.002
geometry_framing,121,nuisance_orthogonal,1,0.002
geometry_framing,121,raw_signal,1,0.002
geometry_framing,122,nuisance_orthogonal,1,0.002
geometry_framing,122,raw_signal,1,0.002
geometry_framing,123,nuisance_orthogonal,1,0.002
geometry_framing,123,raw_signal,1,0.002
geometry_framing,124,nuisance_orthogonal,1,0.002
geometry_framing,124,raw_signal,1,0.002
geometry_framing,125,nuisance_orthogonal,1,0.002
geometry_framing,125,raw_signal,1,0.002
geometry_framing,126,nuisance_orthogonal,1,0.002
geometry_framing,126,raw_signal,1,0.002
geometry_framing,127,nuisance_orthogonal,1,0.002
geometry_framing,127,raw_signal,1,0.002
geometry_framing,128,nuisance_orthogonal,1,0.002
geometry_framing,128,raw_signal,1,0.002
geometry_framing,129,nuisance_orthogonal,1,0.002
geometry_framing,129,raw_signal,1,0.002
geometry_framing,130,nuisance_orthogonal,1,0.002
geometry_framing,130,raw_signal,1,0.002
geometry_framing,131,nuisance_orthogonal,1,0.002
geometry_framing,131,raw_signal,1,0.002
geometry_framing,132,nuisance_orthogonal,1,0.002
geometry_framing,132,raw_signal,1,0.002
geometry_framing,133,nuisance_orthogonal,1,0.002
geometry_framing,133,raw_signal,1,0.002
geometry_framing,134,nuisance_orthogonal,1,0.002
geometry_framing,134,raw_signal,1,0.002
geometry_framing,135,nuisance_orthogonal,1,0.002
geometry_framing,135,raw_signal,1,0.002
geometry_framing,136,nuisance_orthogonal,1,0.002
geometry_framing,136,raw_signal,1,0.002
geometry_framing,137,nuisance_orthogonal,1,0.002
geometry_framing,137,raw_signal,1,0.002
geometry_framing,138,nuisance_orthogonal,1,0.002
geometry_framing,138,raw_signal,1,0.002
geometry_framing,139,nuisance_orthogonal,1,0.004
geometry_framing,139,raw_signal,1,0.002
geometry_framing,140,nuisance_orthogonal,1,0.002
geometry_framing,140,raw_signal,1,0.002
geometry_framing,141,nuisance_orthogonal,1,0.002
geometry_framing,141,raw_signal,1,0.002
geometry_framing,142,nuisance_orthogonal,1,0.002
geometry_framing,142,raw_signal,1,0.002
geometry_framing,143,nuisance_orthogonal,1,0.002
geometry_framing,143,raw_signal,1,0.002
geometry_framing,144,nuisance_orthogonal,1,0.002
geometry_framing,144,raw_signal,1,0.002
geometry_framing,145,nuisance_orthogonal,1,0.002
geometry_framing,145,raw_signal,1,0.002
geometry_framing,146,nuisance_orthogonal,1,0.006
geometry_framing,146,raw_signal,1,0.002
geometry_framing,147,nuisance_orthogonal,1,0.002
geometry_framing,147,raw_signal,1,0.002
geometry_framing,148,nuisance_orthogonal,1,0.002
geometry_framing,148,raw_signal,1,0.002
geometry_framing,149,nuisance_orthogonal,1,0.002
geometry_framing,149,raw_signal,1,0.002
geometry_framing,150,nuisance_orthogonal,1,0.004
geometry_framing,150,raw_signal,1,0.002
geometry_framing,151,nuisance_orthogonal,1,0.002
geometry_framing,151,raw_signal,1,0.002
geometry_framing,152,nuisance_orthogonal,1,0.002
geometry_framing,152,raw_signal,1,0.002
geometry_framing,153,nuisance_orthogonal,1,0.002
geometry_framing,153,raw_signal,1,0.002
geometry_framing,154,nuisance_orthogonal,1,0.002
geometry_framing,154,raw_signal,1,0.002
geometry_framing,155,nuisance_orthogonal,1,0.002
geometry_framing,155,raw_signal,1,0.002
geometry_framing,156,nuisance_orthogonal,1,0.002
geometry_framing,156,raw_signal,1,0.002
geometry_framing,157,nuisance_orthogonal,1,0.002
geometry_framing,157,raw_signal,1,0.002
geometry_framing,158,nuisance_orthogonal,1,0.002
geometry_framing,158,raw_signal,1,0.002
geometry_framing,159,nuisance_orthogonal,1,0.002
geometry_framing,159,raw_signal,1,0.002
geometry_framing,160,nuisance_orthogonal,1,0.002
geometry_framing,160,raw_signal,1,0.002
geometry_framing,161,nuisance_orthogonal,1,0.002
geometry_framing,161,raw_signal,1,0.002
geometry_framing,162,nuisance_orthogonal,1,0.002
geometry_framing,162,raw_signal,1,0.002
geometry_framing,163,nuisance_orthogonal,1,0.002
geometry_framing,163,raw_signal,1,0.002
geometry_framing,164,nuisance_orthogonal,1,0.002
geometry_framing,164,raw_signal,1,0.002
geometry_framing,165,nuisance_orthogonal,1,0.002
geometry_framing,165,raw_signal,1,0.002
geometry_framing,166,nuisance_orthogonal,1,0.002
geometry_framing,166,raw_signal,1,0.002
geometry_framing,167,nuisance_orthogonal,1,0.002
geometry_framing,167,raw_signal,1,0.002
geometry_framing,168,nuisance_orthogonal,1,0.002
geometry_framing,168,raw_signal,1,0.002
geometry_framing,169,nuisance_orthogonal,1,0.002
geometry_framing,169,raw_signal,1,0.002
geometry_framing,170,nuisance_orthogonal,1,0.002
geometry_framing,170,raw_signal,1,0.002
geometry_framing,171,nuisance_orthogonal,1,0.002
geometry_framing,171,raw_signal,1,0.002
geometry_framing,172,nuisance_orthogonal,1,0.002
geometry_framing,172,raw_signal,1,0.002
geometry_framing,173,nuisance_orthogonal,1,0.002
geometry_framing,173,raw_signal,1,0.002
geometry_framing,174,nuisance_orthogonal,1,0.002
geometry_framing,174,raw_signal,1,0.002
geometry_framing,175,nuisance_orthogonal,1,0.002
geometry_framing,175,raw_signal,1,0.002
geometry_framing,176,nuisance_orthogonal,1,0.002
geometry_framing,176,raw_signal,1,0.002
geometry_framing,177,nuisance_orthogonal,1,0.002
geometry_framing,177,raw_signal,1,0.002
geometry_framing,178,nuisance_orthogonal,0,0.092
geometry_framing,178,raw_signal,1,0.002
geometry_framing,179,nuisance_orthogonal,1,0.002
geometry_framing,179,raw_signal,1,0.002
geometry_framing,180,nuisance_orthogonal,1,0.002
geometry_framing,180,raw_signal,1,0.002
geometry_framing,181,nuisance_orthogonal,1,0.002
geometry_framing,181,raw_signal,1,0.002
geometry_framing,182,nuisance_orthogonal,1,0.002
geometry_framing,182,raw_signal,1,0.002
geometry_framing,183,nuisance_orthogonal,1,0.004
geometry_framing,183,raw_signal,1,0.002
geometry_framing,184,nuisance_orthogonal,1,0.002
geometry_framing,184,raw_signal,1,0.002
geometry_framing,185,nuisance_orthogonal,1,0.002
geometry_framing,185,raw_signal,1,0.002
geometry_framing,186,nuisance_orthogonal,1,0.002
geometry_framing,186,raw_signal,1,0.002
geometry_framing,187,nuisance_orthogonal,1,0.002
geometry_framing,187,raw_signal,1,0.002
geometry_framing,188,nuisance_orthogonal,1,0.002
geometry_framing,188,raw_signal,1,0.002
geometry_framing,189,nuisance_orthogonal,1,0.002
geometry_framing,189,raw_signal,1,0.002
geometry_framing,190,nuisance_orthogonal,1,0.002
geometry_framing,190,raw_signal,1,0.002
geometry_framing,191,nuisance_orthogonal,1,0.002
geometry_framing,191,raw_signal,1,0.002
geometry_framing,192,nuisance_orthogonal,1,0.002
geometry_framing,192,raw_signal,1,0.002
geometry_framing,193,nuisance_orthogonal,1,0.002
geometry_framing,193,raw_signal,1,0.002
geometry_framing,194,nuisance_orthogonal,1,0.002
geometry_framing,194,raw_signal,1,0.002
geometry_framing,195,nuisance_orthogonal,1,0.002
geometry_framing,195,raw_signal,1,0.002
geometry_framing,196,nuisance_orthogonal,1,0.002
geometry_framing,196,raw_signal,1,0.002
geometry_framing,197,nuisance_orthogonal,1,0.002
geometry_framing,197,raw_signal,1,0.002
geometry_framing,198,nuisance_orthogonal,1,0.004
geometry_framing,198,raw_signal,1,0.002
geometry_framing,199,nuisance_orthogonal,1,0.002
geometry_framing,199,raw_signal,1,0.002
