condition,rep,diagnostic,reject,pvalue
null,0,nuisance_orthogonal,0,0.425
null,0,naive_signal_max,0,0.095
null,1,nuisance_orthogonal,0,0.415
null,1,naive_signal_max,0,0.545
null,2,nuisance_orthogonal,0,0.185
null,2,naive_signal_max,0,0.56
null,3,nuisance_orthogonal,0,0.25
null,3,naive_signal_max,0,0.65
null,4,nuisance_orthogonal,0,0.84
null,4,naive_signal_max,0,0.67
null,5,nuisance_orthogonal,0,0.175
null,5,naive_signal_max,0,0.24
null,6,nuisance_orthogonal,0,0.1
null,6,naive_signal_max,0,0.27
null,7,nuisance_orthogonal,0,0.085
null,7,naive_signal_max,0,0.385
null,8,nuisance_orthogonal,0,0.29
null,8,naive_signal_max,0,0.44
null,9,nuisance_orthogonal,1,0.03
null,9,naive_signal_max,0,0.285
null,10,nuisance_orthogonal,0,0.29
null,10,naive_signal_max,0,0.665
null,11,nuisance_orthogonal,0,0.505
null,11,naive_signal_max,0,0.615
null,12,nuisance_orthogonal,0,0.865
null,12,naive_signal_max,0,0.09
null,13,nuisance_orthogonal,0,0.85
null,13,naive_signal_max,0,0.175
null,14,nuisance_orthogonal,0,0.92
null,14,naive_signal_max,0,0.05
null,15,nuisance_orthogonal,0,0.54
null,15,naive_signal_max,0,0.955
null,16,nuisance_orthogonal,0,0.975
null,16,naive_signal_max,0,0.54
null,17,nuisance_orthogonal,0,0.595
null,17,naive_signal_max,0,0.97
null,18,nuisance_orthogonal,0,0.25
null,18,naive_signal_max,0,0.715
null,19,nuisance_orthogonal,0,0.915
null,19,naive_signal_max,0,0.405
null,20,nuisance_orthogonal,0,0.705
null,20,naive_signal_max,0,0.87
null,21,nuisance_orthogonal,0,0.185
null,21,naive_signal_max,1,0.015
null,22,nuisance_orthogonal,0,0.08
null,22,naive_signal_max,0,0.86
null,23,nuisance_orthogonal,0,0.1
null,23,naive_signal_max,0,0.165
null,24,nuisance_orthogonal,0,0.845
null,24,naive_signal_max,0,0.995
null,25,nuisance_orthogonal,0,0.87
null,25,naive_signal_max,1,0.045
null,26,nuisance_orthogonal,0,0.475
null,26,naive_signal_max,0,0.715
null,27,nuisance_orthogonal,0,0.3
null,27,naive_signal_max,0,0.86
null,28,nuisance_orthogonal,0,0.065
null,28,naive_signal_max,0,0.325
null,29,nuisance_orthogonal,0,0.64
null,29,naive_signal_max,0,0.455
null,30,nuisance_orthogonal,0,0.24
null,30,naive_signal_max,0,0.435
null,31,nuisance_orthogonal,0,0.52
null,31,naive_signal_max,0,0.745
null,32,nuisance_orthogonal,0,0.87
null,32,naive_signal_max,0,0.37
null,33,nuisance_orthogonal,0,0.95
null,33,naive_signal_max,0,0.37
null,34,nuisance_orthogonal,0,0.205
null,34,naive_signal_max,0,0.925
null,35,nuisance_orthogonal,0,0.21
null,35,naive_signal_max,1,0.015
null,36,nuisance_orthogonal,0,0.46
null,36,naive_signal_max,0,0.775
null,37,nuisance_orthogonal,0,0.375
null,37,naive_signal_max,0,0.605
null,38,nuisance_orthogonal,0,0.365
null,38,naive_signal_max,0,0.165
null,39,nuisance_orthogonal,0,0.55
null,39,naive_signal_max,0,0.535
null,40,nuisance_orthogonal,0,0.515
null,40,naive_signal_max,0,0.205
null,41,nuisance_orthogonal,0,0.95
null,41,naive_signal_max,0,0.845
null,42,nuisance_orthogonal,0,0.445
null,42,naive_signal_max,0,0.81
null,43,nuisance_orthogonal,0,0.815
null,43,naive_signal_max,0,0.855
null,44,nuisance_orthogonal,0,0.485
null,44,naive_signal_max,0,0.65
null,45,nuisance_orthogonal,0,0.29
null,45,naive_signal_max,0,0.125
null,46,nuisance_orthogonal,0,0.435
null,46,naive_signal_max,0,0.445
null,47,nuisance_orthogonal,0,0.225
null,47,naive_signal_max,0,0.065
null,48,nuisance_orthogonal,0,0.68
null,48,naive_signal_max,0,0.985
null,49,nuisance_orthogonal,0,0.555
null,49,naive_signal_max,0,0.68
null,50,nuisance_orthogonal,0,0.78
null,50,naive_signal_max,0,0.42
null,51,nuisance_orthogonal,0,0.545
null,51,naive_signal_max,0,0.325
null,52,nuisance_orthogonal,0,0.57
null,52,naive_signal_max,0,0.795
null,53,nuisance_orthogonal,0,0.33
null,53,naive_signal_max,0,0.575
null,54,nuisance_orthogonal,0,0.63
null,54,naive_signal_max,0,0.605
null,55,nuisance_orthogonal,0,0.205
null,55,naive_signal_max,0,0.73
null,56,nuisance_orthogonal,0,0.48
null,56,naive_signal_max,0,0.475
null,57,nuisance_orthogonal,0,0.385
null,57,naive_signal_max,0,0.965
null,58,nuisance_orthogonal,0,0.59
null,58,naive_signal_max,0,0.88
null,59,nuisance_orthogonal,0,0.495
null,59,naive_signal_max,0,0.765
null,60,nuisance_orthogonal,0,0.66
null,60,naive_signal_max,0,0.315
null,61,nuisance_orthogonal,0,0.515
null,61,naive_signal_max,0,0.52
null,62,nuisance_orthogonal,0,0.89
null,62,naive_signal_max,0,0.66
null,63,nuisance_orthogonal,0,0.29
null,63,naive_signal_max,0,0.705
null,64,nuisance_orthogonal,0,0.73
null,64,naive_signal_max,0,0.875
null,65,nuisance_orthogonal,0,0.24
null,65,naive_signal_max,0,0.895
null,66,nuisance_orthogonal,0,0.795
null,66,naive_signal_max,0,0.815
null,67,nuisance_orthogonal,1,0.03
null,67,naive_signal_max,0,0.285
null,68,nuisance_orthogonal,0,0.895
null,68,naive_signal_max,0,0.945
null,69,nuisance_orthogonal,0,0.27
null,69,naive_signal_max,0,0.94
null,70,nuisance_orthogonal,0,0.4
null,70,naive_signal_max,0,0.565
null,71,nuisance_orthogonal,0,0.27
null,71,naive_signal_max,0,0.425
null,72,nuisance_orthogonal,0,0.695
null,72,naive_signal_max,0,0.175
null,73,nuisance_orthogonal,0,0.08
null,73,naive_signal_max,0,0.43
null,74,nuisance_orthogonal,0,0.68
null,74,naive_signal_max,0,0.605
null,75,nuisance_orthogonal,0,0.31
null,75,naive_signal_max,0,0.175
null,76,nuisance_orthogonal,0,0.13
null,76,naive_signal_max,0,0.535
null,77,nuisance_orthogonal,0,0.36
null,77,naive_signal_max,0,0.445
null,78,nuisance_orthogonal,0,0.415
null,78,naive_signal_max,0,0.915
null,79,nuisance_orthogonal,0,0.8
null,79,naive_signal_max,0,0.835
null,80,nuisance_orthogonal,0,0.455
null,80,naive_signal_max,0,0.35
null,81,nuisance_orthogonal,0,0.965
null,81,naive_signal_max,0,0.89
null,82,nuisance_orthogonal,0,0.43
null,82,naive_signal_max,0,0.235
null,83,nuisance_orthogonal,0,0.275
null,83,naive_signal_max,0,0.42
null,84,nuisance_orthogonal,0,0.755
null,84,naive_signal_max,0,0.885
null,85,nuisance_orthogonal,1,0.025
null,85,naive_signal_max,0,0.725
null,86,nuisance_orthogonal,0,0.215
null,86,naive_signal_max,0,0.715
null,87,nuisance_orthogonal,0,0.51
null,87,naive_signal_max,0,0.91
null,88,nuisance_orthogonal,0,0.99
null,88,naive_signal_max,0,0.165
null,89,nuisance_orthogonal,0,0.61
null,89,naive_signal_max,0,0.38
null,90,nuisance_orthogonal,0,0.675
null,90,naive_signal_max,0,0.7
null,91,nuisance_orthogonal,0,0.675
null,91,naive_signal_max,0,0.555
null,92,nuisance_orthogonal,0,0.805
null,92,naive_signal_max,0,0.14
null,93,nuisance_orthogonal,0,0.49
null,93,naive_signal_max,0,0.28
null,94,nuisance_orthogonal,0,0.115
null,94,naive_signal_max,0,0.58
null,95,nuisance_orthogonal,0,0.19
null,95,naive_signal_max,0,0.945
null,96,nuisance_orthogonal,0,0.415
null,96,naive_signal_max,0,0.58
null,97,nuisance_orthogonal,0,0.265
null,97,naive_signal_max,0,0.405
null,98,nuisance_orthogonal,0,0.245
null,98,naive_signal_max,0,0.51
null,99,nuisance_orthogonal,0,0.895
null,99,naive_signal_max,0,0.73
null,100,nuisance_orthogonal,0,0.6
null,100,naive_signal_max,0,0.655
null,101,nuisance_orthogonal,0,0.895
null,101,naive_signal_max,0,0.935
null,102,nuisance_orthogonal,0,0.555
null,102,naive_signal_max,0,0.96
null,103,nuisance_orthogonal,0,0.835
null,103,naive_signal_max,0,0.09
null,104,nuisance_orthogonal,0,0.365
null,104,naive_signal_max,0,0.075
null,105,nuisance_orthogonal,0,0.32
null,105,naive_signal_max,0,0.14
null,106,nuisance_orthogonal,0,0.71
null,106,naive_signal_max,1,0.02
null,107,nuisance_orthogonal,0,0.06
null,107,naive_signal_max,0,0.75
null,108,nuisance_orthogonal,0,0.38
null,108,naive_signal_max,0,0.985
null,109,nuisance_orthogonal,1,0.035
null,109,naive_signal_max,0,0.44
null,110,nuisance_orthogonal,0,0.725
null,110,naive_signal_max,0,0.87
null,111,nuisance_orthogonal,0,0.58
null,111,naive_signal_max,0,0.41
null,112,nuisance_orthogonal,0,0.365
null,112,naive_signal_max,0,0.335
null,113,nuisance_orthogonal,0,0.43
null,113,naive_signal_max,0,0.19
null,114,nuisance_orthogonal,0,0.525
null,114,naive_signal_max,0,0.88
null,115,nuisance_orthogonal,0,0.545
null,115,naive_signal_max,0,0.41
null,116,nuisance_orthogonal,0,0.905
null,116,naive_signal_max,0,0.49
null,117,nuisance_orthogonal,0,0.815
null,117,naive_signal_max,0,0.7
null,118,nuisance_orthogonal,0,0.52
null,118,naive_signal_max,0,0.175
null,119,nuisance_orthogonal,1,0.01
null,119,naive_signal_max,0,0.765
null,120,nuisance_orthogonal,0,0.55
null,120,naive_signal_max,0,0.355
null,121,nuisance_orthogonal,0,0.77
null,121,naive_signal_max,0,0.645
null,122,nuisance_orthogonal,0,0.545
null,122,naive_signal_max,0,0.31
null,123,nuisance_orthogonal,0,0.31
null,123,naive_signal_max,0,0.39
null,124,nuisance_orthogonal,0,0.905
null,124,naive_signal_max,0,0.68
null,125,nuisance_orthogonal,0,0.98
null,125,naive_signal_max,0,0.655
null,126,nuisance_orthogonal,0,0.96
null,126,naive_signal_max,0,0.735
null,127,nuisance_orthogonal,0,0.865
null,127,naive_signal_max,0,0.37
null,128,nuisance_orthogonal,0,0.075
null,128,naive_signal_max,0,0.38
null,129,nuisance_orthogonal,0,0.31
null,129,naive_signal_max,0,0.98
null,130,nuisance_orthogonal,0,0.155
null,130,naive_signal_max,0,0.22
null,131,nuisance_orthogonal,0,0.735
null,131,naive_signal_max,0,0.175
null,132,nuisance_orthogonal,0,0.785
null,132,naive_signal_max,0,0.205
null,133,nuisance_orthogonal,0,0.545
null,133,naive_signal_max,0,0.505
null,134,nuisance_orthogonal,0,0.91
null,134,naive_signal_max,0,0.805
null,135,nuisance_orthogonal,0,0.415
null,135,naive_signal_max,0,0.59
null,136,nuisance_orthogonal,0,0.615
null,136,naive_signal_max,0,0.22
null,137,nuisance_orthogonal,0,0.735
null,137,naive_signal_max,0,0.64
null,138,nuisance_orthogonal,0,0.59
null,138,naive_signal_max,0,0.205
null,139,nuisance_orthogonal,0,0.22
null,139,naive_signal_max,0,0.14
null,140,nuisance_orthogonal,0,0.53
null,140,naive_signal_max,0,0.49
null,141,nuisance_orthogonal,0,0.1
null,141,naive_signal_max,1,0.04
null,142,nuisance_orthogonal,0,0.895
null,142,naive_signal_max,0,0.72
null,143,nuisance_orthogonal,0,0.115
null,143,naive_signal_max,0,0.675
null,144,nuisance_orthogonal,0,0.485
null,144,naive_signal_max,0,0.385
null,145,nuisance_orthogonal,0,0.51
null,145,naive_signal_max,0,0.705
null,146,nuisance_orthogonal,0,0.635
null,146,naive_signal_max,0,0.4
null,147,nuisance_orthogonal,0,0.285
null,147,naive_signal_max,0,0.315
null,148,nuisance_orthogonal,0,0.245
null,148,naive_signal_max,0,0.275
null,149,nuisance_orthogonal,0,0.495
null,149,naive_signal_max,0,0.515
null,150,nuisance_orthogonal,0,0.625
null,150,naive_signal_max,0,0.24
null,151,nuisance_orthogonal,0,0.6
null,151,naive_signal_max,0,0.925
null,152,nuisance_orthogonal,0,0.54
null,152,naive_signal_max,0,0.85
null,153,nuisance_orthogonal,0,0.42
null,153,naive_signal_max,0,0.13
null,154,nuisance_orthogonal,0,0.78
null,154,naive_signal_max,0,0.825
null,155,nuisance_orthogonal,0,0.685
null,155,naive_signal_max,0,0.745
null,156,nuisance_orthogonal,0,0.275
null,156,naive_signal_max,0,0.56
null,157,nuisance_orthogonal,0,0.335
null,157,naive_signal_max,0,0.805
null,158,nuisance_orthogonal,0,0.175
null,158,naive_signal_max,0,0.65
null,159,nuisance_orthogonal,0,0.83
null,159,naive_signal_max,0,0.85
null,160,nuisance_orthogonal,1,0.025
null,160,naive_signal_max,0,0.55
null,161,nuisance_orthogonal,0,0.93
null,161,naive_signal_max,0,0.775
null,162,nuisance_orthogonal,0,0.185
null,162,naive_signal_max,0,0.075
null,163,nuisance_orthogonal,0,0.76
null,163,naive_signal_max,0,0.42
null,164,nuisance_orthogonal,0,0.595
null,164,naive_signal_max,0,0.865
null,165,nuisance_orthogonal,0,0.19
null,165,naive_signal_max,0,0.81
null,166,nuisance_orthogonal,0,0.485
null,166,naive_signal_max,0,0.235
null,167,nuisance_orthogonal,0,0.95
null,167,naive_signal_max,0,0.665
null,168,nuisance_orthogonal,0,0.925
null,168,naive_signal_max,0,0.32
null,169,nuisance_orthogonal,0,0.975
null,169,naive_signal_max,0,0.23
null,170,nuisance_orthogonal,0,0.54
null,170,naive_signal_max,0,0.625
null,171,nuisance_orthogonal,0,0.69
null,171,naive_signal_max,0,0.84
null,172,nuisance_orthogonal,0,0.58
null,172,naive_signal_max,0,0.64
null,173,nuisance_orthogonal,0,0.82
null,173,naive_signal_max,0,0.885
null,174,nuisance_orthogonal,0,0.165
null,174,naive_signal_max,0,0.94
null,175,nuisance_orthogonal,0,0.44
null,175,naive_signal_max,0,0.335
null,176,nuisance_orthogonal,1,0.015
null,176,naive_signal_max,0,0.255
null,177,nuisance_orthogonal,0,0.54
null,177,naive_signal_max,0,0.92
null,178,nuisance_orthogonal,0,0.325
null,178,naive_signal_max,0,0.705
null,179,nuisance_orthogonal,0,0.99
null,179,naive_signal_max,0,0.755
null,180,nuisance_orthogonal,0,0.21
null,180,naive_signal_max,0,0.535
null,181,nuisance_orthogonal,0,0.375
null,181,naive_signal_max,0,0.27
null,182,nuisance_orthogonal,0,0.705
null,182,naive_signal_max,0,0.37
null,183,nuisance_orthogonal,0,0.055
null,183,naive_signal_max,0,0.72
null,184,nuisance_orthogonal,0,0.65
null,184,naive_signal_max,0,0.74
null,185,nuisance_orthogonal,0,0.175
null,185,naive_signal_max,0,0.055
null,186,nuisance_orthogonal,0,0.09
null,186,naive_signal_max,0,0.31
null,187,nuisance_orthogonal,0,0.215
null,187,naive_signal_max,0,0.06
null,188,nuisance_orthogonal,0,0.235
null,188,naive_signal_max,0,0.845
null,189,nuisance_orthogonal,0,0.525
null,189,naive_signal_max,0,0.125
null,190,nuisance_orthogonal,0,0.94
null,190,naive_signal_max,0,0.865
null,191,nuisance_orthogonal,0,0.7
null,191,naive_signal_max,0,0.89
null,192,nuisance_orthogonal,0,0.19
null,192,naive_signal_max,0,0.165
null,193,nuisance_orthogonal,0,0.325
null,193,naive_signal_max,0,0.22
null,194,nuisance_orthogonal,0,0.91
null,194,naive_signal_max,0,0.25
null,195,nuisance_orthogonal,0,0.78
null,195,naive_signal_max,0,0.88
null,196,nuisance_orthogonal,0,0.105
null,196,naive_signal_max,0,0.4
null,197,nuisance_orthogonal,0,0.625
null,197,naive_signal_max,0,0.645
null,198,nuisance_orthogonal,0,0.64
null,198,naive_signal_max,0,0.22
null,199,nuisance_orthogonal,0,0.47
null,199,naive_signal_max,0,0.33
omitted,0,nuisance_orthogonal,0,0.085
omitted,0,naive_signal_max,1,0.005
omitted,1,nuisance_orthogonal,1,0.005
omitted,1,naive_signal_max,1,0.005
omitted,2,nuisance_orthogonal,1,0.005
omitted,2,naive_signal_max,1,0.005
omitted,3,nuisance_orthogonal,1,0.005
omitted,3,naive_signal_max,1,0.005
omitted,4,nuisance_orthogonal,1,0.005
omitted,4,naive_signal_max,1,0.005
omitted,5,nuisance_orthogonal,1,0.005
omitted,5,naive_signal_max,1,0.005
omitted,6,nuisance_orthogonal,0,0.47
omitted,6,naive_signal_max,1,0.005
omitted,7,nuisance_orthogonal,1,0.005
omitted,7,naive_signal_max,1,0.005
omitted,8,nuisance_orthogonal,1,0.005
omitted,8,naive_signal_max,1,0.005
omitted,9,nuisance_orthogonal,1,0.005
omitted,9,naive_signal_max,1,0.005
omitted,10,nuisance_orthogonal,0,0.055
omitted,10,naive_signal_max,1,0.005
omitted,11,nuisance_orthogonal,0,0.08
omitted,11,naive_signal_max,1,0.005
omitted,12,nuisance_orthogonal,1,0.025
omitted,12,naive_signal_max,1,0.005
omitted,13,nuisance_orthogonal,1,0.005
omitted,13,naive_signal_max,1,0.005
omitted,14,nuisance_orthogonal,0,0.065
omitted,14,naive_signal_max,1,0.005
omitted,15,nuisance_orthogonal,1,0.005
omitted,15,naive_signal_max,1,0.005
omitted,16,nuisance_orthogonal,0,0.05
omitted,16,naive_signal_max,1,0.005
omitted,17,nuisance_orthogonal,0,0.07
omitted,17,naive_signal_max,1,0.005
omitted,18,nuisance_orthogonal,0,0.12
omitted,18,naive_signal_max,1,0.005
omitted,19,nuisance_orthogonal,1,0.03
omitted,19,naive_signal_max,1,0.005
omitted,20,nuisance_orthogonal,1,0.01
omitted,20,naive_signal_max,1,0.005
omitted,21,nuisance_orthogonal,1,0.035
omitted,21,naive_signal_max,1,0.01
omitted,22,nuisance_orthogonal,0,0.19
omitted,22,naive_signal_max,1,0.005
omitted,23,nuisance_orthogonal,1,0.045
omitted,23,naive_signal_max,1,0.005
omitted,24,nuisance_orthogonal,1,0.005
omitted,24,naive_signal_max,1,0.005
omitted,25,nuisance_orthogonal,1,0.005
omitted,25,naive_signal_max,1,0.005
omitted,26,nuisance_orthogonal,1,0.01
omitted,26,naive_signal_max,1,0.005
omitted,27,nuisance_orthogonal,1,0.005
omitted,27,naive_signal_max,1,0.005
omitted,28,nuisance_orthogonal,1,0.005
omitted,28,naive_signal_max,1,0.005
omitted,29,nuisance_orthogonal,0,0.05
omitted,29,naive_signal_max,1,0.005
omitted,30,nuisance_orthogonal,1,0.005
omitted,30,naive_signal_max,1,0.005
omitted,31,nuisance_orthogonal,1,0.025
omitted,31,naive_signal_max,1,0.005
omitted,32,nuisance_orthogonal,1,0.005
omitted,32,naive_signal_max,1,0.005
omitted,33,nuisance_orthogonal,1,0.005
omitted,33,naive_signal_max,1,0.005
omitted,34,nuisance_orthogonal,0,0.055
omitted,34,naive_signal_max,1,0.005
omitted,35,nuisance_orthogonal,1,0.01
omitted,35,naive_signal_max,1,0.01
omitted,36,nuisance_orthogonal,1,0.005
omitted,36,naive_signal_max,1,0.005
omitted,37,nuisance_orthogonal,1,0.02
omitted,37,naive_signal_max,1,0.005
omitted,38,nuisance_orthogonal,0,0.055
omitted,38,naive_signal_max,1,0.005
omitted,39,nuisance_orthogonal,1,0.02
omitted,39,naive_signal_max,1,0.005
omitted,40,nuisance_orthogonal,0,0.13
omitted,40,naive_signal_max,1,0.005
omitted,41,nuisance_orthogonal,1,0.015
omitted,41,naive_signal_max,1,0.005
omitted,42,nuisance_orthogonal,0,0.055
omitted,42,naive_signal_max,1,0.005
omitted,43,nuisance_orthogonal,1,0.015
omitted,43,naive_signal_max,1,0.005
omitted,44,nuisance_orthogonal,1,0.045
omitted,44,naive_signal_max,1,0.005
omitted,45,nuisance_orthogonal,1,0.005
omitted,45,naive_signal_max,1,0.005
omitted,46,nuisance_orthogonal,1,0.005
omitted,46,naive_signal_max,1,0.005
omitted,47,nuisance_orthogonal,0,0.305
omitted,47,naive_signal_max,1,0.005
omitted,48,nuisance_orthogonal,1,0.005
omitted,48,naive_signal_max,1,0.005
omitted,49,nuisance_orthogonal,1,0.005
omitted,49,naive_signal_max,1,0.005
omitted,50,nuisance_orthogonal,1,0.01
omitted,50,naive_signal_max,1,0.005
omitted,51,nuisance_orthogonal,1,0.005
omitted,51,naive_signal_max,1,0.005
omitted,52,nuisance_orthogonal,0,0.105
omitted,52,naive_signal_max,1,0.005
omitted,53,nuisance_orthogonal,0,0.19
omitted,53,naive_signal_max,1,0.005
omitted,54,nuisance_orthogonal,1,0.005
omitted,54,naive_signal_max,1,0.005
omitted,55,nuisance_orthogonal,1,0.005
omitted,55,naive_signal_max,1,0.005
omitted,56,nuisance_orthogonal,1,0.015
omitted,56,naive_signal_max,1,0.005
omitted,57,nuisance_orthogonal,1,0.005
omitted,57,naive_signal_max,1,0.005
omitted,58,nuisance_orthogonal,1,0.005
omitted,58,naive_signal_max,1,0.005
omitted,59,nuisance_orthogonal,1,0.005
omitted,59,naive_signal_max,1,0.005
omitted,60,nuisance_orthogonal,1,0.005
omitted,60,naive_signal_max,1,0.005
omitted,61,nuisance_orthogonal,1,0.005
omitted,61,naive_signal_max,1,0.005
omitted,62,nuisance_orthogonal,1,0.005
omitted,62,naive_signal_max,1,0.005
omitted,63,nuisance_orthogonal,0,0.27
omitted,63,naive_signal_max,1,0.005
omitted,64,nuisance_orthogonal,0,0.09
omitted,64,naive_signal_max,1,0.005
omitted,65,nuisance_orthogonal,1,0.005
omitted,65,naive_signal_max,1,0.005
omitted,66,nuisance_orthogonal,1,0.01
omitted,66,naive_signal_max,1,0.005
omitted,67,nuisance_orthogonal,1,0.005
omitted,67,naive_signal_max,1,0.005
omitted,68,nuisance_orthogonal,1,0.005
omitted,68,naive_signal_max,1,0.005
omitted,69,nuisance_orthogonal,1,0.005
omitted,69,naive_signal_max,1,0.005
omitted,70,nuisance_orthogonal,1,0.005
omitted,70,naive_signal_max,1,0.005
omitted,71,nuisance_orthogonal,0,0.085
omitted,71,naive_signal_max,1,0.005
omitted,72,nuisance_orthogonal,1,0.005
omitted,72,naive_signal_max,1,0.005
omitted,73,nuisance_orthogonal,1,0.005
omitted,73,naive_signal_max,1,0.005
omitted,74,nuisance_orthogonal,1,0.005
omitted,74,naive_signal_max,1,0.005
omitted,75,nuisance_orthogonal,1,0.005
omitted,75,naive_signal_max,1,0.005
omitted,76,nuisance_orthogonal,1,0.005
omitted,76,naive_signal_max,1,0.005
omitted,77,nuisance_orthogonal,1,0.005
omitted,77,naive_signal_max,1,0.005
omitted,78,nuisance_orthogonal,1,0.01
omitted,78,naive_signal_max,1,0.005
omitted,79,nuisance_orthogonal,1,0.03
omitted,79,naive_signal_max,1,0.005
omitted,80,nuisance_orthogonal,0,0.085
omitted,80,naive_signal_max,1,0.005
omitted,81,nuisance_orthogonal,1,0.035
omitted,81,naive_signal_max,1,0.005
omitted,82,nuisance_orthogonal,1,0.01
omitted,82,naive_signal_max,1,0.005
omitted,83,nuisance_orthogonal,1,0.005
omitted,83,naive_signal_max,1,0.005
omitted,84,nuisance_orthogonal,1,0.035
omitted,84,naive_signal_max,1,0.005
omitted,85,nuisance_orthogonal,1,0.005
omitted,85,naive_signal_max,1,0.005
omitted,86,nuisance_orthogonal,1,0.005
omitted,86,naive_signal_max,1,0.005
omitted,87,nuisance_orthogonal,1,0.045
omitted,87,naive_signal_max,1,0.005
omitted,88,nuisance_orthogonal,1,0.04
omitted,88,naive_signal_max,1,0.005
omitted,89,nuisance_orthogonal,1,0.005
omitted,89,naive_signal_max,1,0.005
omitted,90,nuisance_orthogonal,1,0.03
omitted,90,naive_signal_max,1,0.005
omitted,91,nuisance_orthogonal,1,0.015
omitted,91,naive_signal_max,1,0.005
omitted,92,nuisance_orthogonal,1,0.045
omitted,92,naive_signal_max,1,0.005
omitted,93,nuisance_orthogonal,0,0.05
omitted,93,naive_signal_max,1,0.005
omitted,94,nuisance_orthogonal,0,0.205
omitted,94,naive_signal_max,1,0.005
omitted,95,nuisance_orthogonal,0,0.355
omitted,95,naive_signal_max,1,0.005
omitted,96,nuisance_orthogonal,1,0.005
omitted,96,naive_signal_max,1,0.005
omitted,97,nuisance_orthogonal,1,0.04
omitted,97,naive_signal_max,1,0.005
omitted,98,nuisance_orthogonal,1,0.005
omitted,98,naive_signal_max,1,0.005
omitted,99,nuisance_orthogonal,1,0.01
omitted,99,naive_signal_max,1,0.005
omitted,100,nuisance_orthogonal,1,0.005
omitted,100,naive_signal_max,1,0.005
omitted,101,nuisance_orthogonal,1,0.005
omitted,101,naive_signal_max,1,0.005
omitted,102,nuisance_orthogonal,1,0.005
omitted,102,naive_signal_max,1,0.005
omitted,103,nuisance_orthogonal,1,0.005
omitted,103,naive_signal_max,1,0.005
omitted,104,nuisance_orthogonal,1,0.005
omitted,104,naive_signal_max,1,0.005
omitted,105,nuisance_orthogonal,0,0.22
omitted,105,naive_signal_max,1,0.005
omitted,106,nuisance_orthogonal,1,0.01
omitted,106,naive_signal_max,1,0.025
omitted,107,nuisance_orthogonal,0,0.215
omitted,107,naive_signal_max,1,0.005
omitted,108,nuisance_orthogonal,1,0.005
omitted,108,naive_signal_max,1,0.005
omitted,109,nuisance_orthogonal,0,0.725
omitted,109,naive_signal_max,1,0.005
omitted,110,nuisance_orthogonal,1,0.025
omitted,110,naive_signal_max,1,0.005
omitted,111,nuisance_orthogonal,0,0.065
omitted,111,naive_signal_max,1,0.005
omitted,112,nuisance_orthogonal,0,0.14
omitted,112,naive_signal_max,1,0.005
omitted,113,nuisance_orthogonal,1,0.005
omitted,113,naive_signal_max,1,0.005
omitted,114,nuisance_orthogonal,1,0.005
omitted,114,naive_signal_max,1,0.005
omitted,115,nuisance_orthogonal,1,0.025
omitted,115,naive_signal_max,1,0.005
omitted,116,nuisance_orthogonal,1,0.03
omitted,116,naive_signal_max,1,0.005
omitted,117,nuisance_orthogonal,1,0.015
omitted,117,naive_signal_max,1,0.005
omitted,118,nuisance_orthogonal,1,0.005
omitted,118,naive_signal_max,1,0.005
omitted,119,nuisance_orthogonal,1,0.005
omitted,119,naive_signal_max,1,0.005
omitted,120,nuisance_orthogonal,0,0.23
omitted,120,naive_signal_max,1,0.005
omitted,121,nuisance_orthogonal,1,0.005
omitted,121,naive_signal_max,1,0.005
omitted,122,nuisance_orthogonal,1,0.015
omitted,122,naive_signal_max,1,0.005
omitted,123,nuisance_orthogonal,1,0.005
omitted,123,naive_signal_max,1,0.005
omitted,124,nuisance_orthogonal,1,0.03
omitted,124,naive_signal_max,1,0.005
omitted,125,nuisance_orthogonal,1,0.005
omitted,125,naive_signal_max,1,0.005
omitted,126,nuisance_orthogonal,1,0.01
omitted,126,naive_signal_max,1,0.005
omitted,127,nuisance_orthogonal,1,0.005
omitted,127,naive_signal_max,1,0.005
omitted,128,nuisance_orthogonal,0,0.185
omitted,128,naive_signal_max,1,0.005
omitted,129,nuisance_orthogonal,0,0.145
omitted,129,naive_signal_max,1,0.005
omitted,130,nuisance_orthogonal,0,0.185
omitted,130,naive_signal_max,1,0.005
omitted,131,nuisance_orthogonal,1,0.01
omitted,131,naive_signal_max,1,0.005
omitted,132,nuisance_orthogonal,1,0.035
omitted,132,naive_signal_max,1,0.005
omitted,133,nuisance_orthogonal,1,0.045
omitted,133,naive_signal_max,1,0.005
omitted,134,nuisance_orthogonal,1,0.01
omitted,134,naive_signal_max,1,0.005
omitted,135,nuisance_orthogonal,1,0.03
omitted,135,naive_signal_max,1,0.005
omitted,136,nuisance_orthogonal,1,0.005
omitted,136,naive_signal_max,1,0.005
omitted,137,nuisance_orthogonal,1,0.005
omitted,137,naive_signal_max,1,0.005
omitted,138,nuisance_orthogonal,1,0.01
omitted,138,naive_signal_max,1,0.005
omitted,139,nuisance_orthogonal,0,0.09
omitted,139,naive_signal_max,1,0.005
omitted,140,nuisance_orthogonal,1,0.005
omitted,140,naive_signal_max,1,0.005
omitted,141,nuisance_orthogonal,1,0.005
omitted,141,naive_signal_max,1,0.005
omitted,142,nuisance_orthogonal,1,0.02
omitted,142,naive_signal_max,1,0.005
omitted,143,nuisance_orthogonal,1,0.005
omitted,143,naive_signal_max,1,0.005
omitted,144,nuisance_orthogonal,0,0.06
omitted,144,naive_signal_max,1,0.005
omitted,145,nuisance_orthogonal,1,0.01
omitted,145,naive_signal_max,1,0.005
omitted,146,nuisance_orthogonal,1,0.01
omitted,146,naive_signal_max,1,0.005
omitted,147,nuisance_orthogonal,1,0.005
omitted,147,naive_signal_max,1,0.005
omitted,148,nuisance_orthogonal,1,0.005
omitted,148,naive_signal_max,1,0.005
omitted,149,nuisance_orthogonal,1,0.005
omitted,149,naive_signal_max,1,0.005
omitted,150,nuisance_orthogonal,0,0.095
omitted,150,naive_signal_max,1,0.005
omitted,151,nuisance_orthogonal,1,0.045
omitted,151,naive_signal_max,1,0.005
omitted,152,nuisance_orthogonal,1,0.005
omitted,152,naive_signal_max,1,0.005
omitted,153,nuisance_orthogonal,1,0.005
omitted,153,naive_signal_max,1,0.005
omitted,154,nuisance_orthogonal,1,0.02
omitted,154,naive_signal_max,1,0.005
omitted,155,nuisance_orthogonal,1,0.035
omitted,155,naive_signal_max,1,0.005
omitted,156,nuisance_orthogonal,1,0.005
omitted,156,naive_signal_max,1,0.005
omitted,157,nuisance_orthogonal,0,0.12
omitted,157,naive_signal_max,1,0.005
omitted,158,nuisance_orthogonal,1,0.005
omitted,158,naive_signal_max,1,0.005
omitted,159,nuisance_orthogonal,1,0.005
omitted,159,naive_signal_max,1,0.005
omitted,160,nuisance_orthogonal,0,0.155
omitted,160,naive_signal_max,1,0.005
omitted,161,nuisance_orthogonal,1,0.005
omitted,161,naive_signal_max,1,0.005
omitted,162,nuisance_orthogonal,1,0.015
omitted,162,naive_signal_max,1,0.005
omitted,163,nuisance_orthogonal,1,0.015
omitted,163,naive_signal_max,1,0.005
omitted,164,nuisance_orthogonal,1,0.005
omitted,164,naive_signal_max,1,0.005
omitted,165,nuisance_orthogonal,1,0.005
omitted,165,naive_signal_max,1,0.005
omitted,166,nuisance_orthogonal,0,0.055
omitted,166,naive_signal_max,1,0.005
omitted,167,nuisance_orthogonal,1,0.005
omitted,167,naive_signal_max,1,0.005
omitted,168,nuisance_orthogonal,1,0.015
omitted,168,naive_signal_max,1,0.005
omitted,169,nuisance_orthogonal,1,0.015
omitted,169,naive_signal_max,1,0.005
omitted,170,nuisance_orthogonal,1,0.015
omitted,170,naive_signal_max,1,0.005
omitted,171,nuisance_orthogonal,1,0.02
omitted,171,naive_signal_max,1,0.005
omitted,172,nuisance_orthogonal,1,0.02
omitted,172,naive_signal_max,1,0.005
omitted,173,nuisance_orthogonal,1,0.005
omitted,173,naive_signal_max,1,0.005
omitted,174,nuisance_orthogonal,0,0.065
omitted,174,naive_signal_max,1,0.005
omitted,175,nuisance_orthogonal,0,0.225
omitted,175,naive_signal_max,1,0.005
omitted,176,nuisance_orthogonal,0,0.84
omitted,176,naive_signal_max,1,0.005
omitted,177,nuisance_orthogonal,1,0.005
omitted,177,naive_signal_max,1,0.005
omitted,178,nuisance_orthogonal,0,0.275
omitted,178,naive_signal_max,1,0.005
omitted,179,nuisance_orthogonal,1,0.005
omitted,179,naive_signal_max,1,0.005
omitted,180,nuisance_orthogonal,0,0.41
omitted,180,naive_signal_max,1,0.005
omitted,181,nuisance_orthogonal,1,0.005
omitted,181,naive_signal_max,1,0.005
omitted,182,nuisance_orthogonal,1,0.01
omitted,182,naive_signal_max,1,0.005
omitted,183,nuisance_orthogonal,0,0.64
omitted,183,naive_signal_max,1,0.005
omitted,184,nuisance_orthogonal,1,0.045
omitted,184,naive_signal_max,1,0.005
omitted,185,nuisance_orthogonal,0,0.12
omitted,185,naive_signal_max,1,0.005
omitted,186,nuisance_orthogonal,1,0.005
omitted,186,naive_signal_max,1,0.005
omitted,187,nuisance_orthogonal,0,0.09
omitted,187,naive_signal_max,1,0.005
omitted,188,nuisance_orthogonal,1,0.005
omitted,188,naive_signal_max,1,0.005
omitted,189,nuisance_orthogonal,1,0.035
omitted,189,naive_signal_max,1,0.005
omitted,190,nuisance_orthogonal,0,0.065
omitted,190,naive_signal_max,1,0.005
omitted,191,nuisance_orthogonal,1,0.005
omitted,191,naive_signal_max,1,0.005
omitted,192,nuisance_orthogonal,0,0.05
omitted,192,naive_signal_max,1,0.005
omitted,193,nuisance_orthogonal,1,0.005
omitted,193,naive_signal_max,1,0.005
omitted,194,nuisance_orthogonal,1,0.01
omitted,194,naive_signal_max,1,0.005
omitted,195,nuisance_orthogonal,1,0.03
omitted,195,naive_signal_max,1,0.005
omitted,196,nuisance_orthogonal,0,0.135
omitted,196,naive_signal_max,1,0.005
omitted,197,nuisance_orthogonal,1,0.005
omitted,197,naive_signal_max,1,0.005
omitted,198,nuisance_orthogonal,1,0.01
omitted,198,naive_signal_max,1,0.005
omitted,199,nuisance_orthogonal,1,0.005
omitted,199,naive_signal_max,1,0.005
scale,0,nuisance_orthogonal,0,0.15
scale,0,naive_signal_max,0,0.12
scale,1,nuisance_orthogonal,0,0.69
scale,1,naive_signal_max,0,0.515
scale,2,nuisance_orthogonal,0,0.405
scale,2,naive_signal_max,0,0.63
scale,3,nuisance_orthogonal,0,0.465
scale,3,naive_signal_max,0,0.44
scale,4,nuisance_orthogonal,0,0.675
scale,4,naive_signal_max,0,0.525
scale,5,nuisance_orthogonal,0,0.74
scale,5,naive_signal_max,0,0.145
scale,6,nuisance_orthogonal,0,0.145
scale,6,naive_signal_max,0,0.375
scale,7,nuisance_orthogonal,0,0.975
scale,7,naive_signal_max,0,0.2
scale,8,nuisance_orthogonal,0,0.745
scale,8,naive_signal_max,0,0.95
scale,9,nuisance_orthogonal,1,0.03
scale,9,naive_signal_max,0,0.665
scale,10,nuisance_orthogonal,0,0.25
scale,10,naive_signal_max,0,0.365
scale,11,nuisance_orthogonal,0,0.205
scale,11,naive_signal_max,0,0.73
scale,12,nuisance_orthogonal,0,0.51
scale,12,naive_signal_max,0,0.725
scale,13,nuisance_orthogonal,0,0.845
scale,13,naive_signal_max,0,0.235
scale,14,nuisance_orthogonal,0,0.94
scale,14,naive_signal_max,0,0.06
scale,15,nuisance_orthogonal,0,0.39
scale,15,naive_signal_max,0,0.615
scale,16,nuisance_orthogonal,0,0.91
scale,16,naive_signal_max,0,0.495
scale,17,nuisance_orthogonal,0,0.94
scale,17,naive_signal_max,0,0.87
scale,18,nuisance_orthogonal,0,0.69
scale,18,naive_signal_max,0,0.935
scale,19,nuisance_orthogonal,0,0.425
scale,19,naive_signal_max,0,0.35
scale,20,nuisance_orthogonal,0,0.185
scale,20,naive_signal_max,0,0.725
scale,21,nuisance_orthogonal,0,0.185
scale,21,naive_signal_max,0,0.19
scale,22,nuisance_orthogonal,0,0.18
scale,22,naive_signal_max,0,0.925
scale,23,nuisance_orthogonal,0,0.195
scale,23,naive_signal_max,0,0.08
scale,24,nuisance_orthogonal,0,0.605
scale,24,naive_signal_max,0,0.835
scale,25,nuisance_orthogonal,0,0.31
scale,25,naive_signal_max,0,0.18
scale,26,nuisance_orthogonal,0,0.445
scale,26,naive_signal_max,0,0.43
scale,27,nuisance_orthogonal,0,0.215
scale,27,naive_signal_max,0,0.465
scale,28,nuisance_orthogonal,0,0.325
scale,28,naive_signal_max,0,0.94
scale,29,nuisance_orthogonal,0,0.625
scale,29,naive_signal_max,0,0.48
scale,30,nuisance_orthogonal,0,0.86
scale,30,naive_signal_max,0,0.435
scale,31,nuisance_orthogonal,0,0.75
scale,31,naive_signal_max,0,0.785
scale,32,nuisance_orthogonal,0,0.925
scale,32,naive_signal_max,0,0.58
scale,33,nuisance_orthogonal,0,0.22
scale,33,naive_signal_max,0,0.37
scale,34,nuisance_orthogonal,0,0.36
scale,34,naive_signal_max,0,0.86
scale,35,nuisance_orthogonal,0,0.255
scale,35,naive_signal_max,1,0.025
scale,36,nuisance_orthogonal,0,0.44
scale,36,naive_signal_max,0,0.595
scale,37,nuisance_orthogonal,0,0.09
scale,37,naive_signal_max,0,0.75
scale,38,nuisance_orthogonal,0,0.465
scale,38,naive_signal_max,0,0.435
scale,39,nuisance_orthogonal,0,0.155
scale,39,naive_signal_max,0,0.555
scale,40,nuisance_orthogonal,0,0.36
scale,40,naive_signal_max,0,0.24
scale,41,nuisance_orthogonal,0,0.435
scale,41,naive_signal_max,0,0.825
scale,42,nuisance_orthogonal,0,0.05
scale,42,naive_signal_max,0,0.655
scale,43,nuisance_orthogonal,0,0.68
scale,43,naive_signal_max,0,0.355
scale,44,nuisance_orthogonal,0,0.82
scale,44,naive_signal_max,0,0.46
scale,45,nuisance_orthogonal,0,0.53
scale,45,naive_signal_max,0,0.645
scale,46,nuisance_orthogonal,0,0.415
scale,46,naive_signal_max,0,0.695
scale,47,nuisance_orthogonal,0,0.895
scale,47,naive_signal_max,0,0.065
scale,48,nuisance_orthogonal,0,0.54
scale,48,naive_signal_max,0,0.57
scale,49,nuisance_orthogonal,0,0.48
scale,49,naive_signal_max,0,0.44
scale,50,nuisance_orthogonal,0,0.485
scale,50,naive_signal_max,0,0.925
scale,51,nuisance_orthogonal,0,0.675
scale,51,naive_signal_max,0,0.96
scale,52,nuisance_orthogonal,0,0.98
scale,52,naive_signal_max,0,0.675
scale,53,nuisance_orthogonal,0,0.685
scale,53,naive_signal_max,0,0.945
scale,54,nuisance_orthogonal,0,0.69
scale,54,naive_signal_max,0,0.895
scale,55,nuisance_orthogonal,0,0.14
scale,55,naive_signal_max,0,0.515
scale,56,nuisance_orthogonal,0,0.485
scale,56,naive_signal_max,0,0.91
scale,57,nuisance_orthogonal,0,0.945
scale,57,naive_signal_max,0,0.735
scale,58,nuisance_orthogonal,0,0.63
scale,58,naive_signal_max,0,0.76
scale,59,nuisance_orthogonal,0,0.105
scale,59,naive_signal_max,0,0.62
scale,60,nuisance_orthogonal,0,0.64
scale,60,naive_signal_max,0,0.615
scale,61,nuisance_orthogonal,0,0.115
scale,61,naive_signal_max,0,0.4
scale,62,nuisance_orthogonal,0,0.45
scale,62,naive_signal_max,0,0.415
scale,63,nuisance_orthogonal,0,0.35
scale,63,naive_signal_max,0,0.815
scale,64,nuisance_orthogonal,0,0.985
scale,64,naive_signal_max,0,0.49
scale,65,nuisance_orthogonal,0,0.505
scale,65,naive_signal_max,0,0.755
scale,66,nuisance_orthogonal,0,0.67
scale,66,naive_signal_max,0,0.175
scale,67,nuisance_orthogonal,0,0.98
scale,67,naive_signal_max,0,0.465
scale,68,nuisance_orthogonal,0,0.575
scale,68,naive_signal_max,0,0.6
scale,69,nuisance_orthogonal,0,0.675
scale,69,naive_signal_max,0,0.99
scale,70,nuisance_orthogonal,0,0.545
scale,70,naive_signal_max,0,0.545
scale,71,nuisance_orthogonal,0,0.15
scale,71,naive_signal_max,0,0.545
scale,72,nuisance_orthogonal,0,0.415
scale,72,naive_signal_max,0,0.125
scale,73,nuisance_orthogonal,0,0.155
scale,73,naive_signal_max,0,0.79
scale,74,nuisance_orthogonal,0,0.505
scale,74,naive_signal_max,0,0.965
scale,75,nuisance_orthogonal,0,0.93
scale,75,naive_signal_max,0,0.14
scale,76,nuisance_orthogonal,0,0.29
scale,76,naive_signal_max,0,0.305
scale,77,nuisance_orthogonal,0,0.34
scale,77,naive_signal_max,0,0.485
scale,78,nuisance_orthogonal,0,0.6
scale,78,naive_signal_max,0,0.995
scale,79,nuisance_orthogonal,0,0.615
scale,79,naive_signal_max,0,0.805
scale,80,nuisance_orthogonal,0,0.815
scale,80,naive_signal_max,0,0.255
scale,81,nuisance_orthogonal,0,0.935
scale,81,naive_signal_max,0,0.825
scale,82,nuisance_orthogonal,0,0.685
scale,82,naive_signal_max,0,0.295
scale,83,nuisance_orthogonal,0,0.915
scale,83,naive_signal_max,0,0.705
scale,84,nuisance_orthogonal,0,0.89
scale,84,naive_signal_max,0,0.57
scale,85,nuisance_orthogonal,1,0.045
scale,85,naive_signal_max,0,0.65
scale,86,nuisance_orthogonal,0,0.34
scale,86,naive_signal_max,0,0.995
scale,87,nuisance_orthogonal,0,0.25
scale,87,naive_signal_max,0,0.97
scale,88,nuisance_orthogonal,0,0.73
scale,88,naive_signal_max,0,0.295
scale,89,nuisance_orthogonal,0,0.745
scale,89,naive_signal_max,0,0.24
scale,90,nuisance_orthogonal,0,0.675
scale,90,naive_signal_max,0,0.83
scale,91,nuisance_orthogonal,0,0.895
scale,91,naive_signal_max,0,0.73
scale,92,nuisance_orthogonal,0,0.8
scale,92,naive_signal_max,0,0.5
scale,93,nuisance_orthogonal,0,0.605
scale,93,naive_signal_max,0,0.69
scale,94,nuisance_orthogonal,0,0.175
scale,94,naive_signal_max,0,0.81
scale,95,nuisance_orthogonal,1,0.04
scale,95,naive_signal_max,0,0.885
scale,96,nuisance_orthogonal,0,0.23
scale,96,naive_signal_max,0,0.42
scale,97,nuisance_orthogonal,0,0.535
scale,97,naive_signal_max,0,0.995
scale,98,nuisance_orthogonal,0,0.455
scale,98,naive_signal_max,0,0.885
scale,99,nuisance_orthogonal,0,0.14
scale,99,naive_signal_max,0,0.295
scale,100,nuisance_orthogonal,0,0.79
scale,100,naive_signal_max,0,0.37
scale,101,nuisance_orthogonal,0,0.495
scale,101,naive_signal_max,0,0.555
scale,102,nuisance_orthogonal,0,0.47
scale,102,naive_signal_max,0,0.98
scale,103,nuisance_orthogonal,0,0.95
scale,103,naive_signal_max,1,0.025
scale,104,nuisance_orthogonal,0,0.27
scale,104,naive_signal_max,0,0.215
scale,105,nuisance_orthogonal,0,0.505
scale,105,naive_signal_max,0,0.085
scale,106,nuisance_orthogonal,0,0.67
scale,106,naive_signal_max,1,0.035
scale,107,nuisance_orthogonal,0,0.57
scale,107,naive_signal_max,0,0.645
scale,108,nuisance_orthogonal,0,0.57
scale,108,naive_signal_max,0,0.525
scale,109,nuisance_orthogonal,0,0.05
scale,109,naive_signal_max,0,0.145
scale,110,nuisance_orthogonal,0,0.735
scale,110,naive_signal_max,0,0.955
scale,111,nuisance_orthogonal,0,0.68
scale,111,naive_signal_max,0,0.67
scale,112,nuisance_orthogonal,0,0.065
scale,112,naive_signal_max,0,0.665
scale,113,nuisance_orthogonal,0,0.815
scale,113,naive_signal_max,0,0.235
scale,114,nuisance_orthogonal,0,0.985
scale,114,naive_signal_max,0,0.575
scale,115,nuisance_orthogonal,0,0.29
scale,115,naive_signal_max,0,0.59
scale,116,nuisance_orthogonal,0,0.49
scale,116,naive_signal_max,0,0.885
scale,117,nuisance_orthogonal,0,1.0
scale,117,naive_signal_max,0,0.095
scale,118,nuisance_orthogonal,0,0.565
scale,118,naive_signal_max,0,0.2
scale,119,nuisance_orthogonal,0,0.29
scale,119,naive_signal_max,0,0.885
scale,120,nuisance_orthogonal,0,0.26
scale,120,naive_signal_max,0,0.25
scale,121,nuisance_orthogonal,0,1.0
scale,121,naive_signal_max,0,0.295
scale,122,nuisance_orthogonal,0,0.8
scale,122,naive_signal_max,0,0.06
scale,123,nuisance_orthogonal,0,0.535
scale,123,naive_signal_max,0,0.41
scale,124,nuisance_orthogonal,0,0.6
scale,124,naive_signal_max,0,0.56
scale,125,nuisance_orthogonal,0,0.725
scale,125,naive_signal_max,0,0.745
scale,126,nuisance_orthogonal,0,0.83
scale,126,naive_signal_max,0,0.485
scale,127,nuisance_orthogonal,0,0.205
scale,127,naive_signal_max,0,0.255
scale,128,nuisance_orthogonal,0,0.105
scale,128,naive_signal_max,0,0.055
scale,129,nuisance_orthogonal,0,0.465
scale,129,naive_signal_max,0,0.535
scale,130,nuisance_orthogonal,0,0.355
scale,130,naive_signal_max,0,0.15
scale,131,nuisance_orthogonal,0,0.565
scale,131,naive_signal_max,0,0.96
scale,132,nuisance_orthogonal,0,0.615
scale,132,naive_signal_max,0,0.27
scale,133,nuisance_orthogonal,0,0.355
scale,133,naive_signal_max,0,0.365
scale,134,nuisance_orthogonal,0,0.67
scale,134,naive_signal_max,0,0.97
scale,135,nuisance_orthogonal,0,0.935
scale,135,naive_signal_max,0,0.93
scale,136,nuisance_orthogonal,0,0.245
scale,136,naive_signal_max,0,0.35
scale,137,nuisance_orthogonal,0,0.47
scale,137,naive_signal_max,0,0.885
scale,138,nuisance_orthogonal,0,0.695
scale,138,naive_signal_max,0,0.065
scale,139,nuisance_orthogonal,0,0.705
scale,139,naive_signal_max,0,0.14
scale,140,nuisance_orthogonal,0,0.31
scale,140,naive_signal_max,0,0.875
scale,141,nuisance_orthogonal,0,0.705
scale,141,naive_signal_max,0,0.12
scale,142,nuisance_orthogonal,0,0.955
scale,142,naive_signal_max,0,0.805
scale,143,nuisance_orthogonal,0,0.51
scale,143,naive_signal_max,0,0.4
scale,144,nuisance_orthogonal,0,0.6
scale,144,naive_signal_max,0,0.195
scale,145,nuisance_orthogonal,0,0.225
scale,145,naive_signal_max,0,0.6
scale,146,nuisance_orthogonal,0,0.62
scale,146,naive_signal_max,0,0.825
scale,147,nuisance_orthogonal,0,0.695
scale,147,naive_signal_max,0,0.22
scale,148,nuisance_orthogonal,0,0.93
scale,148,naive_signal_max,0,0.065
scale,149,nuisance_orthogonal,0,0.76
scale,149,naive_signal_max,0,0.455
scale,150,nuisance_orthogonal,0,0.095
scale,150,naive_signal_max,0,0.15
scale,151,nuisance_orthogonal,0,0.255
scale,151,naive_signal_max,0,0.955
scale,152,nuisance_orthogonal,0,0.295
scale,152,naive_signal_max,0,0.64
scale,153,nuisance_orthogonal,0,0.355
scale,153,naive_signal_max,0,0.065
scale,154,nuisance_orthogonal,0,0.85
scale,154,naive_signal_max,0,0.855
scale,155,nuisance_orthogonal,0,0.75
scale,155,naive_signal_max,0,0.51
scale,156,nuisance_orthogonal,0,0.415
scale,156,naive_signal_max,0,0.83
scale,157,nuisance_orthogonal,0,0.875
scale,157,naive_signal_max,0,0.9
scale,158,nuisance_orthogonal,0,0.27
scale,158,naive_signal_max,0,0.16
scale,159,nuisance_orthogonal,0,0.975
scale,159,naive_signal_max,0,0.835
scale,160,nuisance_orthogonal,0,0.245
scale,160,naive_signal_max,0,0.325
scale,161,nuisance_orthogonal,0,0.835
scale,161,naive_signal_max,0,0.905
scale,162,nuisance_orthogonal,0,0.535
scale,162,naive_signal_max,0,0.69
scale,163,nuisance_orthogonal,0,0.665
scale,163,naive_signal_max,0,0.2
scale,164,nuisance_orthogonal,0,0.3
scale,164,naive_signal_max,0,0.465
scale,165,nuisance_orthogonal,0,0.385
scale,165,naive_signal_max,0,0.715
scale,166,nuisance_orthogonal,0,0.47
scale,166,naive_signal_max,0,0.2
scale,167,nuisance_orthogonal,0,0.66
scale,167,naive_signal_max,0,0.76
scale,168,nuisance_orthogonal,0,0.52
scale,168,naive_signal_max,0,0.335
scale,169,nuisance_orthogonal,0,0.455
scale,169,naive_signal_max,0,0.26
scale,170,nuisance_orthogonal,0,0.655
scale,170,naive_signal_max,0,0.95
scale,171,nuisance_orthogonal,0,0.66
scale,171,naive_signal_max,0,0.45
scale,172,nuisance_orthogonal,0,0.885
scale,172,naive_signal_max,0,0.935
scale,173,nuisance_orthogonal,0,0.275
scale,173,naive_signal_max,0,0.87
scale,174,nuisance_orthogonal,0,0.395
scale,174,naive_signal_max,0,0.755
scale,175,nuisance_orthogonal,0,0.05
scale,175,naive_signal_max,0,0.245
scale,176,nuisance_orthogonal,0,0.135
scale,176,naive_signal_max,0,0.67
scale,177,nuisance_orthogonal,0,0.525
scale,177,naive_signal_max,0,0.715
scale,178,nuisance_orthogonal,0,0.445
scale,178,naive_signal_max,0,0.28
scale,179,nuisance_orthogonal,0,0.385
scale,179,naive_signal_max,0,0.93
scale,180,nuisance_orthogonal,0,0.495
scale,180,naive_signal_max,0,0.605
scale,181,nuisance_orthogonal,0,0.175
scale,181,naive_signal_max,0,0.735
scale,182,nuisance_orthogonal,0,0.595
scale,182,naive_signal_max,0,0.225
scale,183,nuisance_orthogonal,1,0.015
scale,183,naive_signal_max,0,0.4
scale,184,nuisance_orthogonal,0,0.625
scale,184,naive_signal_max,0,0.83
scale,185,nuisance_orthogonal,0,0.35
scale,185,naive_signal_max,0,0.185
scale,186,nuisance_orthogonal,0,0.07
scale,186,naive_signal_max,0,0.26
scale,187,nuisance_orthogonal,0,0.355
scale,187,naive_signal_max,1,0.005
scale,188,nuisance_orthogonal,0,0.85
scale,188,naive_signal_max,0,0.4
scale,189,nuisance_orthogonal,0,0.735
scale,189,naive_signal_max,0,0.26
scale,190,nuisance_orthogonal,0,0.715
scale,190,naive_signal_max,0,0.615
scale,191,nuisance_orthogonal,0,0.415
scale,191,naive_signal_max,0,0.805
scale,192,nuisance_orthogonal,0,0.125
scale,192,naive_signal_max,1,0.035
scale,193,nuisance_orthogonal,0,0.825
scale,193,naive_signal_max,0,0.245
scale,194,nuisance_orthogonal,0,0.985
scale,194,naive_signal_max,0,0.57
scale,195,nuisance_orthogonal,0,0.43
scale,195,naive_signal_max,0,0.53
scale,196,nuisance_orthogonal,0,0.635
scale,196,naive_signal_max,0,0.35
scale,197,nuisance_orthogonal,0,0.225
scale,197,naive_signal_max,0,0.765
scale,198,nuisance_orthogonal,0,0.405
scale,198,naive_signal_max,0,0.365
scale,199,nuisance_orthogonal,0,0.095
scale,199,naive_signal_max,0,0.415
framing,0,nuisance_orthogonal,0,0.505
framing,0,naive_signal_max,0,0.06
framing,1,nuisance_orthogonal,0,0.28
framing,1,naive_signal_max,0,0.65
framing,2,nuisance_orthogonal,0,0.36
framing,2,naive_signal_max,0,0.715
framing,3,nuisance_orthogonal,0,0.315
framing,3,naive_signal_max,0,0.755
framing,4,nuisance_orthogonal,0,0.97
framing,4,naive_signal_max,0,0.88
framing,5,nuisance_orthogonal,0,0.31
framing,5,naive_signal_max,0,0.215
framing,6,nuisance_orthogonal,0,0.245
framing,6,naive_signal_max,0,0.385
framing,7,nuisance_orthogonal,0,0.085
framing,7,naive_signal_max,0,0.55
framing,8,nuisance_orthogonal,0,0.185
framing,8,naive_signal_max,0,0.47
framing,9,nuisance_orthogonal,1,0.015
framing,9,naive_signal_max,0,0.245
framing,10,nuisance_orthogonal,0,0.295
framing,10,naive_signal_max,0,0.93
framing,11,nuisance_orthogonal,0,0.435
framing,11,naive_signal_max,0,0.78
framing,12,nuisance_orthogonal,0,0.99
framing,12,naive_signal_max,0,0.15
framing,13,nuisance_orthogonal,0,0.9
framing,13,naive_signal_max,0,0.35
framing,14,nuisance_orthogonal,0,0.975
framing,14,naive_signal_max,0,0.085
framing,15,nuisance_orthogonal,0,0.87
framing,15,naive_signal_max,0,0.815
framing,16,nuisance_orthogonal,0,0.905
framing,16,naive_signal_max,0,0.385
framing,17,nuisance_orthogonal,0,0.865
framing,17,naive_signal_max,0,0.82
framing,18,nuisance_orthogonal,0,0.21
framing,18,naive_signal_max,0,0.68
framing,19,nuisance_orthogonal,0,0.605
framing,19,naive_signal_max,0,0.4
framing,20,nuisance_orthogonal,0,0.71
framing,20,naive_signal_max,0,0.93
framing,21,nuisance_orthogonal,0,0.14
framing,21,naive_signal_max,1,0.035
framing,22,nuisance_orthogonal,0,0.11
framing,22,naive_signal_max,0,0.835
framing,23,nuisance_orthogonal,0,0.115
framing,23,naive_signal_max,1,0.035
framing,24,nuisance_orthogonal,0,0.965
framing,24,naive_signal_max,0,0.895
framing,25,nuisance_orthogonal,0,0.78
framing,25,naive_signal_max,0,0.055
framing,26,nuisance_orthogonal,0,0.465
framing,26,naive_signal_max,0,0.825
framing,27,nuisance_orthogonal,0,0.2
framing,27,naive_signal_max,0,0.98
framing,28,nuisance_orthogonal,0,0.12
framing,28,naive_signal_max,0,0.455
framing,29,nuisance_orthogonal,0,0.54
framing,29,naive_signal_max,0,0.48
framing,30,nuisance_orthogonal,0,0.405
framing,30,naive_signal_max,0,0.42
framing,31,nuisance_orthogonal,0,0.57
framing,31,naive_signal_max,0,0.86
framing,32,nuisance_orthogonal,0,0.795
framing,32,naive_signal_max,0,0.335
framing,33,nuisance_orthogonal,0,0.545
framing,33,naive_signal_max,0,0.515
framing,34,nuisance_orthogonal,0,0.695
framing,34,naive_signal_max,0,0.81
framing,35,nuisance_orthogonal,0,0.185
framing,35,naive_signal_max,1,0.015
framing,36,nuisance_orthogonal,0,0.49
framing,36,naive_signal_max,0,0.88
framing,37,nuisance_orthogonal,0,0.36
framing,37,naive_signal_max,0,0.63
framing,38,nuisance_orthogonal,0,0.325
framing,38,naive_signal_max,0,0.2
framing,39,nuisance_orthogonal,0,0.71
framing,39,naive_signal_max,0,0.575
framing,40,nuisance_orthogonal,0,0.325
framing,40,naive_signal_max,0,0.365
framing,41,nuisance_orthogonal,0,0.725
framing,41,naive_signal_max,0,0.615
framing,42,nuisance_orthogonal,0,0.105
framing,42,naive_signal_max,0,1.0
framing,43,nuisance_orthogonal,0,0.85
framing,43,naive_signal_max,0,0.96
framing,44,nuisance_orthogonal,0,0.275
framing,44,naive_signal_max,0,0.435
framing,45,nuisance_orthogonal,0,0.46
framing,45,naive_signal_max,0,0.255
framing,46,nuisance_orthogonal,0,0.43
framing,46,naive_signal_max,0,0.355
framing,47,nuisance_orthogonal,0,0.22
framing,47,naive_signal_max,0,0.065
framing,48,nuisance_orthogonal,0,0.475
framing,48,naive_signal_max,0,0.715
framing,49,nuisance_orthogonal,0,0.595
framing,49,naive_signal_max,0,0.49
framing,50,nuisance_orthogonal,0,0.67
framing,50,naive_signal_max,0,0.445
framing,51,nuisance_orthogonal,0,0.52
framing,51,naive_signal_max,0,0.39
framing,52,nuisance_orthogonal,0,0.555
framing,52,naive_signal_max,0,0.61
framing,53,nuisance_orthogonal,0,0.45
framing,53,naive_signal_max,0,0.805
framing,54,nuisance_orthogonal,0,0.64
framing,54,naive_signal_max,0,0.53
framing,55,nuisance_orthogonal,0,0.195
framing,55,naive_signal_max,0,0.63
framing,56,nuisance_orthogonal,0,0.665
framing,56,naive_signal_max,0,0.58
framing,57,nuisance_orthogonal,0,0.67
framing,57,naive_signal_max,0,0.755
framing,58,nuisance_orthogonal,0,0.825
framing,58,naive_signal_max,0,0.99
framing,59,nuisance_orthogonal,0,0.28
framing,59,naive_signal_max,0,0.555
framing,60,nuisance_orthogonal,0,0.54
framing,60,naive_signal_max,0,0.53
framing,61,nuisance_orthogonal,0,0.835
framing,61,naive_signal_max,0,0.3
framing,62,nuisance_orthogonal,0,0.93
framing,62,naive_signal_max,0,0.47
framing,63,nuisance_orthogonal,0,0.47
framing,63,naive_signal_max,0,0.755
framing,64,nuisance_orthogonal,0,0.655
framing,64,naive_signal_max,0,0.935
framing,65,nuisance_orthogonal,0,0.465
framing,65,naive_signal_max,0,0.86
framing,66,nuisance_orthogonal,0,0.945
framing,66,naive_signal_max,0,0.415
framing,67,nuisance_orthogonal,1,0.005
framing,67,naive_signal_max,0,0.14
framing,68,nuisance_orthogonal,0,0.945
framing,68,naive_signal_max,0,0.84
framing,69,nuisance_orthogonal,0,0.38
framing,69,naive_signal_max,0,0.875
framing,70,nuisance_orthogonal,0,0.71
framing,70,naive_signal_max,0,0.54
framing,71,nuisance_orthogonal,0,0.165
framing,71,naive_signal_max,0,0.375
framing,72,nuisance_orthogonal,0,0.88
framing,72,naive_signal_max,0,0.17
framing,73,nuisance_orthogonal,0,0.13
framing,73,naive_signal_max,0,0.54
framing,74,nuisance_orthogonal,0,0.89
framing,74,naive_signal_max,0,0.51
framing,75,nuisance_orthogonal,0,0.695
framing,75,naive_signal_max,0,0.175
framing,76,nuisance_orthogonal,0,0.225
framing,76,naive_signal_max,0,0.56
framing,77,nuisance_orthogonal,0,0.475
framing,77,naive_signal_max,0,0.455
framing,78,nuisance_orthogonal,0,0.39
framing,78,naive_signal_max,0,0.965
framing,79,nuisance_orthogonal,0,0.97
framing,79,naive_signal_max,0,0.995
framing,80,nuisance_orthogonal,0,0.985
framing,80,naive_signal_max,0,0.33
framing,81,nuisance_orthogonal,0,0.71
framing,81,naive_signal_max,0,0.88
framing,82,nuisance_orthogonal,0,0.34
framing,82,naive_signal_max,0,0.31
framing,83,nuisance_orthogonal,0,0.11
framing,83,naive_signal_max,0,0.39
framing,84,nuisance_orthogonal,0,0.945
framing,84,naive_signal_max,0,0.79
framing,85,nuisance_orthogonal,1,0.015
framing,85,naive_signal_max,0,0.975
framing,86,nuisance_orthogonal,0,0.195
framing,86,naive_signal_max,0,0.85
framing,87,nuisance_orthogonal,0,0.8
framing,87,naive_signal_max,0,0.775
framing,88,nuisance_orthogonal,0,0.865
framing,88,naive_signal_max,0,0.295
framing,89,nuisance_orthogonal,0,0.745
framing,89,naive_signal_max,0,0.245
framing,90,nuisance_orthogonal,0,0.97
framing,90,naive_signal_max,0,0.815
framing,91,nuisance_orthogonal,0,0.745
framing,91,naive_signal_max,0,0.615
framing,92,nuisance_orthogonal,0,0.875
framing,92,naive_signal_max,0,0.055
framing,93,nuisance_orthogonal,0,0.525
framing,93,naive_signal_max,0,0.21
framing,94,nuisance_orthogonal,0,0.16
framing,94,naive_signal_max,0,0.63
framing,95,nuisance_orthogonal,0,0.12
framing,95,naive_signal_max,0,0.93
framing,96,nuisance_orthogonal,0,0.365
framing,96,naive_signal_max,0,0.39
framing,97,nuisance_orthogonal,0,0.68
framing,97,naive_signal_max,0,0.39
framing,98,nuisance_orthogonal,0,0.57
framing,98,naive_signal_max,0,0.855
framing,99,nuisance_orthogonal,0,0.715
framing,99,naive_signal_max,0,0.59
framing,100,nuisance_orthogonal,0,0.69
framing,100,naive_signal_max,0,0.57
framing,101,nuisance_orthogonal,0,0.73
framing,101,naive_signal_max,0,0.89
framing,102,nuisance_orthogonal,0,0.3
framing,102,naive_signal_max,0,0.805
framing,103,nuisance_orthogonal,0,0.265
framing,103,naive_signal_max,0,0.05
framing,104,nuisance_orthogonal,0,0.225
framing,104,naive_signal_max,0,0.065
framing,105,nuisance_orthogonal,0,0.28
framing,105,naive_signal_max,0,0.115
framing,106,nuisance_orthogonal,0,0.615
framing,106,naive_signal_max,0,0.055
framing,107,nuisance_orthogonal,0,0.15
framing,107,naive_signal_max,0,0.705
framing,108,nuisance_orthogonal,0,0.42
framing,108,naive_signal_max,0,0.91
framing,109,nuisance_orthogonal,1,0.025
framing,109,naive_signal_max,0,0.85
framing,110,nuisance_orthogonal,0,0.6
framing,110,naive_signal_max,0,0.61
framing,111,nuisance_orthogonal,0,0.905
framing,111,naive_signal_max,0,0.575
framing,112,nuisance_orthogonal,0,0.245
framing,112,naive_signal_max,0,0.125
framing,113,nuisance_orthogonal,0,0.54
framing,113,naive_signal_max,0,0.1
framing,114,nuisance_orthogonal,0,0.695
framing,114,naive_signal_max,0,0.925
framing,115,nuisance_orthogonal,0,0.9
framing,115,naive_signal_max,0,0.31
framing,116,nuisance_orthogonal,0,0.97
framing,116,naive_signal_max,0,0.915
framing,117,nuisance_orthogonal,0,0.68
framing,117,naive_signal_max,0,0.53
framing,118,nuisance_orthogonal,0,0.815
framing,118,naive_signal_max,0,0.27
framing,119,nuisance_orthogonal,1,0.03
framing,119,naive_signal_max,0,0.8
framing,120,nuisance_orthogonal,0,0.335
framing,120,naive_signal_max,0,0.235
framing,121,nuisance_orthogonal,0,0.85
framing,121,naive_signal_max,0,0.94
framing,122,nuisance_orthogonal,0,0.715
framing,122,naive_signal_max,0,0.305
framing,123,nuisance_orthogonal,0,0.395
framing,123,naive_signal_max,0,0.685
framing,124,nuisance_orthogonal,0,0.625
framing,124,naive_signal_max,0,0.645
framing,125,nuisance_orthogonal,0,0.92
framing,125,naive_signal_max,0,0.53
framing,126,nuisance_orthogonal,0,0.945
framing,126,naive_signal_max,0,1.0
framing,127,nuisance_orthogonal,0,0.92
framing,127,naive_signal_max,0,0.215
framing,128,nuisance_orthogonal,0,0.225
framing,128,naive_signal_max,0,0.385
framing,129,nuisance_orthogonal,0,0.165
framing,129,naive_signal_max,0,0.685
framing,130,nuisance_orthogonal,0,0.15
framing,130,naive_signal_max,0,0.685
framing,131,nuisance_orthogonal,0,0.665
framing,131,naive_signal_max,0,0.285
framing,132,nuisance_orthogonal,0,0.785
framing,132,naive_signal_max,0,0.455
framing,133,nuisance_orthogonal,0,0.635
framing,133,naive_signal_max,0,0.68
framing,134,nuisance_orthogonal,0,0.965
framing,134,naive_signal_max,0,0.94
framing,135,nuisance_orthogonal,0,0.4
framing,135,naive_signal_max,0,0.595
framing,136,nuisance_orthogonal,0,0.42
framing,136,naive_signal_max,0,0.195
framing,137,nuisance_orthogonal,0,0.68
framing,137,naive_signal_max,0,0.965
framing,138,nuisance_orthogonal,0,0.66
framing,138,naive_signal_max,0,0.18
framing,139,nuisance_orthogonal,0,0.6
framing,139,naive_signal_max,0,0.11
framing,140,nuisance_orthogonal,0,0.47
framing,140,naive_signal_max,0,0.355
framing,141,nuisance_orthogonal,0,0.185
framing,141,naive_signal_max,0,0.135
framing,142,nuisance_orthogonal,0,0.665
framing,142,naive_signal_max,0,0.635
framing,143,nuisance_orthogonal,0,0.22
framing,143,naive_signal_max,0,0.575
framing,144,nuisance_orthogonal,0,0.415
framing,144,naive_signal_max,0,0.44
framing,145,nuisance_orthogonal,0,0.47
framing,145,naive_signal_max,0,0.72
framing,146,nuisance_orthogonal,0,0.78
framing,146,naive_signal_max,0,0.685
framing,147,nuisance_orthogonal,0,0.475
framing,147,naive_signal_max,0,0.24
framing,148,nuisance_orthogonal,0,0.4
framing,148,naive_signal_max,0,0.27
framing,149,nuisance_orthogonal,0,0.43
framing,149,naive_signal_max,0,0.465
framing,150,nuisance_orthogonal,0,0.82
framing,150,naive_signal_max,0,0.255
framing,151,nuisance_orthogonal,0,0.435
framing,151,naive_signal_max,0,0.38
framing,152,nuisance_orthogonal,0,0.69
framing,152,naive_signal_max,0,0.685
framing,153,nuisance_orthogonal,0,0.605
framing,153,naive_signal_max,0,0.09
framing,154,nuisance_orthogonal,0,0.685
framing,154,naive_signal_max,0,0.985
framing,155,nuisance_orthogonal,0,0.92
framing,155,naive_signal_max,0,0.885
framing,156,nuisance_orthogonal,0,0.195
framing,156,naive_signal_max,0,0.66
framing,157,nuisance_orthogonal,0,0.445
framing,157,naive_signal_max,0,0.825
framing,158,nuisance_orthogonal,0,0.075
framing,158,naive_signal_max,0,0.655
framing,159,nuisance_orthogonal,0,0.99
framing,159,naive_signal_max,0,0.8
framing,160,nuisance_orthogonal,1,0.02
framing,160,naive_signal_max,0,0.725
framing,161,nuisance_orthogonal,0,0.795
framing,161,naive_signal_max,0,0.88
framing,162,nuisance_orthogonal,0,0.32
framing,162,naive_signal_max,0,0.08
framing,163,nuisance_orthogonal,0,0.765
framing,163,naive_signal_max,0,0.38
framing,164,nuisance_orthogonal,0,0.825
framing,164,naive_signal_max,0,0.83
framing,165,nuisance_orthogonal,0,0.18
framing,165,naive_signal_max,0,0.955
framing,166,nuisance_orthogonal,0,0.61
framing,166,naive_signal_max,0,0.25
framing,167,nuisance_orthogonal,0,0.84
framing,167,naive_signal_max,0,0.7
framing,168,nuisance_orthogonal,0,0.915
framing,168,naive_signal_max,0,0.24
framing,169,nuisance_orthogonal,0,0.97
framing,169,naive_signal_max,0,0.285
framing,170,nuisance_orthogonal,0,0.595
framing,170,naive_signal_max,0,0.9
framing,171,nuisance_orthogonal,0,0.76
framing,171,naive_signal_max,0,0.595
framing,172,nuisance_orthogonal,0,0.635
framing,172,naive_signal_max,0,0.455
framing,173,nuisance_orthogonal,0,0.75
framing,173,naive_signal_max,0,0.96
framing,174,nuisance_orthogonal,0,0.13
framing,174,naive_signal_max,0,0.88
framing,175,nuisance_orthogonal,0,0.435
framing,175,naive_signal_max,0,0.19
framing,176,nuisance_orthogonal,1,0.04
framing,176,naive_signal_max,0,0.36
framing,177,nuisance_orthogonal,0,0.595
framing,177,naive_signal_max,0,0.605
framing,178,nuisance_orthogonal,0,0.505
framing,178,naive_signal_max,0,0.675
framing,179,nuisance_orthogonal,0,0.97
framing,179,naive_signal_max,0,0.565
framing,180,nuisance_orthogonal,0,0.245
framing,180,naive_signal_max,0,0.555
framing,181,nuisance_orthogonal,0,0.42
framing,181,naive_signal_max,0,0.205
framing,182,nuisance_orthogonal,0,0.63
framing,182,naive_signal_max,0,0.165
framing,183,nuisance_orthogonal,0,0.055
framing,183,naive_signal_max,0,0.78
framing,184,nuisance_orthogonal,0,0.855
framing,184,naive_signal_max,0,0.78
framing,185,nuisance_orthogonal,0,0.145
framing,185,naive_signal_max,0,0.055
framing,186,nuisance_orthogonal,0,0.125
framing,186,naive_signal_max,0,0.545
framing,187,nuisance_orthogonal,0,0.385
framing,187,naive_signal_max,0,0.085
framing,188,nuisance_orthogonal,0,0.24
framing,188,naive_signal_max,0,0.865
framing,189,nuisance_orthogonal,0,0.425
framing,189,naive_signal_max,0,0.09
framing,190,nuisance_orthogonal,0,0.735
framing,190,naive_signal_max,0,0.93
framing,191,nuisance_orthogonal,0,0.635
framing,191,naive_signal_max,0,0.92
framing,192,nuisance_orthogonal,0,0.095
framing,192,naive_signal_max,0,0.075
framing,193,nuisance_orthogonal,0,0.605
framing,193,naive_signal_max,0,0.18
framing,194,nuisance_orthogonal,0,0.78
framing,194,naive_signal_max,0,0.39
framing,195,nuisance_orthogonal,0,0.585
framing,195,naive_signal_max,0,0.985
framing,196,nuisance_orthogonal,0,0.06
framing,196,naive_signal_max,0,0.11
framing,197,nuisance_orthogonal,0,0.59
framing,197,naive_signal_max,0,0.615
framing,198,nuisance_orthogonal,0,0.9
framing,198,naive_signal_max,1,0.025
framing,199,nuisance_orthogonal,0,0.285
framing,199,naive_signal_max,0,0.45
nonlinear_scale,0,nuisance_orthogonal,0,0.08
nonlinear_scale,0,naive_signal_max,0,0.15
nonlinear_scale,1,nuisance_orthogonal,0,0.63
nonlinear_scale,1,naive_signal_max,0,0.61
nonlinear_scale,2,nuisance_orthogonal,0,0.495
nonlinear_scale,2,naive_signal_max,0,0.81
nonlinear_scale,3,nuisance_orthogonal,0,0.91
nonlinear_scale,3,naive_signal_max,0,0.595
nonlinear_scale,4,nuisance_orthogonal,0,0.875
nonlinear_scale,4,naive_signal_max,0,0.965
nonlinear_scale,5,nuisance_orthogonal,0,0.235
nonlinear_scale,5,naive_signal_max,0,0.13
nonlinear_scale,6,nuisance_orthogonal,0,0.145
nonlinear_scale,6,naive_signal_max,0,0.39
nonlinear_scale,7,nuisance_orthogonal,0,0.745
nonlinear_scale,7,naive_signal_max,0,0.235
nonlinear_scale,8,nuisance_orthogonal,0,0.9
nonlinear_scale,8,naive_signal_max,0,0.195
nonlinear_scale,9,nuisance_orthogonal,0,0.115
nonlinear_scale,9,naive_signal_max,0,0.89
nonlinear_scale,10,nuisance_orthogonal,0,0.335
nonlinear_scale,10,naive_signal_max,0,0.195
nonlinear_scale,11,nuisance_orthogonal,0,0.095
nonlinear_scale,11,naive_signal_max,0,0.86
nonlinear_scale,12,nuisance_orthogonal,0,0.515
nonlinear_scale,12,naive_signal_max,0,0.35
nonlinear_scale,13,nuisance_orthogonal,0,0.91
nonlinear_scale,13,naive_signal_max,1,0.025
nonlinear_scale,14,nuisance_orthogonal,0,0.49
nonlinear_scale,14,naive_signal_max,0,0.06
nonlinear_scale,15,nuisance_orthogonal,0,0.37
nonlinear_scale,15,naive_signal_max,0,0.225
nonlinear_scale,16,nuisance_orthogonal,0,0.88
nonlinear_scale,16,naive_signal_max,0,0.965
nonlinear_scale,17,nuisance_orthogonal,0,0.455
nonlinear_scale,17,naive_signal_max,0,0.56
nonlinear_scale,18,nuisance_orthogonal,0,0.675
nonlinear_scale,18,naive_signal_max,0,0.265
nonlinear_scale,19,nuisance_orthogonal,0,0.79
nonlinear_scale,19,naive_signal_max,0,0.42
nonlinear_scale,20,nuisance_orthogonal,0,0.395
nonlinear_scale,20,naive_signal_max,0,0.74
nonlinear_scale,21,nuisance_orthogonal,0,0.175
nonlinear_scale,21,naive_signal_max,0,0.245
nonlinear_scale,22,nuisance_orthogonal,0,0.375
nonlinear_scale,22,naive_signal_max,0,0.52
nonlinear_scale,23,nuisance_orthogonal,0,0.535
nonlinear_scale,23,naive_signal_max,0,0.19
nonlinear_scale,24,nuisance_orthogonal,0,0.76
nonlinear_scale,24,naive_signal_max,0,0.63
nonlinear_scale,25,nuisance_orthogonal,0,0.525
nonlinear_scale,25,naive_signal_max,0,0.38
nonlinear_scale,26,nuisance_orthogonal,0,0.25
nonlinear_scale,26,naive_signal_max,0,0.935
nonlinear_scale,27,nuisance_orthogonal,0,0.095
nonlinear_scale,27,naive_signal_max,0,0.59
nonlinear_scale,28,nuisance_orthogonal,0,0.21
nonlinear_scale,28,naive_signal_max,0,0.74
nonlinear_scale,29,nuisance_orthogonal,0,0.955
nonlinear_scale,29,naive_signal_max,0,0.835
nonlinear_scale,30,nuisance_orthogonal,0,0.42
nonlinear_scale,30,naive_signal_max,0,0.395
nonlinear_scale,31,nuisance_orthogonal,0,0.745
nonlinear_scale,31,naive_signal_max,0,0.665
nonlinear_scale,32,nuisance_orthogonal,0,0.485
nonlinear_scale,32,naive_signal_max,0,0.09
nonlinear_scale,33,nuisance_orthogonal,0,0.355
nonlinear_scale,33,naive_signal_max,0,0.2
nonlinear_scale,34,nuisance_orthogonal,0,0.615
nonlinear_scale,34,naive_signal_max,0,0.7
nonlinear_scale,35,nuisance_orthogonal,0,0.705
nonlinear_scale,35,naive_signal_max,0,0.215
nonlinear_scale,36,nuisance_orthogonal,0,0.63
nonlinear_scale,36,naive_signal_max,0,0.475
nonlinear_scale,37,nuisance_orthogonal,0,0.05
nonlinear_scale,37,naive_signal_max,0,0.955
nonlinear_scale,38,nuisance_orthogonal,0,0.71
nonlinear_scale,38,naive_signal_max,0,0.35
nonlinear_scale,39,nuisance_orthogonal,0,0.44
nonlinear_scale,39,naive_signal_max,0,0.475
nonlinear_scale,40,nuisance_orthogonal,0,0.49
nonlinear_scale,40,naive_signal_max,0,0.155
nonlinear_scale,41,nuisance_orthogonal,0,0.61
nonlinear_scale,41,naive_signal_max,0,0.925
nonlinear_scale,42,nuisance_orthogonal,1,0.045
nonlinear_scale,42,naive_signal_max,0,0.585
nonlinear_scale,43,nuisance_orthogonal,0,0.68
nonlinear_scale,43,naive_signal_max,0,0.68
nonlinear_scale,44,nuisance_orthogonal,0,0.88
nonlinear_scale,44,naive_signal_max,0,0.84
nonlinear_scale,45,nuisance_orthogonal,0,0.59
nonlinear_scale,45,naive_signal_max,0,0.87
nonlinear_scale,46,nuisance_orthogonal,0,0.98
nonlinear_scale,46,naive_signal_max,0,0.7
nonlinear_scale,47,nuisance_orthogonal,0,0.86
nonlinear_scale,47,naive_signal_max,0,0.32
nonlinear_scale,48,nuisance_orthogonal,0,0.66
nonlinear_scale,48,naive_signal_max,0,0.76
nonlinear_scale,49,nuisance_orthogonal,0,0.4
nonlinear_scale,49,naive_signal_max,0,0.135
nonlinear_scale,50,nuisance_orthogonal,0,0.385
nonlinear_scale,50,naive_signal_max,0,1.0
nonlinear_scale,51,nuisance_orthogonal,0,0.385
nonlinear_scale,51,naive_signal_max,0,0.64
nonlinear_scale,52,nuisance_orthogonal,0,0.585
nonlinear_scale,52,naive_signal_max,0,0.42
nonlinear_scale,53,nuisance_orthogonal,0,0.715
nonlinear_scale,53,naive_signal_max,0,0.855
nonlinear_scale,54,nuisance_orthogonal,0,0.72
nonlinear_scale,54,naive_signal_max,0,0.475
nonlinear_scale,55,nuisance_orthogonal,0,0.07
nonlinear_scale,55,naive_signal_max,0,0.675
nonlinear_scale,56,nuisance_orthogonal,0,0.385
nonlinear_scale,56,naive_signal_max,0,0.65
nonlinear_scale,57,nuisance_orthogonal,0,0.385
nonlinear_scale,57,naive_signal_max,0,0.47
nonlinear_scale,58,nuisance_orthogonal,0,0.595
nonlinear_scale,58,naive_signal_max,0,0.635
nonlinear_scale,59,nuisance_orthogonal,0,0.09
nonlinear_scale,59,naive_signal_max,0,0.51
nonlinear_scale,60,nuisance_orthogonal,0,0.555
nonlinear_scale,60,naive_signal_max,0,0.53
nonlinear_scale,61,nuisance_orthogonal,0,0.47
nonlinear_scale,61,naive_signal_max,0,0.56
nonlinear_scale,62,nuisance_orthogonal,0,0.42
nonlinear_scale,62,naive_signal_max,0,0.33
nonlinear_scale,63,nuisance_orthogonal,0,0.33
nonlinear_scale,63,naive_signal_max,0,0.42
nonlinear_scale,64,nuisance_orthogonal,0,0.755
nonlinear_scale,64,naive_signal_max,0,0.41
nonlinear_scale,65,nuisance_orthogonal,0,0.245
nonlinear_scale,65,naive_signal_max,0,0.96
nonlinear_scale,66,nuisance_orthogonal,0,0.23
nonlinear_scale,66,naive_signal_max,0,0.165
nonlinear_scale,67,nuisance_orthogonal,0,0.9
nonlinear_scale,67,naive_signal_max,0,0.76
nonlinear_scale,68,nuisance_orthogonal,0,0.735
nonlinear_scale,68,naive_signal_max,0,0.725
nonlinear_scale,69,nuisance_orthogonal,0,0.665
nonlinear_scale,69,naive_signal_max,0,0.86
nonlinear_scale,70,nuisance_orthogonal,0,0.38
nonlinear_scale,70,naive_signal_max,0,0.29
nonlinear_scale,71,nuisance_orthogonal,0,0.095
nonlinear_scale,71,naive_signal_max,0,0.525
nonlinear_scale,72,nuisance_orthogonal,0,0.215
nonlinear_scale,72,naive_signal_max,0,0.105
nonlinear_scale,73,nuisance_orthogonal,0,0.235
nonlinear_scale,73,naive_signal_max,0,0.77
nonlinear_scale,74,nuisance_orthogonal,0,0.415
nonlinear_scale,74,naive_signal_max,0,0.975
nonlinear_scale,75,nuisance_orthogonal,0,0.49
nonlinear_scale,75,naive_signal_max,0,0.205
nonlinear_scale,76,nuisance_orthogonal,0,0.27
nonlinear_scale,76,naive_signal_max,0,0.45
nonlinear_scale,77,nuisance_orthogonal,0,0.375
nonlinear_scale,77,naive_signal_max,0,0.4
nonlinear_scale,78,nuisance_orthogonal,0,0.695
nonlinear_scale,78,naive_signal_max,0,0.53
nonlinear_scale,79,nuisance_orthogonal,0,0.895
nonlinear_scale,79,naive_signal_max,0,0.925
nonlinear_scale,80,nuisance_orthogonal,0,0.755
nonlinear_scale,80,naive_signal_max,0,0.185
nonlinear_scale,81,nuisance_orthogonal,0,0.81
nonlinear_scale,81,naive_signal_max,0,0.63
nonlinear_scale,82,nuisance_orthogonal,0,0.87
nonlinear_scale,82,naive_signal_max,0,0.435
nonlinear_scale,83,nuisance_orthogonal,0,0.8
nonlinear_scale,83,naive_signal_max,0,0.805
nonlinear_scale,84,nuisance_orthogonal,0,0.95
nonlinear_scale,84,naive_signal_max,0,0.34
nonlinear_scale,85,nuisance_orthogonal,0,0.165
nonlinear_scale,85,naive_signal_max,0,0.83
nonlinear_scale,86,nuisance_orthogonal,0,0.595
nonlinear_scale,86,naive_signal_max,0,0.64
nonlinear_scale,87,nuisance_orthogonal,0,0.19
nonlinear_scale,87,naive_signal_max,0,0.94
nonlinear_scale,88,nuisance_orthogonal,0,0.52
nonlinear_scale,88,naive_signal_max,0,0.52
nonlinear_scale,89,nuisance_orthogonal,0,0.84
nonlinear_scale,89,naive_signal_max,0,0.32
nonlinear_scale,90,nuisance_orthogonal,0,0.795
nonlinear_scale,90,naive_signal_max,0,0.95
nonlinear_scale,91,nuisance_orthogonal,0,0.81
nonlinear_scale,91,naive_signal_max,0,0.95
nonlinear_scale,92,nuisance_orthogonal,0,0.775
nonlinear_scale,92,naive_signal_max,0,0.685
nonlinear_scale,93,nuisance_orthogonal,0,0.39
nonlinear_scale,93,naive_signal_max,0,0.75
nonlinear_scale,94,nuisance_orthogonal,1,0.035
nonlinear_scale,94,naive_signal_max,0,0.61
nonlinear_scale,95,nuisance_orthogonal,1,0.03
nonlinear_scale,95,naive_signal_max,0,0.7
nonlinear_scale,96,nuisance_orthogonal,0,0.5
nonlinear_scale,96,naive_signal_max,0,0.555
nonlinear_scale,97,nuisance_orthogonal,0,0.62
nonlinear_scale,97,naive_signal_max,0,0.785
nonlinear_scale,98,nuisance_orthogonal,0,0.36
nonlinear_scale,98,naive_signal_max,0,0.92
nonlinear_scale,99,nuisance_orthogonal,0,0.135
nonlinear_scale,99,naive_signal_max,0,0.24
nonlinear_scale,100,nuisance_orthogonal,0,0.725
nonlinear_scale,100,naive_signal_max,0,0.675
nonlinear_scale,101,nuisance_orthogonal,0,0.97
nonlinear_scale,101,naive_signal_max,0,0.485
nonlinear_scale,102,nuisance_orthogonal,0,0.555
nonlinear_scale,102,naive_signal_max,0,0.92
nonlinear_scale,103,nuisance_orthogonal,0,0.97
nonlinear_scale,103,naive_signal_max,1,0.02
nonlinear_scale,104,nuisance_orthogonal,0,0.345
nonlinear_scale,104,naive_signal_max,0,0.385
nonlinear_scale,105,nuisance_orthogonal,0,0.175
nonlinear_scale,105,naive_signal_max,0,0.075
nonlinear_scale,106,nuisance_orthogonal,0,0.38
nonlinear_scale,106,naive_signal_max,0,0.06
nonlinear_scale,107,nuisance_orthogonal,0,0.72
nonlinear_scale,107,naive_signal_max,0,0.84
nonlinear_scale,108,nuisance_orthogonal,0,0.185
nonlinear_scale,108,naive_signal_max,0,0.105
nonlinear_scale,109,nuisance_orthogonal,1,0.02
nonlinear_scale,109,naive_signal_max,0,0.26
nonlinear_scale,110,nuisance_orthogonal,0,0.56
nonlinear_scale,110,naive_signal_max,0,0.71
nonlinear_scale,111,nuisance_orthogonal,0,0.885
nonlinear_scale,111,naive_signal_max,0,0.725
nonlinear_scale,112,nuisance_orthogonal,0,0.095
nonlinear_scale,112,naive_signal_max,0,0.97
nonlinear_scale,113,nuisance_orthogonal,0,0.605
nonlinear_scale,113,naive_signal_max,0,0.27
nonlinear_scale,114,nuisance_orthogonal,0,0.845
nonlinear_scale,114,naive_signal_max,0,0.905
nonlinear_scale,115,nuisance_orthogonal,0,0.43
nonlinear_scale,115,naive_signal_max,0,0.17
nonlinear_scale,116,nuisance_orthogonal,0,0.48
nonlinear_scale,116,naive_signal_max,0,0.955
nonlinear_scale,117,nuisance_orthogonal,0,0.545
nonlinear_scale,117,naive_signal_max,0,0.11
nonlinear_scale,118,nuisance_orthogonal,0,0.295
nonlinear_scale,118,naive_signal_max,0,0.38
nonlinear_scale,119,nuisance_orthogonal,0,0.23
nonlinear_scale,119,naive_signal_max,0,0.755
nonlinear_scale,120,nuisance_orthogonal,0,0.51
nonlinear_scale,120,naive_signal_max,0,0.72
nonlinear_scale,121,nuisance_orthogonal,0,0.605
nonlinear_scale,121,naive_signal_max,0,0.6
nonlinear_scale,122,nuisance_orthogonal,0,0.605
nonlinear_scale,122,naive_signal_max,0,0.155
nonlinear_scale,123,nuisance_orthogonal,0,0.43
nonlinear_scale,123,naive_signal_max,0,0.28
nonlinear_scale,124,nuisance_orthogonal,0,0.79
nonlinear_scale,124,naive_signal_max,0,0.43
nonlinear_scale,125,nuisance_orthogonal,0,0.98
nonlinear_scale,125,naive_signal_max,0,0.6
nonlinear_scale,126,nuisance_orthogonal,0,0.965
nonlinear_scale,126,naive_signal_max,0,0.775
nonlinear_scale,127,nuisance_orthogonal,0,0.685
nonlinear_scale,127,naive_signal_max,0,0.22
nonlinear_scale,128,nuisance_orthogonal,0,0.075
nonlinear_scale,128,naive_signal_max,0,0.13
nonlinear_scale,129,nuisance_orthogonal,0,0.555
nonlinear_scale,129,naive_signal_max,0,0.73
nonlinear_scale,130,nuisance_orthogonal,0,0.295
nonlinear_scale,130,naive_signal_max,0,0.12
nonlinear_scale,131,nuisance_orthogonal,0,0.165
nonlinear_scale,131,naive_signal_max,0,0.53
nonlinear_scale,132,nuisance_orthogonal,0,0.395
nonlinear_scale,132,naive_signal_max,0,0.38
nonlinear_scale,133,nuisance_orthogonal,0,0.21
nonlinear_scale,133,naive_signal_max,0,0.545
nonlinear_scale,134,nuisance_orthogonal,0,0.865
nonlinear_scale,134,naive_signal_max,0,0.75
nonlinear_scale,135,nuisance_orthogonal,0,0.64
nonlinear_scale,135,naive_signal_max,0,0.545
nonlinear_scale,136,nuisance_orthogonal,0,0.14
nonlinear_scale,136,naive_signal_max,0,0.275
nonlinear_scale,137,nuisance_orthogonal,0,0.53
nonlinear_scale,137,naive_signal_max,0,0.61
nonlinear_scale,138,nuisance_orthogonal,0,0.765
nonlinear_scale,138,naive_signal_max,1,0.03
nonlinear_scale,139,nuisance_orthogonal,0,0.685
nonlinear_scale,139,naive_signal_max,0,0.075
nonlinear_scale,140,nuisance_orthogonal,0,0.375
nonlinear_scale,140,naive_signal_max,0,0.73
nonlinear_scale,141,nuisance_orthogonal,0,0.53
nonlinear_scale,141,naive_signal_max,0,0.165
nonlinear_scale,142,nuisance_orthogonal,0,0.985
nonlinear_scale,142,naive_signal_max,0,0.905
nonlinear_scale,143,nuisance_orthogonal,0,0.92
nonlinear_scale,143,naive_signal_max,0,0.4
nonlinear_scale,144,nuisance_orthogonal,0,0.665
nonlinear_scale,144,naive_signal_max,0,0.195
nonlinear_scale,145,nuisance_orthogonal,1,0.045
nonlinear_scale,145,naive_signal_max,0,0.625
nonlinear_scale,146,nuisance_orthogonal,0,0.455
nonlinear_scale,146,naive_signal_max,0,0.91
nonlinear_scale,147,nuisance_orthogonal,0,0.88
nonlinear_scale,147,naive_signal_max,0,0.11
nonlinear_scale,148,nuisance_orthogonal,0,0.825
nonlinear_scale,148,naive_signal_max,1,0.025
nonlinear_scale,149,nuisance_orthogonal,0,0.91
nonlinear_scale,149,naive_signal_max,0,0.51
nonlinear_scale,150,nuisance_orthogonal,0,0.155
nonlinear_scale,150,naive_signal_max,0,0.13
nonlinear_scale,151,nuisance_orthogonal,0,0.735
nonlinear_scale,151,naive_signal_max,0,0.355
nonlinear_scale,152,nuisance_orthogonal,0,0.76
nonlinear_scale,152,naive_signal_max,0,0.61
nonlinear_scale,153,nuisance_orthogonal,0,0.57
nonlinear_scale,153,naive_signal_max,1,0.03
nonlinear_scale,154,nuisance_orthogonal,0,0.665
nonlinear_scale,154,naive_signal_max,0,0.48
nonlinear_scale,155,nuisance_orthogonal,0,0.845
nonlinear_scale,155,naive_signal_max,0,0.405
nonlinear_scale,156,nuisance_orthogonal,0,0.955
nonlinear_scale,156,naive_signal_max,0,0.965
nonlinear_scale,157,nuisance_orthogonal,0,0.99
nonlinear_scale,157,naive_signal_max,0,0.54
nonlinear_scale,158,nuisance_orthogonal,0,0.275
nonlinear_scale,158,naive_signal_max,0,0.425
nonlinear_scale,159,nuisance_orthogonal,0,0.505
nonlinear_scale,159,naive_signal_max,0,0.98
nonlinear_scale,160,nuisance_orthogonal,0,0.175
nonlinear_scale,160,naive_signal_max,0,0.205
nonlinear_scale,161,nuisance_orthogonal,0,0.68
nonlinear_scale,161,naive_signal_max,0,0.8
nonlinear_scale,162,nuisance_orthogonal,0,0.475
nonlinear_scale,162,naive_signal_max,0,0.75
nonlinear_scale,163,nuisance_orthogonal,0,0.5
nonlinear_scale,163,naive_signal_max,0,0.115
nonlinear_scale,164,nuisance_orthogonal,0,0.625
nonlinear_scale,164,naive_signal_max,0,0.24
nonlinear_scale,165,nuisance_orthogonal,0,0.645
nonlinear_scale,165,naive_signal_max,0,0.57
nonlinear_scale,166,nuisance_orthogonal,0,0.255
nonlinear_scale,166,naive_signal_max,0,0.54
nonlinear_scale,167,nuisance_orthogonal,0,0.435
nonlinear_scale,167,naive_signal_max,0,0.525
nonlinear_scale,168,nuisance_orthogonal,0,0.915
nonlinear_scale,168,naive_signal_max,0,0.435
nonlinear_scale,169,nuisance_orthogonal,0,0.885
nonlinear_scale,169,naive_signal_max,0,0.05
nonlinear_scale,170,nuisance_orthogonal,0,0.755
nonlinear_scale,170,naive_signal_max,0,0.535
nonlinear_scale,171,nuisance_orthogonal,0,0.75
nonlinear_scale,171,naive_signal_max,0,0.64
nonlinear_scale,172,nuisance_orthogonal,0,0.725
nonlinear_scale,172,naive_signal_max,0,0.94
nonlinear_scale,173,nuisance_orthogonal,0,0.415
nonlinear_scale,173,naive_signal_max,0,0.94
nonlinear_scale,174,nuisance_orthogonal,0,0.265
nonlinear_scale,174,naive_signal_max,0,0.68
nonlinear_scale,175,nuisance_orthogonal,1,0.045
nonlinear_scale,175,naive_signal_max,0,0.53
nonlinear_scale,176,nuisance_orthogonal,0,0.125
nonlinear_scale,176,naive_signal_max,0,0.62
nonlinear_scale,177,nuisance_orthogonal,0,0.87
nonlinear_scale,177,naive_signal_max,0,0.35
nonlinear_scale,178,nuisance_orthogonal,0,0.325
nonlinear_scale,178,naive_signal_max,0,0.085
nonlinear_scale,179,nuisance_orthogonal,0,0.42
nonlinear_scale,179,naive_signal_max,0,0.82
nonlinear_scale,180,nuisance_orthogonal,0,0.46
nonlinear_scale,180,naive_signal_max,0,0.2
nonlinear_scale,181,nuisance_orthogonal,0,0.095
nonlinear_scale,181,naive_signal_max,0,0.525
nonlinear_scale,182,nuisance_orthogonal,0,0.885
nonlinear_scale,182,naive_signal_max,0,0.185
nonlinear_scale,183,nuisance_orthogonal,1,0.005
nonlinear_scale,183,naive_signal_max,0,0.885
nonlinear_scale,184,nuisance_orthogonal,0,0.47
nonlinear_scale,184,naive_signal_max,0,0.715
nonlinear_scale,185,nuisance_orthogonal,0,0.535
nonlinear_scale,185,naive_signal_max,0,0.14
nonlinear_scale,186,nuisance_orthogonal,0,0.055
nonlinear_scale,186,naive_signal_max,0,0.79
nonlinear_scale,187,nuisance_orthogonal,0,0.195
nonlinear_scale,187,naive_signal_max,1,0.035
nonlinear_scale,188,nuisance_orthogonal,0,0.78
nonlinear_scale,188,naive_signal_max,0,0.405
nonlinear_scale,189,nuisance_orthogonal,0,0.595
nonlinear_scale,189,naive_signal_max,1,0.045
nonlinear_scale,190,nuisance_orthogonal,0,0.585
nonlinear_scale,190,naive_signal_max,0,0.855
nonlinear_scale,191,nuisance_orthogonal,0,0.7
nonlinear_scale,191,naive_signal_max,0,0.6
nonlinear_scale,192,nuisance_orthogonal,0,0.15
nonlinear_scale,192,naive_signal_max,1,0.02
nonlinear_scale,193,nuisance_orthogonal,0,0.91
nonlinear_scale,193,naive_signal_max,0,0.41
nonlinear_scale,194,nuisance_orthogonal,0,0.885
nonlinear_scale,194,naive_signal_max,0,0.47
nonlinear_scale,195,nuisance_orthogonal,0,0.9
nonlinear_scale,195,naive_signal_max,0,0.935
nonlinear_scale,196,nuisance_orthogonal,0,0.685
nonlinear_scale,196,naive_signal_max,0,0.865
nonlinear_scale,197,nuisance_orthogonal,0,0.205
nonlinear_scale,197,naive_signal_max,0,0.77
nonlinear_scale,198,nuisance_orthogonal,0,0.85
nonlinear_scale,198,naive_signal_max,0,0.07
nonlinear_scale,199,nuisance_orthogonal,0,0.16
nonlinear_scale,199,naive_signal_max,0,0.74
unlisted_complexity,0,nuisance_orthogonal,0,0.235
unlisted_complexity,0,naive_signal_max,1,0.015
unlisted_complexity,1,nuisance_orthogonal,0,0.42
unlisted_complexity,1,naive_signal_max,0,0.795
unlisted_complexity,2,nuisance_orthogonal,0,0.26
unlisted_complexity,2,naive_signal_max,0,0.2
unlisted_complexity,3,nuisance_orthogonal,0,0.46
unlisted_complexity,3,naive_signal_max,0,0.87
unlisted_complexity,4,nuisance_orthogonal,0,0.505
unlisted_complexity,4,naive_signal_max,0,0.285
unlisted_complexity,5,nuisance_orthogonal,0,0.515
unlisted_complexity,5,naive_signal_max,0,0.075
unlisted_complexity,6,nuisance_orthogonal,1,0.02
unlisted_complexity,6,naive_signal_max,0,0.705
unlisted_complexity,7,nuisance_orthogonal,0,0.935
unlisted_complexity,7,naive_signal_max,0,0.15
unlisted_complexity,8,nuisance_orthogonal,0,0.755
unlisted_complexity,8,naive_signal_max,0,0.945
unlisted_complexity,9,nuisance_orthogonal,0,0.05
unlisted_complexity,9,naive_signal_max,0,0.13
unlisted_complexity,10,nuisance_orthogonal,0,0.215
unlisted_complexity,10,naive_signal_max,0,0.24
unlisted_complexity,11,nuisance_orthogonal,0,0.255
unlisted_complexity,11,naive_signal_max,0,0.72
unlisted_complexity,12,nuisance_orthogonal,0,0.95
unlisted_complexity,12,naive_signal_max,0,0.065
unlisted_complexity,13,nuisance_orthogonal,0,0.56
unlisted_complexity,13,naive_signal_max,0,0.92
unlisted_complexity,14,nuisance_orthogonal,0,0.915
unlisted_complexity,14,naive_signal_max,0,0.335
unlisted_complexity,15,nuisance_orthogonal,0,0.985
unlisted_complexity,15,naive_signal_max,0,0.51
unlisted_complexity,16,nuisance_orthogonal,0,0.93
unlisted_complexity,16,naive_signal_max,0,0.545
unlisted_complexity,17,nuisance_orthogonal,0,0.86
unlisted_complexity,17,naive_signal_max,0,0.18
unlisted_complexity,18,nuisance_orthogonal,0,0.41
unlisted_complexity,18,naive_signal_max,0,0.35
unlisted_complexity,19,nuisance_orthogonal,0,0.95
unlisted_complexity,19,naive_signal_max,0,0.09
unlisted_complexity,20,nuisance_orthogonal,0,0.605
unlisted_complexity,20,naive_signal_max,0,0.49
unlisted_complexity,21,nuisance_orthogonal,0,0.235
unlisted_complexity,21,naive_signal_max,0,0.51
unlisted_complexity,22,nuisance_orthogonal,0,0.29
unlisted_complexity,22,naive_signal_max,0,0.35
unlisted_complexity,23,nuisance_orthogonal,0,0.305
unlisted_complexity,23,naive_signal_max,0,0.325
unlisted_complexity,24,nuisance_orthogonal,0,0.79
unlisted_complexity,24,naive_signal_max,0,0.18
unlisted_complexity,25,nuisance_orthogonal,0,0.445
unlisted_complexity,25,naive_signal_max,1,0.02
unlisted_complexity,26,nuisance_orthogonal,0,0.71
unlisted_complexity,26,naive_signal_max,0,0.15
unlisted_complexity,27,nuisance_orthogonal,0,0.67
unlisted_complexity,27,naive_signal_max,0,0.8
unlisted_complexity,28,nuisance_orthogonal,0,0.345
unlisted_complexity,28,naive_signal_max,0,0.67
unlisted_complexity,29,nuisance_orthogonal,0,0.98
unlisted_complexity,29,naive_signal_max,0,0.735
unlisted_complexity,30,nuisance_orthogonal,0,0.355
unlisted_complexity,30,naive_signal_max,0,1.0
unlisted_complexity,31,nuisance_orthogonal,0,0.245
unlisted_complexity,31,naive_signal_max,0,0.735
unlisted_complexity,32,nuisance_orthogonal,0,0.85
unlisted_complexity,32,naive_signal_max,0,0.9
unlisted_complexity,33,nuisance_orthogonal,0,0.635
unlisted_complexity,33,naive_signal_max,0,0.11
unlisted_complexity,34,nuisance_orthogonal,0,0.095
unlisted_complexity,34,naive_signal_max,0,0.53
unlisted_complexity,35,nuisance_orthogonal,0,0.34
unlisted_complexity,35,naive_signal_max,0,0.06
unlisted_complexity,36,nuisance_orthogonal,0,0.475
unlisted_complexity,36,naive_signal_max,0,0.525
unlisted_complexity,37,nuisance_orthogonal,0,0.235
unlisted_complexity,37,naive_signal_max,0,0.34
unlisted_complexity,38,nuisance_orthogonal,0,0.645
unlisted_complexity,38,naive_signal_max,0,0.695
unlisted_complexity,39,nuisance_orthogonal,0,0.245
unlisted_complexity,39,naive_signal_max,0,0.18
unlisted_complexity,40,nuisance_orthogonal,0,0.3
unlisted_complexity,40,naive_signal_max,0,0.055
unlisted_complexity,41,nuisance_orthogonal,0,0.555
unlisted_complexity,41,naive_signal_max,0,0.605
unlisted_complexity,42,nuisance_orthogonal,0,0.235
unlisted_complexity,42,naive_signal_max,0,0.59
unlisted_complexity,43,nuisance_orthogonal,0,0.74
unlisted_complexity,43,naive_signal_max,0,0.775
unlisted_complexity,44,nuisance_orthogonal,0,0.96
unlisted_complexity,44,naive_signal_max,0,0.14
unlisted_complexity,45,nuisance_orthogonal,0,0.27
unlisted_complexity,45,naive_signal_max,0,0.955
unlisted_complexity,46,nuisance_orthogonal,1,0.035
unlisted_complexity,46,naive_signal_max,0,0.05
unlisted_complexity,47,nuisance_orthogonal,0,0.295
unlisted_complexity,47,naive_signal_max,1,0.01
unlisted_complexity,48,nuisance_orthogonal,0,0.645
unlisted_complexity,48,naive_signal_max,0,0.69
unlisted_complexity,49,nuisance_orthogonal,0,0.76
unlisted_complexity,49,naive_signal_max,0,0.09
unlisted_complexity,50,nuisance_orthogonal,0,0.42
unlisted_complexity,50,naive_signal_max,0,0.08
unlisted_complexity,51,nuisance_orthogonal,0,0.815
unlisted_complexity,51,naive_signal_max,0,0.93
unlisted_complexity,52,nuisance_orthogonal,0,0.35
unlisted_complexity,52,naive_signal_max,0,0.36
unlisted_complexity,53,nuisance_orthogonal,0,0.225
unlisted_complexity,53,naive_signal_max,0,0.195
unlisted_complexity,54,nuisance_orthogonal,0,0.985
unlisted_complexity,54,naive_signal_max,0,0.705
unlisted_complexity,55,nuisance_orthogonal,0,0.275
unlisted_complexity,55,naive_signal_max,0,0.63
unlisted_complexity,56,nuisance_orthogonal,0,0.595
unlisted_complexity,56,naive_signal_max,0,0.295
unlisted_complexity,57,nuisance_orthogonal,0,0.625
unlisted_complexity,57,naive_signal_max,0,0.435
unlisted_complexity,58,nuisance_orthogonal,0,0.32
unlisted_complexity,58,naive_signal_max,0,0.445
unlisted_complexity,59,nuisance_orthogonal,0,0.1
unlisted_complexity,59,naive_signal_max,0,0.73
unlisted_complexity,60,nuisance_orthogonal,0,0.85
unlisted_complexity,60,naive_signal_max,0,0.775
unlisted_complexity,61,nuisance_orthogonal,0,0.9
unlisted_complexity,61,naive_signal_max,0,0.85
unlisted_complexity,62,nuisance_orthogonal,0,0.18
unlisted_complexity,62,naive_signal_max,0,0.94
unlisted_complexity,63,nuisance_orthogonal,0,0.21
unlisted_complexity,63,naive_signal_max,0,0.605
unlisted_complexity,64,nuisance_orthogonal,0,0.295
unlisted_complexity,64,naive_signal_max,0,0.885
unlisted_complexity,65,nuisance_orthogonal,0,0.555
unlisted_complexity,65,naive_signal_max,0,0.71
unlisted_complexity,66,nuisance_orthogonal,0,0.9
unlisted_complexity,66,naive_signal_max,0,0.085
unlisted_complexity,67,nuisance_orthogonal,0,0.245
unlisted_complexity,67,naive_signal_max,0,0.87
unlisted_complexity,68,nuisance_orthogonal,0,0.545
unlisted_complexity,68,naive_signal_max,0,0.385
unlisted_complexity,69,nuisance_orthogonal,0,0.385
unlisted_complexity,69,naive_signal_max,0,0.77
unlisted_complexity,70,nuisance_orthogonal,0,0.3
unlisted_complexity,70,naive_signal_max,0,0.18
unlisted_complexity,71,nuisance_orthogonal,0,0.2
unlisted_complexity,71,naive_signal_max,0,0.145
unlisted_complexity,72,nuisance_orthogonal,0,0.195
unlisted_complexity,72,naive_signal_max,1,0.025
unlisted_complexity,73,nuisance_orthogonal,1,0.045
unlisted_complexity,73,naive_signal_max,0,0.285
unlisted_complexity,74,nuisance_orthogonal,0,0.705
unlisted_complexity,74,naive_signal_max,0,0.175
unlisted_complexity,75,nuisance_orthogonal,0,0.12
unlisted_complexity,75,naive_signal_max,0,0.52
unlisted_complexity,76,nuisance_orthogonal,0,0.225
unlisted_complexity,76,naive_signal_max,0,0.175
unlisted_complexity,77,nuisance_orthogonal,0,0.455
unlisted_complexity,77,naive_signal_max,0,0.1
unlisted_complexity,78,nuisance_orthogonal,0,0.33
unlisted_complexity,78,naive_signal_max,0,0.415
unlisted_complexity,79,nuisance_orthogonal,0,0.265
unlisted_complexity,79,naive_signal_max,0,0.69
unlisted_complexity,80,nuisance_orthogonal,0,0.945
unlisted_complexity,80,naive_signal_max,0,0.13
unlisted_complexity,81,nuisance_orthogonal,0,0.7
unlisted_complexity,81,naive_signal_max,0,0.27
unlisted_complexity,82,nuisance_orthogonal,0,0.92
unlisted_complexity,82,naive_signal_max,0,0.655
unlisted_complexity,83,nuisance_orthogonal,0,0.735
unlisted_complexity,83,naive_signal_max,0,0.07
unlisted_complexity,84,nuisance_orthogonal,0,0.505
unlisted_complexity,84,naive_signal_max,0,0.19
unlisted_complexity,85,nuisance_orthogonal,1,0.005
unlisted_complexity,85,naive_signal_max,0,0.38
unlisted_complexity,86,nuisance_orthogonal,0,0.25
unlisted_complexity,86,naive_signal_max,0,0.18
unlisted_complexity,87,nuisance_orthogonal,0,0.2
unlisted_complexity,87,naive_signal_max,0,0.16
unlisted_complexity,88,nuisance_orthogonal,0,0.79
unlisted_complexity,88,naive_signal_max,0,0.925
unlisted_complexity,89,nuisance_orthogonal,0,0.575
unlisted_complexity,89,naive_signal_max,0,0.91
unlisted_complexity,90,nuisance_orthogonal,0,0.955
unlisted_complexity,90,naive_signal_max,0,0.67
unlisted_complexity,91,nuisance_orthogonal,0,0.815
unlisted_complexity,91,naive_signal_max,0,0.26
unlisted_complexity,92,nuisance_orthogonal,0,0.385
unlisted_complexity,92,naive_signal_max,1,0.015
unlisted_complexity,93,nuisance_orthogonal,0,0.385
unlisted_complexity,93,naive_signal_max,0,0.9
unlisted_complexity,94,nuisance_orthogonal,0,0.265
unlisted_complexity,94,naive_signal_max,0,0.88
unlisted_complexity,95,nuisance_orthogonal,1,0.03
unlisted_complexity,95,naive_signal_max,0,0.31
unlisted_complexity,96,nuisance_orthogonal,0,0.7
unlisted_complexity,96,naive_signal_max,0,0.15
unlisted_complexity,97,nuisance_orthogonal,0,0.51
unlisted_complexity,97,naive_signal_max,0,0.755
unlisted_complexity,98,nuisance_orthogonal,0,0.39
unlisted_complexity,98,naive_signal_max,0,0.635
unlisted_complexity,99,nuisance_orthogonal,0,0.535
unlisted_complexity,99,naive_signal_max,0,0.09
unlisted_complexity,100,nuisance_orthogonal,0,0.65
unlisted_complexity,100,naive_signal_max,0,0.17
unlisted_complexity,101,nuisance_orthogonal,0,0.655
unlisted_complexity,101,naive_signal_max,0,0.19
unlisted_complexity,102,nuisance_orthogonal,0,0.655
unlisted_complexity,102,naive_signal_max,0,0.555
unlisted_complexity,103,nuisance_orthogonal,0,0.67
unlisted_complexity,103,naive_signal_max,1,0.03
unlisted_complexity,104,nuisance_orthogonal,0,0.51
unlisted_complexity,104,naive_signal_max,1,0.005
unlisted_complexity,105,nuisance_orthogonal,0,0.125
unlisted_complexity,105,naive_signal_max,0,0.585
unlisted_complexity,106,nuisance_orthogonal,0,0.77
unlisted_complexity,106,naive_signal_max,0,0.12
unlisted_complexity,107,nuisance_orthogonal,0,0.335
unlisted_complexity,107,naive_signal_max,0,0.58
unlisted_complexity,108,nuisance_orthogonal,0,0.265
unlisted_complexity,108,naive_signal_max,0,0.145
unlisted_complexity,109,nuisance_orthogonal,1,0.04
unlisted_complexity,109,naive_signal_max,0,0.895
unlisted_complexity,110,nuisance_orthogonal,0,0.785
unlisted_complexity,110,naive_signal_max,0,0.335
unlisted_complexity,111,nuisance_orthogonal,0,0.545
unlisted_complexity,111,naive_signal_max,0,0.06
unlisted_complexity,112,nuisance_orthogonal,0,0.165
unlisted_complexity,112,naive_signal_max,0,0.81
unlisted_complexity,113,nuisance_orthogonal,0,0.52
unlisted_complexity,113,naive_signal_max,1,0.045
unlisted_complexity,114,nuisance_orthogonal,0,0.635
unlisted_complexity,114,naive_signal_max,0,0.295
unlisted_complexity,115,nuisance_orthogonal,0,0.685
unlisted_complexity,115,naive_signal_max,0,0.175
unlisted_complexity,116,nuisance_orthogonal,0,0.27
unlisted_complexity,116,naive_signal_max,0,0.355
unlisted_complexity,117,nuisance_orthogonal,0,0.635
unlisted_complexity,117,naive_signal_max,0,0.06
unlisted_complexity,118,nuisance_orthogonal,0,0.99
unlisted_complexity,118,naive_signal_max,0,0.56
unlisted_complexity,119,nuisance_orthogonal,0,0.12
unlisted_complexity,119,naive_signal_max,0,0.63
unlisted_complexity,120,nuisance_orthogonal,0,0.19
unlisted_complexity,120,naive_signal_max,0,0.21
unlisted_complexity,121,nuisance_orthogonal,0,0.725
unlisted_complexity,121,naive_signal_max,0,0.89
unlisted_complexity,122,nuisance_orthogonal,0,0.5
unlisted_complexity,122,naive_signal_max,0,0.05
unlisted_complexity,123,nuisance_orthogonal,0,0.68
unlisted_complexity,123,naive_signal_max,0,0.85
unlisted_complexity,124,nuisance_orthogonal,0,0.52
unlisted_complexity,124,naive_signal_max,0,0.86
unlisted_complexity,125,nuisance_orthogonal,0,0.935
unlisted_complexity,125,naive_signal_max,0,0.155
unlisted_complexity,126,nuisance_orthogonal,0,0.73
unlisted_complexity,126,naive_signal_max,0,0.57
unlisted_complexity,127,nuisance_orthogonal,0,0.51
unlisted_complexity,127,naive_signal_max,0,0.99
unlisted_complexity,128,nuisance_orthogonal,0,0.23
unlisted_complexity,128,naive_signal_max,1,0.035
unlisted_complexity,129,nuisance_orthogonal,0,0.12
unlisted_complexity,129,naive_signal_max,0,0.67
unlisted_complexity,130,nuisance_orthogonal,0,0.29
unlisted_complexity,130,naive_signal_max,1,0.02
unlisted_complexity,131,nuisance_orthogonal,0,0.85
unlisted_complexity,131,naive_signal_max,0,0.835
unlisted_complexity,132,nuisance_orthogonal,0,0.62
unlisted_complexity,132,naive_signal_max,0,0.075
unlisted_complexity,133,nuisance_orthogonal,0,0.435
unlisted_complexity,133,naive_signal_max,0,0.14
unlisted_complexity,134,nuisance_orthogonal,0,0.765
unlisted_complexity,134,naive_signal_max,0,0.36
unlisted_complexity,135,nuisance_orthogonal,0,0.335
unlisted_complexity,135,naive_signal_max,0,0.145
unlisted_complexity,136,nuisance_orthogonal,0,0.62
unlisted_complexity,136,naive_signal_max,0,0.06
unlisted_complexity,137,nuisance_orthogonal,0,0.66
unlisted_complexity,137,naive_signal_max,0,0.195
unlisted_complexity,138,nuisance_orthogonal,0,0.805
unlisted_complexity,138,naive_signal_max,0,0.535
unlisted_complexity,139,nuisance_orthogonal,0,0.24
unlisted_complexity,139,naive_signal_max,1,0.015
unlisted_complexity,140,nuisance_orthogonal,0,0.125
unlisted_complexity,140,naive_signal_max,0,0.405
unlisted_complexity,141,nuisance_orthogonal,0,0.435
unlisted_complexity,141,naive_signal_max,1,0.005
unlisted_complexity,142,nuisance_orthogonal,0,0.935
unlisted_complexity,142,naive_signal_max,0,0.495
unlisted_complexity,143,nuisance_orthogonal,0,0.55
unlisted_complexity,143,naive_signal_max,0,0.775
unlisted_complexity,144,nuisance_orthogonal,0,0.565
unlisted_complexity,144,naive_signal_max,0,0.625
unlisted_complexity,145,nuisance_orthogonal,0,0.35
unlisted_complexity,145,naive_signal_max,0,0.34
unlisted_complexity,146,nuisance_orthogonal,0,0.81
unlisted_complexity,146,naive_signal_max,0,0.27
unlisted_complexity,147,nuisance_orthogonal,0,0.73
unlisted_complexity,147,naive_signal_max,0,0.9
unlisted_complexity,148,nuisance_orthogonal,0,0.57
unlisted_complexity,148,naive_signal_max,1,0.02
unlisted_complexity,149,nuisance_orthogonal,0,0.77
unlisted_complexity,149,naive_signal_max,0,0.07
unlisted_complexity,150,nuisance_orthogonal,0,0.075
unlisted_complexity,150,naive_signal_max,1,0.02
unlisted_complexity,151,nuisance_orthogonal,0,0.405
unlisted_complexity,151,naive_signal_max,0,0.255
unlisted_complexity,152,nuisance_orthogonal,0,0.73
unlisted_complexity,152,naive_signal_max,0,0.185
unlisted_complexity,153,nuisance_orthogonal,0,0.61
unlisted_complexity,153,naive_signal_max,1,0.025
unlisted_complexity,154,nuisance_orthogonal,0,0.46
unlisted_complexity,154,naive_signal_max,0,0.57
unlisted_complexity,155,nuisance_orthogonal,0,0.465
unlisted_complexity,155,naive_signal_max,0,0.985
unlisted_complexity,156,nuisance_orthogonal,0,0.22
unlisted_complexity,156,naive_signal_max,0,0.19
unlisted_complexity,157,nuisance_orthogonal,0,0.9
unlisted_complexity,157,naive_signal_max,0,0.37
unlisted_complexity,158,nuisance_orthogonal,0,0.255
unlisted_complexity,158,naive_signal_max,1,0.025
unlisted_complexity,159,nuisance_orthogonal,0,0.88
unlisted_complexity,159,naive_signal_max,0,0.66
unlisted_complexity,160,nuisance_orthogonal,0,0.08
unlisted_complexity,160,naive_signal_max,0,0.86
unlisted_complexity,161,nuisance_orthogonal,0,0.86
unlisted_complexity,161,naive_signal_max,0,0.41
unlisted_complexity,162,nuisance_orthogonal,0,0.11
unlisted_complexity,162,naive_signal_max,1,0.035
unlisted_complexity,163,nuisance_orthogonal,0,0.625
unlisted_complexity,163,naive_signal_max,0,0.925
unlisted_complexity,164,nuisance_orthogonal,0,0.26
unlisted_complexity,164,naive_signal_max,0,0.69
unlisted_complexity,165,nuisance_orthogonal,0,0.41
unlisted_complexity,165,naive_signal_max,0,0.45
unlisted_complexity,166,nuisance_orthogonal,0,0.455
unlisted_complexity,166,naive_signal_max,0,0.125
unlisted_complexity,167,nuisance_orthogonal,0,0.9
unlisted_complexity,167,naive_signal_max,0,0.57
unlisted_complexity,168,nuisance_orthogonal,0,0.985
unlisted_complexity,168,naive_signal_max,0,0.13
unlisted_complexity,169,nuisance_orthogonal,0,0.845
unlisted_complexity,169,naive_signal_max,0,0.49
unlisted_complexity,170,nuisance_orthogonal,0,0.725
unlisted_complexity,170,naive_signal_max,0,0.33
unlisted_complexity,171,nuisance_orthogonal,0,0.885
unlisted_complexity,171,naive_signal_max,0,0.24
unlisted_complexity,172,nuisance_orthogonal,0,0.955
unlisted_complexity,172,naive_signal_max,0,0.53
unlisted_complexity,173,nuisance_orthogonal,0,0.685
unlisted_complexity,173,naive_signal_max,0,0.59
unlisted_complexity,174,nuisance_orthogonal,0,0.315
unlisted_complexity,174,naive_signal_max,0,0.76
unlisted_complexity,175,nuisance_orthogonal,0,0.05
unlisted_complexity,175,naive_signal_max,0,0.84
unlisted_complexity,176,nuisance_orthogonal,1,0.01
unlisted_complexity,176,naive_signal_max,0,0.13
unlisted_complexity,177,nuisance_orthogonal,0,0.555
unlisted_complexity,177,naive_signal_max,0,0.885
unlisted_complexity,178,nuisance_orthogonal,0,0.13
unlisted_complexity,178,naive_signal_max,0,0.12
unlisted_complexity,179,nuisance_orthogonal,0,0.905
unlisted_complexity,179,naive_signal_max,0,0.52
unlisted_complexity,180,nuisance_orthogonal,0,0.25
unlisted_complexity,180,naive_signal_max,0,0.925
unlisted_complexity,181,nuisance_orthogonal,0,0.11
unlisted_complexity,181,naive_signal_max,0,0.72
unlisted_complexity,182,nuisance_orthogonal,0,0.615
unlisted_complexity,182,naive_signal_max,0,0.99
unlisted_complexity,183,nuisance_orthogonal,0,0.09
unlisted_complexity,183,naive_signal_max,0,0.85
unlisted_complexity,184,nuisance_orthogonal,0,0.93
unlisted_complexity,184,naive_signal_max,0,0.185
unlisted_complexity,185,nuisance_orthogonal,0,0.135
unlisted_complexity,185,naive_signal_max,1,0.01
unlisted_complexity,186,nuisance_orthogonal,0,0.075
unlisted_complexity,186,naive_signal_max,0,0.905
unlisted_complexity,187,nuisance_orthogonal,0,0.185
unlisted_complexity,187,naive_signal_max,1,0.01
unlisted_complexity,188,nuisance_orthogonal,0,0.5
unlisted_complexity,188,naive_signal_max,0,0.785
unlisted_complexity,189,nuisance_orthogonal,0,0.905
unlisted_complexity,189,naive_signal_max,0,0.76
unlisted_complexity,190,nuisance_orthogonal,0,0.91
unlisted_complexity,190,naive_signal_max,0,0.86
unlisted_complexity,191,nuisance_orthogonal,0,0.885
unlisted_complexity,191,naive_signal_max,0,0.7
unlisted_complexity,192,nuisance_orthogonal,0,0.31
unlisted_complexity,192,naive_signal_max,0,0.56
unlisted_complexity,193,nuisance_orthogonal,0,0.955
unlisted_complexity,193,naive_signal_max,0,0.73
unlisted_complexity,194,nuisance_orthogonal,0,0.89
unlisted_complexity,194,naive_signal_max,0,0.82
unlisted_complexity,195,nuisance_orthogonal,0,0.855
unlisted_complexity,195,naive_signal_max,0,0.52
unlisted_complexity,196,nuisance_orthogonal,0,0.23
unlisted_complexity,196,naive_signal_max,1,0.01
unlisted_complexity,197,nuisance_orthogonal,0,0.93
unlisted_complexity,197,naive_signal_max,0,0.25
unlisted_complexity,198,nuisance_orthogonal,0,0.635
unlisted_complexity,198,naive_signal_max,0,0.875
unlisted_complexity,199,nuisance_orthogonal,0,0.06
unlisted_complexity,199,naive_signal_max,0,0.085
out_of_library_complexity,0,nuisance_orthogonal,0,0.175
out_of_library_complexity,0,naive_signal_max,1,0.015
out_of_library_complexity,1,nuisance_orthogonal,0,0.69
out_of_library_complexity,1,naive_signal_max,0,0.685
out_of_library_complexity,2,nuisance_orthogonal,0,0.15
out_of_library_complexity,2,naive_signal_max,0,0.16
out_of_library_complexity,3,nuisance_orthogonal,0,0.71
out_of_library_complexity,3,naive_signal_max,0,0.95
out_of_library_complexity,4,nuisance_orthogonal,0,0.55
out_of_library_complexity,4,naive_signal_max,0,0.105
out_of_library_complexity,5,nuisance_orthogonal,0,0.415
out_of_library_complexity,5,naive_signal_max,1,0.03
out_of_library_complexity,6,nuisance_orthogonal,0,0.09
out_of_library_complexity,6,naive_signal_max,0,0.82
out_of_library_complexity,7,nuisance_orthogonal,0,0.845
out_of_library_complexity,7,naive_signal_max,0,0.09
out_of_library_complexity,8,nuisance_orthogonal,0,0.84
out_of_library_complexity,8,naive_signal_max,0,0.825
out_of_library_complexity,9,nuisance_orthogonal,0,0.08
out_of_library_complexity,9,naive_signal_max,0,0.095
out_of_library_complexity,10,nuisance_orthogonal,0,0.315
out_of_library_complexity,10,naive_signal_max,0,0.155
out_of_library_complexity,11,nuisance_orthogonal,0,0.13
out_of_library_complexity,11,naive_signal_max,0,0.455
out_of_library_complexity,12,nuisance_orthogonal,0,0.84
out_of_library_complexity,12,naive_signal_max,1,0.03
out_of_library_complexity,13,nuisance_orthogonal,0,0.875
out_of_library_complexity,13,naive_signal_max,0,0.985
out_of_library_complexity,14,nuisance_orthogonal,0,0.6
out_of_library_complexity,14,naive_signal_max,0,0.41
out_of_library_complexity,15,nuisance_orthogonal,0,0.655
out_of_library_complexity,15,naive_signal_max,0,0.445
out_of_library_complexity,16,nuisance_orthogonal,0,0.98
out_of_library_complexity,16,naive_signal_max,0,0.485
out_of_library_complexity,17,nuisance_orthogonal,0,0.705
out_of_library_complexity,17,naive_signal_max,0,0.125
out_of_library_complexity,18,nuisance_orthogonal,0,0.26
out_of_library_complexity,18,naive_signal_max,0,0.355
out_of_library_complexity,19,nuisance_orthogonal,0,0.805
out_of_library_complexity,19,naive_signal_max,0,0.075
out_of_library_complexity,20,nuisance_orthogonal,0,0.67
out_of_library_complexity,20,naive_signal_max,0,0.41
out_of_library_complexity,21,nuisance_orthogonal,0,0.325
out_of_library_complexity,21,naive_signal_max,0,0.73
out_of_library_complexity,22,nuisance_orthogonal,0,0.27
out_of_library_complexity,22,naive_signal_max,0,0.365
out_of_library_complexity,23,nuisance_orthogonal,0,0.17
out_of_library_complexity,23,naive_signal_max,0,0.51
out_of_library_complexity,24,nuisance_orthogonal,0,0.875
out_of_library_complexity,24,naive_signal_max,0,0.175
out_of_library_complexity,25,nuisance_orthogonal,0,0.385
out_of_library_complexity,25,naive_signal_max,1,0.02
out_of_library_complexity,26,nuisance_orthogonal,0,0.45
out_of_library_complexity,26,naive_signal_max,0,0.1
out_of_library_complexity,27,nuisance_orthogonal,0,0.415
out_of_library_complexity,27,naive_signal_max,0,0.53
out_of_library_complexity,28,nuisance_orthogonal,0,0.4
out_of_library_complexity,28,naive_signal_max,0,0.45
out_of_library_complexity,29,nuisance_orthogonal,0,0.915
out_of_library_complexity,29,naive_signal_max,0,0.655
out_of_library_complexity,30,nuisance_orthogonal,0,0.405
out_of_library_complexity,30,naive_signal_max,0,0.8
out_of_library_complexity,31,nuisance_orthogonal,0,0.29
out_of_library_complexity,31,naive_signal_max,0,0.615
out_of_library_complexity,32,nuisance_orthogonal,0,0.71
out_of_library_complexity,32,naive_signal_max,0,0.765
out_of_library_complexity,33,nuisance_orthogonal,0,0.6
out_of_library_complexity,33,naive_signal_max,0,0.095
out_of_library_complexity,34,nuisance_orthogonal,0,0.105
out_of_library_complexity,34,naive_signal_max,0,0.355
out_of_library_complexity,35,nuisance_orthogonal,0,0.26
out_of_library_complexity,35,naive_signal_max,0,0.13
out_of_library_complexity,36,nuisance_orthogonal,0,0.695
out_of_library_complexity,36,naive_signal_max,0,0.395
out_of_library_complexity,37,nuisance_orthogonal,0,0.13
out_of_library_complexity,37,naive_signal_max,0,0.315
out_of_library_complexity,38,nuisance_orthogonal,0,0.42
out_of_library_complexity,38,naive_signal_max,0,0.795
out_of_library_complexity,39,nuisance_orthogonal,0,0.09
out_of_library_complexity,39,naive_signal_max,0,0.11
out_of_library_complexity,40,nuisance_orthogonal,0,0.405
out_of_library_complexity,40,naive_signal_max,1,0.015
out_of_library_complexity,41,nuisance_orthogonal,0,0.64
out_of_library_complexity,41,naive_signal_max,0,0.57
out_of_library_complexity,42,nuisance_orthogonal,0,0.1
out_of_library_complexity,42,naive_signal_max,0,0.55
out_of_library_complexity,43,nuisance_orthogonal,0,0.925
out_of_library_complexity,43,naive_signal_max,0,0.765
out_of_library_complexity,44,nuisance_orthogonal,0,0.805
out_of_library_complexity,44,naive_signal_max,0,0.085
out_of_library_complexity,45,nuisance_orthogonal,0,0.385
out_of_library_complexity,45,naive_signal_max,0,0.855
out_of_library_complexity,46,nuisance_orthogonal,0,0.05
out_of_library_complexity,46,naive_signal_max,1,0.04
out_of_library_complexity,47,nuisance_orthogonal,0,0.435
out_of_library_complexity,47,naive_signal_max,1,0.01
out_of_library_complexity,48,nuisance_orthogonal,0,0.555
out_of_library_complexity,48,naive_signal_max,0,0.495
out_of_library_complexity,49,nuisance_orthogonal,0,0.56
out_of_library_complexity,49,naive_signal_max,0,0.075
out_of_library_complexity,50,nuisance_orthogonal,0,0.555
out_of_library_complexity,50,naive_signal_max,0,0.075
out_of_library_complexity,51,nuisance_orthogonal,0,0.92
out_of_library_complexity,51,naive_signal_max,0,0.805
out_of_library_complexity,52,nuisance_orthogonal,0,0.4
out_of_library_complexity,52,naive_signal_max,0,0.345
out_of_library_complexity,53,nuisance_orthogonal,0,0.505
out_of_library_complexity,53,naive_signal_max,0,0.17
out_of_library_complexity,54,nuisance_orthogonal,0,0.89
out_of_library_complexity,54,naive_signal_max,0,0.585
out_of_library_complexity,55,nuisance_orthogonal,0,0.175
out_of_library_complexity,55,naive_signal_max,0,0.485
out_of_library_complexity,56,nuisance_orthogonal,0,0.94
out_of_library_complexity,56,naive_signal_max,0,0.28
out_of_library_complexity,57,nuisance_orthogonal,0,0.45
out_of_library_complexity,57,naive_signal_max,0,0.29
out_of_library_complexity,58,nuisance_orthogonal,0,0.55
out_of_library_complexity,58,naive_signal_max,0,0.26
out_of_library_complexity,59,nuisance_orthogonal,0,0.12
out_of_library_complexity,59,naive_signal_max,0,0.595
out_of_library_complexity,60,nuisance_orthogonal,0,0.92
out_of_library_complexity,60,naive_signal_max,0,0.51
out_of_library_complexity,61,nuisance_orthogonal,0,0.745
out_of_library_complexity,61,naive_signal_max,0,0.68
out_of_library_complexity,62,nuisance_orthogonal,1,0.045
out_of_library_complexity,62,naive_signal_max,0,0.85
out_of_library_complexity,63,nuisance_orthogonal,0,0.175
out_of_library_complexity,63,naive_signal_max,0,0.48
out_of_library_complexity,64,nuisance_orthogonal,0,0.29
out_of_library_complexity,64,naive_signal_max,0,0.77
out_of_library_complexity,65,nuisance_orthogonal,0,0.71
out_of_library_complexity,65,naive_signal_max,0,0.555
out_of_library_complexity,66,nuisance_orthogonal,0,0.895
out_of_library_complexity,66,naive_signal_max,0,0.08
out_of_library_complexity,67,nuisance_orthogonal,0,0.205
out_of_library_complexity,67,naive_signal_max,0,0.99
out_of_library_complexity,68,nuisance_orthogonal,0,0.54
out_of_library_complexity,68,naive_signal_max,0,0.295
out_of_library_complexity,69,nuisance_orthogonal,0,0.355
out_of_library_complexity,69,naive_signal_max,0,0.58
out_of_library_complexity,70,nuisance_orthogonal,0,0.575
out_of_library_complexity,70,naive_signal_max,0,0.125
out_of_library_complexity,71,nuisance_orthogonal,0,0.295
out_of_library_complexity,71,naive_signal_max,0,0.07
out_of_library_complexity,72,nuisance_orthogonal,0,0.19
out_of_library_complexity,72,naive_signal_max,1,0.015
out_of_library_complexity,73,nuisance_orthogonal,1,0.035
out_of_library_complexity,73,naive_signal_max,0,0.17
out_of_library_complexity,74,nuisance_orthogonal,0,0.855
out_of_library_complexity,74,naive_signal_max,0,0.105
out_of_library_complexity,75,nuisance_orthogonal,1,0.035
out_of_library_complexity,75,naive_signal_max,0,0.71
out_of_library_complexity,76,nuisance_orthogonal,0,0.42
out_of_library_complexity,76,naive_signal_max,0,0.17
out_of_library_complexity,77,nuisance_orthogonal,0,0.555
out_of_library_complexity,77,naive_signal_max,0,0.09
out_of_library_complexity,78,nuisance_orthogonal,0,0.355
out_of_library_complexity,78,naive_signal_max,0,0.43
out_of_library_complexity,79,nuisance_orthogonal,0,0.345
out_of_library_complexity,79,naive_signal_max,0,0.47
out_of_library_complexity,80,nuisance_orthogonal,0,0.81
out_of_library_complexity,80,naive_signal_max,0,0.125
out_of_library_complexity,81,nuisance_orthogonal,0,0.615
out_of_library_complexity,81,naive_signal_max,0,0.285
out_of_library_complexity,82,nuisance_orthogonal,0,0.805
out_of_library_complexity,82,naive_signal_max,0,0.725
out_of_library_complexity,83,nuisance_orthogonal,0,0.805
out_of_library_complexity,83,naive_signal_max,0,0.05
out_of_library_complexity,84,nuisance_orthogonal,0,0.55
out_of_library_complexity,84,naive_signal_max,0,0.115
out_of_library_complexity,85,nuisance_orthogonal,1,0.005
out_of_library_complexity,85,naive_signal_max,0,0.285
out_of_library_complexity,86,nuisance_orthogonal,0,0.19
out_of_library_complexity,86,naive_signal_max,0,0.185
out_of_library_complexity,87,nuisance_orthogonal,0,0.13
out_of_library_complexity,87,naive_signal_max,0,0.115
out_of_library_complexity,88,nuisance_orthogonal,0,0.995
out_of_library_complexity,88,naive_signal_max,0,1.0
out_of_library_complexity,89,nuisance_orthogonal,0,0.705
out_of_library_complexity,89,naive_signal_max,0,0.96
out_of_library_complexity,90,nuisance_orthogonal,0,0.835
out_of_library_complexity,90,naive_signal_max,0,0.625
out_of_library_complexity,91,nuisance_orthogonal,0,0.87
out_of_library_complexity,91,naive_signal_max,0,0.18
out_of_library_complexity,92,nuisance_orthogonal,0,0.335
out_of_library_complexity,92,naive_signal_max,1,0.015
out_of_library_complexity,93,nuisance_orthogonal,0,0.495
out_of_library_complexity,93,naive_signal_max,0,0.805
out_of_library_complexity,94,nuisance_orthogonal,0,0.25
out_of_library_complexity,94,naive_signal_max,0,0.725
out_of_library_complexity,95,nuisance_orthogonal,1,0.02
out_of_library_complexity,95,naive_signal_max,0,0.31
out_of_library_complexity,96,nuisance_orthogonal,0,0.71
out_of_library_complexity,96,naive_signal_max,0,0.145
out_of_library_complexity,97,nuisance_orthogonal,0,0.24
out_of_library_complexity,97,naive_signal_max,0,0.68
out_of_library_complexity,98,nuisance_orthogonal,0,0.175
out_of_library_complexity,98,naive_signal_max,0,0.355
out_of_library_complexity,99,nuisance_orthogonal,0,0.41
out_of_library_complexity,99,naive_signal_max,1,0.045
out_of_library_complexity,100,nuisance_orthogonal,0,0.62
out_of_library_complexity,100,naive_signal_max,0,0.08
out_of_library_complexity,101,nuisance_orthogonal,0,0.955
out_of_library_complexity,101,naive_signal_max,0,0.195
out_of_library_complexity,102,nuisance_orthogonal,0,0.755
out_of_library_complexity,102,naive_signal_max,0,0.465
out_of_library_complexity,103,nuisance_orthogonal,0,0.75
out_of_library_complexity,103,naive_signal_max,1,0.025
out_of_library_complexity,104,nuisance_orthogonal,0,0.26
out_of_library_complexity,104,naive_signal_max,1,0.005
out_of_library_complexity,105,nuisance_orthogonal,0,0.12
out_of_library_complexity,105,naive_signal_max,0,0.725
out_of_library_complexity,106,nuisance_orthogonal,0,0.595
out_of_library_complexity,106,naive_signal_max,0,0.16
out_of_library_complexity,107,nuisance_orthogonal,0,0.16
out_of_library_complexity,107,naive_signal_max,0,0.465
out_of_library_complexity,108,nuisance_orthogonal,0,0.25
out_of_library_complexity,108,naive_signal_max,0,0.09
out_of_library_complexity,109,nuisance_orthogonal,0,0.07
out_of_library_complexity,109,naive_signal_max,0,0.915
out_of_library_complexity,110,nuisance_orthogonal,0,0.825
out_of_library_complexity,110,naive_signal_max,0,0.24
out_of_library_complexity,111,nuisance_orthogonal,0,0.595
out_of_library_complexity,111,naive_signal_max,0,0.065
out_of_library_complexity,112,nuisance_orthogonal,0,0.14
out_of_library_complexity,112,naive_signal_max,0,0.69
out_of_library_complexity,113,nuisance_orthogonal,0,0.695
out_of_library_complexity,113,naive_signal_max,1,0.045
out_of_library_complexity,114,nuisance_orthogonal,0,0.655
out_of_library_complexity,114,naive_signal_max,0,0.175
out_of_library_complexity,115,nuisance_orthogonal,0,0.825
out_of_library_complexity,115,naive_signal_max,0,0.155
out_of_library_complexity,116,nuisance_orthogonal,0,0.365
out_of_library_complexity,116,naive_signal_max,0,0.315
out_of_library_complexity,117,nuisance_orthogonal,0,0.53
out_of_library_complexity,117,naive_signal_max,1,0.04
out_of_library_complexity,118,nuisance_orthogonal,0,0.7
out_of_library_complexity,118,naive_signal_max,0,0.57
out_of_library_complexity,119,nuisance_orthogonal,0,0.095
out_of_library_complexity,119,naive_signal_max,0,0.64
out_of_library_complexity,120,nuisance_orthogonal,0,0.25
out_of_library_complexity,120,naive_signal_max,0,0.12
out_of_library_complexity,121,nuisance_orthogonal,0,0.71
out_of_library_complexity,121,naive_signal_max,0,0.89
out_of_library_complexity,122,nuisance_orthogonal,0,0.805
out_of_library_complexity,122,naive_signal_max,1,0.03
out_of_library_complexity,123,nuisance_orthogonal,0,0.625
out_of_library_complexity,123,naive_signal_max,0,0.75
out_of_library_complexity,124,nuisance_orthogonal,0,0.55
out_of_library_complexity,124,naive_signal_max,0,0.685
out_of_library_complexity,125,nuisance_orthogonal,0,0.99
out_of_library_complexity,125,naive_signal_max,0,0.115
out_of_library_complexity,126,nuisance_orthogonal,0,0.555
out_of_library_complexity,126,naive_signal_max,0,0.515
out_of_library_complexity,127,nuisance_orthogonal,0,0.325
out_of_library_complexity,127,naive_signal_max,0,0.9
out_of_library_complexity,128,nuisance_orthogonal,0,0.17
out_of_library_complexity,128,naive_signal_max,1,0.02
out_of_library_complexity,129,nuisance_orthogonal,0,0.16
out_of_library_complexity,129,naive_signal_max,0,0.565
out_of_library_complexity,130,nuisance_orthogonal,0,0.275
out_of_library_complexity,130,naive_signal_max,1,0.015
out_of_library_complexity,131,nuisance_orthogonal,0,0.705
out_of_library_complexity,131,naive_signal_max,0,0.935
out_of_library_complexity,132,nuisance_orthogonal,0,0.615
out_of_library_complexity,132,naive_signal_max,0,0.06
out_of_library_complexity,133,nuisance_orthogonal,0,0.735
out_of_library_complexity,133,naive_signal_max,0,0.095
out_of_library_complexity,134,nuisance_orthogonal,0,0.75
out_of_library_complexity,134,naive_signal_max,0,0.215
out_of_library_complexity,135,nuisance_orthogonal,0,0.36
out_of_library_complexity,135,naive_signal_max,0,0.105
out_of_library_complexity,136,nuisance_orthogonal,0,0.725
out_of_library_complexity,136,naive_signal_max,0,0.06
out_of_library_complexity,137,nuisance_orthogonal,0,0.66
out_of_library_complexity,137,naive_signal_max,0,0.155
out_of_library_complexity,138,nuisance_orthogonal,0,0.855
out_of_library_complexity,138,naive_signal_max,0,0.615
out_of_library_complexity,139,nuisance_orthogonal,0,0.215
out_of_library_complexity,139,naive_signal_max,1,0.015
out_of_library_complexity,140,nuisance_orthogonal,0,0.2
out_of_library_complexity,140,naive_signal_max,0,0.37
out_of_library_complexity,141,nuisance_orthogonal,0,0.5
out_of_library_complexity,141,naive_signal_max,1,0.005
out_of_library_complexity,142,nuisance_orthogonal,0,0.855
out_of_library_complexity,142,naive_signal_max,0,0.445
out_of_library_complexity,143,nuisance_orthogonal,0,0.485
out_of_library_complexity,143,naive_signal_max,0,0.63
out_of_library_complexity,144,nuisance_orthogonal,0,0.54
out_of_library_complexity,144,naive_signal_max,0,0.785
out_of_library_complexity,145,nuisance_orthogonal,0,0.455
out_of_library_complexity,145,naive_signal_max,0,0.185
out_of_library_complexity,146,nuisance_orthogonal,0,0.525
out_of_library_complexity,146,naive_signal_max,0,0.245
out_of_library_complexity,147,nuisance_orthogonal,0,0.68
out_of_library_complexity,147,naive_signal_max,0,0.985
out_of_library_complexity,148,nuisance_orthogonal,0,0.6
out_of_library_complexity,148,naive_signal_max,1,0.01
out_of_library_complexity,149,nuisance_orthogonal,0,0.575
out_of_library_complexity,149,naive_signal_max,1,0.045
out_of_library_complexity,150,nuisance_orthogonal,0,0.15
out_of_library_complexity,150,naive_signal_max,1,0.02
out_of_library_complexity,151,nuisance_orthogonal,0,0.295
out_of_library_complexity,151,naive_signal_max,0,0.24
out_of_library_complexity,152,nuisance_orthogonal,0,0.695
out_of_library_complexity,152,naive_signal_max,0,0.155
out_of_library_complexity,153,nuisance_orthogonal,0,0.485
out_of_library_complexity,153,naive_signal_max,1,0.025
out_of_library_complexity,154,nuisance_orthogonal,0,0.595
out_of_library_complexity,154,naive_signal_max,0,0.425
out_of_library_complexity,155,nuisance_orthogonal,0,0.61
out_of_library_complexity,155,naive_signal_max,0,0.705
out_of_library_complexity,156,nuisance_orthogonal,0,0.24
out_of_library_complexity,156,naive_signal_max,0,0.16
out_of_library_complexity,157,nuisance_orthogonal,0,0.825
out_of_library_complexity,157,naive_signal_max,0,0.33
out_of_library_complexity,158,nuisance_orthogonal,0,0.365
out_of_library_complexity,158,naive_signal_max,1,0.01
out_of_library_complexity,159,nuisance_orthogonal,0,0.98
out_of_library_complexity,159,naive_signal_max,0,0.435
out_of_library_complexity,160,nuisance_orthogonal,0,0.085
out_of_library_complexity,160,naive_signal_max,0,0.945
out_of_library_complexity,161,nuisance_orthogonal,0,0.93
out_of_library_complexity,161,naive_signal_max,0,0.285
out_of_library_complexity,162,nuisance_orthogonal,0,0.165
out_of_library_complexity,162,naive_signal_max,1,0.025
out_of_library_complexity,163,nuisance_orthogonal,0,0.66
out_of_library_complexity,163,naive_signal_max,0,0.865
out_of_library_complexity,164,nuisance_orthogonal,0,0.345
out_of_library_complexity,164,naive_signal_max,0,0.675
out_of_library_complexity,165,nuisance_orthogonal,0,0.285
out_of_library_complexity,165,naive_signal_max,0,0.42
out_of_library_complexity,166,nuisance_orthogonal,0,0.495
out_of_library_complexity,166,naive_signal_max,0,0.055
out_of_library_complexity,167,nuisance_orthogonal,0,0.66
out_of_library_complexity,167,naive_signal_max,0,0.44
out_of_library_complexity,168,nuisance_orthogonal,0,0.785
out_of_library_complexity,168,naive_signal_max,0,0.105
out_of_library_complexity,169,nuisance_orthogonal,0,0.885
out_of_library_complexity,169,naive_signal_max,0,0.62
out_of_library_complexity,170,nuisance_orthogonal,0,0.75
out_of_library_complexity,170,naive_signal_max,0,0.275
out_of_library_complexity,171,nuisance_orthogonal,0,0.89
out_of_library_complexity,171,naive_signal_max,0,0.1
out_of_library_complexity,172,nuisance_orthogonal,0,0.96
out_of_library_complexity,172,naive_signal_max,0,0.295
out_of_library_complexity,173,nuisance_orthogonal,0,0.785
out_of_library_complexity,173,naive_signal_max,0,0.43
out_of_library_complexity,174,nuisance_orthogonal,0,0.195
out_of_library_complexity,174,naive_signal_max,0,0.685
out_of_library_complexity,175,nuisance_orthogonal,0,0.11
out_of_library_complexity,175,naive_signal_max,0,0.8
out_of_library_complexity,176,nuisance_orthogonal,1,0.02
out_of_library_complexity,176,naive_signal_max,0,0.08
out_of_library_complexity,177,nuisance_orthogonal,0,0.855
out_of_library_complexity,177,naive_signal_max,0,0.685
out_of_library_complexity,178,nuisance_orthogonal,0,0.32
out_of_library_complexity,178,naive_signal_max,0,0.075
out_of_library_complexity,179,nuisance_orthogonal,0,0.605
out_of_library_complexity,179,naive_signal_max,0,0.305
out_of_library_complexity,180,nuisance_orthogonal,0,0.135
out_of_library_complexity,180,naive_signal_max,0,0.89
out_of_library_complexity,181,nuisance_orthogonal,0,0.13
out_of_library_complexity,181,naive_signal_max,0,0.44
out_of_library_complexity,182,nuisance_orthogonal,0,0.54
out_of_library_complexity,182,naive_signal_max,0,0.815
out_of_library_complexity,183,nuisance_orthogonal,0,0.14
out_of_library_complexity,183,naive_signal_max,0,0.645
out_of_library_complexity,184,nuisance_orthogonal,0,0.94
out_of_library_complexity,184,naive_signal_max,0,0.145
out_of_library_complexity,185,nuisance_orthogonal,0,0.22
out_of_library_complexity,185,naive_signal_max,1,0.005
out_of_library_complexity,186,nuisance_orthogonal,0,0.065
out_of_library_complexity,186,naive_signal_max,0,0.99
out_of_library_complexity,187,nuisance_orthogonal,0,0.25
out_of_library_complexity,187,naive_signal_max,1,0.005
out_of_library_complexity,188,nuisance_orthogonal,0,0.395
out_of_library_complexity,188,naive_signal_max,0,0.985
out_of_library_complexity,189,nuisance_orthogonal,0,0.995
out_of_library_complexity,189,naive_signal_max,0,0.85
out_of_library_complexity,190,nuisance_orthogonal,0,0.93
out_of_library_complexity,190,naive_signal_max,0,0.78
out_of_library_complexity,191,nuisance_orthogonal,0,0.625
out_of_library_complexity,191,naive_signal_max,0,0.515
out_of_library_complexity,192,nuisance_orthogonal,0,0.295
out_of_library_complexity,192,naive_signal_max,0,0.71
out_of_library_complexity,193,nuisance_orthogonal,0,0.72
out_of_library_complexity,193,naive_signal_max,0,0.875
out_of_library_complexity,194,nuisance_orthogonal,0,0.525
out_of_library_complexity,194,naive_signal_max,0,0.99
out_of_library_complexity,195,nuisance_orthogonal,0,0.66
out_of_library_complexity,195,naive_signal_max,0,0.4
out_of_library_complexity,196,nuisance_orthogonal,0,0.25
out_of_library_complexity,196,naive_signal_max,1,0.02
out_of_library_complexity,197,nuisance_orthogonal,0,0.935
out_of_library_complexity,197,naive_signal_max,0,0.185
out_of_library_complexity,198,nuisance_orthogonal,0,0.64
out_of_library_complexity,198,naive_signal_max,0,0.84
out_of_library_complexity,199,nuisance_orthogonal,1,0.03
out_of_library_complexity,199,naive_signal_max,0,0.05
geometry_framing,0,nuisance_orthogonal,1,0.005
geometry_framing,0,naive_signal_max,1,0.005
geometry_framing,1,nuisance_orthogonal,1,0.005
geometry_framing,1,naive_signal_max,1,0.005
geometry_framing,2,nuisance_orthogonal,1,0.005
geometry_framing,2,naive_signal_max,1,0.005
geometry_framing,3,nuisance_orthogonal,1,0.01
geometry_framing,3,naive_signal_max,1,0.005
geometry_framing,4,nuisance_orthogonal,1,0.005
geometry_framing,4,naive_signal_max,1,0.005
geometry_framing,5,nuisance_orthogonal,1,0.005
geometry_framing,5,naive_signal_max,1,0.005
geometry_framing,6,nuisance_orthogonal,1,0.005
geometry_framing,6,naive_signal_max,1,0.005
geometry_framing,7,nuisance_orthogonal,1,0.005
geometry_framing,7,naive_signal_max,1,0.005
geometry_framing,8,nuisance_orthogonal,1,0.005
geometry_framing,8,naive_signal_max,1,0.005
geometry_framing,9,nuisance_orthogonal,1,0.045
geometry_framing,9,naive_signal_max,1,0.005
geometry_framing,10,nuisance_orthogonal,1,0.005
geometry_framing,10,naive_signal_max,1,0.005
geometry_framing,11,nuisance_orthogonal,1,0.005
geometry_framing,11,naive_signal_max,1,0.005
geometry_framing,12,nuisance_orthogonal,1,0.005
geometry_framing,12,naive_signal_max,1,0.005
geometry_framing,13,nuisance_orthogonal,1,0.005
geometry_framing,13,naive_signal_max,1,0.005
geometry_framing,14,nuisance_orthogonal,1,0.01
geometry_framing,14,naive_signal_max,1,0.005
geometry_framing,15,nuisance_orthogonal,1,0.005
geometry_framing,15,naive_signal_max,1,0.005
geometry_framing,16,nuisance_orthogonal,1,0.005
geometry_framing,16,naive_signal_max,1,0.005
geometry_framing,17,nuisance_orthogonal,1,0.005
geometry_framing,17,naive_signal_max,1,0.005
geometry_framing,18,nuisance_orthogonal,1,0.02
geometry_framing,18,naive_signal_max,1,0.005
geometry_framing,19,nuisance_orthogonal,1,0.005
geometry_framing,19,naive_signal_max,1,0.005
geometry_framing,20,nuisance_orthogonal,1,0.005
geometry_framing,20,naive_signal_max,1,0.005
geometry_framing,21,nuisance_orthogonal,1,0.005
geometry_framing,21,naive_signal_max,1,0.005
geometry_framing,22,nuisance_orthogonal,1,0.005
geometry_framing,22,naive_signal_max,1,0.005
geometry_framing,23,nuisance_orthogonal,1,0.005
geometry_framing,23,naive_signal_max,1,0.005
geometry_framing,24,nuisance_orthogonal,1,0.005
geometry_framing,24,naive_signal_max,1,0.005
geometry_framing,25,nuisance_orthogonal,1,0.005
geometry_framing,25,naive_signal_max,1,0.005
geometry_framing,26,nuisance_orthogonal,1,0.005
geometry_framing,26,naive_signal_max,1,0.005
geometry_framing,27,nuisance_orthogonal,1,0.025
geometry_framing,27,naive_signal_max,1,0.005
geometry_framing,28,nuisance_orthogonal,1,0.005
geometry_framing,28,naive_signal_max,1,0.005
geometry_framing,29,nuisance_orthogonal,1,0.005
geometry_framing,29,naive_signal_max,1,0.005
geometry_framing,30,nuisance_orthogonal,1,0.005
geometry_framing,30,naive_signal_max,1,0.005
geometry_framing,31,nuisance_orthogonal,1,0.005
geometry_framing,31,naive_signal_max,1,0.005
geometry_framing,32,nuisance_orthogonal,1,0.005
geometry_framing,32,naive_signal_max,1,0.005
geometry_framing,33,nuisance_orthogonal,1,0.005
geometry_framing,33,naive_signal_max,1,0.005
geometry_framing,34,nuisance_orthogonal,1,0.005
geometry_framing,34,naive_signal_max,1,0.005
geometry_framing,35,nuisance_orthogonal,1,0.03
geometry_framing,35,naive_signal_max,1,0.005
geometry_framing,36,nuisance_orthogonal,1,0.005
geometry_framing,36,naive_signal_max,1,0.005
geometry_framing,37,nuisance_orthogonal,1,0.005
geometry_framing,37,naive_signal_max,1,0.005
geometry_framing,38,nuisance_orthogonal,1,0.005
geometry_framing,38,naive_signal_max,1,0.005
geometry_framing,39,nuisance_orthogonal,1,0.005
geometry_framing,39,naive_signal_max,1,0.005
geometry_framing,40,nuisance_orthogonal,1,0.005
geometry_framing,40,naive_signal_max,1,0.005
geometry_framing,41,nuisance_orthogonal,1,0.005
geometry_framing,41,naive_signal_max,1,0.005
geometry_framing,42,nuisance_orthogonal,1,0.005
geometry_framing,42,naive_signal_max,1,0.005
geometry_framing,43,nuisance_orthogonal,1,0.005
geometry_framing,43,naive_signal_max,1,0.005
geometry_framing,44,nuisance_orthogonal,1,0.005
geometry_framing,44,naive_signal_max,1,0.005
geometry_framing,45,nuisance_orthogonal,1,0.005
geometry_framing,45,naive_signal_max,1,0.005
geometry_framing,46,nuisance_orthogonal,1,0.01
geometry_framing,46,naive_signal_max,1,0.005
geometry_framing,47,nuisance_orthogonal,1,0.005
geometry_framing,47,naive_signal_max,1,0.005
geometry_framing,48,nuisance_orthogonal,1,0.005
geometry_framing,48,naive_signal_max,1,0.005
geometry_framing,49,nuisance_orthogonal,1,0.01
geometry_framing,49,naive_signal_max,1,0.005
geometry_framing,50,nuisance_orthogonal,1,0.01
geometry_framing,50,naive_signal_max,1,0.005
geometry_framing,51,nuisance_orthogonal,1,0.005
geometry_framing,51,naive_signal_max,1,0.005
geometry_framing,52,nuisance_orthogonal,1,0.005
geometry_framing,52,naive_signal_max,1,0.005
geometry_framing,53,nuisance_orthogonal,1,0.005
geometry_framing,53,naive_signal_max,1,0.005
geometry_framing,54,nuisance_orthogonal,1,0.005
geometry_framing,54,naive_signal_max,1,0.005
geometry_framing,55,nuisance_orthogonal,1,0.005
geometry_framing,55,naive_signal_max,1,0.005
geometry_framing,56,nuisance_orthogonal,1,0.005
geometry_framing,56,naive_signal_max,1,0.005
geometry_framing,57,nuisance_orthogonal,1,0.01
geometry_framing,57,naive_signal_max,1,0.005
geometry_framing,58,nuisance_orthogonal,1,0.005
geometry_framing,58,naive_signal_max,1,0.005
geometry_framing,59,nuisance_orthogonal,1,0.005
geometry_framing,59,naive_signal_max,1,0.005
geometry_framing,60,nuisance_orthogonal,1,0.005
geometry_framing,60,naive_signal_max,1,0.005
geometry_framing,61,nuisance_orthogonal,1,0.015
geometry_framing,61,naive_signal_max,1,0.005
geometry_framing,62,nuisance_orthogonal,1,0.005
geometry_framing,62,naive_signal_max,1,0.005
geometry_framing,63,nuisance_orthogonal,1,0.005
geometry_framing,63,naive_signal_max,1,0.005
geometry_framing,64,nuisance_orthogonal,1,0.005
geometry_framing,64,naive_signal_max,1,0.005
geometry_framing,65,nuisance_orthogonal,1,0.005
geometry_framing,65,naive_signal_max,1,0.005
geometry_framing,66,nuisance_orthogonal,1,0.01
geometry_framing,66,naive_signal_max,1,0.005
geometry_framing,67,nuisance_orthogonal,1,0.005
geometry_framing,67,naive_signal_max,1,0.005
geometry_framing,68,nuisance_orthogonal,1,0.005
geometry_framing,68,naive_signal_max,1,0.005
geometry_framing,69,nuisance_orthogonal,1,0.005
geometry_framing,69,naive_signal_max,1,0.005
geometry_framing,70,nuisance_orthogonal,1,0.005
geometry_framing,70,naive_signal_max,1,0.005
geometry_framing,71,nuisance_orthogonal,1,0.005
geometry_framing,71,naive_signal_max,1,0.005
geometry_framing,72,nuisance_orthogonal,1,0.005
geometry_framing,72,naive_signal_max,1,0.005
geometry_framing,73,nuisance_orthogonal,0,0.105
geometry_framing,73,naive_signal_max,1,0.005
geometry_framing,74,nuisance_orthogonal,1,0.005
geometry_framing,74,naive_signal_max,1,0.005
geometry_framing,75,nuisance_orthogonal,1,0.005
geometry_framing,75,naive_signal_max,1,0.005
geometry_framing,76,nuisance_orthogonal,1,0.005
geometry_framing,76,naive_signal_max,1,0.005
geometry_framing,77,nuisance_orthogonal,1,0.005
geometry_framing,77,naive_signal_max,1,0.005
geometry_framing,78,nuisance_orthogonal,1,0.015
geometry_framing,78,naive_signal_max,1,0.005
geometry_framing,79,nuisance_orthogonal,1,0.01
geometry_framing,79,naive_signal_max,1,0.005
geometry_framing,80,nuisance_orthogonal,1,0.005
geometry_framing,80,naive_signal_max,1,0.005
geometry_framing,81,nuisance_orthogonal,1,0.005
geometry_framing,81,naive_signal_max,1,0.005
geometry_framing,82,nuisance_orthogonal,1,0.005
geometry_framing,82,naive_signal_max,1,0.005
geometry_framing,83,nuisance_orthogonal,1,0.005
geometry_framing,83,naive_signal_max,1,0.005
geometry_framing,84,nuisance_orthogonal,1,0.015
geometry_framing,84,naive_signal_max,1,0.005
geometry_framing,85,nuisance_orthogonal,0,0.19
geometry_framing,85,naive_signal_max,1,0.005
geometry_framing,86,nuisance_orthogonal,1,0.015
geometry_framing,86,naive_signal_max,1,0.005
geometry_framing,87,nuisance_orthogonal,1,0.005
geometry_framing,87,naive_signal_max,1,0.005
geometry_framing,88,nuisance_orthogonal,1,0.015
geometry_framing,88,naive_signal_max,1,0.005
geometry_framing,89,nuisance_orthogonal,1,0.005
geometry_framing,89,naive_signal_max,1,0.005
geometry_framing,90,nuisance_orthogonal,1,0.005
geometry_framing,90,naive_signal_max,1,0.005
geometry_framing,91,nuisance_orthogonal,1,0.005
geometry_framing,91,naive_signal_max,1,0.005
geometry_framing,92,nuisance_orthogonal,1,0.005
geometry_framing,92,naive_signal_max,1,0.005
geometry_framing,93,nuisance_orthogonal,1,0.005
geometry_framing,93,naive_signal_max,1,0.005
geometry_framing,94,nuisance_orthogonal,1,0.005
geometry_framing,94,naive_signal_max,1,0.005
geometry_framing,95,nuisance_orthogonal,1,0.005
geometry_framing,95,naive_signal_max,1,0.005
geometry_framing,96,nuisance_orthogonal,0,0.055
geometry_framing,96,naive_signal_max,1,0.005
geometry_framing,97,nuisance_orthogonal,1,0.005
geometry_framing,97,naive_signal_max,1,0.005
geometry_framing,98,nuisance_orthogonal,1,0.005
geometry_framing,98,naive_signal_max,1,0.005
geometry_framing,99,nuisance_orthogonal,1,0.03
geometry_framing,99,naive_signal_max,1,0.005
geometry_framing,100,nuisance_orthogonal,1,0.005
geometry_framing,100,naive_signal_max,1,0.005
geometry_framing,101,nuisance_orthogonal,1,0.005
geometry_framing,101,naive_signal_max,1,0.005
geometry_framing,102,nuisance_orthogonal,1,0.005
geometry_framing,102,naive_signal_max,1,0.005
geometry_framing,103,nuisance_orthogonal,1,0.005
geometry_framing,103,naive_signal_max,1,0.005
geometry_framing,104,nuisance_orthogonal,1,0.005
geometry_framing,104,naive_signal_max,1,0.005
geometry_framing,105,nuisance_orthogonal,1,0.005
geometry_framing,105,naive_signal_max,1,0.005
geometry_framing,106,nuisance_orthogonal,1,0.005
geometry_framing,106,naive_signal_max,1,0.005
geometry_framing,107,nuisance_orthogonal,1,0.005
geometry_framing,107,naive_signal_max,1,0.005
geometry_framing,108,nuisance_orthogonal,1,0.005
geometry_framing,108,naive_signal_max,1,0.005
geometry_framing,109,nuisance_orthogonal,1,0.005
geometry_framing,109,naive_signal_max,1,0.005
geometry_framing,110,nuisance_orthogonal,1,0.005
geometry_framing,110,naive_signal_max,1,0.005
geometry_framing,111,nuisance_orthogonal,1,0.005
geometry_framing,111,naive_signal_max,1,0.005
geometry_framing,112,nuisance_orthogonal,1,0.005
geometry_framing,112,naive_signal_max,1,0.005
geometry_framing,113,nuisance_orthogonal,1,0.005
geometry_framing,113,naive_signal_max,1,0.005
geometry_framing,114,nuisance_orthogonal,1,0.005
geometry_framing,114,naive_signal_max,1,0.005
geometry_framing,115,nuisance_orthogonal,1,0.005
geometry_framing,115,naive_signal_max,1,0.005
geometry_framing,116,nuisance_orthogonal,1,0.005
geometry_framing,116,naive_signal_max,1,0.005
geometry_framing,117,nuisance_orthogonal,1,0.005
geometry_framing,117,naive_signal_max,1,0.005
geometry_framing,118,nuisance_orthogonal,1,0.005
geometry_framing,118,naive_signal_max,1,0.005
geometry_framing,119,nuisance_orthogonal,1,0.005
geometry_framing,119,naive_signal_max,1,0.005
geometry_framing,120,nuisance_orthogonal,1,0.005
geometry_framing,120,naive_signal_max,1,0.005
geometry_framing,121,nuisance_orthogonal,1,0.005
geometry_framing,121,naive_signal_max,1,0.005
geometry_framing,122,nuisance_orthogonal,1,0.005
geometry_framing,122,naive_signal_max,1,0.005
geometry_framing,123,nuisance_orthogonal,1,0.005
geometry_framing,123,naive_signal_max,1,0.005
geometry_framing,124,nuisance_orthogonal,1,0.005
geometry_framing,124,naive_signal_max,1,0.005
geometry_framing,125,nuisance_orthogonal,1,0.005
geometry_framing,125,naive_signal_max,1,0.005
geometry_framing,126,nuisance_orthogonal,1,0.005
geometry_framing,126,naive_signal_max,1,0.005
geometry_framing,127,nuisance_orthogonal,1,0.005
geometry_framing,127,naive_signal_max,1,0.005
geometry_framing,128,nuisance_orthogonal,1,0.005
geometry_framing,128,naive_signal_max,1,0.005
geometry_framing,129,nuisance_orthogonal,1,0.005
geometry_framing,129,naive_signal_max,1,0.005
geometry_framing,130,nuisance_orthogonal,1,0.005
geometry_framing,130,naive_signal_max,1,0.005
geometry_framing,131,nuisance_orthogonal,1,0.02
geometry_framing,131,naive_signal_max,1,0.005
geometry_framing,132,nuisance_orthogonal,1,0.005
geometry_framing,132,naive_signal_max,1,0.005
geometry_framing,133,nuisance_orthogonal,1,0.005
geometry_framing,133,naive_signal_max,1,0.005
geometry_framing,134,nuisance_orthogonal,1,0.005
geometry_framing,134,naive_signal_max,1,0.005
geometry_framing,135,nuisance_orthogonal,1,0.005
geometry_framing,135,naive_signal_max,1,0.005
geometry_framing,136,nuisance_orthogonal,1,0.02
geometry_framing,136,naive_signal_max,1,0.005
geometry_framing,137,nuisance_orthogonal,1,0.035
geometry_framing,137,naive_signal_max,1,0.005
geometry_framing,138,nuisance_orthogonal,1,0.005
geometry_framing,138,naive_signal_max,1,0.005
geometry_framing,139,nuisance_orthogonal,1,0.005
geometry_framing,139,naive_signal_max,1,0.005
geometry_framing,140,nuisance_orthogonal,1,0.005
geometry_framing,140,naive_signal_max,1,0.005
geometry_framing,141,nuisance_orthogonal,1,0.005
geometry_framing,141,naive_signal_max,1,0.005
geometry_framing,142,nuisance_orthogonal,1,0.005
geometry_framing,142,naive_signal_max,1,0.005
geometry_framing,143,nuisance_orthogonal,1,0.005
geometry_framing,143,naive_signal_max,1,0.005
geometry_framing,144,nuisance_orthogonal,1,0.005
geometry_framing,144,naive_signal_max,1,0.005
geometry_framing,145,nuisance_orthogonal,1,0.045
geometry_framing,145,naive_signal_max,1,0.005
geometry_framing,146,nuisance_orthogonal,1,0.005
geometry_framing,146,naive_signal_max,1,0.005
geometry_framing,147,nuisance_orthogonal,1,0.005
geometry_framing,147,naive_signal_max,1,0.005
geometry_framing,148,nuisance_orthogonal,1,0.005
geometry_framing,148,naive_signal_max,1,0.005
geometry_framing,149,nuisance_orthogonal,1,0.015
geometry_framing,149,naive_signal_max,1,0.005
geometry_framing,150,nuisance_orthogonal,1,0.005
geometry_framing,150,naive_signal_max,1,0.005
geometry_framing,151,nuisance_orthogonal,1,0.005
geometry_framing,151,naive_signal_max,1,0.005
geometry_framing,152,nuisance_orthogonal,1,0.01
geometry_framing,152,naive_signal_max,1,0.005
geometry_framing,153,nuisance_orthogonal,1,0.005
geometry_framing,153,naive_signal_max,1,0.005
geometry_framing,154,nuisance_orthogonal,1,0.005
geometry_framing,154,naive_signal_max,1,0.005
geometry_framing,155,nuisance_orthogonal,1,0.005
geometry_framing,155,naive_signal_max,1,0.005
geometry_framing,156,nuisance_orthogonal,1,0.015
geometry_framing,156,naive_signal_max,1,0.005
geometry_framing,157,nuisance_orthogonal,1,0.005
geometry_framing,157,naive_signal_max,1,0.005
geometry_framing,158,nuisance_orthogonal,1,0.005
geometry_framing,158,naive_signal_max,1,0.005
geometry_framing,159,nuisance_orthogonal,1,0.005
geometry_framing,159,naive_signal_max,1,0.005
geometry_framing,160,nuisance_orthogonal,1,0.005
geometry_framing,160,naive_signal_max,1,0.005
geometry_framing,161,nuisance_orthogonal,1,0.005
geometry_framing,161,naive_signal_max,1,0.005
geometry_framing,162,nuisance_orthogonal,1,0.005
geometry_framing,162,naive_signal_max,1,0.005
geometry_framing,163,nuisance_orthogonal,1,0.005
geometry_framing,163,naive_signal_max,1,0.005
geometry_framing,164,nuisance_orthogonal,1,0.005
geometry_framing,164,naive_signal_max,1,0.005
geometry_framing,165,nuisance_orthogonal,1,0.005
geometry_framing,165,naive_signal_max,1,0.005
geometry_framing,166,nuisance_orthogonal,1,0.005
geometry_framing,166,naive_signal_max,1,0.005
geometry_framing,167,nuisance_orthogonal,1,0.005
geometry_framing,167,naive_signal_max,1,0.005
geometry_framing,168,nuisance_orthogonal,1,0.01
geometry_framing,168,naive_signal_max,1,0.005
geometry_framing,169,nuisance_orthogonal,1,0.005
geometry_framing,169,naive_signal_max,1,0.005
geometry_framing,170,nuisance_orthogonal,1,0.005
geometry_framing,170,naive_signal_max,1,0.005
geometry_framing,171,nuisance_orthogonal,1,0.005
geometry_framing,171,naive_signal_max,1,0.005
geometry_framing,172,nuisance_orthogonal,1,0.005
geometry_framing,172,naive_signal_max,1,0.005
geometry_framing,173,nuisance_orthogonal,1,0.005
geometry_framing,173,naive_signal_max,1,0.005
geometry_framing,174,nuisance_orthogonal,1,0.005
geometry_framing,174,naive_signal_max,1,0.005
geometry_framing,175,nuisance_orthogonal,1,0.005
geometry_framing,175,naive_signal_max,1,0.005
geometry_framing,176,nuisance_orthogonal,1,0.005
geometry_framing,176,naive_signal_max,1,0.005
geometry_framing,177,nuisance_orthogonal,1,0.005
geometry_framing,177,naive_signal_max,1,0.005
geometry_framing,178,nuisance_orthogonal,1,0.005
geometry_framing,178,naive_signal_max,1,0.005
geometry_framing,179,nuisance_orthogonal,1,0.005
geometry_framing,179,naive_signal_max,1,0.005
geometry_framing,180,nuisance_orthogonal,1,0.005
geometry_framing,180,naive_signal_max,1,0.005
geometry_framing,181,nuisance_orthogonal,1,0.04
geometry_framing,181,naive_signal_max,1,0.005
geometry_framing,182,nuisance_orthogonal,1,0.005
geometry_framing,182,naive_signal_max,1,0.005
geometry_framing,183,nuisance_orthogonal,1,0.005
geometry_framing,183,naive_signal_max,1,0.005
geometry_framing,184,nuisance_orthogonal,1,0.005
geometry_framing,184,naive_signal_max,1,0.005
geometry_framing,185,nuisance_orthogonal,1,0.005
geometry_framing,185,naive_signal_max,1,0.005
geometry_framing,186,nuisance_orthogonal,0,0.095
geometry_framing,186,naive_signal_max,1,0.005
geometry_framing,187,nuisance_orthogonal,1,0.005
geometry_framing,187,naive_signal_max,1,0.005
geometry_framing,188,nuisance_orthogonal,1,0.005
geometry_framing,188,naive_signal_max,1,0.005
geometry_framing,189,nuisance_orthogonal,1,0.01
geometry_framing,189,naive_signal_max,1,0.005
geometry_framing,190,nuisance_orthogonal,1,0.005
geometry_framing,190,naive_signal_max,1,0.005
geometry_framing,191,nuisance_orthogonal,1,0.005
geometry_framing,191,naive_signal_max,1,0.005
geometry_framing,192,nuisance_orthogonal,1,0.005
geometry_framing,192,naive_signal_max,1,0.005
geometry_framing,193,nuisance_orthogonal,1,0.005
geometry_framing,193,naive_signal_max,1,0.005
geometry_framing,194,nuisance_orthogonal,1,0.005
geometry_framing,194,naive_signal_max,1,0.005
geometry_framing,195,nuisance_orthogonal,1,0.035
geometry_framing,195,naive_signal_max,1,0.005
geometry_framing,196,nuisance_orthogonal,1,0.005
geometry_framing,196,naive_signal_max,1,0.005
geometry_framing,197,nuisance_orthogonal,1,0.005
geometry_framing,197,naive_signal_max,1,0.005
geometry_framing,198,nuisance_orthogonal,1,0.005
geometry_framing,198,naive_signal_max,1,0.005
geometry_framing,199,nuisance_orthogonal,1,0.025
geometry_framing,199,naive_signal_max,1,0.005
combined,0,nuisance_orthogonal,0,0.645
combined,0,naive_signal_max,1,0.005
combined,1,nuisance_orthogonal,1,0.045
combined,1,naive_signal_max,1,0.01
combined,2,nuisance_orthogonal,1,0.01
combined,2,naive_signal_max,1,0.005
combined,3,nuisance_orthogonal,1,0.03
combined,3,naive_signal_max,1,0.01
combined,4,nuisance_orthogonal,0,0.115
combined,4,naive_signal_max,1,0.005
combined,5,nuisance_orthogonal,1,0.015
combined,5,naive_signal_max,1,0.005
combined,6,nuisance_orthogonal,0,0.93
combined,6,naive_signal_max,0,0.07
combined,7,nuisance_orthogonal,1,0.03
combined,7,naive_signal_max,1,0.005
combined,8,nuisance_orthogonal,0,0.075
combined,8,naive_signal_max,1,0.005
combined,9,nuisance_orthogonal,1,0.005
combined,9,naive_signal_max,1,0.04
combined,10,nuisance_orthogonal,1,0.01
combined,10,naive_signal_max,1,0.01
combined,11,nuisance_orthogonal,0,0.8
combined,11,naive_signal_max,1,0.005
combined,12,nuisance_orthogonal,1,0.03
combined,12,naive_signal_max,1,0.005
combined,13,nuisance_orthogonal,0,0.105
combined,13,naive_signal_max,0,0.1
combined,14,nuisance_orthogonal,0,0.165
combined,14,naive_signal_max,0,0.465
combined,15,nuisance_orthogonal,0,0.435
combined,15,naive_signal_max,1,0.005
combined,16,nuisance_orthogonal,0,0.075
combined,16,naive_signal_max,1,0.015
combined,17,nuisance_orthogonal,0,0.15
combined,17,naive_signal_max,1,0.01
combined,18,nuisance_orthogonal,1,0.03
combined,18,naive_signal_max,1,0.005
combined,19,nuisance_orthogonal,1,0.02
combined,19,naive_signal_max,1,0.005
combined,20,nuisance_orthogonal,1,0.015
combined,20,naive_signal_max,1,0.02
combined,21,nuisance_orthogonal,0,0.395
combined,21,naive_signal_max,0,0.135
combined,22,nuisance_orthogonal,0,0.65
combined,22,naive_signal_max,1,0.01
combined,23,nuisance_orthogonal,0,0.575
combined,23,naive_signal_max,0,0.115
combined,24,nuisance_orthogonal,1,0.02
combined,24,naive_signal_max,1,0.01
combined,25,nuisance_orthogonal,1,0.015
combined,25,naive_signal_max,1,0.005
combined,26,nuisance_orthogonal,0,0.41
combined,26,naive_signal_max,1,0.01
combined,27,nuisance_orthogonal,1,0.01
combined,27,naive_signal_max,1,0.015
combined,28,nuisance_orthogonal,1,0.005
combined,28,naive_signal_max,1,0.01
combined,29,nuisance_orthogonal,0,0.355
combined,29,naive_signal_max,1,0.025
combined,30,nuisance_orthogonal,1,0.01
combined,30,naive_signal_max,1,0.04
combined,31,nuisance_orthogonal,0,0.085
combined,31,naive_signal_max,1,0.015
combined,32,nuisance_orthogonal,0,0.08
combined,32,naive_signal_max,0,0.055
combined,33,nuisance_orthogonal,0,0.195
combined,33,naive_signal_max,1,0.005
combined,34,nuisance_orthogonal,0,0.08
combined,34,naive_signal_max,1,0.005
combined,35,nuisance_orthogonal,1,0.015
combined,35,naive_signal_max,0,0.36
combined,36,nuisance_orthogonal,1,0.005
combined,36,naive_signal_max,1,0.025
combined,37,nuisance_orthogonal,0,0.98
combined,37,naive_signal_max,1,0.005
combined,38,nuisance_orthogonal,0,0.285
combined,38,naive_signal_max,0,0.05
combined,39,nuisance_orthogonal,0,0.63
combined,39,naive_signal_max,1,0.005
combined,40,nuisance_orthogonal,0,0.485
combined,40,naive_signal_max,1,0.005
combined,41,nuisance_orthogonal,0,0.51
combined,41,naive_signal_max,1,0.01
combined,42,nuisance_orthogonal,0,0.89
combined,42,naive_signal_max,1,0.005
combined,43,nuisance_orthogonal,0,0.345
combined,43,naive_signal_max,1,0.015
combined,44,nuisance_orthogonal,0,0.065
combined,44,naive_signal_max,1,0.005
combined,45,nuisance_orthogonal,1,0.025
combined,45,naive_signal_max,1,0.015
combined,46,nuisance_orthogonal,0,0.06
combined,46,naive_signal_max,1,0.005
combined,47,nuisance_orthogonal,0,0.11
combined,47,naive_signal_max,1,0.005
combined,48,nuisance_orthogonal,0,0.21
combined,48,naive_signal_max,1,0.005
combined,49,nuisance_orthogonal,1,0.025
combined,49,naive_signal_max,1,0.005
combined,50,nuisance_orthogonal,1,0.035
combined,50,naive_signal_max,1,0.005
combined,51,nuisance_orthogonal,0,0.305
combined,51,naive_signal_max,1,0.005
combined,52,nuisance_orthogonal,0,0.13
combined,52,naive_signal_max,1,0.005
combined,53,nuisance_orthogonal,0,0.33
combined,53,naive_signal_max,1,0.005
combined,54,nuisance_orthogonal,0,0.06
combined,54,naive_signal_max,1,0.01
combined,55,nuisance_orthogonal,1,0.005
combined,55,naive_signal_max,1,0.005
combined,56,nuisance_orthogonal,1,0.035
combined,56,naive_signal_max,1,0.01
combined,57,nuisance_orthogonal,0,0.095
combined,57,naive_signal_max,1,0.005
combined,58,nuisance_orthogonal,1,0.015
combined,58,naive_signal_max,1,0.005
combined,59,nuisance_orthogonal,1,0.005
combined,59,naive_signal_max,1,0.025
combined,60,nuisance_orthogonal,0,0.29
combined,60,naive_signal_max,1,0.005
combined,61,nuisance_orthogonal,0,0.605
combined,61,naive_signal_max,1,0.025
combined,62,nuisance_orthogonal,0,0.195
combined,62,naive_signal_max,1,0.035
combined,63,nuisance_orthogonal,0,0.63
combined,63,naive_signal_max,1,0.015
combined,64,nuisance_orthogonal,0,0.12
combined,64,naive_signal_max,1,0.025
combined,65,nuisance_orthogonal,1,0.01
combined,65,naive_signal_max,1,0.01
combined,66,nuisance_orthogonal,0,0.305
combined,66,naive_signal_max,1,0.005
combined,67,nuisance_orthogonal,1,0.025
combined,67,naive_signal_max,1,0.02
combined,68,nuisance_orthogonal,0,0.11
combined,68,naive_signal_max,1,0.005
combined,69,nuisance_orthogonal,0,0.06
combined,69,naive_signal_max,1,0.01
combined,70,nuisance_orthogonal,1,0.02
combined,70,naive_signal_max,1,0.005
combined,71,nuisance_orthogonal,0,0.19
combined,71,naive_signal_max,1,0.005
combined,72,nuisance_orthogonal,1,0.005
combined,72,naive_signal_max,1,0.005
combined,73,nuisance_orthogonal,1,0.005
combined,73,naive_signal_max,1,0.01
combined,74,nuisance_orthogonal,0,0.395
combined,74,naive_signal_max,1,0.01
combined,75,nuisance_orthogonal,1,0.03
combined,75,naive_signal_max,0,0.085
combined,76,nuisance_orthogonal,1,0.015
combined,76,naive_signal_max,1,0.005
combined,77,nuisance_orthogonal,1,0.005
combined,77,naive_signal_max,1,0.005
combined,78,nuisance_orthogonal,0,0.07
combined,78,naive_signal_max,1,0.01
combined,79,nuisance_orthogonal,0,0.17
combined,79,naive_signal_max,1,0.005
combined,80,nuisance_orthogonal,0,0.155
combined,80,naive_signal_max,1,0.005
combined,81,nuisance_orthogonal,0,0.11
combined,81,naive_signal_max,1,0.005
combined,82,nuisance_orthogonal,0,0.15
combined,82,naive_signal_max,0,0.175
combined,83,nuisance_orthogonal,0,0.12
combined,83,naive_signal_max,1,0.01
combined,84,nuisance_orthogonal,0,0.085
combined,84,naive_signal_max,1,0.005
combined,85,nuisance_orthogonal,1,0.005
combined,85,naive_signal_max,1,0.015
combined,86,nuisance_orthogonal,1,0.03
combined,86,naive_signal_max,1,0.005
combined,87,nuisance_orthogonal,0,0.36
combined,87,naive_signal_max,1,0.005
combined,88,nuisance_orthogonal,0,0.215
combined,88,naive_signal_max,1,0.01
combined,89,nuisance_orthogonal,0,0.27
combined,89,naive_signal_max,0,0.09
combined,90,nuisance_orthogonal,1,0.035
combined,90,naive_signal_max,1,0.005
combined,91,nuisance_orthogonal,0,0.11
combined,91,naive_signal_max,1,0.025
combined,92,nuisance_orthogonal,0,0.15
combined,92,naive_signal_max,1,0.005
combined,93,nuisance_orthogonal,0,0.23
combined,93,naive_signal_max,1,0.01
combined,94,nuisance_orthogonal,0,0.92
combined,94,naive_signal_max,1,0.01
combined,95,nuisance_orthogonal,0,0.915
combined,95,naive_signal_max,1,0.02
combined,96,nuisance_orthogonal,1,0.005
combined,96,naive_signal_max,1,0.005
combined,97,nuisance_orthogonal,0,0.34
combined,97,naive_signal_max,1,0.01
combined,98,nuisance_orthogonal,1,0.015
combined,98,naive_signal_max,1,0.005
combined,99,nuisance_orthogonal,1,0.01
combined,99,naive_signal_max,1,0.005
combined,100,nuisance_orthogonal,0,0.16
combined,100,naive_signal_max,1,0.005
combined,101,nuisance_orthogonal,1,0.045
combined,101,naive_signal_max,1,0.02
combined,102,nuisance_orthogonal,1,0.01
combined,102,naive_signal_max,1,0.01
combined,103,nuisance_orthogonal,0,0.055
combined,103,naive_signal_max,1,0.005
combined,104,nuisance_orthogonal,1,0.025
combined,104,naive_signal_max,1,0.005
combined,105,nuisance_orthogonal,0,0.275
combined,105,naive_signal_max,0,0.345
combined,106,nuisance_orthogonal,0,0.165
combined,106,naive_signal_max,0,0.535
combined,107,nuisance_orthogonal,0,0.33
combined,107,naive_signal_max,1,0.01
combined,108,nuisance_orthogonal,1,0.015
combined,108,naive_signal_max,1,0.005
combined,109,nuisance_orthogonal,0,0.475
combined,109,naive_signal_max,0,0.095
combined,110,nuisance_orthogonal,1,0.025
combined,110,naive_signal_max,1,0.02
combined,111,nuisance_orthogonal,0,0.24
combined,111,naive_signal_max,1,0.005
combined,112,nuisance_orthogonal,0,0.735
combined,112,naive_signal_max,1,0.01
combined,113,nuisance_orthogonal,1,0.025
combined,113,naive_signal_max,1,0.005
combined,114,nuisance_orthogonal,0,0.075
combined,114,naive_signal_max,1,0.005
combined,115,nuisance_orthogonal,0,0.665
combined,115,naive_signal_max,1,0.005
combined,116,nuisance_orthogonal,0,0.29
combined,116,naive_signal_max,1,0.005
combined,117,nuisance_orthogonal,1,0.03
combined,117,naive_signal_max,1,0.005
combined,118,nuisance_orthogonal,1,0.02
combined,118,naive_signal_max,0,0.145
combined,119,nuisance_orthogonal,1,0.01
combined,119,naive_signal_max,1,0.04
combined,120,nuisance_orthogonal,0,0.79
combined,120,naive_signal_max,1,0.005
combined,121,nuisance_orthogonal,0,0.175
combined,121,naive_signal_max,0,0.07
combined,122,nuisance_orthogonal,0,0.125
combined,122,naive_signal_max,1,0.005
combined,123,nuisance_orthogonal,0,0.29
combined,123,naive_signal_max,1,0.045
combined,124,nuisance_orthogonal,0,0.105
combined,124,naive_signal_max,1,0.025
combined,125,nuisance_orthogonal,1,0.01
combined,125,naive_signal_max,1,0.01
combined,126,nuisance_orthogonal,0,0.14
combined,126,naive_signal_max,1,0.005
combined,127,nuisance_orthogonal,1,0.015
combined,127,naive_signal_max,0,0.055
combined,128,nuisance_orthogonal,0,0.875
combined,128,naive_signal_max,1,0.005
combined,129,nuisance_orthogonal,0,0.09
combined,129,naive_signal_max,1,0.035
combined,130,nuisance_orthogonal,0,0.335
combined,130,naive_signal_max,1,0.005
combined,131,nuisance_orthogonal,0,0.335
combined,131,naive_signal_max,1,0.005
combined,132,nuisance_orthogonal,1,0.035
combined,132,naive_signal_max,1,0.005
combined,133,nuisance_orthogonal,0,0.58
combined,133,naive_signal_max,1,0.005
combined,134,nuisance_orthogonal,0,0.06
combined,134,naive_signal_max,1,0.005
combined,135,nuisance_orthogonal,0,0.105
combined,135,naive_signal_max,1,0.005
combined,136,nuisance_orthogonal,1,0.015
combined,136,naive_signal_max,1,0.005
combined,137,nuisance_orthogonal,1,0.025
combined,137,naive_signal_max,1,0.01
combined,138,nuisance_orthogonal,0,0.165
combined,138,naive_signal_max,0,0.13
combined,139,nuisance_orthogonal,0,0.065
combined,139,naive_signal_max,1,0.005
combined,140,nuisance_orthogonal,1,0.025
combined,140,naive_signal_max,1,0.01
combined,141,nuisance_orthogonal,1,0.025
combined,141,naive_signal_max,1,0.005
combined,142,nuisance_orthogonal,1,0.03
combined,142,naive_signal_max,1,0.005
combined,143,nuisance_orthogonal,1,0.01
combined,143,naive_signal_max,1,0.01
combined,144,nuisance_orthogonal,0,0.38
combined,144,naive_signal_max,0,0.075
combined,145,nuisance_orthogonal,1,0.01
combined,145,naive_signal_max,1,0.005
combined,146,nuisance_orthogonal,1,0.03
combined,146,naive_signal_max,1,0.01
combined,147,nuisance_orthogonal,0,0.08
combined,147,naive_signal_max,0,0.215
combined,148,nuisance_orthogonal,1,0.03
combined,148,naive_signal_max,1,0.005
combined,149,nuisance_orthogonal,0,0.165
combined,149,naive_signal_max,1,0.005
combined,150,nuisance_orthogonal,0,0.885
combined,150,naive_signal_max,1,0.005
combined,151,nuisance_orthogonal,0,0.45
combined,151,naive_signal_max,1,0.01
combined,152,nuisance_orthogonal,0,0.435
combined,152,naive_signal_max,1,0.005
combined,153,nuisance_orthogonal,1,0.02
combined,153,naive_signal_max,1,0.005
combined,154,nuisance_orthogonal,0,0.215
combined,154,naive_signal_max,1,0.01
combined,155,nuisance_orthogonal,0,0.12
combined,155,naive_signal_max,1,0.02
combined,156,nuisance_orthogonal,1,0.025
combined,156,naive_signal_max,1,0.005
combined,157,nuisance_orthogonal,0,0.12
combined,157,naive_signal_max,1,0.005
combined,158,nuisance_orthogonal,1,0.01
combined,158,naive_signal_max,1,0.005
combined,159,nuisance_orthogonal,1,0.01
combined,159,naive_signal_max,1,0.015
combined,160,nuisance_orthogonal,0,0.245
combined,160,naive_signal_max,0,0.07
combined,161,nuisance_orthogonal,0,0.115
combined,161,naive_signal_max,1,0.005
combined,162,nuisance_orthogonal,0,0.265
combined,162,naive_signal_max,1,0.005
combined,163,nuisance_orthogonal,1,0.015
combined,163,naive_signal_max,0,0.115
combined,164,nuisance_orthogonal,1,0.02
combined,164,naive_signal_max,0,0.09
combined,165,nuisance_orthogonal,1,0.03
combined,165,naive_signal_max,1,0.005
combined,166,nuisance_orthogonal,0,0.31
combined,166,naive_signal_max,1,0.005
combined,167,nuisance_orthogonal,0,0.05
combined,167,naive_signal_max,1,0.01
combined,168,nuisance_orthogonal,1,0.045
combined,168,naive_signal_max,1,0.005
combined,169,nuisance_orthogonal,1,0.03
combined,169,naive_signal_max,0,0.105
combined,170,nuisance_orthogonal,0,0.07
combined,170,naive_signal_max,1,0.01
combined,171,nuisance_orthogonal,0,0.065
combined,171,naive_signal_max,1,0.005
combined,172,nuisance_orthogonal,0,0.09
combined,172,naive_signal_max,1,0.005
combined,173,nuisance_orthogonal,1,0.03
combined,173,naive_signal_max,1,0.005
combined,174,nuisance_orthogonal,0,0.52
combined,174,naive_signal_max,0,0.05
combined,175,nuisance_orthogonal,0,0.875
combined,175,naive_signal_max,0,0.05
combined,176,nuisance_orthogonal,0,0.555
combined,176,naive_signal_max,1,0.01
combined,177,nuisance_orthogonal,0,0.09
combined,177,naive_signal_max,1,0.04
combined,178,nuisance_orthogonal,0,0.26
combined,178,naive_signal_max,1,0.005
combined,179,nuisance_orthogonal,0,0.255
combined,179,naive_signal_max,1,0.01
combined,180,nuisance_orthogonal,0,0.455
combined,180,naive_signal_max,1,0.005
combined,181,nuisance_orthogonal,1,0.02
combined,181,naive_signal_max,1,0.005
combined,182,nuisance_orthogonal,1,0.04
combined,182,naive_signal_max,0,0.075
combined,183,nuisance_orthogonal,0,0.08
combined,183,naive_signal_max,1,0.045
combined,184,nuisance_orthogonal,1,0.03
combined,184,naive_signal_max,1,0.005
combined,185,nuisance_orthogonal,0,0.54
combined,185,naive_signal_max,1,0.005
combined,186,nuisance_orthogonal,1,0.005
combined,186,naive_signal_max,0,0.11
combined,187,nuisance_orthogonal,0,0.44
combined,187,naive_signal_max,1,0.005
combined,188,nuisance_orthogonal,0,0.05
combined,188,naive_signal_max,1,0.045
combined,189,nuisance_orthogonal,0,0.165
combined,189,naive_signal_max,1,0.015
combined,190,nuisance_orthogonal,1,0.045
combined,190,naive_signal_max,1,0.005
combined,191,nuisance_orthogonal,1,0.01
combined,191,naive_signal_max,1,0.005
combined,192,nuisance_orthogonal,0,0.655
combined,192,naive_signal_max,0,0.275
combined,193,nuisance_orthogonal,0,0.205
combined,193,naive_signal_max,1,0.03
combined,194,nuisance_orthogonal,0,0.095
combined,194,naive_signal_max,0,0.05
combined,195,nuisance_orthogonal,0,0.065
combined,195,naive_signal_max,1,0.025
combined,196,nuisance_orthogonal,0,0.325
combined,196,naive_signal_max,1,0.005
combined,197,nuisance_orthogonal,0,0.64
combined,197,naive_signal_max,1,0.005
combined,198,nuisance_orthogonal,0,0.16
combined,198,naive_signal_max,1,0.025
combined,199,nuisance_orthogonal,1,0.005
combined,199,naive_signal_max,1,0.005
