condition,rep,diagnostic,reject,pvalue
null,0,nuisance_orthogonal,0,0.402
null,0,naive_signal_max,0,0.078
null,1,nuisance_orthogonal,0,0.412
null,1,naive_signal_max,0,0.62
null,2,nuisance_orthogonal,0,0.192
null,2,naive_signal_max,0,0.606
null,3,nuisance_orthogonal,0,0.28
null,3,naive_signal_max,0,0.692
null,4,nuisance_orthogonal,0,0.84
null,4,naive_signal_max,0,0.674
null,5,nuisance_orthogonal,0,0.172
null,5,naive_signal_max,0,0.242
null,6,nuisance_orthogonal,0,0.134
null,6,naive_signal_max,0,0.242
null,7,nuisance_orthogonal,0,0.13
null,7,naive_signal_max,0,0.386
null,8,nuisance_orthogonal,0,0.264
null,8,naive_signal_max,0,0.37
null,9,nuisance_orthogonal,1,0.046
null,9,naive_signal_max,0,0.224
null,10,nuisance_orthogonal,0,0.292
null,10,naive_signal_max,0,0.668
null,11,nuisance_orthogonal,0,0.516
null,11,naive_signal_max,0,0.618
null,12,nuisance_orthogonal,0,0.878
null,12,naive_signal_max,0,0.096
null,13,nuisance_orthogonal,0,0.832
null,13,naive_signal_max,0,0.174
null,14,nuisance_orthogonal,0,0.924
null,14,naive_signal_max,0,0.05
null,15,nuisance_orthogonal,0,0.576
null,15,naive_signal_max,0,0.962
null,16,nuisance_orthogonal,0,0.956
null,16,naive_signal_max,0,0.556
null,17,nuisance_orthogonal,0,0.572
null,17,naive_signal_max,0,0.976
null,18,nuisance_orthogonal,0,0.25
null,18,naive_signal_max,0,0.736
null,19,nuisance_orthogonal,0,0.908
null,19,naive_signal_max,0,0.446
null,20,nuisance_orthogonal,0,0.69
null,20,naive_signal_max,0,0.81
null,21,nuisance_orthogonal,0,0.198
null,21,naive_signal_max,1,0.016
null,22,nuisance_orthogonal,0,0.09
null,22,naive_signal_max,0,0.844
null,23,nuisance_orthogonal,0,0.096
null,23,naive_signal_max,0,0.204
null,24,nuisance_orthogonal,0,0.824
null,24,naive_signal_max,0,0.992
null,25,nuisance_orthogonal,0,0.87
null,25,naive_signal_max,1,0.038
null,26,nuisance_orthogonal,0,0.512
null,26,naive_signal_max,0,0.77
null,27,nuisance_orthogonal,0,0.314
null,27,naive_signal_max,0,0.874
null,28,nuisance_orthogonal,0,0.088
null,28,naive_signal_max,0,0.304
null,29,nuisance_orthogonal,0,0.654
null,29,naive_signal_max,0,0.446
null,30,nuisance_orthogonal,0,0.194
null,30,naive_signal_max,0,0.426
null,31,nuisance_orthogonal,0,0.506
null,31,naive_signal_max,0,0.71
null,32,nuisance_orthogonal,0,0.874
null,32,naive_signal_max,0,0.394
null,33,nuisance_orthogonal,0,0.948
null,33,naive_signal_max,0,0.378
null,34,nuisance_orthogonal,0,0.288
null,34,naive_signal_max,0,0.922
null,35,nuisance_orthogonal,0,0.178
null,35,naive_signal_max,1,0.014
null,36,nuisance_orthogonal,0,0.456
null,36,naive_signal_max,0,0.788
null,37,nuisance_orthogonal,0,0.378
null,37,naive_signal_max,0,0.66
null,38,nuisance_orthogonal,0,0.39
null,38,naive_signal_max,0,0.12
null,39,nuisance_orthogonal,0,0.57
null,39,naive_signal_max,0,0.552
null,40,nuisance_orthogonal,0,0.484
null,40,naive_signal_max,0,0.192
null,41,nuisance_orthogonal,0,0.93
null,41,naive_signal_max,0,0.882
null,42,nuisance_orthogonal,0,0.42
null,42,naive_signal_max,0,0.828
null,43,nuisance_orthogonal,0,0.804
null,43,naive_signal_max,0,0.844
null,44,nuisance_orthogonal,0,0.514
null,44,naive_signal_max,0,0.64
null,45,nuisance_orthogonal,0,0.282
null,45,naive_signal_max,0,0.128
null,46,nuisance_orthogonal,0,0.46
null,46,naive_signal_max,0,0.418
null,47,nuisance_orthogonal,0,0.264
null,47,naive_signal_max,0,0.068
null,48,nuisance_orthogonal,0,0.65
null,48,naive_signal_max,0,0.98
null,49,nuisance_orthogonal,0,0.578
null,49,naive_signal_max,0,0.714
null,50,nuisance_orthogonal,0,0.764
null,50,naive_signal_max,0,0.42
null,51,nuisance_orthogonal,0,0.514
null,51,naive_signal_max,0,0.32
null,52,nuisance_orthogonal,0,0.534
null,52,naive_signal_max,0,0.8
null,53,nuisance_orthogonal,0,0.29
null,53,naive_signal_max,0,0.61
null,54,nuisance_orthogonal,0,0.594
null,54,naive_signal_max,0,0.554
null,55,nuisance_orthogonal,0,0.216
null,55,naive_signal_max,0,0.708
null,56,nuisance_orthogonal,0,0.532
null,56,naive_signal_max,0,0.52
null,57,nuisance_orthogonal,0,0.398
null,57,naive_signal_max,0,0.97
null,58,nuisance_orthogonal,0,0.598
null,58,naive_signal_max,0,0.872
null,59,nuisance_orthogonal,0,0.494
null,59,naive_signal_max,0,0.766
null,60,nuisance_orthogonal,0,0.61
null,60,naive_signal_max,0,0.314
null,61,nuisance_orthogonal,0,0.498
null,61,naive_signal_max,0,0.48
null,62,nuisance_orthogonal,0,0.886
null,62,naive_signal_max,0,0.632
null,63,nuisance_orthogonal,0,0.246
null,63,naive_signal_max,0,0.662
null,64,nuisance_orthogonal,0,0.688
null,64,naive_signal_max,0,0.838
null,65,nuisance_orthogonal,0,0.29
null,65,naive_signal_max,0,0.91
null,66,nuisance_orthogonal,0,0.786
null,66,naive_signal_max,0,0.764
null,67,nuisance_orthogonal,1,0.026
null,67,naive_signal_max,0,0.236
null,68,nuisance_orthogonal,0,0.918
null,68,naive_signal_max,0,0.94
null,69,nuisance_orthogonal,0,0.302
null,69,naive_signal_max,0,0.94
null,70,nuisance_orthogonal,0,0.384
null,70,naive_signal_max,0,0.588
null,71,nuisance_orthogonal,0,0.328
null,71,naive_signal_max,0,0.442
null,72,nuisance_orthogonal,0,0.688
null,72,naive_signal_max,0,0.206
null,73,nuisance_orthogonal,0,0.082
null,73,naive_signal_max,0,0.43
null,74,nuisance_orthogonal,0,0.728
null,74,naive_signal_max,0,0.632
null,75,nuisance_orthogonal,0,0.28
null,75,naive_signal_max,0,0.172
null,76,nuisance_orthogonal,0,0.112
null,76,naive_signal_max,0,0.488
null,77,nuisance_orthogonal,0,0.368
null,77,naive_signal_max,0,0.384
null,78,nuisance_orthogonal,0,0.416
null,78,naive_signal_max,0,0.89
null,79,nuisance_orthogonal,0,0.808
null,79,naive_signal_max,0,0.832
null,80,nuisance_orthogonal,0,0.46
null,80,naive_signal_max,0,0.292
null,81,nuisance_orthogonal,0,0.966
null,81,naive_signal_max,0,0.9
null,82,nuisance_orthogonal,0,0.446
null,82,naive_signal_max,0,0.232
null,83,nuisance_orthogonal,0,0.254
null,83,naive_signal_max,0,0.408
null,84,nuisance_orthogonal,0,0.732
null,84,naive_signal_max,0,0.914
null,85,nuisance_orthogonal,1,0.02
null,85,naive_signal_max,0,0.696
null,86,nuisance_orthogonal,0,0.218
null,86,naive_signal_max,0,0.698
null,87,nuisance_orthogonal,0,0.524
null,87,naive_signal_max,0,0.916
null,88,nuisance_orthogonal,0,0.992
null,88,naive_signal_max,0,0.178
null,89,nuisance_orthogonal,0,0.622
null,89,naive_signal_max,0,0.37
null,90,nuisance_orthogonal,0,0.638
null,90,naive_signal_max,0,0.708
null,91,nuisance_orthogonal,0,0.68
null,91,naive_signal_max,0,0.622
null,92,nuisance_orthogonal,0,0.8
null,92,naive_signal_max,0,0.128
null,93,nuisance_orthogonal,0,0.472
null,93,naive_signal_max,0,0.24
null,94,nuisance_orthogonal,0,0.098
null,94,naive_signal_max,0,0.608
null,95,nuisance_orthogonal,0,0.194
null,95,naive_signal_max,0,0.934
null,96,nuisance_orthogonal,0,0.394
null,96,naive_signal_max,0,0.582
null,97,nuisance_orthogonal,0,0.266
null,97,naive_signal_max,0,0.376
null,98,nuisance_orthogonal,0,0.204
null,98,naive_signal_max,0,0.554
null,99,nuisance_orthogonal,0,0.912
null,99,naive_signal_max,0,0.736
null,100,nuisance_orthogonal,0,0.61
null,100,naive_signal_max,0,0.674
null,101,nuisance_orthogonal,0,0.898
null,101,naive_signal_max,0,0.96
null,102,nuisance_orthogonal,0,0.514
null,102,naive_signal_max,0,0.97
null,103,nuisance_orthogonal,0,0.836
null,103,naive_signal_max,0,0.098
null,104,nuisance_orthogonal,0,0.374
null,104,naive_signal_max,0,0.088
null,105,nuisance_orthogonal,0,0.358
null,105,naive_signal_max,0,0.15
null,106,nuisance_orthogonal,0,0.71
null,106,naive_signal_max,1,0.016
null,107,nuisance_orthogonal,0,0.066
null,107,naive_signal_max,0,0.732
null,108,nuisance_orthogonal,0,0.334
null,108,naive_signal_max,0,0.986
null,109,nuisance_orthogonal,1,0.024
null,109,naive_signal_max,0,0.428
null,110,nuisance_orthogonal,0,0.722
null,110,naive_signal_max,0,0.872
null,111,nuisance_orthogonal,0,0.554
null,111,naive_signal_max,0,0.392
null,112,nuisance_orthogonal,0,0.34
null,112,naive_signal_max,0,0.298
null,113,nuisance_orthogonal,0,0.408
null,113,naive_signal_max,0,0.21
null,114,nuisance_orthogonal,0,0.47
null,114,naive_signal_max,0,0.864
null,115,nuisance_orthogonal,0,0.546
null,115,naive_signal_max,0,0.392
null,116,nuisance_orthogonal,0,0.9
null,116,naive_signal_max,0,0.47
null,117,nuisance_orthogonal,0,0.82
null,117,naive_signal_max,0,0.674
null,118,nuisance_orthogonal,0,0.546
null,118,naive_signal_max,0,0.156
null,119,nuisance_orthogonal,1,0.004
null,119,naive_signal_max,0,0.788
null,120,nuisance_orthogonal,0,0.586
null,120,naive_signal_max,0,0.326
null,121,nuisance_orthogonal,0,0.754
null,121,naive_signal_max,0,0.612
null,122,nuisance_orthogonal,0,0.536
null,122,naive_signal_max,0,0.314
null,123,nuisance_orthogonal,0,0.308
null,123,naive_signal_max,0,0.362
null,124,nuisance_orthogonal,0,0.9
null,124,naive_signal_max,0,0.704
null,125,nuisance_orthogonal,0,0.978
null,125,naive_signal_max,0,0.698
null,126,nuisance_orthogonal,0,0.956
null,126,naive_signal_max,0,0.714
null,127,nuisance_orthogonal,0,0.9
null,127,naive_signal_max,0,0.386
null,128,nuisance_orthogonal,0,0.064
null,128,naive_signal_max,0,0.39
null,129,nuisance_orthogonal,0,0.318
null,129,naive_signal_max,0,0.986
null,130,nuisance_orthogonal,0,0.158
null,130,naive_signal_max,0,0.216
null,131,nuisance_orthogonal,0,0.748
null,131,naive_signal_max,0,0.16
null,132,nuisance_orthogonal,0,0.726
null,132,naive_signal_max,0,0.196
null,133,nuisance_orthogonal,0,0.566
null,133,naive_signal_max,0,0.498
null,134,nuisance_orthogonal,0,0.888
null,134,naive_signal_max,0,0.79
null,135,nuisance_orthogonal,0,0.428
null,135,naive_signal_max,0,0.57
null,136,nuisance_orthogonal,0,0.636
null,136,naive_signal_max,0,0.194
null,137,nuisance_orthogonal,0,0.736
null,137,naive_signal_max,0,0.648
null,138,nuisance_orthogonal,0,0.596
null,138,naive_signal_max,0,0.214
null,139,nuisance_orthogonal,0,0.218
null,139,naive_signal_max,0,0.162
null,140,nuisance_orthogonal,0,0.54
null,140,naive_signal_max,0,0.516
null,141,nuisance_orthogonal,0,0.108
null,141,naive_signal_max,1,0.04
null,142,nuisance_orthogonal,0,0.868
null,142,naive_signal_max,0,0.666
null,143,nuisance_orthogonal,0,0.118
null,143,naive_signal_max,0,0.71
null,144,nuisance_orthogonal,0,0.45
null,144,naive_signal_max,0,0.408
null,145,nuisance_orthogonal,0,0.53
null,145,naive_signal_max,0,0.706
null,146,nuisance_orthogonal,0,0.648
null,146,naive_signal_max,0,0.394
null,147,nuisance_orthogonal,0,0.296
null,147,naive_signal_max,0,0.278
null,148,nuisance_orthogonal,0,0.248
null,148,naive_signal_max,0,0.254
null,149,nuisance_orthogonal,0,0.452
null,149,naive_signal_max,0,0.536
null,150,nuisance_orthogonal,0,0.654
null,150,naive_signal_max,0,0.244
null,151,nuisance_orthogonal,0,0.568
null,151,naive_signal_max,0,0.926
null,152,nuisance_orthogonal,0,0.496
null,152,naive_signal_max,0,0.84
null,153,nuisance_orthogonal,0,0.434
null,153,naive_signal_max,0,0.116
null,154,nuisance_orthogonal,0,0.81
null,154,naive_signal_max,0,0.822
null,155,nuisance_orthogonal,0,0.66
null,155,naive_signal_max,0,0.796
null,156,nuisance_orthogonal,0,0.276
null,156,naive_signal_max,0,0.516
null,157,nuisance_orthogonal,0,0.344
null,157,naive_signal_max,0,0.8
null,158,nuisance_orthogonal,0,0.166
null,158,naive_signal_max,0,0.648
null,159,nuisance_orthogonal,0,0.778
null,159,naive_signal_max,0,0.856
null,160,nuisance_orthogonal,1,0.032
null,160,naive_signal_max,0,0.532
null,161,nuisance_orthogonal,0,0.912
null,161,naive_signal_max,0,0.814
null,162,nuisance_orthogonal,0,0.19
null,162,naive_signal_max,0,0.06
null,163,nuisance_orthogonal,0,0.736
null,163,naive_signal_max,0,0.442
null,164,nuisance_orthogonal,0,0.598
null,164,naive_signal_max,0,0.852
null,165,nuisance_orthogonal,0,0.158
null,165,naive_signal_max,0,0.812
null,166,nuisance_orthogonal,0,0.49
null,166,naive_signal_max,0,0.206
null,167,nuisance_orthogonal,0,0.954
null,167,naive_signal_max,0,0.69
null,168,nuisance_orthogonal,0,0.894
null,168,naive_signal_max,0,0.264
null,169,nuisance_orthogonal,0,0.974
null,169,naive_signal_max,0,0.228
null,170,nuisance_orthogonal,0,0.564
null,170,naive_signal_max,0,0.604
null,171,nuisance_orthogonal,0,0.712
null,171,naive_signal_max,0,0.842
null,172,nuisance_orthogonal,0,0.582
null,172,naive_signal_max,0,0.648
null,173,nuisance_orthogonal,0,0.764
null,173,naive_signal_max,0,0.906
null,174,nuisance_orthogonal,0,0.136
null,174,naive_signal_max,0,0.936
null,175,nuisance_orthogonal,0,0.402
null,175,naive_signal_max,0,0.318
null,176,nuisance_orthogonal,1,0.01
null,176,naive_signal_max,0,0.266
null,177,nuisance_orthogonal,0,0.55
null,177,naive_signal_max,0,0.93
null,178,nuisance_orthogonal,0,0.294
null,178,naive_signal_max,0,0.718
null,179,nuisance_orthogonal,0,0.986
null,179,naive_signal_max,0,0.728
null,180,nuisance_orthogonal,0,0.218
null,180,naive_signal_max,0,0.54
null,181,nuisance_orthogonal,0,0.364
null,181,naive_signal_max,0,0.268
null,182,nuisance_orthogonal,0,0.704
null,182,naive_signal_max,0,0.322
null,183,nuisance_orthogonal,0,0.078
null,183,naive_signal_max,0,0.704
null,184,nuisance_orthogonal,0,0.692
null,184,naive_signal_max,0,0.73
null,185,nuisance_orthogonal,0,0.162
null,185,naive_signal_max,0,0.054
null,186,nuisance_orthogonal,0,0.092
null,186,naive_signal_max,0,0.274
null,187,nuisance_orthogonal,0,0.2
null,187,naive_signal_max,0,0.062
null,188,nuisance_orthogonal,0,0.21
null,188,naive_signal_max,0,0.828
null,189,nuisance_orthogonal,0,0.518
null,189,naive_signal_max,0,0.108
null,190,nuisance_orthogonal,0,0.962
null,190,naive_signal_max,0,0.872
null,191,nuisance_orthogonal,0,0.718
null,191,naive_signal_max,0,0.892
null,192,nuisance_orthogonal,0,0.214
null,192,naive_signal_max,0,0.156
null,193,nuisance_orthogonal,0,0.386
null,193,naive_signal_max,0,0.238
null,194,nuisance_orthogonal,0,0.918
null,194,naive_signal_max,0,0.214
null,195,nuisance_orthogonal,0,0.754
null,195,naive_signal_max,0,0.886
null,196,nuisance_orthogonal,0,0.11
null,196,naive_signal_max,0,0.388
null,197,nuisance_orthogonal,0,0.614
null,197,naive_signal_max,0,0.66
null,198,nuisance_orthogonal,0,0.666
null,198,naive_signal_max,0,0.206
null,199,nuisance_orthogonal,0,0.47
null,199,naive_signal_max,0,0.294
omitted,0,nuisance_orthogonal,0,0.068
omitted,0,naive_signal_max,1,0.002
omitted,1,nuisance_orthogonal,1,0.002
omitted,1,naive_signal_max,1,0.002
omitted,2,nuisance_orthogonal,1,0.002
omitted,2,naive_signal_max,1,0.002
omitted,3,nuisance_orthogonal,1,0.002
omitted,3,naive_signal_max,1,0.002
omitted,4,nuisance_orthogonal,1,0.002
omitted,4,naive_signal_max,1,0.002
omitted,5,nuisance_orthogonal,1,0.002
omitted,5,naive_signal_max,1,0.002
omitted,6,nuisance_orthogonal,0,0.48
omitted,6,naive_signal_max,1,0.002
omitted,7,nuisance_orthogonal,1,0.002
omitted,7,naive_signal_max,1,0.002
omitted,8,nuisance_orthogonal,1,0.002
omitted,8,naive_signal_max,1,0.002
omitted,9,nuisance_orthogonal,1,0.002
omitted,9,naive_signal_max,1,0.002
omitted,10,nuisance_orthogonal,1,0.048
omitted,10,naive_signal_max,1,0.002
omitted,11,nuisance_orthogonal,0,0.07
omitted,11,naive_signal_max,1,0.002
omitted,12,nuisance_orthogonal,1,0.012
omitted,12,naive_signal_max,1,0.002
omitted,13,nuisance_orthogonal,1,0.004
omitted,13,naive_signal_max,1,0.002
omitted,14,nuisance_orthogonal,0,0.064
omitted,14,naive_signal_max,1,0.002
omitted,15,nuisance_orthogonal,1,0.006
omitted,15,naive_signal_max,1,0.002
omitted,16,nuisance_orthogonal,1,0.032
omitted,16,naive_signal_max,1,0.002
omitted,17,nuisance_orthogonal,0,0.062
omitted,17,naive_signal_max,1,0.002
omitted,18,nuisance_orthogonal,0,0.132
omitted,18,naive_signal_max,1,0.002
omitted,19,nuisance_orthogonal,1,0.036
omitted,19,naive_signal_max,1,0.002
omitted,20,nuisance_orthogonal,1,0.004
omitted,20,naive_signal_max,1,0.002
omitted,21,nuisance_orthogonal,1,0.032
omitted,21,naive_signal_max,1,0.006
omitted,22,nuisance_orthogonal,0,0.218
omitted,22,naive_signal_max,1,0.002
omitted,23,nuisance_orthogonal,0,0.062
omitted,23,naive_signal_max,1,0.002
omitted,24,nuisance_orthogonal,1,0.002
omitted,24,naive_signal_max,1,0.002
omitted,25,nuisance_orthogonal,1,0.004
omitted,25,naive_signal_max,1,0.002
omitted,26,nuisance_orthogonal,1,0.012
omitted,26,naive_signal_max,1,0.002
omitted,27,nuisance_orthogonal,1,0.002
omitted,27,naive_signal_max,1,0.002
omitted,28,nuisance_orthogonal,1,0.002
omitted,28,naive_signal_max,1,0.002
omitted,29,nuisance_orthogonal,1,0.042
omitted,29,naive_signal_max,1,0.002
omitted,30,nuisance_orthogonal,1,0.002
omitted,30,naive_signal_max,1,0.002
omitted,31,nuisance_orthogonal,1,0.014
omitted,31,naive_signal_max,1,0.002
omitted,32,nuisance_orthogonal,1,0.006
omitted,32,naive_signal_max,1,0.002
omitted,33,nuisance_orthogonal,1,0.004
omitted,33,naive_signal_max,1,0.002
omitted,34,nuisance_orthogonal,0,0.076
omitted,34,naive_signal_max,1,0.002
omitted,35,nuisance_orthogonal,1,0.004
omitted,35,naive_signal_max,1,0.006
omitted,36,nuisance_orthogonal,1,0.002
omitted,36,naive_signal_max,1,0.002
omitted,37,nuisance_orthogonal,1,0.018
omitted,37,naive_signal_max,1,0.002
omitted,38,nuisance_orthogonal,0,0.056
omitted,38,naive_signal_max,1,0.002
omitted,39,nuisance_orthogonal,1,0.024
omitted,39,naive_signal_max,1,0.002
omitted,40,nuisance_orthogonal,0,0.122
omitted,40,naive_signal_max,1,0.002
omitted,41,nuisance_orthogonal,1,0.006
omitted,41,naive_signal_max,1,0.002
omitted,42,nuisance_orthogonal,0,0.052
omitted,42,naive_signal_max,1,0.002
omitted,43,nuisance_orthogonal,1,0.01
omitted,43,naive_signal_max,1,0.002
omitted,44,nuisance_orthogonal,1,0.04
omitted,44,naive_signal_max,1,0.002
omitted,45,nuisance_orthogonal,1,0.002
omitted,45,naive_signal_max,1,0.002
omitted,46,nuisance_orthogonal,1,0.002
omitted,46,naive_signal_max,1,0.002
omitted,47,nuisance_orthogonal,0,0.326
omitted,47,naive_signal_max,1,0.002
omitted,48,nuisance_orthogonal,1,0.004
omitted,48,naive_signal_max,1,0.002
omitted,49,nuisance_orthogonal,1,0.002
omitted,49,naive_signal_max,1,0.002
omitted,50,nuisance_orthogonal,1,0.004
omitted,50,naive_signal_max,1,0.002
omitted,51,nuisance_orthogonal,1,0.002
omitted,51,naive_signal_max,1,0.002
omitted,52,nuisance_orthogonal,0,0.084
omitted,52,naive_signal_max,1,0.002
omitted,53,nuisance_orthogonal,0,0.14
omitted,53,naive_signal_max,1,0.002
omitted,54,nuisance_orthogonal,1,0.002
omitted,54,naive_signal_max,1,0.002
omitted,55,nuisance_orthogonal,1,0.002
omitted,55,naive_signal_max,1,0.002
omitted,56,nuisance_orthogonal,1,0.012
omitted,56,naive_signal_max,1,0.002
omitted,57,nuisance_orthogonal,1,0.002
omitted,57,naive_signal_max,1,0.002
omitted,58,nuisance_orthogonal,1,0.002
omitted,58,naive_signal_max,1,0.002
omitted,59,nuisance_orthogonal,1,0.002
omitted,59,naive_signal_max,1,0.002
omitted,60,nuisance_orthogonal,1,0.004
omitted,60,naive_signal_max,1,0.002
omitted,61,nuisance_orthogonal,1,0.002
omitted,61,naive_signal_max,1,0.002
omitted,62,nuisance_orthogonal,1,0.002
omitted,62,naive_signal_max,1,0.002
omitted,63,nuisance_orthogonal,0,0.216
omitted,63,naive_signal_max,1,0.002
omitted,64,nuisance_orthogonal,0,0.094
omitted,64,naive_signal_max,1,0.002
omitted,65,nuisance_orthogonal,1,0.002
omitted,65,naive_signal_max,1,0.002
omitted,66,nuisance_orthogonal,1,0.01
omitted,66,naive_signal_max,1,0.002
omitted,67,nuisance_orthogonal,1,0.002
omitted,67,naive_signal_max,1,0.002
omitted,68,nuisance_orthogonal,1,0.002
omitted,68,naive_signal_max,1,0.002
omitted,69,nuisance_orthogonal,1,0.002
omitted,69,naive_signal_max,1,0.002
omitted,70,nuisance_orthogonal,1,0.002
omitted,70,naive_signal_max,1,0.002
omitted,71,nuisance_orthogonal,0,0.076
omitted,71,naive_signal_max,1,0.002
omitted,72,nuisance_orthogonal,1,0.002
omitted,72,naive_signal_max,1,0.002
omitted,73,nuisance_orthogonal,1,0.002
omitted,73,naive_signal_max,1,0.002
omitted,74,nuisance_orthogonal,1,0.002
omitted,74,naive_signal_max,1,0.002
omitted,75,nuisance_orthogonal,1,0.002
omitted,75,naive_signal_max,1,0.002
omitted,76,nuisance_orthogonal,1,0.002
omitted,76,naive_signal_max,1,0.002
omitted,77,nuisance_orthogonal,1,0.004
omitted,77,naive_signal_max,1,0.002
omitted,78,nuisance_orthogonal,1,0.004
omitted,78,naive_signal_max,1,0.002
omitted,79,nuisance_orthogonal,1,0.044
omitted,79,naive_signal_max,1,0.002
omitted,80,nuisance_orthogonal,0,0.088
omitted,80,naive_signal_max,1,0.002
omitted,81,nuisance_orthogonal,1,0.04
omitted,81,naive_signal_max,1,0.002
omitted,82,nuisance_orthogonal,1,0.01
omitted,82,naive_signal_max,1,0.002
omitted,83,nuisance_orthogonal,1,0.002
omitted,83,naive_signal_max,1,0.002
omitted,84,nuisance_orthogonal,1,0.02
omitted,84,naive_signal_max,1,0.002
omitted,85,nuisance_orthogonal,1,0.002
omitted,85,naive_signal_max,1,0.002
omitted,86,nuisance_orthogonal,1,0.004
omitted,86,naive_signal_max,1,0.002
omitted,87,nuisance_orthogonal,0,0.052
omitted,87,naive_signal_max,1,0.002
omitted,88,nuisance_orthogonal,1,0.026
omitted,88,naive_signal_max,1,0.002
omitted,89,nuisance_orthogonal,1,0.002
omitted,89,naive_signal_max,1,0.002
omitted,90,nuisance_orthogonal,1,0.022
omitted,90,naive_signal_max,1,0.002
omitted,91,nuisance_orthogonal,1,0.01
omitted,91,naive_signal_max,1,0.002
omitted,92,nuisance_orthogonal,1,0.032
omitted,92,naive_signal_max,1,0.002
omitted,93,nuisance_orthogonal,1,0.042
omitted,93,naive_signal_max,1,0.002
omitted,94,nuisance_orthogonal,0,0.182
omitted,94,naive_signal_max,1,0.002
omitted,95,nuisance_orthogonal,0,0.318
omitted,95,naive_signal_max,1,0.002
omitted,96,nuisance_orthogonal,1,0.002
omitted,96,naive_signal_max,1,0.002
omitted,97,nuisance_orthogonal,0,0.05
omitted,97,naive_signal_max,1,0.002
omitted,98,nuisance_orthogonal,1,0.002
omitted,98,naive_signal_max,1,0.002
omitted,99,nuisance_orthogonal,1,0.004
omitted,99,naive_signal_max,1,0.002
omitted,100,nuisance_orthogonal,1,0.002
omitted,100,naive_signal_max,1,0.002
omitted,101,nuisance_orthogonal,1,0.008
omitted,101,naive_signal_max,1,0.002
omitted,102,nuisance_orthogonal,1,0.002
omitted,102,naive_signal_max,1,0.002
omitted,103,nuisance_orthogonal,1,0.002
omitted,103,naive_signal_max,1,0.002
omitted,104,nuisance_orthogonal,1,0.002
omitted,104,naive_signal_max,1,0.002
omitted,105,nuisance_orthogonal,0,0.224
omitted,105,naive_signal_max,1,0.002
omitted,106,nuisance_orthogonal,1,0.012
omitted,106,naive_signal_max,1,0.022
omitted,107,nuisance_orthogonal,0,0.228
omitted,107,naive_signal_max,1,0.002
omitted,108,nuisance_orthogonal,1,0.002
omitted,108,naive_signal_max,1,0.002
omitted,109,nuisance_orthogonal,0,0.732
omitted,109,naive_signal_max,1,0.002
omitted,110,nuisance_orthogonal,1,0.02
omitted,110,naive_signal_max,1,0.002
omitted,111,nuisance_orthogonal,0,0.062
omitted,111,naive_signal_max,1,0.002
omitted,112,nuisance_orthogonal,0,0.166
omitted,112,naive_signal_max,1,0.002
omitted,113,nuisance_orthogonal,1,0.002
omitted,113,naive_signal_max,1,0.002
omitted,114,nuisance_orthogonal,1,0.002
omitted,114,naive_signal_max,1,0.002
omitted,115,nuisance_orthogonal,1,0.03
omitted,115,naive_signal_max,1,0.002
omitted,116,nuisance_orthogonal,1,0.022
omitted,116,naive_signal_max,1,0.002
omitted,117,nuisance_orthogonal,1,0.01
omitted,117,naive_signal_max,1,0.002
omitted,118,nuisance_orthogonal,1,0.002
omitted,118,naive_signal_max,1,0.002
omitted,119,nuisance_orthogonal,1,0.002
omitted,119,naive_signal_max,1,0.002
omitted,120,nuisance_orthogonal,0,0.27
omitted,120,naive_signal_max,1,0.002
omitted,121,nuisance_orthogonal,1,0.002
omitted,121,naive_signal_max,1,0.002
omitted,122,nuisance_orthogonal,1,0.02
omitted,122,naive_signal_max,1,0.002
omitted,123,nuisance_orthogonal,1,0.004
omitted,123,naive_signal_max,1,0.002
omitted,124,nuisance_orthogonal,1,0.022
omitted,124,naive_signal_max,1,0.002
omitted,125,nuisance_orthogonal,1,0.002
omitted,125,naive_signal_max,1,0.002
omitted,126,nuisance_orthogonal,1,0.006
omitted,126,naive_signal_max,1,0.002
omitted,127,nuisance_orthogonal,1,0.004
omitted,127,naive_signal_max,1,0.002
omitted,128,nuisance_orthogonal,0,0.188
omitted,128,naive_signal_max,1,0.002
omitted,129,nuisance_orthogonal,0,0.114
omitted,129,naive_signal_max,1,0.002
omitted,130,nuisance_orthogonal,0,0.178
omitted,130,naive_signal_max,1,0.002
omitted,131,nuisance_orthogonal,1,0.006
omitted,131,naive_signal_max,1,0.002
omitted,132,nuisance_orthogonal,1,0.028
omitted,132,naive_signal_max,1,0.002
omitted,133,nuisance_orthogonal,1,0.04
omitted,133,naive_signal_max,1,0.002
omitted,134,nuisance_orthogonal,1,0.006
omitted,134,naive_signal_max,1,0.002
omitted,135,nuisance_orthogonal,1,0.038
omitted,135,naive_signal_max,1,0.002
omitted,136,nuisance_orthogonal,1,0.002
omitted,136,naive_signal_max,1,0.002
omitted,137,nuisance_orthogonal,1,0.002
omitted,137,naive_signal_max,1,0.002
omitted,138,nuisance_orthogonal,1,0.01
omitted,138,naive_signal_max,1,0.002
omitted,139,nuisance_orthogonal,0,0.094
omitted,139,naive_signal_max,1,0.002
omitted,140,nuisance_orthogonal,1,0.004
omitted,140,naive_signal_max,1,0.002
omitted,141,nuisance_orthogonal,1,0.002
omitted,141,naive_signal_max,1,0.002
omitted,142,nuisance_orthogonal,1,0.024
omitted,142,naive_signal_max,1,0.002
omitted,143,nuisance_orthogonal,1,0.002
omitted,143,naive_signal_max,1,0.002
omitted,144,nuisance_orthogonal,1,0.044
omitted,144,naive_signal_max,1,0.002
omitted,145,nuisance_orthogonal,1,0.004
omitted,145,naive_signal_max,1,0.002
omitted,146,nuisance_orthogonal,1,0.012
omitted,146,naive_signal_max,1,0.002
omitted,147,nuisance_orthogonal,1,0.004
omitted,147,naive_signal_max,1,0.002
omitted,148,nuisance_orthogonal,1,0.002
omitted,148,naive_signal_max,1,0.002
omitted,149,nuisance_orthogonal,1,0.008
omitted,149,naive_signal_max,1,0.002
omitted,150,nuisance_orthogonal,0,0.096
omitted,150,naive_signal_max,1,0.002
omitted,151,nuisance_orthogonal,0,0.058
omitted,151,naive_signal_max,1,0.002
omitted,152,nuisance_orthogonal,1,0.002
omitted,152,naive_signal_max,1,0.002
omitted,153,nuisance_orthogonal,1,0.002
omitted,153,naive_signal_max,1,0.002
omitted,154,nuisance_orthogonal,1,0.024
omitted,154,naive_signal_max,1,0.002
omitted,155,nuisance_orthogonal,1,0.026
omitted,155,naive_signal_max,1,0.002
omitted,156,nuisance_orthogonal,1,0.002
omitted,156,naive_signal_max,1,0.002
omitted,157,nuisance_orthogonal,0,0.116
omitted,157,naive_signal_max,1,0.002
omitted,158,nuisance_orthogonal,1,0.002
omitted,158,naive_signal_max,1,0.002
omitted,159,nuisance_orthogonal,1,0.002
omitted,159,naive_signal_max,1,0.002
omitted,160,nuisance_orthogonal,0,0.158
omitted,160,naive_signal_max,1,0.002
omitted,161,nuisance_orthogonal,1,0.004
omitted,161,naive_signal_max,1,0.002
omitted,162,nuisance_orthogonal,1,0.026
omitted,162,naive_signal_max,1,0.002
omitted,163,nuisance_orthogonal,1,0.008
omitted,163,naive_signal_max,1,0.002
omitted,164,nuisance_orthogonal,1,0.004
omitted,164,naive_signal_max,1,0.002
omitted,165,nuisance_orthogonal,1,0.002
omitted,165,naive_signal_max,1,0.002
omitted,166,nuisance_orthogonal,0,0.054
omitted,166,naive_signal_max,1,0.002
omitted,167,nuisance_orthogonal,1,0.002
omitted,167,naive_signal_max,1,0.002
omitted,168,nuisance_orthogonal,1,0.006
omitted,168,naive_signal_max,1,0.002
omitted,169,nuisance_orthogonal,1,0.006
omitted,169,naive_signal_max,1,0.002
omitted,170,nuisance_orthogonal,1,0.016
omitted,170,naive_signal_max,1,0.002
omitted,171,nuisance_orthogonal,1,0.012
omitted,171,naive_signal_max,1,0.002
omitted,172,nuisance_orthogonal,1,0.02
omitted,172,naive_signal_max,1,0.002
omitted,173,nuisance_orthogonal,1,0.004
omitted,173,naive_signal_max,1,0.002
omitted,174,nuisance_orthogonal,0,0.074
omitted,174,naive_signal_max,1,0.002
omitted,175,nuisance_orthogonal,0,0.194
omitted,175,naive_signal_max,1,0.002
omitted,176,nuisance_orthogonal,0,0.84
omitted,176,naive_signal_max,1,0.002
omitted,177,nuisance_orthogonal,1,0.002
omitted,177,naive_signal_max,1,0.002
omitted,178,nuisance_orthogonal,0,0.304
omitted,178,naive_signal_max,1,0.002
omitted,179,nuisance_orthogonal,1,0.002
omitted,179,naive_signal_max,1,0.002
omitted,180,nuisance_orthogonal,0,0.416
omitted,180,naive_signal_max,1,0.002
omitted,181,nuisance_orthogonal,1,0.002
omitted,181,naive_signal_max,1,0.002
omitted,182,nuisance_orthogonal,1,0.004
omitted,182,naive_signal_max,1,0.002
omitted,183,nuisance_orthogonal,0,0.65
omitted,183,naive_signal_max,1,0.002
omitted,184,nuisance_orthogonal,1,0.03
omitted,184,naive_signal_max,1,0.002
omitted,185,nuisance_orthogonal,0,0.136
omitted,185,naive_signal_max,1,0.002
omitted,186,nuisance_orthogonal,1,0.002
omitted,186,naive_signal_max,1,0.002
omitted,187,nuisance_orthogonal,0,0.082
omitted,187,naive_signal_max,1,0.002
omitted,188,nuisance_orthogonal,1,0.002
omitted,188,naive_signal_max,1,0.002
omitted,189,nuisance_orthogonal,1,0.032
omitted,189,naive_signal_max,1,0.002
omitted,190,nuisance_orthogonal,0,0.064
omitted,190,naive_signal_max,1,0.002
omitted,191,nuisance_orthogonal,1,0.002
omitted,191,naive_signal_max,1,0.002
omitted,192,nuisance_orthogonal,0,0.064
omitted,192,naive_signal_max,1,0.002
omitted,193,nuisance_orthogonal,1,0.002
omitted,193,naive_signal_max,1,0.002
omitted,194,nuisance_orthogonal,1,0.008
omitted,194,naive_signal_max,1,0.002
omitted,195,nuisance_orthogonal,1,0.026
omitted,195,naive_signal_max,1,0.002
omitted,196,nuisance_orthogonal,0,0.114
omitted,196,naive_signal_max,1,0.002
omitted,197,nuisance_orthogonal,1,0.004
omitted,197,naive_signal_max,1,0.002
omitted,198,nuisance_orthogonal,1,0.006
omitted,198,naive_signal_max,1,0.002
omitted,199,nuisance_orthogonal,1,0.002
omitted,199,naive_signal_max,1,0.002
scale,0,nuisance_orthogonal,0,0.15
scale,0,naive_signal_max,0,0.084
scale,1,nuisance_orthogonal,0,0.69
scale,1,naive_signal_max,0,0.576
scale,2,nuisance_orthogonal,0,0.438
scale,2,naive_signal_max,0,0.618
scale,3,nuisance_orthogonal,0,0.436
scale,3,naive_signal_max,0,0.504
scale,4,nuisance_orthogonal,0,0.71
scale,4,naive_signal_max,0,0.536
scale,5,nuisance_orthogonal,0,0.754
scale,5,naive_signal_max,0,0.166
scale,6,nuisance_orthogonal,0,0.148
scale,6,naive_signal_max,0,0.332
scale,7,nuisance_orthogonal,0,0.956
scale,7,naive_signal_max,0,0.198
scale,8,nuisance_orthogonal,0,0.746
scale,8,naive_signal_max,0,0.95
scale,9,nuisance_orthogonal,1,0.02
scale,9,naive_signal_max,0,0.594
scale,10,nuisance_orthogonal,0,0.246
scale,10,naive_signal_max,0,0.364
scale,11,nuisance_orthogonal,0,0.204
scale,11,naive_signal_max,0,0.698
scale,12,nuisance_orthogonal,0,0.518
scale,12,naive_signal_max,0,0.712
scale,13,nuisance_orthogonal,0,0.786
scale,13,naive_signal_max,0,0.24
scale,14,nuisance_orthogonal,0,0.932
scale,14,naive_signal_max,0,0.058
scale,15,nuisance_orthogonal,0,0.336
scale,15,naive_signal_max,0,0.652
scale,16,nuisance_orthogonal,0,0.93
scale,16,naive_signal_max,0,0.512
scale,17,nuisance_orthogonal,0,0.928
scale,17,naive_signal_max,0,0.88
scale,18,nuisance_orthogonal,0,0.706
scale,18,naive_signal_max,0,0.94
scale,19,nuisance_orthogonal,0,0.422
scale,19,naive_signal_max,0,0.392
scale,20,nuisance_orthogonal,0,0.198
scale,20,naive_signal_max,0,0.7
scale,21,nuisance_orthogonal,0,0.166
scale,21,naive_signal_max,0,0.15
scale,22,nuisance_orthogonal,0,0.19
scale,22,naive_signal_max,0,0.91
scale,23,nuisance_orthogonal,0,0.212
scale,23,naive_signal_max,0,0.106
scale,24,nuisance_orthogonal,0,0.608
scale,24,naive_signal_max,0,0.834
scale,25,nuisance_orthogonal,0,0.306
scale,25,naive_signal_max,0,0.176
scale,26,nuisance_orthogonal,0,0.426
scale,26,naive_signal_max,0,0.476
scale,27,nuisance_orthogonal,0,0.218
scale,27,naive_signal_max,0,0.458
scale,28,nuisance_orthogonal,0,0.33
scale,28,naive_signal_max,0,0.948
scale,29,nuisance_orthogonal,0,0.628
scale,29,naive_signal_max,0,0.468
scale,30,nuisance_orthogonal,0,0.844
scale,30,naive_signal_max,0,0.44
scale,31,nuisance_orthogonal,0,0.79
scale,31,naive_signal_max,0,0.766
scale,32,nuisance_orthogonal,0,0.916
scale,32,naive_signal_max,0,0.588
scale,33,nuisance_orthogonal,0,0.23
scale,33,naive_signal_max,0,0.328
scale,34,nuisance_orthogonal,0,0.432
scale,34,naive_signal_max,0,0.856
scale,35,nuisance_orthogonal,0,0.284
scale,35,naive_signal_max,1,0.032
scale,36,nuisance_orthogonal,0,0.442
scale,36,naive_signal_max,0,0.552
scale,37,nuisance_orthogonal,0,0.074
scale,37,naive_signal_max,0,0.758
scale,38,nuisance_orthogonal,0,0.482
scale,38,naive_signal_max,0,0.45
scale,39,nuisance_orthogonal,0,0.196
scale,39,naive_signal_max,0,0.598
scale,40,nuisance_orthogonal,0,0.296
scale,40,naive_signal_max,0,0.23
scale,41,nuisance_orthogonal,0,0.396
scale,41,naive_signal_max,0,0.808
scale,42,nuisance_orthogonal,1,0.048
scale,42,naive_signal_max,0,0.622
scale,43,nuisance_orthogonal,0,0.674
scale,43,naive_signal_max,0,0.388
scale,44,nuisance_orthogonal,0,0.82
scale,44,naive_signal_max,0,0.458
scale,45,nuisance_orthogonal,0,0.51
scale,45,naive_signal_max,0,0.656
scale,46,nuisance_orthogonal,0,0.402
scale,46,naive_signal_max,0,0.64
scale,47,nuisance_orthogonal,0,0.92
scale,47,naive_signal_max,0,0.056
scale,48,nuisance_orthogonal,0,0.538
scale,48,naive_signal_max,0,0.592
scale,49,nuisance_orthogonal,0,0.47
scale,49,naive_signal_max,0,0.466
scale,50,nuisance_orthogonal,0,0.468
scale,50,naive_signal_max,0,0.908
scale,51,nuisance_orthogonal,0,0.616
scale,51,naive_signal_max,0,0.956
scale,52,nuisance_orthogonal,0,0.982
scale,52,naive_signal_max,0,0.73
scale,53,nuisance_orthogonal,0,0.648
scale,53,naive_signal_max,0,0.944
scale,54,nuisance_orthogonal,0,0.71
scale,54,naive_signal_max,0,0.854
scale,55,nuisance_orthogonal,0,0.14
scale,55,naive_signal_max,0,0.514
scale,56,nuisance_orthogonal,0,0.49
scale,56,naive_signal_max,0,0.918
scale,57,nuisance_orthogonal,0,0.954
scale,57,naive_signal_max,0,0.738
scale,58,nuisance_orthogonal,0,0.636
scale,58,naive_signal_max,0,0.75
scale,59,nuisance_orthogonal,0,0.128
scale,59,naive_signal_max,0,0.63
scale,60,nuisance_orthogonal,0,0.622
scale,60,naive_signal_max,0,0.636
scale,61,nuisance_orthogonal,0,0.102
scale,61,naive_signal_max,0,0.382
scale,62,nuisance_orthogonal,0,0.418
scale,62,naive_signal_max,0,0.406
scale,63,nuisance_orthogonal,0,0.31
scale,63,naive_signal_max,0,0.824
scale,64,nuisance_orthogonal,0,0.978
scale,64,naive_signal_max,0,0.482
scale,65,nuisance_orthogonal,0,0.528
scale,65,naive_signal_max,0,0.748
scale,66,nuisance_orthogonal,0,0.624
scale,66,naive_signal_max,0,0.222
scale,67,nuisance_orthogonal,0,0.974
scale,67,naive_signal_max,0,0.414
scale,68,nuisance_orthogonal,0,0.602
scale,68,naive_signal_max,0,0.604
scale,69,nuisance_orthogonal,0,0.692
scale,69,naive_signal_max,0,0.982
scale,70,nuisance_orthogonal,0,0.508
scale,70,naive_signal_max,0,0.564
scale,71,nuisance_orthogonal,0,0.152
scale,71,naive_signal_max,0,0.58
scale,72,nuisance_orthogonal,0,0.426
scale,72,naive_signal_max,0,0.126
scale,73,nuisance_orthogonal,0,0.146
scale,73,naive_signal_max,0,0.76
scale,74,nuisance_orthogonal,0,0.488
scale,74,naive_signal_max,0,0.972
scale,75,nuisance_orthogonal,0,0.928
scale,75,naive_signal_max,0,0.144
scale,76,nuisance_orthogonal,0,0.264
scale,76,naive_signal_max,0,0.272
scale,77,nuisance_orthogonal,0,0.364
scale,77,naive_signal_max,0,0.47
scale,78,nuisance_orthogonal,0,0.602
scale,78,naive_signal_max,0,0.996
scale,79,nuisance_orthogonal,0,0.588
scale,79,naive_signal_max,0,0.82
scale,80,nuisance_orthogonal,0,0.816
scale,80,naive_signal_max,0,0.236
scale,81,nuisance_orthogonal,0,0.922
scale,81,naive_signal_max,0,0.84
scale,82,nuisance_orthogonal,0,0.656
scale,82,naive_signal_max,0,0.238
scale,83,nuisance_orthogonal,0,0.92
scale,83,naive_signal_max,0,0.72
scale,84,nuisance_orthogonal,0,0.86
scale,84,naive_signal_max,0,0.572
scale,85,nuisance_orthogonal,1,0.036
scale,85,naive_signal_max,0,0.672
scale,86,nuisance_orthogonal,0,0.312
scale,86,naive_signal_max,0,0.988
scale,87,nuisance_orthogonal,0,0.288
scale,87,naive_signal_max,0,0.96
scale,88,nuisance_orthogonal,0,0.69
scale,88,naive_signal_max,0,0.34
scale,89,nuisance_orthogonal,0,0.754
scale,89,naive_signal_max,0,0.232
scale,90,nuisance_orthogonal,0,0.64
scale,90,naive_signal_max,0,0.814
scale,91,nuisance_orthogonal,0,0.914
scale,91,naive_signal_max,0,0.742
scale,92,nuisance_orthogonal,0,0.792
scale,92,naive_signal_max,0,0.526
scale,93,nuisance_orthogonal,0,0.62
scale,93,naive_signal_max,0,0.69
scale,94,nuisance_orthogonal,0,0.176
scale,94,naive_signal_max,0,0.798
scale,95,nuisance_orthogonal,1,0.04
scale,95,naive_signal_max,0,0.878
scale,96,nuisance_orthogonal,0,0.314
scale,96,naive_signal_max,0,0.406
scale,97,nuisance_orthogonal,0,0.592
scale,97,naive_signal_max,0,0.994
scale,98,nuisance_orthogonal,0,0.424
scale,98,naive_signal_max,0,0.876
scale,99,nuisance_orthogonal,0,0.106
scale,99,naive_signal_max,0,0.334
scale,100,nuisance_orthogonal,0,0.748
scale,100,naive_signal_max,0,0.414
scale,101,nuisance_orthogonal,0,0.494
scale,101,naive_signal_max,0,0.564
scale,102,nuisance_orthogonal,0,0.448
scale,102,naive_signal_max,0,0.972
scale,103,nuisance_orthogonal,0,0.942
scale,103,naive_signal_max,1,0.028
scale,104,nuisance_orthogonal,0,0.28
scale,104,naive_signal_max,0,0.226
scale,105,nuisance_orthogonal,0,0.53
scale,105,naive_signal_max,0,0.078
scale,106,nuisance_orthogonal,0,0.68
scale,106,naive_signal_max,1,0.03
scale,107,nuisance_orthogonal,0,0.556
scale,107,naive_signal_max,0,0.662
scale,108,nuisance_orthogonal,0,0.542
scale,108,naive_signal_max,0,0.512
scale,109,nuisance_orthogonal,0,0.07
scale,109,naive_signal_max,0,0.15
scale,110,nuisance_orthogonal,0,0.718
scale,110,naive_signal_max,0,0.936
scale,111,nuisance_orthogonal,0,0.718
scale,111,naive_signal_max,0,0.704
scale,112,nuisance_orthogonal,0,0.076
scale,112,naive_signal_max,0,0.6
scale,113,nuisance_orthogonal,0,0.802
scale,113,naive_signal_max,0,0.246
scale,114,nuisance_orthogonal,0,0.972
scale,114,naive_signal_max,0,0.58
scale,115,nuisance_orthogonal,0,0.256
scale,115,naive_signal_max,0,0.57
scale,116,nuisance_orthogonal,0,0.488
scale,116,naive_signal_max,0,0.866
scale,117,nuisance_orthogonal,0,0.998
scale,117,naive_signal_max,0,0.076
scale,118,nuisance_orthogonal,0,0.578
scale,118,naive_signal_max,0,0.18
scale,119,nuisance_orthogonal,0,0.264
scale,119,naive_signal_max,0,0.902
scale,120,nuisance_orthogonal,0,0.234
scale,120,naive_signal_max,0,0.24
scale,121,nuisance_orthogonal,0,1.0
scale,121,naive_signal_max,0,0.308
scale,122,nuisance_orthogonal,0,0.762
scale,122,naive_signal_max,0,0.072
scale,123,nuisance_orthogonal,0,0.552
scale,123,naive_signal_max,0,0.394
scale,124,nuisance_orthogonal,0,0.56
scale,124,naive_signal_max,0,0.584
scale,125,nuisance_orthogonal,0,0.716
scale,125,naive_signal_max,0,0.758
scale,126,nuisance_orthogonal,0,0.86
scale,126,naive_signal_max,0,0.492
scale,127,nuisance_orthogonal,0,0.182
scale,127,naive_signal_max,0,0.302
scale,128,nuisance_orthogonal,0,0.106
scale,128,naive_signal_max,1,0.048
scale,129,nuisance_orthogonal,0,0.476
scale,129,naive_signal_max,0,0.55
scale,130,nuisance_orthogonal,0,0.338
scale,130,naive_signal_max,0,0.146
scale,131,nuisance_orthogonal,0,0.53
scale,131,naive_signal_max,0,0.948
scale,132,nuisance_orthogonal,0,0.604
scale,132,naive_signal_max,0,0.248
scale,133,nuisance_orthogonal,0,0.354
scale,133,naive_signal_max,0,0.39
scale,134,nuisance_orthogonal,0,0.674
scale,134,naive_signal_max,0,0.972
scale,135,nuisance_orthogonal,0,0.936
scale,135,naive_signal_max,0,0.928
scale,136,nuisance_orthogonal,0,0.246
scale,136,naive_signal_max,0,0.316
scale,137,nuisance_orthogonal,0,0.458
scale,137,naive_signal_max,0,0.892
scale,138,nuisance_orthogonal,0,0.688
scale,138,naive_signal_max,1,0.046
scale,139,nuisance_orthogonal,0,0.726
scale,139,naive_signal_max,0,0.18
scale,140,nuisance_orthogonal,0,0.336
scale,140,naive_signal_max,0,0.882
scale,141,nuisance_orthogonal,0,0.726
scale,141,naive_signal_max,0,0.112
scale,142,nuisance_orthogonal,0,0.958
scale,142,naive_signal_max,0,0.744
scale,143,nuisance_orthogonal,0,0.494
scale,143,naive_signal_max,0,0.392
scale,144,nuisance_orthogonal,0,0.598
scale,144,naive_signal_max,0,0.17
scale,145,nuisance_orthogonal,0,0.21
scale,145,naive_signal_max,0,0.582
scale,146,nuisance_orthogonal,0,0.628
scale,146,naive_signal_max,0,0.85
scale,147,nuisance_orthogonal,0,0.688
scale,147,naive_signal_max,0,0.202
scale,148,nuisance_orthogonal,0,0.93
scale,148,naive_signal_max,0,0.056
scale,149,nuisance_orthogonal,0,0.764
scale,149,naive_signal_max,0,0.462
scale,150,nuisance_orthogonal,0,0.118
scale,150,naive_signal_max,0,0.152
scale,151,nuisance_orthogonal,0,0.296
scale,151,naive_signal_max,0,0.958
scale,152,nuisance_orthogonal,0,0.242
scale,152,naive_signal_max,0,0.662
scale,153,nuisance_orthogonal,0,0.356
scale,153,naive_signal_max,0,0.06
scale,154,nuisance_orthogonal,0,0.858
scale,154,naive_signal_max,0,0.876
scale,155,nuisance_orthogonal,0,0.756
scale,155,naive_signal_max,0,0.522
scale,156,nuisance_orthogonal,0,0.422
scale,156,naive_signal_max,0,0.784
scale,157,nuisance_orthogonal,0,0.856
scale,157,naive_signal_max,0,0.86
scale,158,nuisance_orthogonal,0,0.286
scale,158,naive_signal_max,0,0.178
scale,159,nuisance_orthogonal,0,0.98
scale,159,naive_signal_max,0,0.836
scale,160,nuisance_orthogonal,0,0.256
scale,160,naive_signal_max,0,0.326
scale,161,nuisance_orthogonal,0,0.836
scale,161,naive_signal_max,0,0.93
scale,162,nuisance_orthogonal,0,0.576
scale,162,naive_signal_max,0,0.664
scale,163,nuisance_orthogonal,0,0.65
scale,163,naive_signal_max,0,0.218
scale,164,nuisance_orthogonal,0,0.312
scale,164,naive_signal_max,0,0.422
scale,165,nuisance_orthogonal,0,0.378
scale,165,naive_signal_max,0,0.706
scale,166,nuisance_orthogonal,0,0.486
scale,166,naive_signal_max,0,0.204
scale,167,nuisance_orthogonal,0,0.634
scale,167,naive_signal_max,0,0.768
scale,168,nuisance_orthogonal,0,0.492
scale,168,naive_signal_max,0,0.284
scale,169,nuisance_orthogonal,0,0.444
scale,169,naive_signal_max,0,0.218
scale,170,nuisance_orthogonal,0,0.666
scale,170,naive_signal_max,0,0.96
scale,171,nuisance_orthogonal,0,0.648
scale,171,naive_signal_max,0,0.48
scale,172,nuisance_orthogonal,0,0.878
scale,172,naive_signal_max,0,0.918
scale,173,nuisance_orthogonal,0,0.3
scale,173,naive_signal_max,0,0.862
scale,174,nuisance_orthogonal,0,0.354
scale,174,naive_signal_max,0,0.716
scale,175,nuisance_orthogonal,0,0.056
scale,175,naive_signal_max,0,0.258
scale,176,nuisance_orthogonal,0,0.13
scale,176,naive_signal_max,0,0.66
scale,177,nuisance_orthogonal,0,0.544
scale,177,naive_signal_max,0,0.72
scale,178,nuisance_orthogonal,0,0.436
scale,178,naive_signal_max,0,0.258
scale,179,nuisance_orthogonal,0,0.412
scale,179,naive_signal_max,0,0.932
scale,180,nuisance_orthogonal,0,0.534
scale,180,naive_signal_max,0,0.582
scale,181,nuisance_orthogonal,0,0.224
scale,181,naive_signal_max,0,0.748
scale,182,nuisance_orthogonal,0,0.608
scale,182,naive_signal_max,0,0.22
scale,183,nuisance_orthogonal,1,0.018
scale,183,naive_signal_max,0,0.412
scale,184,nuisance_orthogonal,0,0.66
scale,184,naive_signal_max,0,0.84
scale,185,nuisance_orthogonal,0,0.372
scale,185,naive_signal_max,0,0.178
scale,186,nuisance_orthogonal,0,0.07
scale,186,naive_signal_max,0,0.244
scale,187,nuisance_orthogonal,0,0.406
scale,187,naive_signal_max,1,0.002
scale,188,nuisance_orthogonal,0,0.85
scale,188,naive_signal_max,0,0.37
scale,189,nuisance_orthogonal,0,0.722
scale,189,naive_signal_max,0,0.226
scale,190,nuisance_orthogonal,0,0.69
scale,190,naive_signal_max,0,0.612
scale,191,nuisance_orthogonal,0,0.408
scale,191,naive_signal_max,0,0.834
scale,192,nuisance_orthogonal,0,0.168
scale,192,naive_signal_max,0,0.052
scale,193,nuisance_orthogonal,0,0.784
scale,193,naive_signal_max,0,0.252
scale,194,nuisance_orthogonal,0,0.992
scale,194,naive_signal_max,0,0.546
scale,195,nuisance_orthogonal,0,0.41
scale,195,naive_signal_max,0,0.508
scale,196,nuisance_orthogonal,0,0.632
scale,196,naive_signal_max,0,0.352
scale,197,nuisance_orthogonal,0,0.23
scale,197,naive_signal_max,0,0.788
scale,198,nuisance_orthogonal,0,0.404
scale,198,naive_signal_max,0,0.366
scale,199,nuisance_orthogonal,0,0.074
scale,199,naive_signal_max,0,0.408
framing,0,nuisance_orthogonal,0,0.482
framing,0,naive_signal_max,1,0.046
framing,1,nuisance_orthogonal,0,0.266
framing,1,naive_signal_max,0,0.692
framing,2,nuisance_orthogonal,0,0.342
framing,2,naive_signal_max,0,0.716
framing,3,nuisance_orthogonal,0,0.348
framing,3,naive_signal_max,0,0.782
framing,4,nuisance_orthogonal,0,0.974
framing,4,naive_signal_max,0,0.896
framing,5,nuisance_orthogonal,0,0.334
framing,5,naive_signal_max,0,0.194
framing,6,nuisance_orthogonal,0,0.27
framing,6,naive_signal_max,0,0.36
framing,7,nuisance_orthogonal,0,0.162
framing,7,naive_signal_max,0,0.556
framing,8,nuisance_orthogonal,0,0.152
framing,8,naive_signal_max,0,0.428
framing,9,nuisance_orthogonal,1,0.026
framing,9,naive_signal_max,0,0.174
framing,10,nuisance_orthogonal,0,0.296
framing,10,naive_signal_max,0,0.942
framing,11,nuisance_orthogonal,0,0.474
framing,11,naive_signal_max,0,0.772
framing,12,nuisance_orthogonal,0,0.986
framing,12,naive_signal_max,0,0.156
framing,13,nuisance_orthogonal,0,0.88
framing,13,naive_signal_max,0,0.38
framing,14,nuisance_orthogonal,0,0.944
framing,14,naive_signal_max,0,0.072
framing,15,nuisance_orthogonal,0,0.852
framing,15,naive_signal_max,0,0.804
framing,16,nuisance_orthogonal,0,0.89
framing,16,naive_signal_max,0,0.382
framing,17,nuisance_orthogonal,0,0.846
framing,17,naive_signal_max,0,0.798
framing,18,nuisance_orthogonal,0,0.212
framing,18,naive_signal_max,0,0.718
framing,19,nuisance_orthogonal,0,0.626
framing,19,naive_signal_max,0,0.428
framing,20,nuisance_orthogonal,0,0.684
framing,20,naive_signal_max,0,0.94
framing,21,nuisance_orthogonal,0,0.14
framing,21,naive_signal_max,1,0.034
framing,22,nuisance_orthogonal,0,0.124
framing,22,naive_signal_max,0,0.832
framing,23,nuisance_orthogonal,0,0.118
framing,23,naive_signal_max,0,0.056
framing,24,nuisance_orthogonal,0,0.964
framing,24,naive_signal_max,0,0.934
framing,25,nuisance_orthogonal,0,0.762
framing,25,naive_signal_max,0,0.07
framing,26,nuisance_orthogonal,0,0.484
framing,26,naive_signal_max,0,0.848
framing,27,nuisance_orthogonal,0,0.194
framing,27,naive_signal_max,0,0.99
framing,28,nuisance_orthogonal,0,0.158
framing,28,naive_signal_max,0,0.45
framing,29,nuisance_orthogonal,0,0.56
framing,29,naive_signal_max,0,0.462
framing,30,nuisance_orthogonal,0,0.364
framing,30,naive_signal_max,0,0.382
framing,31,nuisance_orthogonal,0,0.59
framing,31,naive_signal_max,0,0.86
framing,32,nuisance_orthogonal,0,0.792
framing,32,naive_signal_max,0,0.32
framing,33,nuisance_orthogonal,0,0.558
framing,33,naive_signal_max,0,0.498
framing,34,nuisance_orthogonal,0,0.718
framing,34,naive_signal_max,0,0.812
framing,35,nuisance_orthogonal,0,0.17
framing,35,naive_signal_max,1,0.01
framing,36,nuisance_orthogonal,0,0.47
framing,36,naive_signal_max,0,0.87
framing,37,nuisance_orthogonal,0,0.344
framing,37,naive_signal_max,0,0.66
framing,38,nuisance_orthogonal,0,0.324
framing,38,naive_signal_max,0,0.194
framing,39,nuisance_orthogonal,0,0.722
framing,39,naive_signal_max,0,0.592
framing,40,nuisance_orthogonal,0,0.276
framing,40,naive_signal_max,0,0.322
framing,41,nuisance_orthogonal,0,0.694
framing,41,naive_signal_max,0,0.594
framing,42,nuisance_orthogonal,0,0.13
framing,42,naive_signal_max,0,0.994
framing,43,nuisance_orthogonal,0,0.866
framing,43,naive_signal_max,0,0.938
framing,44,nuisance_orthogonal,0,0.304
framing,44,naive_signal_max,0,0.43
framing,45,nuisance_orthogonal,0,0.47
framing,45,naive_signal_max,0,0.264
framing,46,nuisance_orthogonal,0,0.434
framing,46,naive_signal_max,0,0.34
framing,47,nuisance_orthogonal,0,0.292
framing,47,naive_signal_max,0,0.056
framing,48,nuisance_orthogonal,0,0.496
framing,48,naive_signal_max,0,0.784
framing,49,nuisance_orthogonal,0,0.618
framing,49,naive_signal_max,0,0.546
framing,50,nuisance_orthogonal,0,0.668
framing,50,naive_signal_max,0,0.45
framing,51,nuisance_orthogonal,0,0.51
framing,51,naive_signal_max,0,0.4
framing,52,nuisance_orthogonal,0,0.512
framing,52,naive_signal_max,0,0.626
framing,53,nuisance_orthogonal,0,0.42
framing,53,naive_signal_max,0,0.83
framing,54,nuisance_orthogonal,0,0.614
framing,54,naive_signal_max,0,0.488
framing,55,nuisance_orthogonal,0,0.184
framing,55,naive_signal_max,0,0.61
framing,56,nuisance_orthogonal,0,0.69
framing,56,naive_signal_max,0,0.572
framing,57,nuisance_orthogonal,0,0.668
framing,57,naive_signal_max,0,0.748
framing,58,nuisance_orthogonal,0,0.814
framing,58,naive_signal_max,0,0.992
framing,59,nuisance_orthogonal,0,0.29
framing,59,naive_signal_max,0,0.556
framing,60,nuisance_orthogonal,0,0.516
framing,60,naive_signal_max,0,0.53
framing,61,nuisance_orthogonal,0,0.83
framing,61,naive_signal_max,0,0.266
framing,62,nuisance_orthogonal,0,0.934
framing,62,naive_signal_max,0,0.458
framing,63,nuisance_orthogonal,0,0.444
framing,63,naive_signal_max,0,0.76
framing,64,nuisance_orthogonal,0,0.614
framing,64,naive_signal_max,0,0.962
framing,65,nuisance_orthogonal,0,0.486
framing,65,naive_signal_max,0,0.884
framing,66,nuisance_orthogonal,0,0.95
framing,66,naive_signal_max,0,0.386
framing,67,nuisance_orthogonal,1,0.01
framing,67,naive_signal_max,0,0.134
framing,68,nuisance_orthogonal,0,0.952
framing,68,naive_signal_max,0,0.892
framing,69,nuisance_orthogonal,0,0.392
framing,69,naive_signal_max,0,0.886
framing,70,nuisance_orthogonal,0,0.67
framing,70,naive_signal_max,0,0.58
framing,71,nuisance_orthogonal,0,0.186
framing,71,naive_signal_max,0,0.396
framing,72,nuisance_orthogonal,0,0.866
framing,72,naive_signal_max,0,0.174
framing,73,nuisance_orthogonal,0,0.108
framing,73,naive_signal_max,0,0.546
framing,74,nuisance_orthogonal,0,0.906
framing,74,naive_signal_max,0,0.544
framing,75,nuisance_orthogonal,0,0.686
framing,75,naive_signal_max,0,0.186
framing,76,nuisance_orthogonal,0,0.198
framing,76,naive_signal_max,0,0.508
framing,77,nuisance_orthogonal,0,0.45
framing,77,naive_signal_max,0,0.442
framing,78,nuisance_orthogonal,0,0.412
framing,78,naive_signal_max,0,0.958
framing,79,nuisance_orthogonal,0,0.98
framing,79,naive_signal_max,0,0.994
framing,80,nuisance_orthogonal,0,0.992
framing,80,naive_signal_max,0,0.29
framing,81,nuisance_orthogonal,0,0.684
framing,81,naive_signal_max,0,0.878
framing,82,nuisance_orthogonal,0,0.356
framing,82,naive_signal_max,0,0.296
framing,83,nuisance_orthogonal,0,0.1
framing,83,naive_signal_max,0,0.42
framing,84,nuisance_orthogonal,0,0.942
framing,84,naive_signal_max,0,0.826
framing,85,nuisance_orthogonal,1,0.012
framing,85,naive_signal_max,0,0.964
framing,86,nuisance_orthogonal,0,0.17
framing,86,naive_signal_max,0,0.838
framing,87,nuisance_orthogonal,0,0.796
framing,87,naive_signal_max,0,0.776
framing,88,nuisance_orthogonal,0,0.846
framing,88,naive_signal_max,0,0.304
framing,89,nuisance_orthogonal,0,0.756
framing,89,naive_signal_max,0,0.26
framing,90,nuisance_orthogonal,0,0.962
framing,90,naive_signal_max,0,0.816
framing,91,nuisance_orthogonal,0,0.772
framing,91,naive_signal_max,0,0.654
framing,92,nuisance_orthogonal,0,0.884
framing,92,naive_signal_max,1,0.036
framing,93,nuisance_orthogonal,0,0.502
framing,93,naive_signal_max,0,0.158
framing,94,nuisance_orthogonal,0,0.126
framing,94,naive_signal_max,0,0.632
framing,95,nuisance_orthogonal,0,0.138
framing,95,naive_signal_max,0,0.928
framing,96,nuisance_orthogonal,0,0.352
framing,96,naive_signal_max,0,0.378
framing,97,nuisance_orthogonal,0,0.692
framing,97,naive_signal_max,0,0.398
framing,98,nuisance_orthogonal,0,0.538
framing,98,naive_signal_max,0,0.878
framing,99,nuisance_orthogonal,0,0.75
framing,99,naive_signal_max,0,0.622
framing,100,nuisance_orthogonal,0,0.696
framing,100,naive_signal_max,0,0.6
framing,101,nuisance_orthogonal,0,0.728
framing,101,naive_signal_max,0,0.892
framing,102,nuisance_orthogonal,0,0.294
framing,102,naive_signal_max,0,0.818
framing,103,nuisance_orthogonal,0,0.254
framing,103,naive_signal_max,1,0.038
framing,104,nuisance_orthogonal,0,0.226
framing,104,naive_signal_max,0,0.058
framing,105,nuisance_orthogonal,0,0.322
framing,105,naive_signal_max,0,0.122
framing,106,nuisance_orthogonal,0,0.618
framing,106,naive_signal_max,0,0.058
framing,107,nuisance_orthogonal,0,0.136
framing,107,naive_signal_max,0,0.668
framing,108,nuisance_orthogonal,0,0.41
framing,108,naive_signal_max,0,0.932
framing,109,nuisance_orthogonal,1,0.02
framing,109,naive_signal_max,0,0.84
framing,110,nuisance_orthogonal,0,0.612
framing,110,naive_signal_max,0,0.652
framing,111,nuisance_orthogonal,0,0.906
framing,111,naive_signal_max,0,0.584
framing,112,nuisance_orthogonal,0,0.232
framing,112,naive_signal_max,0,0.1
framing,113,nuisance_orthogonal,0,0.51
framing,113,naive_signal_max,0,0.128
framing,114,nuisance_orthogonal,0,0.68
framing,114,naive_signal_max,0,0.932
framing,115,nuisance_orthogonal,0,0.886
framing,115,naive_signal_max,0,0.296
framing,116,nuisance_orthogonal,0,0.96
framing,116,naive_signal_max,0,0.898
framing,117,nuisance_orthogonal,0,0.71
framing,117,naive_signal_max,0,0.488
framing,118,nuisance_orthogonal,0,0.806
framing,118,naive_signal_max,0,0.246
framing,119,nuisance_orthogonal,1,0.018
framing,119,naive_signal_max,0,0.816
framing,120,nuisance_orthogonal,0,0.38
framing,120,naive_signal_max,0,0.224
framing,121,nuisance_orthogonal,0,0.83
framing,121,naive_signal_max,0,0.918
framing,122,nuisance_orthogonal,0,0.752
framing,122,naive_signal_max,0,0.324
framing,123,nuisance_orthogonal,0,0.382
framing,123,naive_signal_max,0,0.672
framing,124,nuisance_orthogonal,0,0.628
framing,124,naive_signal_max,0,0.658
framing,125,nuisance_orthogonal,0,0.932
framing,125,naive_signal_max,0,0.582
framing,126,nuisance_orthogonal,0,0.954
framing,126,naive_signal_max,0,1.0
framing,127,nuisance_orthogonal,0,0.934
framing,127,naive_signal_max,0,0.27
framing,128,nuisance_orthogonal,0,0.254
framing,128,naive_signal_max,0,0.398
framing,129,nuisance_orthogonal,0,0.168
framing,129,naive_signal_max,0,0.66
framing,130,nuisance_orthogonal,0,0.142
framing,130,naive_signal_max,0,0.668
framing,131,nuisance_orthogonal,0,0.694
framing,131,naive_signal_max,0,0.236
framing,132,nuisance_orthogonal,0,0.738
framing,132,naive_signal_max,0,0.428
framing,133,nuisance_orthogonal,0,0.648
framing,133,naive_signal_max,0,0.688
framing,134,nuisance_orthogonal,0,0.956
framing,134,naive_signal_max,0,0.92
framing,135,nuisance_orthogonal,0,0.374
framing,135,naive_signal_max,0,0.58
framing,136,nuisance_orthogonal,0,0.43
framing,136,naive_signal_max,0,0.174
framing,137,nuisance_orthogonal,0,0.688
framing,137,naive_signal_max,0,0.972
framing,138,nuisance_orthogonal,0,0.666
framing,138,naive_signal_max,0,0.16
framing,139,nuisance_orthogonal,0,0.586
framing,139,naive_signal_max,0,0.11
framing,140,nuisance_orthogonal,0,0.468
framing,140,naive_signal_max,0,0.378
framing,141,nuisance_orthogonal,0,0.188
framing,141,naive_signal_max,0,0.164
framing,142,nuisance_orthogonal,0,0.674
framing,142,naive_signal_max,0,0.65
framing,143,nuisance_orthogonal,0,0.228
framing,143,naive_signal_max,0,0.56
framing,144,nuisance_orthogonal,0,0.364
framing,144,naive_signal_max,0,0.456
framing,145,nuisance_orthogonal,0,0.488
framing,145,naive_signal_max,0,0.714
framing,146,nuisance_orthogonal,0,0.808
framing,146,naive_signal_max,0,0.698
framing,147,nuisance_orthogonal,0,0.466
framing,147,naive_signal_max,0,0.21
framing,148,nuisance_orthogonal,0,0.424
framing,148,naive_signal_max,0,0.234
framing,149,nuisance_orthogonal,0,0.382
framing,149,naive_signal_max,0,0.44
framing,150,nuisance_orthogonal,0,0.82
framing,150,naive_signal_max,0,0.24
framing,151,nuisance_orthogonal,0,0.4
framing,151,naive_signal_max,0,0.4
framing,152,nuisance_orthogonal,0,0.648
framing,152,naive_signal_max,0,0.658
framing,153,nuisance_orthogonal,0,0.618
framing,153,naive_signal_max,0,0.078
framing,154,nuisance_orthogonal,0,0.71
framing,154,naive_signal_max,0,0.966
framing,155,nuisance_orthogonal,0,0.874
framing,155,naive_signal_max,0,0.882
framing,156,nuisance_orthogonal,0,0.21
framing,156,naive_signal_max,0,0.624
framing,157,nuisance_orthogonal,0,0.438
framing,157,naive_signal_max,0,0.808
framing,158,nuisance_orthogonal,0,0.064
framing,158,naive_signal_max,0,0.652
framing,159,nuisance_orthogonal,0,0.986
framing,159,naive_signal_max,0,0.794
framing,160,nuisance_orthogonal,1,0.028
framing,160,naive_signal_max,0,0.72
framing,161,nuisance_orthogonal,0,0.806
framing,161,naive_signal_max,0,0.904
framing,162,nuisance_orthogonal,0,0.362
framing,162,naive_signal_max,1,0.046
framing,163,nuisance_orthogonal,0,0.756
framing,163,naive_signal_max,0,0.422
framing,164,nuisance_orthogonal,0,0.832
framing,164,naive_signal_max,0,0.818
framing,165,nuisance_orthogonal,0,0.172
framing,165,naive_signal_max,0,0.948
framing,166,nuisance_orthogonal,0,0.618
framing,166,naive_signal_max,0,0.24
framing,167,nuisance_orthogonal,0,0.828
framing,167,naive_signal_max,0,0.732
framing,168,nuisance_orthogonal,0,0.9
framing,168,naive_signal_max,0,0.208
framing,169,nuisance_orthogonal,0,0.958
framing,169,naive_signal_max,0,0.282
framing,170,nuisance_orthogonal,0,0.6
framing,170,naive_signal_max,0,0.906
framing,171,nuisance_orthogonal,0,0.77
framing,171,naive_signal_max,0,0.638
framing,172,nuisance_orthogonal,0,0.624
framing,172,naive_signal_max,0,0.424
framing,173,nuisance_orthogonal,0,0.706
framing,173,naive_signal_max,0,0.976
framing,174,nuisance_orthogonal,0,0.116
framing,174,naive_signal_max,0,0.872
framing,175,nuisance_orthogonal,0,0.414
framing,175,naive_signal_max,0,0.196
framing,176,nuisance_orthogonal,1,0.03
framing,176,naive_signal_max,0,0.374
framing,177,nuisance_orthogonal,0,0.634
framing,177,naive_signal_max,0,0.606
framing,178,nuisance_orthogonal,0,0.478
framing,178,naive_signal_max,0,0.674
framing,179,nuisance_orthogonal,0,0.974
framing,179,naive_signal_max,0,0.594
framing,180,nuisance_orthogonal,0,0.246
framing,180,naive_signal_max,0,0.522
framing,181,nuisance_orthogonal,0,0.41
framing,181,naive_signal_max,0,0.2
framing,182,nuisance_orthogonal,0,0.642
framing,182,naive_signal_max,0,0.14
framing,183,nuisance_orthogonal,0,0.072
framing,183,naive_signal_max,0,0.77
framing,184,nuisance_orthogonal,0,0.86
framing,184,naive_signal_max,0,0.762
framing,185,nuisance_orthogonal,0,0.17
framing,185,naive_signal_max,0,0.064
framing,186,nuisance_orthogonal,0,0.118
framing,186,naive_signal_max,0,0.504
framing,187,nuisance_orthogonal,0,0.384
framing,187,naive_signal_max,0,0.11
framing,188,nuisance_orthogonal,0,0.23
framing,188,naive_signal_max,0,0.856
framing,189,nuisance_orthogonal,0,0.448
framing,189,naive_signal_max,0,0.078
framing,190,nuisance_orthogonal,0,0.786
framing,190,naive_signal_max,0,0.902
framing,191,nuisance_orthogonal,0,0.654
framing,191,naive_signal_max,0,0.922
framing,192,nuisance_orthogonal,0,0.12
framing,192,naive_signal_max,0,0.09
framing,193,nuisance_orthogonal,0,0.65
framing,193,naive_signal_max,0,0.216
framing,194,nuisance_orthogonal,0,0.76
framing,194,naive_signal_max,0,0.354
framing,195,nuisance_orthogonal,0,0.604
framing,195,naive_signal_max,0,0.978
framing,196,nuisance_orthogonal,1,0.04
framing,196,naive_signal_max,0,0.112
framing,197,nuisance_orthogonal,0,0.596
framing,197,naive_signal_max,0,0.63
framing,198,nuisance_orthogonal,0,0.928
framing,198,naive_signal_max,1,0.022
framing,199,nuisance_orthogonal,0,0.292
framing,199,naive_signal_max,0,0.43
nonlinear_scale,0,nuisance_orthogonal,0,0.128
nonlinear_scale,0,naive_signal_max,0,0.124
nonlinear_scale,1,nuisance_orthogonal,0,0.626
nonlinear_scale,1,naive_signal_max,0,0.61
nonlinear_scale,2,nuisance_orthogonal,0,0.516
nonlinear_scale,2,naive_signal_max,0,0.784
nonlinear_scale,3,nuisance_orthogonal,0,0.898
nonlinear_scale,3,naive_signal_max,0,0.582
nonlinear_scale,4,nuisance_orthogonal,0,0.862
nonlinear_scale,4,naive_signal_max,0,0.954
nonlinear_scale,5,nuisance_orthogonal,0,0.25
nonlinear_scale,5,naive_signal_max,0,0.13
nonlinear_scale,6,nuisance_orthogonal,0,0.152
nonlinear_scale,6,naive_signal_max,0,0.366
nonlinear_scale,7,nuisance_orthogonal,0,0.754
nonlinear_scale,7,naive_signal_max,0,0.226
nonlinear_scale,8,nuisance_orthogonal,0,0.882
nonlinear_scale,8,naive_signal_max,0,0.152
nonlinear_scale,9,nuisance_orthogonal,0,0.11
nonlinear_scale,9,naive_signal_max,0,0.888
nonlinear_scale,10,nuisance_orthogonal,0,0.316
nonlinear_scale,10,naive_signal_max,0,0.202
nonlinear_scale,11,nuisance_orthogonal,0,0.088
nonlinear_scale,11,naive_signal_max,0,0.892
nonlinear_scale,12,nuisance_orthogonal,0,0.522
nonlinear_scale,12,naive_signal_max,0,0.354
nonlinear_scale,13,nuisance_orthogonal,0,0.868
nonlinear_scale,13,naive_signal_max,1,0.018
nonlinear_scale,14,nuisance_orthogonal,0,0.492
nonlinear_scale,14,naive_signal_max,0,0.056
nonlinear_scale,15,nuisance_orthogonal,0,0.334
nonlinear_scale,15,naive_signal_max,0,0.224
nonlinear_scale,16,nuisance_orthogonal,0,0.888
nonlinear_scale,16,naive_signal_max,0,0.982
nonlinear_scale,17,nuisance_orthogonal,0,0.482
nonlinear_scale,17,naive_signal_max,0,0.57
nonlinear_scale,18,nuisance_orthogonal,0,0.656
nonlinear_scale,18,naive_signal_max,0,0.27
nonlinear_scale,19,nuisance_orthogonal,0,0.752
nonlinear_scale,19,naive_signal_max,0,0.482
nonlinear_scale,20,nuisance_orthogonal,0,0.426
nonlinear_scale,20,naive_signal_max,0,0.708
nonlinear_scale,21,nuisance_orthogonal,0,0.162
nonlinear_scale,21,naive_signal_max,0,0.218
nonlinear_scale,22,nuisance_orthogonal,0,0.37
nonlinear_scale,22,naive_signal_max,0,0.496
nonlinear_scale,23,nuisance_orthogonal,0,0.554
nonlinear_scale,23,naive_signal_max,0,0.16
nonlinear_scale,24,nuisance_orthogonal,0,0.728
nonlinear_scale,24,naive_signal_max,0,0.63
nonlinear_scale,25,nuisance_orthogonal,0,0.514
nonlinear_scale,25,naive_signal_max,0,0.348
nonlinear_scale,26,nuisance_orthogonal,0,0.26
nonlinear_scale,26,naive_signal_max,0,0.934
nonlinear_scale,27,nuisance_orthogonal,0,0.1
nonlinear_scale,27,naive_signal_max,0,0.546
nonlinear_scale,28,nuisance_orthogonal,0,0.214
nonlinear_scale,28,naive_signal_max,0,0.714
nonlinear_scale,29,nuisance_orthogonal,0,0.95
nonlinear_scale,29,naive_signal_max,0,0.858
nonlinear_scale,30,nuisance_orthogonal,0,0.378
nonlinear_scale,30,naive_signal_max,0,0.386
nonlinear_scale,31,nuisance_orthogonal,0,0.768
nonlinear_scale,31,naive_signal_max,0,0.64
nonlinear_scale,32,nuisance_orthogonal,0,0.502
nonlinear_scale,32,naive_signal_max,0,0.06
nonlinear_scale,33,nuisance_orthogonal,0,0.356
nonlinear_scale,33,naive_signal_max,0,0.186
nonlinear_scale,34,nuisance_orthogonal,0,0.652
nonlinear_scale,34,naive_signal_max,0,0.696
nonlinear_scale,35,nuisance_orthogonal,0,0.708
nonlinear_scale,35,naive_signal_max,0,0.226
nonlinear_scale,36,nuisance_orthogonal,0,0.592
nonlinear_scale,36,naive_signal_max,0,0.48
nonlinear_scale,37,nuisance_orthogonal,1,0.046
nonlinear_scale,37,naive_signal_max,0,0.96
nonlinear_scale,38,nuisance_orthogonal,0,0.718
nonlinear_scale,38,naive_signal_max,0,0.336
nonlinear_scale,39,nuisance_orthogonal,0,0.43
nonlinear_scale,39,naive_signal_max,0,0.524
nonlinear_scale,40,nuisance_orthogonal,0,0.454
nonlinear_scale,40,naive_signal_max,0,0.162
nonlinear_scale,41,nuisance_orthogonal,0,0.534
nonlinear_scale,41,naive_signal_max,0,0.932
nonlinear_scale,42,nuisance_orthogonal,1,0.034
nonlinear_scale,42,naive_signal_max,0,0.568
nonlinear_scale,43,nuisance_orthogonal,0,0.684
nonlinear_scale,43,naive_signal_max,0,0.712
nonlinear_scale,44,nuisance_orthogonal,0,0.872
nonlinear_scale,44,naive_signal_max,0,0.832
nonlinear_scale,45,nuisance_orthogonal,0,0.574
nonlinear_scale,45,naive_signal_max,0,0.852
nonlinear_scale,46,nuisance_orthogonal,0,0.97
nonlinear_scale,46,naive_signal_max,0,0.684
nonlinear_scale,47,nuisance_orthogonal,0,0.876
nonlinear_scale,47,naive_signal_max,0,0.286
nonlinear_scale,48,nuisance_orthogonal,0,0.63
nonlinear_scale,48,naive_signal_max,0,0.766
nonlinear_scale,49,nuisance_orthogonal,0,0.368
nonlinear_scale,49,naive_signal_max,0,0.108
nonlinear_scale,50,nuisance_orthogonal,0,0.344
nonlinear_scale,50,naive_signal_max,0,0.998
nonlinear_scale,51,nuisance_orthogonal,0,0.348
nonlinear_scale,51,naive_signal_max,0,0.62
nonlinear_scale,52,nuisance_orthogonal,0,0.542
nonlinear_scale,52,naive_signal_max,0,0.434
nonlinear_scale,53,nuisance_orthogonal,0,0.684
nonlinear_scale,53,naive_signal_max,0,0.856
nonlinear_scale,54,nuisance_orthogonal,0,0.754
nonlinear_scale,54,naive_signal_max,0,0.452
nonlinear_scale,55,nuisance_orthogonal,0,0.074
nonlinear_scale,55,naive_signal_max,0,0.67
nonlinear_scale,56,nuisance_orthogonal,0,0.394
nonlinear_scale,56,naive_signal_max,0,0.682
nonlinear_scale,57,nuisance_orthogonal,0,0.408
nonlinear_scale,57,naive_signal_max,0,0.434
nonlinear_scale,58,nuisance_orthogonal,0,0.614
nonlinear_scale,58,naive_signal_max,0,0.63
nonlinear_scale,59,nuisance_orthogonal,0,0.106
nonlinear_scale,59,naive_signal_max,0,0.504
nonlinear_scale,60,nuisance_orthogonal,0,0.524
nonlinear_scale,60,naive_signal_max,0,0.54
nonlinear_scale,61,nuisance_orthogonal,0,0.476
nonlinear_scale,61,naive_signal_max,0,0.558
nonlinear_scale,62,nuisance_orthogonal,0,0.416
nonlinear_scale,62,naive_signal_max,0,0.296
nonlinear_scale,63,nuisance_orthogonal,0,0.314
nonlinear_scale,63,naive_signal_max,0,0.41
nonlinear_scale,64,nuisance_orthogonal,0,0.758
nonlinear_scale,64,naive_signal_max,0,0.438
nonlinear_scale,65,nuisance_orthogonal,0,0.228
nonlinear_scale,65,naive_signal_max,0,0.948
nonlinear_scale,66,nuisance_orthogonal,0,0.192
nonlinear_scale,66,naive_signal_max,0,0.206
nonlinear_scale,67,nuisance_orthogonal,0,0.912
nonlinear_scale,67,naive_signal_max,0,0.714
nonlinear_scale,68,nuisance_orthogonal,0,0.732
nonlinear_scale,68,naive_signal_max,0,0.722
nonlinear_scale,69,nuisance_orthogonal,0,0.674
nonlinear_scale,69,naive_signal_max,0,0.848
nonlinear_scale,70,nuisance_orthogonal,0,0.36
nonlinear_scale,70,naive_signal_max,0,0.284
nonlinear_scale,71,nuisance_orthogonal,0,0.108
nonlinear_scale,71,naive_signal_max,0,0.526
nonlinear_scale,72,nuisance_orthogonal,0,0.256
nonlinear_scale,72,naive_signal_max,0,0.124
nonlinear_scale,73,nuisance_orthogonal,0,0.226
nonlinear_scale,73,naive_signal_max,0,0.818
nonlinear_scale,74,nuisance_orthogonal,0,0.438
nonlinear_scale,74,naive_signal_max,0,0.97
nonlinear_scale,75,nuisance_orthogonal,0,0.506
nonlinear_scale,75,naive_signal_max,0,0.206
nonlinear_scale,76,nuisance_orthogonal,0,0.254
nonlinear_scale,76,naive_signal_max,0,0.414
nonlinear_scale,77,nuisance_orthogonal,0,0.404
nonlinear_scale,77,naive_signal_max,0,0.41
nonlinear_scale,78,nuisance_orthogonal,0,0.71
nonlinear_scale,78,naive_signal_max,0,0.51
nonlinear_scale,79,nuisance_orthogonal,0,0.89
nonlinear_scale,79,naive_signal_max,0,0.932
nonlinear_scale,80,nuisance_orthogonal,0,0.756
nonlinear_scale,80,naive_signal_max,0,0.148
nonlinear_scale,81,nuisance_orthogonal,0,0.814
nonlinear_scale,81,naive_signal_max,0,0.668
nonlinear_scale,82,nuisance_orthogonal,0,0.848
nonlinear_scale,82,naive_signal_max,0,0.388
nonlinear_scale,83,nuisance_orthogonal,0,0.832
nonlinear_scale,83,naive_signal_max,0,0.84
nonlinear_scale,84,nuisance_orthogonal,0,0.96
nonlinear_scale,84,naive_signal_max,0,0.346
nonlinear_scale,85,nuisance_orthogonal,0,0.146
nonlinear_scale,85,naive_signal_max,0,0.812
nonlinear_scale,86,nuisance_orthogonal,0,0.614
nonlinear_scale,86,naive_signal_max,0,0.654
nonlinear_scale,87,nuisance_orthogonal,0,0.202
nonlinear_scale,87,naive_signal_max,0,0.922
nonlinear_scale,88,nuisance_orthogonal,0,0.456
nonlinear_scale,88,naive_signal_max,0,0.526
nonlinear_scale,89,nuisance_orthogonal,0,0.83
nonlinear_scale,89,naive_signal_max,0,0.308
nonlinear_scale,90,nuisance_orthogonal,0,0.76
nonlinear_scale,90,naive_signal_max,0,0.944
nonlinear_scale,91,nuisance_orthogonal,0,0.82
nonlinear_scale,91,naive_signal_max,0,0.954
nonlinear_scale,92,nuisance_orthogonal,0,0.76
nonlinear_scale,92,naive_signal_max,0,0.744
nonlinear_scale,93,nuisance_orthogonal,0,0.416
nonlinear_scale,93,naive_signal_max,0,0.74
nonlinear_scale,94,nuisance_orthogonal,1,0.022
nonlinear_scale,94,naive_signal_max,0,0.598
nonlinear_scale,95,nuisance_orthogonal,1,0.02
nonlinear_scale,95,naive_signal_max,0,0.68
nonlinear_scale,96,nuisance_orthogonal,0,0.506
nonlinear_scale,96,naive_signal_max,0,0.524
nonlinear_scale,97,nuisance_orthogonal,0,0.626
nonlinear_scale,97,naive_signal_max,0,0.782
nonlinear_scale,98,nuisance_orthogonal,0,0.334
nonlinear_scale,98,naive_signal_max,0,0.906
nonlinear_scale,99,nuisance_orthogonal,0,0.128
nonlinear_scale,99,naive_signal_max,0,0.244
nonlinear_scale,100,nuisance_orthogonal,0,0.714
nonlinear_scale,100,naive_signal_max,0,0.7
nonlinear_scale,101,nuisance_orthogonal,0,0.976
nonlinear_scale,101,naive_signal_max,0,0.468
nonlinear_scale,102,nuisance_orthogonal,0,0.556
nonlinear_scale,102,naive_signal_max,0,0.924
nonlinear_scale,103,nuisance_orthogonal,0,0.96
nonlinear_scale,103,naive_signal_max,1,0.014
nonlinear_scale,104,nuisance_orthogonal,0,0.35
nonlinear_scale,104,naive_signal_max,0,0.42
nonlinear_scale,105,nuisance_orthogonal,0,0.198
nonlinear_scale,105,naive_signal_max,0,0.062
nonlinear_scale,106,nuisance_orthogonal,0,0.35
nonlinear_scale,106,naive_signal_max,0,0.052
nonlinear_scale,107,nuisance_orthogonal,0,0.722
nonlinear_scale,107,naive_signal_max,0,0.854
nonlinear_scale,108,nuisance_orthogonal,0,0.186
nonlinear_scale,108,naive_signal_max,0,0.092
nonlinear_scale,109,nuisance_orthogonal,1,0.022
nonlinear_scale,109,naive_signal_max,0,0.24
nonlinear_scale,110,nuisance_orthogonal,0,0.554
nonlinear_scale,110,naive_signal_max,0,0.708
nonlinear_scale,111,nuisance_orthogonal,0,0.902
nonlinear_scale,111,naive_signal_max,0,0.746
nonlinear_scale,112,nuisance_orthogonal,0,0.11
nonlinear_scale,112,naive_signal_max,0,0.974
nonlinear_scale,113,nuisance_orthogonal,0,0.596
nonlinear_scale,113,naive_signal_max,0,0.284
nonlinear_scale,114,nuisance_orthogonal,0,0.85
nonlinear_scale,114,naive_signal_max,0,0.89
nonlinear_scale,115,nuisance_orthogonal,0,0.402
nonlinear_scale,115,naive_signal_max,0,0.184
nonlinear_scale,116,nuisance_orthogonal,0,0.466
nonlinear_scale,116,naive_signal_max,0,0.928
nonlinear_scale,117,nuisance_orthogonal,0,0.562
nonlinear_scale,117,naive_signal_max,0,0.092
nonlinear_scale,118,nuisance_orthogonal,0,0.312
nonlinear_scale,118,naive_signal_max,0,0.334
nonlinear_scale,119,nuisance_orthogonal,0,0.212
nonlinear_scale,119,naive_signal_max,0,0.726
nonlinear_scale,120,nuisance_orthogonal,0,0.48
nonlinear_scale,120,naive_signal_max,0,0.726
nonlinear_scale,121,nuisance_orthogonal,0,0.61
nonlinear_scale,121,naive_signal_max,0,0.608
nonlinear_scale,122,nuisance_orthogonal,0,0.6
nonlinear_scale,122,naive_signal_max,0,0.172
nonlinear_scale,123,nuisance_orthogonal,0,0.436
nonlinear_scale,123,naive_signal_max,0,0.238
nonlinear_scale,124,nuisance_orthogonal,0,0.788
nonlinear_scale,124,naive_signal_max,0,0.456
nonlinear_scale,125,nuisance_orthogonal,0,0.99
nonlinear_scale,125,naive_signal_max,0,0.618
nonlinear_scale,126,nuisance_orthogonal,0,0.972
nonlinear_scale,126,naive_signal_max,0,0.788
nonlinear_scale,127,nuisance_orthogonal,0,0.66
nonlinear_scale,127,naive_signal_max,0,0.262
nonlinear_scale,128,nuisance_orthogonal,0,0.064
nonlinear_scale,128,naive_signal_max,0,0.11
nonlinear_scale,129,nuisance_orthogonal,0,0.568
nonlinear_scale,129,naive_signal_max,0,0.75
nonlinear_scale,130,nuisance_orthogonal,0,0.27
nonlinear_scale,130,naive_signal_max,0,0.13
nonlinear_scale,131,nuisance_orthogonal,0,0.15
nonlinear_scale,131,naive_signal_max,0,0.536
nonlinear_scale,132,nuisance_orthogonal,0,0.39
nonlinear_scale,132,naive_signal_max,0,0.374
nonlinear_scale,133,nuisance_orthogonal,0,0.206
nonlinear_scale,133,naive_signal_max,0,0.542
nonlinear_scale,134,nuisance_orthogonal,0,0.856
nonlinear_scale,134,naive_signal_max,0,0.704
nonlinear_scale,135,nuisance_orthogonal,0,0.632
nonlinear_scale,135,naive_signal_max,0,0.536
nonlinear_scale,136,nuisance_orthogonal,0,0.14
nonlinear_scale,136,naive_signal_max,0,0.25
nonlinear_scale,137,nuisance_orthogonal,0,0.53
nonlinear_scale,137,naive_signal_max,0,0.6
nonlinear_scale,138,nuisance_orthogonal,0,0.748
nonlinear_scale,138,naive_signal_max,1,0.028
nonlinear_scale,139,nuisance_orthogonal,0,0.676
nonlinear_scale,139,naive_signal_max,0,0.116
nonlinear_scale,140,nuisance_orthogonal,0,0.406
nonlinear_scale,140,naive_signal_max,0,0.75
nonlinear_scale,141,nuisance_orthogonal,0,0.53
nonlinear_scale,141,naive_signal_max,0,0.164
nonlinear_scale,142,nuisance_orthogonal,0,0.976
nonlinear_scale,142,naive_signal_max,0,0.896
nonlinear_scale,143,nuisance_orthogonal,0,0.908
nonlinear_scale,143,naive_signal_max,0,0.376
nonlinear_scale,144,nuisance_orthogonal,0,0.614
nonlinear_scale,144,naive_signal_max,0,0.152
nonlinear_scale,145,nuisance_orthogonal,0,0.054
nonlinear_scale,145,naive_signal_max,0,0.626
nonlinear_scale,146,nuisance_orthogonal,0,0.458
nonlinear_scale,146,naive_signal_max,0,0.914
nonlinear_scale,147,nuisance_orthogonal,0,0.912
nonlinear_scale,147,naive_signal_max,0,0.104
nonlinear_scale,148,nuisance_orthogonal,0,0.826
nonlinear_scale,148,naive_signal_max,1,0.034
nonlinear_scale,149,nuisance_orthogonal,0,0.888
nonlinear_scale,149,naive_signal_max,0,0.516
nonlinear_scale,150,nuisance_orthogonal,0,0.15
nonlinear_scale,150,naive_signal_max,0,0.112
nonlinear_scale,151,nuisance_orthogonal,0,0.73
nonlinear_scale,151,naive_signal_max,0,0.338
nonlinear_scale,152,nuisance_orthogonal,0,0.686
nonlinear_scale,152,naive_signal_max,0,0.622
nonlinear_scale,153,nuisance_orthogonal,0,0.594
nonlinear_scale,153,naive_signal_max,1,0.018
nonlinear_scale,154,nuisance_orthogonal,0,0.69
nonlinear_scale,154,naive_signal_max,0,0.454
nonlinear_scale,155,nuisance_orthogonal,0,0.838
nonlinear_scale,155,naive_signal_max,0,0.418
nonlinear_scale,156,nuisance_orthogonal,0,0.966
nonlinear_scale,156,naive_signal_max,0,0.98
nonlinear_scale,157,nuisance_orthogonal,0,0.988
nonlinear_scale,157,naive_signal_max,0,0.554
nonlinear_scale,158,nuisance_orthogonal,0,0.288
nonlinear_scale,158,naive_signal_max,0,0.414
nonlinear_scale,159,nuisance_orthogonal,0,0.476
nonlinear_scale,159,naive_signal_max,0,0.982
nonlinear_scale,160,nuisance_orthogonal,0,0.206
nonlinear_scale,160,naive_signal_max,0,0.198
nonlinear_scale,161,nuisance_orthogonal,0,0.658
nonlinear_scale,161,naive_signal_max,0,0.794
nonlinear_scale,162,nuisance_orthogonal,0,0.476
nonlinear_scale,162,naive_signal_max,0,0.748
nonlinear_scale,163,nuisance_orthogonal,0,0.488
nonlinear_scale,163,naive_signal_max,0,0.108
nonlinear_scale,164,nuisance_orthogonal,0,0.622
nonlinear_scale,164,naive_signal_max,0,0.214
nonlinear_scale,165,nuisance_orthogonal,0,0.624
nonlinear_scale,165,naive_signal_max,0,0.6
nonlinear_scale,166,nuisance_orthogonal,0,0.266
nonlinear_scale,166,naive_signal_max,0,0.506
nonlinear_scale,167,nuisance_orthogonal,0,0.426
nonlinear_scale,167,naive_signal_max,0,0.574
nonlinear_scale,168,nuisance_orthogonal,0,0.94
nonlinear_scale,168,naive_signal_max,0,0.442
nonlinear_scale,169,nuisance_orthogonal,0,0.87
nonlinear_scale,169,naive_signal_max,1,0.048
nonlinear_scale,170,nuisance_orthogonal,0,0.766
nonlinear_scale,170,naive_signal_max,0,0.544
nonlinear_scale,171,nuisance_orthogonal,0,0.75
nonlinear_scale,171,naive_signal_max,0,0.664
nonlinear_scale,172,nuisance_orthogonal,0,0.708
nonlinear_scale,172,naive_signal_max,0,0.916
nonlinear_scale,173,nuisance_orthogonal,0,0.414
nonlinear_scale,173,naive_signal_max,0,0.934
nonlinear_scale,174,nuisance_orthogonal,0,0.286
nonlinear_scale,174,naive_signal_max,0,0.654
nonlinear_scale,175,nuisance_orthogonal,1,0.038
nonlinear_scale,175,naive_signal_max,0,0.54
nonlinear_scale,176,nuisance_orthogonal,0,0.124
nonlinear_scale,176,naive_signal_max,0,0.632
nonlinear_scale,177,nuisance_orthogonal,0,0.822
nonlinear_scale,177,naive_signal_max,0,0.342
nonlinear_scale,178,nuisance_orthogonal,0,0.376
nonlinear_scale,178,naive_signal_max,0,0.08
nonlinear_scale,179,nuisance_orthogonal,0,0.462
nonlinear_scale,179,naive_signal_max,0,0.838
nonlinear_scale,180,nuisance_orthogonal,0,0.494
nonlinear_scale,180,naive_signal_max,0,0.218
nonlinear_scale,181,nuisance_orthogonal,0,0.122
nonlinear_scale,181,naive_signal_max,0,0.536
nonlinear_scale,182,nuisance_orthogonal,0,0.902
nonlinear_scale,182,naive_signal_max,0,0.174
nonlinear_scale,183,nuisance_orthogonal,1,0.002
nonlinear_scale,183,naive_signal_max,0,0.84
nonlinear_scale,184,nuisance_orthogonal,0,0.454
nonlinear_scale,184,naive_signal_max,0,0.672
nonlinear_scale,185,nuisance_orthogonal,0,0.552
nonlinear_scale,185,naive_signal_max,0,0.136
nonlinear_scale,186,nuisance_orthogonal,0,0.066
nonlinear_scale,186,naive_signal_max,0,0.74
nonlinear_scale,187,nuisance_orthogonal,0,0.228
nonlinear_scale,187,naive_signal_max,1,0.032
nonlinear_scale,188,nuisance_orthogonal,0,0.778
nonlinear_scale,188,naive_signal_max,0,0.368
nonlinear_scale,189,nuisance_orthogonal,0,0.58
nonlinear_scale,189,naive_signal_max,1,0.048
nonlinear_scale,190,nuisance_orthogonal,0,0.576
nonlinear_scale,190,naive_signal_max,0,0.834
nonlinear_scale,191,nuisance_orthogonal,0,0.7
nonlinear_scale,191,naive_signal_max,0,0.62
nonlinear_scale,192,nuisance_orthogonal,0,0.162
nonlinear_scale,192,naive_signal_max,1,0.032
nonlinear_scale,193,nuisance_orthogonal,0,0.922
nonlinear_scale,193,naive_signal_max,0,0.442
nonlinear_scale,194,nuisance_orthogonal,0,0.888
nonlinear_scale,194,naive_signal_max,0,0.422
nonlinear_scale,195,nuisance_orthogonal,0,0.92
nonlinear_scale,195,naive_signal_max,0,0.96
nonlinear_scale,196,nuisance_orthogonal,0,0.666
nonlinear_scale,196,naive_signal_max,0,0.836
nonlinear_scale,197,nuisance_orthogonal,0,0.206
nonlinear_scale,197,naive_signal_max,0,0.794
nonlinear_scale,198,nuisance_orthogonal,0,0.814
nonlinear_scale,198,naive_signal_max,0,0.106
nonlinear_scale,199,nuisance_orthogonal,0,0.158
nonlinear_scale,199,naive_signal_max,0,0.692
unlisted_complexity,0,nuisance_orthogonal,0,0.234
unlisted_complexity,0,naive_signal_max,1,0.006
unlisted_complexity,1,nuisance_orthogonal,0,0.45
unlisted_complexity,1,naive_signal_max,0,0.792
unlisted_complexity,2,nuisance_orthogonal,0,0.246
unlisted_complexity,2,naive_signal_max,0,0.184
unlisted_complexity,3,nuisance_orthogonal,0,0.482
unlisted_complexity,3,naive_signal_max,0,0.886
unlisted_complexity,4,nuisance_orthogonal,0,0.534
unlisted_complexity,4,naive_signal_max,0,0.286
unlisted_complexity,5,nuisance_orthogonal,0,0.506
unlisted_complexity,5,naive_signal_max,0,0.062
unlisted_complexity,6,nuisance_orthogonal,1,0.032
unlisted_complexity,6,naive_signal_max,0,0.642
unlisted_complexity,7,nuisance_orthogonal,0,0.94
unlisted_complexity,7,naive_signal_max,0,0.166
unlisted_complexity,8,nuisance_orthogonal,0,0.74
unlisted_complexity,8,naive_signal_max,0,0.946
unlisted_complexity,9,nuisance_orthogonal,0,0.056
unlisted_complexity,9,naive_signal_max,0,0.08
unlisted_complexity,10,nuisance_orthogonal,0,0.202
unlisted_complexity,10,naive_signal_max,0,0.248
unlisted_complexity,11,nuisance_orthogonal,0,0.228
unlisted_complexity,11,naive_signal_max,0,0.726
unlisted_complexity,12,nuisance_orthogonal,0,0.942
unlisted_complexity,12,naive_signal_max,0,0.068
unlisted_complexity,13,nuisance_orthogonal,0,0.56
unlisted_complexity,13,naive_signal_max,0,0.936
unlisted_complexity,14,nuisance_orthogonal,0,0.916
unlisted_complexity,14,naive_signal_max,0,0.352
unlisted_complexity,15,nuisance_orthogonal,0,0.974
unlisted_complexity,15,naive_signal_max,0,0.49
unlisted_complexity,16,nuisance_orthogonal,0,0.938
unlisted_complexity,16,naive_signal_max,0,0.574
unlisted_complexity,17,nuisance_orthogonal,0,0.846
unlisted_complexity,17,naive_signal_max,0,0.21
unlisted_complexity,18,nuisance_orthogonal,0,0.398
unlisted_complexity,18,naive_signal_max,0,0.364
unlisted_complexity,19,nuisance_orthogonal,0,0.932
unlisted_complexity,19,naive_signal_max,0,0.078
unlisted_complexity,20,nuisance_orthogonal,0,0.606
unlisted_complexity,20,naive_signal_max,0,0.404
unlisted_complexity,21,nuisance_orthogonal,0,0.24
unlisted_complexity,21,naive_signal_max,0,0.482
unlisted_complexity,22,nuisance_orthogonal,0,0.294
unlisted_complexity,22,naive_signal_max,0,0.346
unlisted_complexity,23,nuisance_orthogonal,0,0.286
unlisted_complexity,23,naive_signal_max,0,0.332
unlisted_complexity,24,nuisance_orthogonal,0,0.798
unlisted_complexity,24,naive_signal_max,0,0.206
unlisted_complexity,25,nuisance_orthogonal,0,0.412
unlisted_complexity,25,naive_signal_max,1,0.01
unlisted_complexity,26,nuisance_orthogonal,0,0.696
unlisted_complexity,26,naive_signal_max,0,0.18
unlisted_complexity,27,nuisance_orthogonal,0,0.676
unlisted_complexity,27,naive_signal_max,0,0.808
unlisted_complexity,28,nuisance_orthogonal,0,0.398
unlisted_complexity,28,naive_signal_max,0,0.636
unlisted_complexity,29,nuisance_orthogonal,0,0.974
unlisted_complexity,29,naive_signal_max,0,0.73
unlisted_complexity,30,nuisance_orthogonal,0,0.312
unlisted_complexity,30,naive_signal_max,0,0.992
unlisted_complexity,31,nuisance_orthogonal,0,0.294
unlisted_complexity,31,naive_signal_max,0,0.708
unlisted_complexity,32,nuisance_orthogonal,0,0.854
unlisted_complexity,32,naive_signal_max,0,0.888
unlisted_complexity,33,nuisance_orthogonal,0,0.596
unlisted_complexity,33,naive_signal_max,0,0.11
unlisted_complexity,34,nuisance_orthogonal,0,0.13
unlisted_complexity,34,naive_signal_max,0,0.518
unlisted_complexity,35,nuisance_orthogonal,0,0.344
unlisted_complexity,35,naive_signal_max,0,0.064
unlisted_complexity,36,nuisance_orthogonal,0,0.466
unlisted_complexity,36,naive_signal_max,0,0.522
unlisted_complexity,37,nuisance_orthogonal,0,0.188
unlisted_complexity,37,naive_signal_max,0,0.39
unlisted_complexity,38,nuisance_orthogonal,0,0.678
unlisted_complexity,38,naive_signal_max,0,0.7
unlisted_complexity,39,nuisance_orthogonal,0,0.212
unlisted_complexity,39,naive_signal_max,0,0.196
unlisted_complexity,40,nuisance_orthogonal,0,0.278
unlisted_complexity,40,naive_signal_max,0,0.05
unlisted_complexity,41,nuisance_orthogonal,0,0.512
unlisted_complexity,41,naive_signal_max,0,0.592
unlisted_complexity,42,nuisance_orthogonal,0,0.206
unlisted_complexity,42,naive_signal_max,0,0.592
unlisted_complexity,43,nuisance_orthogonal,0,0.73
unlisted_complexity,43,naive_signal_max,0,0.75
unlisted_complexity,44,nuisance_orthogonal,0,0.94
unlisted_complexity,44,naive_signal_max,0,0.154
unlisted_complexity,45,nuisance_orthogonal,0,0.234
unlisted_complexity,45,naive_signal_max,0,0.958
unlisted_complexity,46,nuisance_orthogonal,1,0.046
unlisted_complexity,46,naive_signal_max,0,0.07
unlisted_complexity,47,nuisance_orthogonal,0,0.282
unlisted_complexity,47,naive_signal_max,1,0.006
unlisted_complexity,48,nuisance_orthogonal,0,0.626
unlisted_complexity,48,naive_signal_max,0,0.712
unlisted_complexity,49,nuisance_orthogonal,0,0.784
unlisted_complexity,49,naive_signal_max,0,0.122
unlisted_complexity,50,nuisance_orthogonal,0,0.392
unlisted_complexity,50,naive_signal_max,0,0.08
unlisted_complexity,51,nuisance_orthogonal,0,0.812
unlisted_complexity,51,naive_signal_max,0,0.954
unlisted_complexity,52,nuisance_orthogonal,0,0.29
unlisted_complexity,52,naive_signal_max,0,0.382
unlisted_complexity,53,nuisance_orthogonal,0,0.216
unlisted_complexity,53,naive_signal_max,0,0.2
unlisted_complexity,54,nuisance_orthogonal,0,0.98
unlisted_complexity,54,naive_signal_max,0,0.682
unlisted_complexity,55,nuisance_orthogonal,0,0.276
unlisted_complexity,55,naive_signal_max,0,0.606
unlisted_complexity,56,nuisance_orthogonal,0,0.608
unlisted_complexity,56,naive_signal_max,0,0.322
unlisted_complexity,57,nuisance_orthogonal,0,0.606
unlisted_complexity,57,naive_signal_max,0,0.41
unlisted_complexity,58,nuisance_orthogonal,0,0.274
unlisted_complexity,58,naive_signal_max,0,0.418
unlisted_complexity,59,nuisance_orthogonal,0,0.094
unlisted_complexity,59,naive_signal_max,0,0.7
unlisted_complexity,60,nuisance_orthogonal,0,0.814
unlisted_complexity,60,naive_signal_max,0,0.758
unlisted_complexity,61,nuisance_orthogonal,0,0.892
unlisted_complexity,61,naive_signal_max,0,0.862
unlisted_complexity,62,nuisance_orthogonal,0,0.19
unlisted_complexity,62,naive_signal_max,0,0.94
unlisted_complexity,63,nuisance_orthogonal,0,0.18
unlisted_complexity,63,naive_signal_max,0,0.592
unlisted_complexity,64,nuisance_orthogonal,0,0.314
unlisted_complexity,64,naive_signal_max,0,0.872
unlisted_complexity,65,nuisance_orthogonal,0,0.56
unlisted_complexity,65,naive_signal_max,0,0.718
unlisted_complexity,66,nuisance_orthogonal,0,0.892
unlisted_complexity,66,naive_signal_max,0,0.108
unlisted_complexity,67,nuisance_orthogonal,0,0.228
unlisted_complexity,67,naive_signal_max,0,0.824
unlisted_complexity,68,nuisance_orthogonal,0,0.568
unlisted_complexity,68,naive_signal_max,0,0.378
unlisted_complexity,69,nuisance_orthogonal,0,0.404
unlisted_complexity,69,naive_signal_max,0,0.742
unlisted_complexity,70,nuisance_orthogonal,0,0.292
unlisted_complexity,70,naive_signal_max,0,0.176
unlisted_complexity,71,nuisance_orthogonal,0,0.214
unlisted_complexity,71,naive_signal_max,0,0.118
unlisted_complexity,72,nuisance_orthogonal,0,0.222
unlisted_complexity,72,naive_signal_max,1,0.016
unlisted_complexity,73,nuisance_orthogonal,1,0.03
unlisted_complexity,73,naive_signal_max,0,0.26
unlisted_complexity,74,nuisance_orthogonal,0,0.736
unlisted_complexity,74,naive_signal_max,0,0.178
unlisted_complexity,75,nuisance_orthogonal,0,0.122
unlisted_complexity,75,naive_signal_max,0,0.5
unlisted_complexity,76,nuisance_orthogonal,0,0.2
unlisted_complexity,76,naive_signal_max,0,0.156
unlisted_complexity,77,nuisance_orthogonal,0,0.45
unlisted_complexity,77,naive_signal_max,0,0.09
unlisted_complexity,78,nuisance_orthogonal,0,0.39
unlisted_complexity,78,naive_signal_max,0,0.42
unlisted_complexity,79,nuisance_orthogonal,0,0.244
unlisted_complexity,79,naive_signal_max,0,0.708
unlisted_complexity,80,nuisance_orthogonal,0,0.948
unlisted_complexity,80,naive_signal_max,0,0.112
unlisted_complexity,81,nuisance_orthogonal,0,0.722
unlisted_complexity,81,naive_signal_max,0,0.262
unlisted_complexity,82,nuisance_orthogonal,0,0.934
unlisted_complexity,82,naive_signal_max,0,0.636
unlisted_complexity,83,nuisance_orthogonal,0,0.742
unlisted_complexity,83,naive_signal_max,0,0.07
unlisted_complexity,84,nuisance_orthogonal,0,0.496
unlisted_complexity,84,naive_signal_max,0,0.24
unlisted_complexity,85,nuisance_orthogonal,1,0.002
unlisted_complexity,85,naive_signal_max,0,0.406
unlisted_complexity,86,nuisance_orthogonal,0,0.252
unlisted_complexity,86,naive_signal_max,0,0.188
unlisted_complexity,87,nuisance_orthogonal,0,0.206
unlisted_complexity,87,naive_signal_max,0,0.16
unlisted_complexity,88,nuisance_orthogonal,0,0.802
unlisted_complexity,88,naive_signal_max,0,0.938
unlisted_complexity,89,nuisance_orthogonal,0,0.608
unlisted_complexity,89,naive_signal_max,0,0.912
unlisted_complexity,90,nuisance_orthogonal,0,0.932
unlisted_complexity,90,naive_signal_max,0,0.648
unlisted_complexity,91,nuisance_orthogonal,0,0.82
unlisted_complexity,91,naive_signal_max,0,0.284
unlisted_complexity,92,nuisance_orthogonal,0,0.368
unlisted_complexity,92,naive_signal_max,1,0.012
unlisted_complexity,93,nuisance_orthogonal,0,0.364
unlisted_complexity,93,naive_signal_max,0,0.912
unlisted_complexity,94,nuisance_orthogonal,0,0.256
unlisted_complexity,94,naive_signal_max,0,0.858
unlisted_complexity,95,nuisance_orthogonal,1,0.036
unlisted_complexity,95,naive_signal_max,0,0.332
unlisted_complexity,96,nuisance_orthogonal,0,0.714
unlisted_complexity,96,naive_signal_max,0,0.144
unlisted_complexity,97,nuisance_orthogonal,0,0.496
unlisted_complexity,97,naive_signal_max,0,0.744
unlisted_complexity,98,nuisance_orthogonal,0,0.378
unlisted_complexity,98,naive_signal_max,0,0.66
unlisted_complexity,99,nuisance_orthogonal,0,0.574
unlisted_complexity,99,naive_signal_max,0,0.082
unlisted_complexity,100,nuisance_orthogonal,0,0.664
unlisted_complexity,100,naive_signal_max,0,0.186
unlisted_complexity,101,nuisance_orthogonal,0,0.634
unlisted_complexity,101,naive_signal_max,0,0.184
unlisted_complexity,102,nuisance_orthogonal,0,0.612
unlisted_complexity,102,naive_signal_max,0,0.508
unlisted_complexity,103,nuisance_orthogonal,0,0.614
unlisted_complexity,103,naive_signal_max,1,0.02
unlisted_complexity,104,nuisance_orthogonal,0,0.526
unlisted_complexity,104,naive_signal_max,1,0.002
unlisted_complexity,105,nuisance_orthogonal,0,0.156
unlisted_complexity,105,naive_signal_max,0,0.588
unlisted_complexity,106,nuisance_orthogonal,0,0.766
unlisted_complexity,106,naive_signal_max,0,0.122
unlisted_complexity,107,nuisance_orthogonal,0,0.318
unlisted_complexity,107,naive_signal_max,0,0.612
unlisted_complexity,108,nuisance_orthogonal,0,0.266
unlisted_complexity,108,naive_signal_max,0,0.16
unlisted_complexity,109,nuisance_orthogonal,1,0.04
unlisted_complexity,109,naive_signal_max,0,0.826
unlisted_complexity,110,nuisance_orthogonal,0,0.8
unlisted_complexity,110,naive_signal_max,0,0.382
unlisted_complexity,111,nuisance_orthogonal,0,0.53
unlisted_complexity,111,naive_signal_max,0,0.062
unlisted_complexity,112,nuisance_orthogonal,0,0.156
unlisted_complexity,112,naive_signal_max,0,0.802
unlisted_complexity,113,nuisance_orthogonal,0,0.478
unlisted_complexity,113,naive_signal_max,0,0.06
unlisted_complexity,114,nuisance_orthogonal,0,0.61
unlisted_complexity,114,naive_signal_max,0,0.266
unlisted_complexity,115,nuisance_orthogonal,0,0.682
unlisted_complexity,115,naive_signal_max,0,0.164
unlisted_complexity,116,nuisance_orthogonal,0,0.272
unlisted_complexity,116,naive_signal_max,0,0.31
unlisted_complexity,117,nuisance_orthogonal,0,0.622
unlisted_complexity,117,naive_signal_max,0,0.062
unlisted_complexity,118,nuisance_orthogonal,0,0.984
unlisted_complexity,118,naive_signal_max,0,0.542
unlisted_complexity,119,nuisance_orthogonal,0,0.102
unlisted_complexity,119,naive_signal_max,0,0.624
unlisted_complexity,120,nuisance_orthogonal,0,0.16
unlisted_complexity,120,naive_signal_max,0,0.206
unlisted_complexity,121,nuisance_orthogonal,0,0.704
unlisted_complexity,121,naive_signal_max,0,0.88
unlisted_complexity,122,nuisance_orthogonal,0,0.492
unlisted_complexity,122,naive_signal_max,0,0.056
unlisted_complexity,123,nuisance_orthogonal,0,0.7
unlisted_complexity,123,naive_signal_max,0,0.824
unlisted_complexity,124,nuisance_orthogonal,0,0.472
unlisted_complexity,124,naive_signal_max,0,0.872
unlisted_complexity,125,nuisance_orthogonal,0,0.942
unlisted_complexity,125,naive_signal_max,0,0.196
unlisted_complexity,126,nuisance_orthogonal,0,0.738
unlisted_complexity,126,naive_signal_max,0,0.526
unlisted_complexity,127,nuisance_orthogonal,0,0.558
unlisted_complexity,127,naive_signal_max,0,0.994
unlisted_complexity,128,nuisance_orthogonal,0,0.222
unlisted_complexity,128,naive_signal_max,1,0.03
unlisted_complexity,129,nuisance_orthogonal,0,0.118
unlisted_complexity,129,naive_signal_max,0,0.63
unlisted_complexity,130,nuisance_orthogonal,0,0.232
unlisted_complexity,130,naive_signal_max,1,0.014
unlisted_complexity,131,nuisance_orthogonal,0,0.85
unlisted_complexity,131,naive_signal_max,0,0.836
unlisted_complexity,132,nuisance_orthogonal,0,0.61
unlisted_complexity,132,naive_signal_max,0,0.064
unlisted_complexity,133,nuisance_orthogonal,0,0.48
unlisted_complexity,133,naive_signal_max,0,0.156
unlisted_complexity,134,nuisance_orthogonal,0,0.762
unlisted_complexity,134,naive_signal_max,0,0.31
unlisted_complexity,135,nuisance_orthogonal,0,0.364
unlisted_complexity,135,naive_signal_max,0,0.132
unlisted_complexity,136,nuisance_orthogonal,0,0.616
unlisted_complexity,136,naive_signal_max,0,0.054
unlisted_complexity,137,nuisance_orthogonal,0,0.652
unlisted_complexity,137,naive_signal_max,0,0.184
unlisted_complexity,138,nuisance_orthogonal,0,0.778
unlisted_complexity,138,naive_signal_max,0,0.466
unlisted_complexity,139,nuisance_orthogonal,0,0.296
unlisted_complexity,139,naive_signal_max,1,0.022
unlisted_complexity,140,nuisance_orthogonal,0,0.152
unlisted_complexity,140,naive_signal_max,0,0.398
unlisted_complexity,141,nuisance_orthogonal,0,0.438
unlisted_complexity,141,naive_signal_max,1,0.002
unlisted_complexity,142,nuisance_orthogonal,0,0.932
unlisted_complexity,142,naive_signal_max,0,0.444
unlisted_complexity,143,nuisance_orthogonal,0,0.52
unlisted_complexity,143,naive_signal_max,0,0.812
unlisted_complexity,144,nuisance_orthogonal,0,0.526
unlisted_complexity,144,naive_signal_max,0,0.582
unlisted_complexity,145,nuisance_orthogonal,0,0.362
unlisted_complexity,145,naive_signal_max,0,0.326
unlisted_complexity,146,nuisance_orthogonal,0,0.802
unlisted_complexity,146,naive_signal_max,0,0.25
unlisted_complexity,147,nuisance_orthogonal,0,0.726
unlisted_complexity,147,naive_signal_max,0,0.876
unlisted_complexity,148,nuisance_orthogonal,0,0.546
unlisted_complexity,148,naive_signal_max,1,0.018
unlisted_complexity,149,nuisance_orthogonal,0,0.728
unlisted_complexity,149,naive_signal_max,0,0.076
unlisted_complexity,150,nuisance_orthogonal,0,0.064
unlisted_complexity,150,naive_signal_max,1,0.012
unlisted_complexity,151,nuisance_orthogonal,0,0.38
unlisted_complexity,151,naive_signal_max,0,0.244
unlisted_complexity,152,nuisance_orthogonal,0,0.712
unlisted_complexity,152,naive_signal_max,0,0.196
unlisted_complexity,153,nuisance_orthogonal,0,0.626
unlisted_complexity,153,naive_signal_max,1,0.014
unlisted_complexity,154,nuisance_orthogonal,0,0.464
unlisted_complexity,154,naive_signal_max,0,0.558
unlisted_complexity,155,nuisance_orthogonal,0,0.48
unlisted_complexity,155,naive_signal_max,0,0.98
unlisted_complexity,156,nuisance_orthogonal,0,0.234
unlisted_complexity,156,naive_signal_max,0,0.148
unlisted_complexity,157,nuisance_orthogonal,0,0.896
unlisted_complexity,157,naive_signal_max,0,0.328
unlisted_complexity,158,nuisance_orthogonal,0,0.256
unlisted_complexity,158,naive_signal_max,1,0.024
unlisted_complexity,159,nuisance_orthogonal,0,0.912
unlisted_complexity,159,naive_signal_max,0,0.666
unlisted_complexity,160,nuisance_orthogonal,0,0.078
unlisted_complexity,160,naive_signal_max,0,0.85
unlisted_complexity,161,nuisance_orthogonal,0,0.87
unlisted_complexity,161,naive_signal_max,0,0.448
unlisted_complexity,162,nuisance_orthogonal,0,0.132
unlisted_complexity,162,naive_signal_max,1,0.018
unlisted_complexity,163,nuisance_orthogonal,0,0.598
unlisted_complexity,163,naive_signal_max,0,0.93
unlisted_complexity,164,nuisance_orthogonal,0,0.28
unlisted_complexity,164,naive_signal_max,0,0.692
unlisted_complexity,165,nuisance_orthogonal,0,0.39
unlisted_complexity,165,naive_signal_max,0,0.462
unlisted_complexity,166,nuisance_orthogonal,0,0.46
unlisted_complexity,166,naive_signal_max,0,0.12
unlisted_complexity,167,nuisance_orthogonal,0,0.906
unlisted_complexity,167,naive_signal_max,0,0.556
unlisted_complexity,168,nuisance_orthogonal,0,0.984
unlisted_complexity,168,naive_signal_max,0,0.108
unlisted_complexity,169,nuisance_orthogonal,0,0.864
unlisted_complexity,169,naive_signal_max,0,0.472
unlisted_complexity,170,nuisance_orthogonal,0,0.73
unlisted_complexity,170,naive_signal_max,0,0.298
unlisted_complexity,171,nuisance_orthogonal,0,0.89
unlisted_complexity,171,naive_signal_max,0,0.252
unlisted_complexity,172,nuisance_orthogonal,0,0.968
unlisted_complexity,172,naive_signal_max,0,0.534
unlisted_complexity,173,nuisance_orthogonal,0,0.678
unlisted_complexity,173,naive_signal_max,0,0.626
unlisted_complexity,174,nuisance_orthogonal,0,0.288
unlisted_complexity,174,naive_signal_max,0,0.71
unlisted_complexity,175,nuisance_orthogonal,1,0.044
unlisted_complexity,175,naive_signal_max,0,0.838
unlisted_complexity,176,nuisance_orthogonal,1,0.008
unlisted_complexity,176,naive_signal_max,0,0.112
unlisted_complexity,177,nuisance_orthogonal,0,0.566
unlisted_complexity,177,naive_signal_max,0,0.906
unlisted_complexity,178,nuisance_orthogonal,0,0.158
unlisted_complexity,178,naive_signal_max,0,0.11
unlisted_complexity,179,nuisance_orthogonal,0,0.914
unlisted_complexity,179,naive_signal_max,0,0.524
unlisted_complexity,180,nuisance_orthogonal,0,0.276
unlisted_complexity,180,naive_signal_max,0,0.922
unlisted_complexity,181,nuisance_orthogonal,0,0.15
unlisted_complexity,181,naive_signal_max,0,0.706
unlisted_complexity,182,nuisance_orthogonal,0,0.638
unlisted_complexity,182,naive_signal_max,0,0.988
unlisted_complexity,183,nuisance_orthogonal,0,0.1
unlisted_complexity,183,naive_signal_max,0,0.854
unlisted_complexity,184,nuisance_orthogonal,0,0.926
unlisted_complexity,184,naive_signal_max,0,0.168
unlisted_complexity,185,nuisance_orthogonal,0,0.156
unlisted_complexity,185,naive_signal_max,1,0.006
unlisted_complexity,186,nuisance_orthogonal,0,0.08
unlisted_complexity,186,naive_signal_max,0,0.878
unlisted_complexity,187,nuisance_orthogonal,0,0.208
unlisted_complexity,187,naive_signal_max,1,0.006
unlisted_complexity,188,nuisance_orthogonal,0,0.498
unlisted_complexity,188,naive_signal_max,0,0.75
unlisted_complexity,189,nuisance_orthogonal,0,0.9
unlisted_complexity,189,naive_signal_max,0,0.74
unlisted_complexity,190,nuisance_orthogonal,0,0.924
unlisted_complexity,190,naive_signal_max,0,0.856
unlisted_complexity,191,nuisance_orthogonal,0,0.882
unlisted_complexity,191,naive_signal_max,0,0.69
unlisted_complexity,192,nuisance_orthogonal,0,0.346
unlisted_complexity,192,naive_signal_max,0,0.558
unlisted_complexity,193,nuisance_orthogonal,0,0.956
unlisted_complexity,193,naive_signal_max,0,0.74
unlisted_complexity,194,nuisance_orthogonal,0,0.89
unlisted_complexity,194,naive_signal_max,0,0.806
unlisted_complexity,195,nuisance_orthogonal,0,0.856
unlisted_complexity,195,naive_signal_max,0,0.48
unlisted_complexity,196,nuisance_orthogonal,0,0.222
unlisted_complexity,196,naive_signal_max,1,0.024
unlisted_complexity,197,nuisance_orthogonal,0,0.91
unlisted_complexity,197,naive_signal_max,0,0.228
unlisted_complexity,198,nuisance_orthogonal,0,0.642
unlisted_complexity,198,naive_signal_max,0,0.866
unlisted_complexity,199,nuisance_orthogonal,0,0.052
unlisted_complexity,199,naive_signal_max,0,0.086
out_of_library_complexity,0,nuisance_orthogonal,0,0.172
out_of_library_complexity,0,naive_signal_max,1,0.006
out_of_library_complexity,1,nuisance_orthogonal,0,0.694
out_of_library_complexity,1,naive_signal_max,0,0.706
out_of_library_complexity,2,nuisance_orthogonal,0,0.134
out_of_library_complexity,2,naive_signal_max,0,0.156
out_of_library_complexity,3,nuisance_orthogonal,0,0.692
out_of_library_complexity,3,naive_signal_max,0,0.968
out_of_library_complexity,4,nuisance_orthogonal,0,0.586
out_of_library_complexity,4,naive_signal_max,0,0.124
out_of_library_complexity,5,nuisance_orthogonal,0,0.406
out_of_library_complexity,5,naive_signal_max,1,0.026
out_of_library_complexity,6,nuisance_orthogonal,0,0.098
out_of_library_complexity,6,naive_signal_max,0,0.76
out_of_library_complexity,7,nuisance_orthogonal,0,0.842
out_of_library_complexity,7,naive_signal_max,0,0.1
out_of_library_complexity,8,nuisance_orthogonal,0,0.808
out_of_library_complexity,8,naive_signal_max,0,0.83
out_of_library_complexity,9,nuisance_orthogonal,0,0.078
out_of_library_complexity,9,naive_signal_max,0,0.056
out_of_library_complexity,10,nuisance_orthogonal,0,0.308
out_of_library_complexity,10,naive_signal_max,0,0.158
out_of_library_complexity,11,nuisance_orthogonal,0,0.13
out_of_library_complexity,11,naive_signal_max,0,0.48
out_of_library_complexity,12,nuisance_orthogonal,0,0.848
out_of_library_complexity,12,naive_signal_max,1,0.032
out_of_library_complexity,13,nuisance_orthogonal,0,0.828
out_of_library_complexity,13,naive_signal_max,0,0.986
out_of_library_complexity,14,nuisance_orthogonal,0,0.638
out_of_library_complexity,14,naive_signal_max,0,0.44
out_of_library_complexity,15,nuisance_orthogonal,0,0.672
out_of_library_complexity,15,naive_signal_max,0,0.438
out_of_library_complexity,16,nuisance_orthogonal,0,0.988
out_of_library_complexity,16,naive_signal_max,0,0.518
out_of_library_complexity,17,nuisance_orthogonal,0,0.696
out_of_library_complexity,17,naive_signal_max,0,0.142
out_of_library_complexity,18,nuisance_orthogonal,0,0.232
out_of_library_complexity,18,naive_signal_max,0,0.372
out_of_library_complexity,19,nuisance_orthogonal,0,0.798
out_of_library_complexity,19,naive_signal_max,0,0.062
out_of_library_complexity,20,nuisance_orthogonal,0,0.682
out_of_library_complexity,20,naive_signal_max,0,0.338
out_of_library_complexity,21,nuisance_orthogonal,0,0.32
out_of_library_complexity,21,naive_signal_max,0,0.718
out_of_library_complexity,22,nuisance_orthogonal,0,0.26
out_of_library_complexity,22,naive_signal_max,0,0.346
out_of_library_complexity,23,nuisance_orthogonal,0,0.158
out_of_library_complexity,23,naive_signal_max,0,0.514
out_of_library_complexity,24,nuisance_orthogonal,0,0.87
out_of_library_complexity,24,naive_signal_max,0,0.206
out_of_library_complexity,25,nuisance_orthogonal,0,0.334
out_of_library_complexity,25,naive_signal_max,1,0.008
out_of_library_complexity,26,nuisance_orthogonal,0,0.492
out_of_library_complexity,26,naive_signal_max,0,0.128
out_of_library_complexity,27,nuisance_orthogonal,0,0.452
out_of_library_complexity,27,naive_signal_max,0,0.55
out_of_library_complexity,28,nuisance_orthogonal,0,0.416
out_of_library_complexity,28,naive_signal_max,0,0.438
out_of_library_complexity,29,nuisance_orthogonal,0,0.904
out_of_library_complexity,29,naive_signal_max,0,0.64
out_of_library_complexity,30,nuisance_orthogonal,0,0.354
out_of_library_complexity,30,naive_signal_max,0,0.778
out_of_library_complexity,31,nuisance_orthogonal,0,0.346
out_of_library_complexity,31,naive_signal_max,0,0.606
out_of_library_complexity,32,nuisance_orthogonal,0,0.722
out_of_library_complexity,32,naive_signal_max,0,0.752
out_of_library_complexity,33,nuisance_orthogonal,0,0.572
out_of_library_complexity,33,naive_signal_max,0,0.08
out_of_library_complexity,34,nuisance_orthogonal,0,0.15
out_of_library_complexity,34,naive_signal_max,0,0.36
out_of_library_complexity,35,nuisance_orthogonal,0,0.254
out_of_library_complexity,35,naive_signal_max,0,0.144
out_of_library_complexity,36,nuisance_orthogonal,0,0.722
out_of_library_complexity,36,naive_signal_max,0,0.404
out_of_library_complexity,37,nuisance_orthogonal,0,0.116
out_of_library_complexity,37,naive_signal_max,0,0.364
out_of_library_complexity,38,nuisance_orthogonal,0,0.438
out_of_library_complexity,38,naive_signal_max,0,0.816
out_of_library_complexity,39,nuisance_orthogonal,0,0.096
out_of_library_complexity,39,naive_signal_max,0,0.112
out_of_library_complexity,40,nuisance_orthogonal,0,0.368
out_of_library_complexity,40,naive_signal_max,1,0.016
out_of_library_complexity,41,nuisance_orthogonal,0,0.616
out_of_library_complexity,41,naive_signal_max,0,0.566
out_of_library_complexity,42,nuisance_orthogonal,0,0.08
out_of_library_complexity,42,naive_signal_max,0,0.552
out_of_library_complexity,43,nuisance_orthogonal,0,0.914
out_of_library_complexity,43,naive_signal_max,0,0.73
out_of_library_complexity,44,nuisance_orthogonal,0,0.804
out_of_library_complexity,44,naive_signal_max,0,0.07
out_of_library_complexity,45,nuisance_orthogonal,0,0.35
out_of_library_complexity,45,naive_signal_max,0,0.86
out_of_library_complexity,46,nuisance_orthogonal,0,0.058
out_of_library_complexity,46,naive_signal_max,0,0.05
out_of_library_complexity,47,nuisance_orthogonal,0,0.422
out_of_library_complexity,47,naive_signal_max,1,0.004
out_of_library_complexity,48,nuisance_orthogonal,0,0.574
out_of_library_complexity,48,naive_signal_max,0,0.482
out_of_library_complexity,49,nuisance_orthogonal,0,0.58
out_of_library_complexity,49,naive_signal_max,0,0.096
out_of_library_complexity,50,nuisance_orthogonal,0,0.538
out_of_library_complexity,50,naive_signal_max,0,0.06
out_of_library_complexity,51,nuisance_orthogonal,0,0.906
out_of_library_complexity,51,naive_signal_max,0,0.832
out_of_library_complexity,52,nuisance_orthogonal,0,0.378
out_of_library_complexity,52,naive_signal_max,0,0.352
out_of_library_complexity,53,nuisance_orthogonal,0,0.47
out_of_library_complexity,53,naive_signal_max,0,0.178
out_of_library_complexity,54,nuisance_orthogonal,0,0.89
out_of_library_complexity,54,naive_signal_max,0,0.548
out_of_library_complexity,55,nuisance_orthogonal,0,0.184
out_of_library_complexity,55,naive_signal_max,0,0.476
out_of_library_complexity,56,nuisance_orthogonal,0,0.938
out_of_library_complexity,56,naive_signal_max,0,0.306
out_of_library_complexity,57,nuisance_orthogonal,0,0.428
out_of_library_complexity,57,naive_signal_max,0,0.288
out_of_library_complexity,58,nuisance_orthogonal,0,0.542
out_of_library_complexity,58,naive_signal_max,0,0.25
out_of_library_complexity,59,nuisance_orthogonal,0,0.116
out_of_library_complexity,59,naive_signal_max,0,0.576
out_of_library_complexity,60,nuisance_orthogonal,0,0.9
out_of_library_complexity,60,naive_signal_max,0,0.502
out_of_library_complexity,61,nuisance_orthogonal,0,0.73
out_of_library_complexity,61,naive_signal_max,0,0.68
out_of_library_complexity,62,nuisance_orthogonal,0,0.07
out_of_library_complexity,62,naive_signal_max,0,0.852
out_of_library_complexity,63,nuisance_orthogonal,0,0.154
out_of_library_complexity,63,naive_signal_max,0,0.478
out_of_library_complexity,64,nuisance_orthogonal,0,0.296
out_of_library_complexity,64,naive_signal_max,0,0.752
out_of_library_complexity,65,nuisance_orthogonal,0,0.716
out_of_library_complexity,65,naive_signal_max,0,0.552
out_of_library_complexity,66,nuisance_orthogonal,0,0.868
out_of_library_complexity,66,naive_signal_max,0,0.1
out_of_library_complexity,67,nuisance_orthogonal,0,0.21
out_of_library_complexity,67,naive_signal_max,0,0.986
out_of_library_complexity,68,nuisance_orthogonal,0,0.552
out_of_library_complexity,68,naive_signal_max,0,0.304
out_of_library_complexity,69,nuisance_orthogonal,0,0.392
out_of_library_complexity,69,naive_signal_max,0,0.594
out_of_library_complexity,70,nuisance_orthogonal,0,0.572
out_of_library_complexity,70,naive_signal_max,0,0.112
out_of_library_complexity,71,nuisance_orthogonal,0,0.31
out_of_library_complexity,71,naive_signal_max,0,0.054
out_of_library_complexity,72,nuisance_orthogonal,0,0.228
out_of_library_complexity,72,naive_signal_max,1,0.006
out_of_library_complexity,73,nuisance_orthogonal,1,0.032
out_of_library_complexity,73,naive_signal_max,0,0.156
out_of_library_complexity,74,nuisance_orthogonal,0,0.846
out_of_library_complexity,74,naive_signal_max,0,0.084
out_of_library_complexity,75,nuisance_orthogonal,1,0.036
out_of_library_complexity,75,naive_signal_max,0,0.692
out_of_library_complexity,76,nuisance_orthogonal,0,0.378
out_of_library_complexity,76,naive_signal_max,0,0.156
out_of_library_complexity,77,nuisance_orthogonal,0,0.562
out_of_library_complexity,77,naive_signal_max,0,0.078
out_of_library_complexity,78,nuisance_orthogonal,0,0.38
out_of_library_complexity,78,naive_signal_max,0,0.438
out_of_library_complexity,79,nuisance_orthogonal,0,0.346
out_of_library_complexity,79,naive_signal_max,0,0.516
out_of_library_complexity,80,nuisance_orthogonal,0,0.808
out_of_library_complexity,80,naive_signal_max,0,0.1
out_of_library_complexity,81,nuisance_orthogonal,0,0.638
out_of_library_complexity,81,naive_signal_max,0,0.278
out_of_library_complexity,82,nuisance_orthogonal,0,0.842
out_of_library_complexity,82,naive_signal_max,0,0.688
out_of_library_complexity,83,nuisance_orthogonal,0,0.804
out_of_library_complexity,83,naive_signal_max,0,0.052
out_of_library_complexity,84,nuisance_orthogonal,0,0.514
out_of_library_complexity,84,naive_signal_max,0,0.138
out_of_library_complexity,85,nuisance_orthogonal,1,0.002
out_of_library_complexity,85,naive_signal_max,0,0.304
out_of_library_complexity,86,nuisance_orthogonal,0,0.182
out_of_library_complexity,86,naive_signal_max,0,0.194
out_of_library_complexity,87,nuisance_orthogonal,0,0.13
out_of_library_complexity,87,naive_signal_max,0,0.112
out_of_library_complexity,88,nuisance_orthogonal,0,0.998
out_of_library_complexity,88,naive_signal_max,0,0.99
out_of_library_complexity,89,nuisance_orthogonal,0,0.722
out_of_library_complexity,89,naive_signal_max,0,0.96
out_of_library_complexity,90,nuisance_orthogonal,0,0.816
out_of_library_complexity,90,naive_signal_max,0,0.582
out_of_library_complexity,91,nuisance_orthogonal,0,0.888
out_of_library_complexity,91,naive_signal_max,0,0.192
out_of_library_complexity,92,nuisance_orthogonal,0,0.33
out_of_library_complexity,92,naive_signal_max,1,0.008
out_of_library_complexity,93,nuisance_orthogonal,0,0.48
out_of_library_complexity,93,naive_signal_max,0,0.828
out_of_library_complexity,94,nuisance_orthogonal,0,0.226
out_of_library_complexity,94,naive_signal_max,0,0.738
out_of_library_complexity,95,nuisance_orthogonal,1,0.03
out_of_library_complexity,95,naive_signal_max,0,0.332
out_of_library_complexity,96,nuisance_orthogonal,0,0.706
out_of_library_complexity,96,naive_signal_max,0,0.13
out_of_library_complexity,97,nuisance_orthogonal,0,0.272
out_of_library_complexity,97,naive_signal_max,0,0.656
out_of_library_complexity,98,nuisance_orthogonal,0,0.172
out_of_library_complexity,98,naive_signal_max,0,0.392
out_of_library_complexity,99,nuisance_orthogonal,0,0.452
out_of_library_complexity,99,naive_signal_max,1,0.046
out_of_library_complexity,100,nuisance_orthogonal,0,0.626
out_of_library_complexity,100,naive_signal_max,0,0.114
out_of_library_complexity,101,nuisance_orthogonal,0,0.948
out_of_library_complexity,101,naive_signal_max,0,0.188
out_of_library_complexity,102,nuisance_orthogonal,0,0.702
out_of_library_complexity,102,naive_signal_max,0,0.432
out_of_library_complexity,103,nuisance_orthogonal,0,0.714
out_of_library_complexity,103,naive_signal_max,1,0.016
out_of_library_complexity,104,nuisance_orthogonal,0,0.264
out_of_library_complexity,104,naive_signal_max,1,0.002
out_of_library_complexity,105,nuisance_orthogonal,0,0.14
out_of_library_complexity,105,naive_signal_max,0,0.73
out_of_library_complexity,106,nuisance_orthogonal,0,0.566
out_of_library_complexity,106,naive_signal_max,0,0.154
out_of_library_complexity,107,nuisance_orthogonal,0,0.176
out_of_library_complexity,107,naive_signal_max,0,0.484
out_of_library_complexity,108,nuisance_orthogonal,0,0.24
out_of_library_complexity,108,naive_signal_max,0,0.094
out_of_library_complexity,109,nuisance_orthogonal,0,0.064
out_of_library_complexity,109,naive_signal_max,0,0.836
out_of_library_complexity,110,nuisance_orthogonal,0,0.842
out_of_library_complexity,110,naive_signal_max,0,0.282
out_of_library_complexity,111,nuisance_orthogonal,0,0.566
out_of_library_complexity,111,naive_signal_max,0,0.066
out_of_library_complexity,112,nuisance_orthogonal,0,0.13
out_of_library_complexity,112,naive_signal_max,0,0.666
out_of_library_complexity,113,nuisance_orthogonal,0,0.672
out_of_library_complexity,113,naive_signal_max,0,0.058
out_of_library_complexity,114,nuisance_orthogonal,0,0.628
out_of_library_complexity,114,naive_signal_max,0,0.148
out_of_library_complexity,115,nuisance_orthogonal,0,0.83
out_of_library_complexity,115,naive_signal_max,0,0.148
out_of_library_complexity,116,nuisance_orthogonal,0,0.344
out_of_library_complexity,116,naive_signal_max,0,0.24
out_of_library_complexity,117,nuisance_orthogonal,0,0.5
out_of_library_complexity,117,naive_signal_max,1,0.044
out_of_library_complexity,118,nuisance_orthogonal,0,0.73
out_of_library_complexity,118,naive_signal_max,0,0.542
out_of_library_complexity,119,nuisance_orthogonal,0,0.07
out_of_library_complexity,119,naive_signal_max,0,0.632
out_of_library_complexity,120,nuisance_orthogonal,0,0.24
out_of_library_complexity,120,naive_signal_max,0,0.114
out_of_library_complexity,121,nuisance_orthogonal,0,0.698
out_of_library_complexity,121,naive_signal_max,0,0.882
out_of_library_complexity,122,nuisance_orthogonal,0,0.806
out_of_library_complexity,122,naive_signal_max,1,0.048
out_of_library_complexity,123,nuisance_orthogonal,0,0.644
out_of_library_complexity,123,naive_signal_max,0,0.726
out_of_library_complexity,124,nuisance_orthogonal,0,0.504
out_of_library_complexity,124,naive_signal_max,0,0.662
out_of_library_complexity,125,nuisance_orthogonal,0,0.994
out_of_library_complexity,125,naive_signal_max,0,0.146
out_of_library_complexity,126,nuisance_orthogonal,0,0.54
out_of_library_complexity,126,naive_signal_max,0,0.48
out_of_library_complexity,127,nuisance_orthogonal,0,0.338
out_of_library_complexity,127,naive_signal_max,0,0.896
out_of_library_complexity,128,nuisance_orthogonal,0,0.174
out_of_library_complexity,128,naive_signal_max,1,0.012
out_of_library_complexity,129,nuisance_orthogonal,0,0.162
out_of_library_complexity,129,naive_signal_max,0,0.558
out_of_library_complexity,130,nuisance_orthogonal,0,0.222
out_of_library_complexity,130,naive_signal_max,1,0.008
out_of_library_complexity,131,nuisance_orthogonal,0,0.71
out_of_library_complexity,131,naive_signal_max,0,0.948
out_of_library_complexity,132,nuisance_orthogonal,0,0.58
out_of_library_complexity,132,naive_signal_max,0,0.058
out_of_library_complexity,133,nuisance_orthogonal,0,0.742
out_of_library_complexity,133,naive_signal_max,0,0.106
out_of_library_complexity,134,nuisance_orthogonal,0,0.738
out_of_library_complexity,134,naive_signal_max,0,0.19
out_of_library_complexity,135,nuisance_orthogonal,0,0.338
out_of_library_complexity,135,naive_signal_max,0,0.106
out_of_library_complexity,136,nuisance_orthogonal,0,0.71
out_of_library_complexity,136,naive_signal_max,1,0.044
out_of_library_complexity,137,nuisance_orthogonal,0,0.672
out_of_library_complexity,137,naive_signal_max,0,0.154
out_of_library_complexity,138,nuisance_orthogonal,0,0.848
out_of_library_complexity,138,naive_signal_max,0,0.55
out_of_library_complexity,139,nuisance_orthogonal,0,0.22
out_of_library_complexity,139,naive_signal_max,1,0.018
out_of_library_complexity,140,nuisance_orthogonal,0,0.226
out_of_library_complexity,140,naive_signal_max,0,0.382
out_of_library_complexity,141,nuisance_orthogonal,0,0.504
out_of_library_complexity,141,naive_signal_max,1,0.002
out_of_library_complexity,142,nuisance_orthogonal,0,0.858
out_of_library_complexity,142,naive_signal_max,0,0.374
out_of_library_complexity,143,nuisance_orthogonal,0,0.49
out_of_library_complexity,143,naive_signal_max,0,0.656
out_of_library_complexity,144,nuisance_orthogonal,0,0.548
out_of_library_complexity,144,naive_signal_max,0,0.752
out_of_library_complexity,145,nuisance_orthogonal,0,0.464
out_of_library_complexity,145,naive_signal_max,0,0.178
out_of_library_complexity,146,nuisance_orthogonal,0,0.554
out_of_library_complexity,146,naive_signal_max,0,0.222
out_of_library_complexity,147,nuisance_orthogonal,0,0.678
out_of_library_complexity,147,naive_signal_max,0,0.986
out_of_library_complexity,148,nuisance_orthogonal,0,0.584
out_of_library_complexity,148,naive_signal_max,1,0.006
out_of_library_complexity,149,nuisance_orthogonal,0,0.524
out_of_library_complexity,149,naive_signal_max,0,0.058
out_of_library_complexity,150,nuisance_orthogonal,0,0.152
out_of_library_complexity,150,naive_signal_max,1,0.012
out_of_library_complexity,151,nuisance_orthogonal,0,0.306
out_of_library_complexity,151,naive_signal_max,0,0.228
out_of_library_complexity,152,nuisance_orthogonal,0,0.658
out_of_library_complexity,152,naive_signal_max,0,0.162
out_of_library_complexity,153,nuisance_orthogonal,0,0.512
out_of_library_complexity,153,naive_signal_max,1,0.012
out_of_library_complexity,154,nuisance_orthogonal,0,0.6
out_of_library_complexity,154,naive_signal_max,0,0.408
out_of_library_complexity,155,nuisance_orthogonal,0,0.602
out_of_library_complexity,155,naive_signal_max,0,0.752
out_of_library_complexity,156,nuisance_orthogonal,0,0.254
out_of_library_complexity,156,naive_signal_max,0,0.116
out_of_library_complexity,157,nuisance_orthogonal,0,0.814
out_of_library_complexity,157,naive_signal_max,0,0.286
out_of_library_complexity,158,nuisance_orthogonal,0,0.368
out_of_library_complexity,158,naive_signal_max,1,0.012
out_of_library_complexity,159,nuisance_orthogonal,0,0.976
out_of_library_complexity,159,naive_signal_max,0,0.44
out_of_library_complexity,160,nuisance_orthogonal,0,0.062
out_of_library_complexity,160,naive_signal_max,0,0.932
out_of_library_complexity,161,nuisance_orthogonal,0,0.942
out_of_library_complexity,161,naive_signal_max,0,0.328
out_of_library_complexity,162,nuisance_orthogonal,0,0.19
out_of_library_complexity,162,naive_signal_max,1,0.014
out_of_library_complexity,163,nuisance_orthogonal,0,0.63
out_of_library_complexity,163,naive_signal_max,0,0.882
out_of_library_complexity,164,nuisance_orthogonal,0,0.398
out_of_library_complexity,164,naive_signal_max,0,0.67
out_of_library_complexity,165,nuisance_orthogonal,0,0.256
out_of_library_complexity,165,naive_signal_max,0,0.444
out_of_library_complexity,166,nuisance_orthogonal,0,0.472
out_of_library_complexity,166,naive_signal_max,1,0.048
out_of_library_complexity,167,nuisance_orthogonal,0,0.676
out_of_library_complexity,167,naive_signal_max,0,0.448
out_of_library_complexity,168,nuisance_orthogonal,0,0.774
out_of_library_complexity,168,naive_signal_max,0,0.082
out_of_library_complexity,169,nuisance_orthogonal,0,0.9
out_of_library_complexity,169,naive_signal_max,0,0.612
out_of_library_complexity,170,nuisance_orthogonal,0,0.786
out_of_library_complexity,170,naive_signal_max,0,0.238
out_of_library_complexity,171,nuisance_orthogonal,0,0.888
out_of_library_complexity,171,naive_signal_max,0,0.112
out_of_library_complexity,172,nuisance_orthogonal,0,0.956
out_of_library_complexity,172,naive_signal_max,0,0.284
out_of_library_complexity,173,nuisance_orthogonal,0,0.764
out_of_library_complexity,173,naive_signal_max,0,0.472
out_of_library_complexity,174,nuisance_orthogonal,0,0.156
out_of_library_complexity,174,naive_signal_max,0,0.64
out_of_library_complexity,175,nuisance_orthogonal,0,0.09
out_of_library_complexity,175,naive_signal_max,0,0.794
out_of_library_complexity,176,nuisance_orthogonal,1,0.012
out_of_library_complexity,176,naive_signal_max,0,0.068
out_of_library_complexity,177,nuisance_orthogonal,0,0.872
out_of_library_complexity,177,naive_signal_max,0,0.7
out_of_library_complexity,178,nuisance_orthogonal,0,0.32
out_of_library_complexity,178,naive_signal_max,0,0.066
out_of_library_complexity,179,nuisance_orthogonal,0,0.61
out_of_library_complexity,179,naive_signal_max,0,0.356
out_of_library_complexity,180,nuisance_orthogonal,0,0.162
out_of_library_complexity,180,naive_signal_max,0,0.914
out_of_library_complexity,181,nuisance_orthogonal,0,0.138
out_of_library_complexity,181,naive_signal_max,0,0.444
out_of_library_complexity,182,nuisance_orthogonal,0,0.542
out_of_library_complexity,182,naive_signal_max,0,0.792
out_of_library_complexity,183,nuisance_orthogonal,0,0.166
out_of_library_complexity,183,naive_signal_max,0,0.65
out_of_library_complexity,184,nuisance_orthogonal,0,0.938
out_of_library_complexity,184,naive_signal_max,0,0.128
out_of_library_complexity,185,nuisance_orthogonal,0,0.232
out_of_library_complexity,185,naive_signal_max,1,0.002
out_of_library_complexity,186,nuisance_orthogonal,0,0.076
out_of_library_complexity,186,naive_signal_max,0,0.988
out_of_library_complexity,187,nuisance_orthogonal,0,0.282
out_of_library_complexity,187,naive_signal_max,1,0.002
out_of_library_complexity,188,nuisance_orthogonal,0,0.36
out_of_library_complexity,188,naive_signal_max,0,0.99
out_of_library_complexity,189,nuisance_orthogonal,0,0.994
out_of_library_complexity,189,naive_signal_max,0,0.824
out_of_library_complexity,190,nuisance_orthogonal,0,0.924
out_of_library_complexity,190,naive_signal_max,0,0.79
out_of_library_complexity,191,nuisance_orthogonal,0,0.584
out_of_library_complexity,191,naive_signal_max,0,0.516
out_of_library_complexity,192,nuisance_orthogonal,0,0.346
out_of_library_complexity,192,naive_signal_max,0,0.694
out_of_library_complexity,193,nuisance_orthogonal,0,0.728
out_of_library_complexity,193,naive_signal_max,0,0.894
out_of_library_complexity,194,nuisance_orthogonal,0,0.524
out_of_library_complexity,194,naive_signal_max,0,0.986
out_of_library_complexity,195,nuisance_orthogonal,0,0.678
out_of_library_complexity,195,naive_signal_max,0,0.39
out_of_library_complexity,196,nuisance_orthogonal,0,0.228
out_of_library_complexity,196,naive_signal_max,1,0.03
out_of_library_complexity,197,nuisance_orthogonal,0,0.938
out_of_library_complexity,197,naive_signal_max,0,0.168
out_of_library_complexity,198,nuisance_orthogonal,0,0.634
out_of_library_complexity,198,naive_signal_max,0,0.86
out_of_library_complexity,199,nuisance_orthogonal,1,0.022
out_of_library_complexity,199,naive_signal_max,0,0.056
geometry_framing,0,nuisance_orthogonal,1,0.002
geometry_framing,0,naive_signal_max,1,0.002
geometry_framing,1,nuisance_orthogonal,1,0.002
geometry_framing,1,naive_signal_max,1,0.002
geometry_framing,2,nuisance_orthogonal,1,0.002
geometry_framing,2,naive_signal_max,1,0.002
geometry_framing,3,nuisance_orthogonal,1,0.004
geometry_framing,3,naive_signal_max,1,0.002
geometry_framing,4,nuisance_orthogonal,1,0.002
geometry_framing,4,naive_signal_max,1,0.002
geometry_framing,5,nuisance_orthogonal,1,0.002
geometry_framing,5,naive_signal_max,1,0.002
geometry_framing,6,nuisance_orthogonal,1,0.002
geometry_framing,6,naive_signal_max,1,0.002
geometry_framing,7,nuisance_orthogonal,1,0.002
geometry_framing,7,naive_signal_max,1,0.002
geometry_framing,8,nuisance_orthogonal,1,0.002
geometry_framing,8,naive_signal_max,1,0.002
geometry_framing,9,nuisance_orthogonal,1,0.034
geometry_framing,9,naive_signal_max,1,0.002
geometry_framing,10,nuisance_orthogonal,1,0.002
geometry_framing,10,naive_signal_max,1,0.002
geometry_framing,11,nuisance_orthogonal,1,0.002
geometry_framing,11,naive_signal_max,1,0.002
geometry_framing,12,nuisance_orthogonal,1,0.002
geometry_framing,12,naive_signal_max,1,0.002
geometry_framing,13,nuisance_orthogonal,1,0.004
geometry_framing,13,naive_signal_max,1,0.002
geometry_framing,14,nuisance_orthogonal,1,0.004
geometry_framing,14,naive_signal_max,1,0.002
geometry_framing,15,nuisance_orthogonal,1,0.002
geometry_framing,15,naive_signal_max,1,0.002
geometry_framing,16,nuisance_orthogonal,1,0.002
geometry_framing,16,naive_signal_max,1,0.002
geometry_framing,17,nuisance_orthogonal,1,0.002
geometry_framing,17,naive_signal_max,1,0.002
geometry_framing,18,nuisance_orthogonal,1,0.014
geometry_framing,18,naive_signal_max,1,0.002
geometry_framing,19,nuisance_orthogonal,1,0.002
geometry_framing,19,naive_signal_max,1,0.002
geometry_framing,20,nuisance_orthogonal,1,0.002
geometry_framing,20,naive_signal_max,1,0.002
geometry_framing,21,nuisance_orthogonal,1,0.002
geometry_framing,21,naive_signal_max,1,0.002
geometry_framing,22,nuisance_orthogonal,1,0.002
geometry_framing,22,naive_signal_max,1,0.002
geometry_framing,23,nuisance_orthogonal,1,0.002
geometry_framing,23,naive_signal_max,1,0.002
geometry_framing,24,nuisance_orthogonal,1,0.002
geometry_framing,24,naive_signal_max,1,0.002
geometry_framing,25,nuisance_orthogonal,1,0.002
geometry_framing,25,naive_signal_max,1,0.002
geometry_framing,26,nuisance_orthogonal,1,0.002
geometry_framing,26,naive_signal_max,1,0.002
geometry_framing,27,nuisance_orthogonal,1,0.01
geometry_framing,27,naive_signal_max,1,0.002
geometry_framing,28,nuisance_orthogonal,1,0.002
geometry_framing,28,naive_signal_max,1,0.002
geometry_framing,29,nuisance_orthogonal,1,0.002
geometry_framing,29,naive_signal_max,1,0.002
geometry_framing,30,nuisance_orthogonal,1,0.002
geometry_framing,30,naive_signal_max,1,0.002
geometry_framing,31,nuisance_orthogonal,1,0.002
geometry_framing,31,naive_signal_max,1,0.002
geometry_framing,32,nuisance_orthogonal,1,0.002
geometry_framing,32,naive_signal_max,1,0.002
geometry_framing,33,nuisance_orthogonal,1,0.002
geometry_framing,33,naive_signal_max,1,0.002
geometry_framing,34,nuisance_orthogonal,1,0.002
geometry_framing,34,naive_signal_max,1,0.002
geometry_framing,35,nuisance_orthogonal,1,0.036
geometry_framing,35,naive_signal_max,1,0.002
geometry_framing,36,nuisance_orthogonal,1,0.002
geometry_framing,36,naive_signal_max,1,0.002
geometry_framing,37,nuisance_orthogonal,1,0.002
geometry_framing,37,naive_signal_max,1,0.002
geometry_framing,38,nuisance_orthogonal,1,0.002
geometry_framing,38,naive_signal_max,1,0.002
geometry_framing,39,nuisance_orthogonal,1,0.006
geometry_framing,39,naive_signal_max,1,0.002
geometry_framing,40,nuisance_orthogonal,1,0.002
geometry_framing,40,naive_signal_max,1,0.002
geometry_framing,41,nuisance_orthogonal,1,0.002
geometry_framing,41,naive_signal_max,1,0.002
geometry_framing,42,nuisance_orthogonal,1,0.002
geometry_framing,42,naive_signal_max,1,0.002
geometry_framing,43,nuisance_orthogonal,1,0.002
geometry_framing,43,naive_signal_max,1,0.002
geometry_framing,44,nuisance_orthogonal,1,0.002
geometry_framing,44,naive_signal_max,1,0.002
geometry_framing,45,nuisance_orthogonal,1,0.002
geometry_framing,45,naive_signal_max,1,0.002
geometry_framing,46,nuisance_orthogonal,1,0.006
geometry_framing,46,naive_signal_max,1,0.002
geometry_framing,47,nuisance_orthogonal,1,0.002
geometry_framing,47,naive_signal_max,1,0.002
geometry_framing,48,nuisance_orthogonal,1,0.002
geometry_framing,48,naive_signal_max,1,0.002
geometry_framing,49,nuisance_orthogonal,1,0.006
geometry_framing,49,naive_signal_max,1,0.002
geometry_framing,50,nuisance_orthogonal,1,0.004
geometry_framing,50,naive_signal_max,1,0.002
geometry_framing,51,nuisance_orthogonal,1,0.002
geometry_framing,51,naive_signal_max,1,0.002
geometry_framing,52,nuisance_orthogonal,1,0.002
geometry_framing,52,naive_signal_max,1,0.002
geometry_framing,53,nuisance_orthogonal,1,0.002
geometry_framing,53,naive_signal_max,1,0.002
geometry_framing,54,nuisance_orthogonal,1,0.002
geometry_framing,54,naive_signal_max,1,0.002
geometry_framing,55,nuisance_orthogonal,1,0.002
geometry_framing,55,naive_signal_max,1,0.002
geometry_framing,56,nuisance_orthogonal,1,0.002
geometry_framing,56,naive_signal_max,1,0.002
geometry_framing,57,nuisance_orthogonal,1,0.004
geometry_framing,57,naive_signal_max,1,0.002
geometry_framing,58,nuisance_orthogonal,1,0.002
geometry_framing,58,naive_signal_max,1,0.002
geometry_framing,59,nuisance_orthogonal,1,0.002
geometry_framing,59,naive_signal_max,1,0.002
geometry_framing,60,nuisance_orthogonal,1,0.002
geometry_framing,60,naive_signal_max,1,0.002
geometry_framing,61,nuisance_orthogonal,1,0.006
geometry_framing,61,naive_signal_max,1,0.002
geometry_framing,62,nuisance_orthogonal,1,0.002
geometry_framing,62,naive_signal_max,1,0.002
geometry_framing,63,nuisance_orthogonal,1,0.002
geometry_framing,63,naive_signal_max,1,0.002
geometry_framing,64,nuisance_orthogonal,1,0.002
geometry_framing,64,naive_signal_max,1,0.002
geometry_framing,65,nuisance_orthogonal,1,0.002
geometry_framing,65,naive_signal_max,1,0.002
geometry_framing,66,nuisance_orthogonal,1,0.008
geometry_framing,66,naive_signal_max,1,0.002
geometry_framing,67,nuisance_orthogonal,1,0.002
geometry_framing,67,naive_signal_max,1,0.002
geometry_framing,68,nuisance_orthogonal,1,0.01
geometry_framing,68,naive_signal_max,1,0.002
geometry_framing,69,nuisance_orthogonal,1,0.004
geometry_framing,69,naive_signal_max,1,0.002
geometry_framing,70,nuisance_orthogonal,1,0.002
geometry_framing,70,naive_signal_max,1,0.002
geometry_framing,71,nuisance_orthogonal,1,0.002
geometry_framing,71,naive_signal_max,1,0.002
geometry_framing,72,nuisance_orthogonal,1,0.002
geometry_framing,72,naive_signal_max,1,0.002
geometry_framing,73,nuisance_orthogonal,0,0.094
geometry_framing,73,naive_signal_max,1,0.002
geometry_framing,74,nuisance_orthogonal,1,0.006
geometry_framing,74,naive_signal_max,1,0.002
geometry_framing,75,nuisance_orthogonal,1,0.002
geometry_framing,75,naive_signal_max,1,0.002
geometry_framing,76,nuisance_orthogonal,1,0.002
geometry_framing,76,naive_signal_max,1,0.002
geometry_framing,77,nuisance_orthogonal,1,0.002
geometry_framing,77,naive_signal_max,1,0.002
geometry_framing,78,nuisance_orthogonal,1,0.012
geometry_framing,78,naive_signal_max,1,0.002
geometry_framing,79,nuisance_orthogonal,1,0.006
geometry_framing,79,naive_signal_max,1,0.002
geometry_framing,80,nuisance_orthogonal,1,0.002
geometry_framing,80,naive_signal_max,1,0.002
geometry_framing,81,nuisance_orthogonal,1,0.002
geometry_framing,81,naive_signal_max,1,0.002
geometry_framing,82,nuisance_orthogonal,1,0.002
geometry_framing,82,naive_signal_max,1,0.002
geometry_framing,83,nuisance_orthogonal,1,0.004
geometry_framing,83,naive_signal_max,1,0.002
geometry_framing,84,nuisance_orthogonal,1,0.012
geometry_framing,84,naive_signal_max,1,0.002
geometry_framing,85,nuisance_orthogonal,0,0.158
geometry_framing,85,naive_signal_max,1,0.002
geometry_framing,86,nuisance_orthogonal,1,0.014
geometry_framing,86,naive_signal_max,1,0.002
geometry_framing,87,nuisance_orthogonal,1,0.002
geometry_framing,87,naive_signal_max,1,0.002
geometry_framing,88,nuisance_orthogonal,1,0.02
geometry_framing,88,naive_signal_max,1,0.002
geometry_framing,89,nuisance_orthogonal,1,0.002
geometry_framing,89,naive_signal_max,1,0.002
geometry_framing,90,nuisance_orthogonal,1,0.002
geometry_framing,90,naive_signal_max,1,0.002
geometry_framing,91,nuisance_orthogonal,1,0.002
geometry_framing,91,naive_signal_max,1,0.002
geometry_framing,92,nuisance_orthogonal,1,0.002
geometry_framing,92,naive_signal_max,1,0.002
geometry_framing,93,nuisance_orthogonal,1,0.002
geometry_framing,93,naive_signal_max,1,0.002
geometry_framing,94,nuisance_orthogonal,1,0.002
geometry_framing,94,naive_signal_max,1,0.002
geometry_framing,95,nuisance_orthogonal,1,0.002
geometry_framing,95,naive_signal_max,1,0.002
geometry_framing,96,nuisance_orthogonal,0,0.052
geometry_framing,96,naive_signal_max,1,0.002
geometry_framing,97,nuisance_orthogonal,1,0.004
geometry_framing,97,naive_signal_max,1,0.002
geometry_framing,98,nuisance_orthogonal,1,0.002
geometry_framing,98,naive_signal_max,1,0.002
geometry_framing,99,nuisance_orthogonal,1,0.018
geometry_framing,99,naive_signal_max,1,0.002
geometry_framing,100,nuisance_orthogonal,1,0.002
geometry_framing,100,naive_signal_max,1,0.002
geometry_framing,101,nuisance_orthogonal,1,0.002
geometry_framing,101,naive_signal_max,1,0.002
geometry_framing,102,nuisance_orthogonal,1,0.002
geometry_framing,102,naive_signal_max,1,0.002
geometry_framing,103,nuisance_orthogonal,1,0.002
geometry_framing,103,naive_signal_max,1,0.002
geometry_framing,104,nuisance_orthogonal,1,0.002
geometry_framing,104,naive_signal_max,1,0.002
geometry_framing,105,nuisance_orthogonal,1,0.002
geometry_framing,105,naive_signal_max,1,0.002
geometry_framing,106,nuisance_orthogonal,1,0.002
geometry_framing,106,naive_signal_max,1,0.002
geometry_framing,107,nuisance_orthogonal,1,0.002
geometry_framing,107,naive_signal_max,1,0.002
geometry_framing,108,nuisance_orthogonal,1,0.002
geometry_framing,108,naive_signal_max,1,0.002
geometry_framing,109,nuisance_orthogonal,1,0.002
geometry_framing,109,naive_signal_max,1,0.002
geometry_framing,110,nuisance_orthogonal,1,0.002
geometry_framing,110,naive_signal_max,1,0.002
geometry_framing,111,nuisance_orthogonal,1,0.002
geometry_framing,111,naive_signal_max,1,0.002
geometry_framing,112,nuisance_orthogonal,1,0.002
geometry_framing,112,naive_signal_max,1,0.002
geometry_framing,113,nuisance_orthogonal,1,0.004
geometry_framing,113,naive_signal_max,1,0.002
geometry_framing,114,nuisance_orthogonal,1,0.002
geometry_framing,114,naive_signal_max,1,0.002
geometry_framing,115,nuisance_orthogonal,1,0.002
geometry_framing,115,naive_signal_max,1,0.002
geometry_framing,116,nuisance_orthogonal,1,0.002
geometry_framing,116,naive_signal_max,1,0.002
geometry_framing,117,nuisance_orthogonal,1,0.002
geometry_framing,117,naive_signal_max,1,0.002
geometry_framing,118,nuisance_orthogonal,1,0.002
geometry_framing,118,naive_signal_max,1,0.002
geometry_framing,119,nuisance_orthogonal,1,0.002
geometry_framing,119,naive_signal_max,1,0.002
geometry_framing,120,nuisance_orthogonal,1,0.002
geometry_framing,120,naive_signal_max,1,0.002
geometry_framing,121,nuisance_orthogonal,1,0.002
geometry_framing,121,naive_signal_max,1,0.002
geometry_framing,122,nuisance_orthogonal,1,0.002
geometry_framing,122,naive_signal_max,1,0.002
geometry_framing,123,nuisance_orthogonal,1,0.002
geometry_framing,123,naive_signal_max,1,0.002
geometry_framing,124,nuisance_orthogonal,1,0.002
geometry_framing,124,naive_signal_max,1,0.002
geometry_framing,125,nuisance_orthogonal,1,0.002
geometry_framing,125,naive_signal_max,1,0.002
geometry_framing,126,nuisance_orthogonal,1,0.002
geometry_framing,126,naive_signal_max,1,0.002
geometry_framing,127,nuisance_orthogonal,1,0.002
geometry_framing,127,naive_signal_max,1,0.002
geometry_framing,128,nuisance_orthogonal,1,0.002
geometry_framing,128,naive_signal_max,1,0.002
geometry_framing,129,nuisance_orthogonal,1,0.002
geometry_framing,129,naive_signal_max,1,0.002
geometry_framing,130,nuisance_orthogonal,1,0.002
geometry_framing,130,naive_signal_max,1,0.002
geometry_framing,131,nuisance_orthogonal,1,0.012
geometry_framing,131,naive_signal_max,1,0.002
geometry_framing,132,nuisance_orthogonal,1,0.002
geometry_framing,132,naive_signal_max,1,0.002
geometry_framing,133,nuisance_orthogonal,1,0.002
geometry_framing,133,naive_signal_max,1,0.002
geometry_framing,134,nuisance_orthogonal,1,0.002
geometry_framing,134,naive_signal_max,1,0.002
geometry_framing,135,nuisance_orthogonal,1,0.002
geometry_framing,135,naive_signal_max,1,0.002
geometry_framing,136,nuisance_orthogonal,1,0.008
geometry_framing,136,naive_signal_max,1,0.002
geometry_framing,137,nuisance_orthogonal,1,0.026
geometry_framing,137,naive_signal_max,1,0.002
geometry_framing,138,nuisance_orthogonal,1,0.002
geometry_framing,138,naive_signal_max,1,0.002
geometry_framing,139,nuisance_orthogonal,1,0.002
geometry_framing,139,naive_signal_max,1,0.002
geometry_framing,140,nuisance_orthogonal,1,0.002
geometry_framing,140,naive_signal_max,1,0.002
geometry_framing,141,nuisance_orthogonal,1,0.002
geometry_framing,141,naive_signal_max,1,0.002
geometry_framing,142,nuisance_orthogonal,1,0.002
geometry_framing,142,naive_signal_max,1,0.002
geometry_framing,143,nuisance_orthogonal,1,0.002
geometry_framing,143,naive_signal_max,1,0.002
geometry_framing,144,nuisance_orthogonal,1,0.002
geometry_framing,144,naive_signal_max,1,0.002
geometry_framing,145,nuisance_orthogonal,1,0.034
geometry_framing,145,naive_signal_max,1,0.002
geometry_framing,146,nuisance_orthogonal,1,0.002
geometry_framing,146,naive_signal_max,1,0.002
geometry_framing,147,nuisance_orthogonal,1,0.002
geometry_framing,147,naive_signal_max,1,0.002
geometry_framing,148,nuisance_orthogonal,1,0.002
geometry_framing,148,naive_signal_max,1,0.002
geometry_framing,149,nuisance_orthogonal,1,0.008
geometry_framing,149,naive_signal_max,1,0.002
geometry_framing,150,nuisance_orthogonal,1,0.002
geometry_framing,150,naive_signal_max,1,0.002
geometry_framing,151,nuisance_orthogonal,1,0.002
geometry_framing,151,naive_signal_max,1,0.002
geometry_framing,152,nuisance_orthogonal,1,0.008
geometry_framing,152,naive_signal_max,1,0.002
geometry_framing,153,nuisance_orthogonal,1,0.002
geometry_framing,153,naive_signal_max,1,0.002
geometry_framing,154,nuisance_orthogonal,1,0.002
geometry_framing,154,naive_signal_max,1,0.002
geometry_framing,155,nuisance_orthogonal,1,0.002
geometry_framing,155,naive_signal_max,1,0.002
geometry_framing,156,nuisance_orthogonal,1,0.01
geometry_framing,156,naive_signal_max,1,0.002
geometry_framing,157,nuisance_orthogonal,1,0.002
geometry_framing,157,naive_signal_max,1,0.002
geometry_framing,158,nuisance_orthogonal,1,0.004
geometry_framing,158,naive_signal_max,1,0.002
geometry_framing,159,nuisance_orthogonal,1,0.002
geometry_framing,159,naive_signal_max,1,0.002
geometry_framing,160,nuisance_orthogonal,1,0.002
geometry_framing,160,naive_signal_max,1,0.002
geometry_framing,161,nuisance_orthogonal,1,0.002
geometry_framing,161,naive_signal_max,1,0.002
geometry_framing,162,nuisance_orthogonal,1,0.002
geometry_framing,162,naive_signal_max,1,0.002
geometry_framing,163,nuisance_orthogonal,1,0.002
geometry_framing,163,naive_signal_max,1,0.002
geometry_framing,164,nuisance_orthogonal,1,0.004
geometry_framing,164,naive_signal_max,1,0.002
geometry_framing,165,nuisance_orthogonal,1,0.002
geometry_framing,165,naive_signal_max,1,0.002
geometry_framing,166,nuisance_orthogonal,1,0.002
geometry_framing,166,naive_signal_max,1,0.002
geometry_framing,167,nuisance_orthogonal,1,0.002
geometry_framing,167,naive_signal_max,1,0.002
geometry_framing,168,nuisance_orthogonal,1,0.004
geometry_framing,168,naive_signal_max,1,0.002
geometry_framing,169,nuisance_orthogonal,1,0.002
geometry_framing,169,naive_signal_max,1,0.002
geometry_framing,170,nuisance_orthogonal,1,0.004
geometry_framing,170,naive_signal_max,1,0.002
geometry_framing,171,nuisance_orthogonal,1,0.008
geometry_framing,171,naive_signal_max,1,0.002
geometry_framing,172,nuisance_orthogonal,1,0.002
geometry_framing,172,naive_signal_max,1,0.002
geometry_framing,173,nuisance_orthogonal,1,0.002
geometry_framing,173,naive_signal_max,1,0.002
geometry_framing,174,nuisance_orthogonal,1,0.002
geometry_framing,174,naive_signal_max,1,0.002
geometry_framing,175,nuisance_orthogonal,1,0.002
geometry_framing,175,naive_signal_max,1,0.002
geometry_framing,176,nuisance_orthogonal,1,0.002
geometry_framing,176,naive_signal_max,1,0.002
geometry_framing,177,nuisance_orthogonal,1,0.004
geometry_framing,177,naive_signal_max,1,0.002
geometry_framing,178,nuisance_orthogonal,1,0.002
geometry_framing,178,naive_signal_max,1,0.002
geometry_framing,179,nuisance_orthogonal,1,0.002
geometry_framing,179,naive_signal_max,1,0.002
geometry_framing,180,nuisance_orthogonal,1,0.002
geometry_framing,180,naive_signal_max,1,0.002
geometry_framing,181,nuisance_orthogonal,1,0.028
geometry_framing,181,naive_signal_max,1,0.002
geometry_framing,182,nuisance_orthogonal,1,0.006
geometry_framing,182,naive_signal_max,1,0.002
geometry_framing,183,nuisance_orthogonal,1,0.002
geometry_framing,183,naive_signal_max,1,0.002
geometry_framing,184,nuisance_orthogonal,1,0.002
geometry_framing,184,naive_signal_max,1,0.002
geometry_framing,185,nuisance_orthogonal,1,0.002
geometry_framing,185,naive_signal_max,1,0.002
geometry_framing,186,nuisance_orthogonal,0,0.082
geometry_framing,186,naive_signal_max,1,0.002
geometry_framing,187,nuisance_orthogonal,1,0.002
geometry_framing,187,naive_signal_max,1,0.002
geometry_framing,188,nuisance_orthogonal,1,0.002
geometry_framing,188,naive_signal_max,1,0.002
geometry_framing,189,nuisance_orthogonal,1,0.006
geometry_framing,189,naive_signal_max,1,0.002
geometry_framing,190,nuisance_orthogonal,1,0.002
geometry_framing,190,naive_signal_max,1,0.002
geometry_framing,191,nuisance_orthogonal,1,0.002
geometry_framing,191,naive_signal_max,1,0.002
geometry_framing,192,nuisance_orthogonal,1,0.002
geometry_framing,192,naive_signal_max,1,0.002
geometry_framing,193,nuisance_orthogonal,1,0.002
geometry_framing,193,naive_signal_max,1,0.002
geometry_framing,194,nuisance_orthogonal,1,0.004
geometry_framing,194,naive_signal_max,1,0.002
geometry_framing,195,nuisance_orthogonal,1,0.024
geometry_framing,195,naive_signal_max,1,0.002
geometry_framing,196,nuisance_orthogonal,1,0.002
geometry_framing,196,naive_signal_max,1,0.002
geometry_framing,197,nuisance_orthogonal,1,0.002
geometry_framing,197,naive_signal_max,1,0.002
geometry_framing,198,nuisance_orthogonal,1,0.002
geometry_framing,198,naive_signal_max,1,0.002
geometry_framing,199,nuisance_orthogonal,1,0.016
geometry_framing,199,naive_signal_max,1,0.002
combined,0,nuisance_orthogonal,0,0.65
combined,0,naive_signal_max,1,0.002
combined,1,nuisance_orthogonal,1,0.046
combined,1,naive_signal_max,1,0.006
combined,2,nuisance_orthogonal,1,0.006
combined,2,naive_signal_max,1,0.002
combined,3,nuisance_orthogonal,1,0.024
combined,3,naive_signal_max,1,0.016
combined,4,nuisance_orthogonal,0,0.108
combined,4,naive_signal_max,1,0.002
combined,5,nuisance_orthogonal,1,0.012
combined,5,naive_signal_max,1,0.002
combined,6,nuisance_orthogonal,0,0.944
combined,6,naive_signal_max,0,0.056
combined,7,nuisance_orthogonal,1,0.03
combined,7,naive_signal_max,1,0.002
combined,8,nuisance_orthogonal,0,0.084
combined,8,naive_signal_max,1,0.002
combined,9,nuisance_orthogonal,1,0.002
combined,9,naive_signal_max,1,0.026
combined,10,nuisance_orthogonal,1,0.006
combined,10,naive_signal_max,1,0.004
combined,11,nuisance_orthogonal,0,0.818
combined,11,naive_signal_max,1,0.006
combined,12,nuisance_orthogonal,1,0.018
combined,12,naive_signal_max,1,0.002
combined,13,nuisance_orthogonal,0,0.08
combined,13,naive_signal_max,0,0.094
combined,14,nuisance_orthogonal,0,0.172
combined,14,naive_signal_max,0,0.47
combined,15,nuisance_orthogonal,0,0.408
combined,15,naive_signal_max,1,0.002
combined,16,nuisance_orthogonal,0,0.07
combined,16,naive_signal_max,1,0.014
combined,17,nuisance_orthogonal,0,0.148
combined,17,naive_signal_max,1,0.006
combined,18,nuisance_orthogonal,1,0.042
combined,18,naive_signal_max,1,0.008
combined,19,nuisance_orthogonal,1,0.036
combined,19,naive_signal_max,1,0.002
combined,20,nuisance_orthogonal,1,0.016
combined,20,naive_signal_max,1,0.008
combined,21,nuisance_orthogonal,0,0.406
combined,21,naive_signal_max,0,0.112
combined,22,nuisance_orthogonal,0,0.646
combined,22,naive_signal_max,1,0.004
combined,23,nuisance_orthogonal,0,0.568
combined,23,naive_signal_max,0,0.114
combined,24,nuisance_orthogonal,1,0.01
combined,24,naive_signal_max,1,0.006
combined,25,nuisance_orthogonal,1,0.026
combined,25,naive_signal_max,1,0.002
combined,26,nuisance_orthogonal,0,0.416
combined,26,naive_signal_max,1,0.004
combined,27,nuisance_orthogonal,1,0.01
combined,27,naive_signal_max,1,0.012
combined,28,nuisance_orthogonal,1,0.01
combined,28,naive_signal_max,1,0.004
combined,29,nuisance_orthogonal,0,0.402
combined,29,naive_signal_max,1,0.028
combined,30,nuisance_orthogonal,1,0.004
combined,30,naive_signal_max,1,0.046
combined,31,nuisance_orthogonal,0,0.088
combined,31,naive_signal_max,1,0.012
combined,32,nuisance_orthogonal,0,0.106
combined,32,naive_signal_max,1,0.042
combined,33,nuisance_orthogonal,0,0.206
combined,33,naive_signal_max,1,0.002
combined,34,nuisance_orthogonal,0,0.128
combined,34,naive_signal_max,1,0.006
combined,35,nuisance_orthogonal,1,0.008
combined,35,naive_signal_max,0,0.398
combined,36,nuisance_orthogonal,1,0.004
combined,36,naive_signal_max,1,0.016
combined,37,nuisance_orthogonal,0,0.98
combined,37,naive_signal_max,1,0.002
combined,38,nuisance_orthogonal,0,0.296
combined,38,naive_signal_max,0,0.05
combined,39,nuisance_orthogonal,0,0.628
combined,39,naive_signal_max,1,0.004
combined,40,nuisance_orthogonal,0,0.412
combined,40,naive_signal_max,1,0.002
combined,41,nuisance_orthogonal,0,0.444
combined,41,naive_signal_max,1,0.008
combined,42,nuisance_orthogonal,0,0.874
combined,42,naive_signal_max,1,0.004
combined,43,nuisance_orthogonal,0,0.342
combined,43,naive_signal_max,1,0.008
combined,44,nuisance_orthogonal,0,0.064
combined,44,naive_signal_max,1,0.002
combined,45,nuisance_orthogonal,1,0.024
combined,45,naive_signal_max,1,0.012
combined,46,nuisance_orthogonal,0,0.06
combined,46,naive_signal_max,1,0.002
combined,47,nuisance_orthogonal,0,0.114
combined,47,naive_signal_max,1,0.002
combined,48,nuisance_orthogonal,0,0.224
combined,48,naive_signal_max,1,0.004
combined,49,nuisance_orthogonal,1,0.018
combined,49,naive_signal_max,1,0.002
combined,50,nuisance_orthogonal,1,0.02
combined,50,naive_signal_max,1,0.002
combined,51,nuisance_orthogonal,0,0.276
combined,51,naive_signal_max,1,0.002
combined,52,nuisance_orthogonal,0,0.116
combined,52,naive_signal_max,1,0.004
combined,53,nuisance_orthogonal,0,0.334
combined,53,naive_signal_max,1,0.006
combined,54,nuisance_orthogonal,0,0.054
combined,54,naive_signal_max,1,0.004
combined,55,nuisance_orthogonal,1,0.002
combined,55,naive_signal_max,1,0.002
combined,56,nuisance_orthogonal,1,0.036
combined,56,naive_signal_max,1,0.014
combined,57,nuisance_orthogonal,0,0.118
combined,57,naive_signal_max,1,0.002
combined,58,nuisance_orthogonal,1,0.014
combined,58,naive_signal_max,1,0.004
combined,59,nuisance_orthogonal,1,0.004
combined,59,naive_signal_max,1,0.02
combined,60,nuisance_orthogonal,0,0.278
combined,60,naive_signal_max,1,0.002
combined,61,nuisance_orthogonal,0,0.602
combined,61,naive_signal_max,1,0.03
combined,62,nuisance_orthogonal,0,0.204
combined,62,naive_signal_max,1,0.024
combined,63,nuisance_orthogonal,0,0.598
combined,63,naive_signal_max,1,0.012
combined,64,nuisance_orthogonal,0,0.118
combined,64,naive_signal_max,1,0.016
combined,65,nuisance_orthogonal,1,0.008
combined,65,naive_signal_max,1,0.01
combined,66,nuisance_orthogonal,0,0.3
combined,66,naive_signal_max,1,0.002
combined,67,nuisance_orthogonal,1,0.032
combined,67,naive_signal_max,1,0.012
combined,68,nuisance_orthogonal,0,0.116
combined,68,naive_signal_max,1,0.002
combined,69,nuisance_orthogonal,0,0.068
combined,69,naive_signal_max,1,0.004
combined,70,nuisance_orthogonal,1,0.014
combined,70,naive_signal_max,1,0.004
combined,71,nuisance_orthogonal,0,0.21
combined,71,naive_signal_max,1,0.002
combined,72,nuisance_orthogonal,1,0.002
combined,72,naive_signal_max,1,0.002
combined,73,nuisance_orthogonal,1,0.002
combined,73,naive_signal_max,1,0.008
combined,74,nuisance_orthogonal,0,0.366
combined,74,naive_signal_max,1,0.004
combined,75,nuisance_orthogonal,1,0.028
combined,75,naive_signal_max,0,0.084
combined,76,nuisance_orthogonal,1,0.008
combined,76,naive_signal_max,1,0.002
combined,77,nuisance_orthogonal,1,0.004
combined,77,naive_signal_max,1,0.004
combined,78,nuisance_orthogonal,0,0.068
combined,78,naive_signal_max,1,0.008
combined,79,nuisance_orthogonal,0,0.194
combined,79,naive_signal_max,1,0.002
combined,80,nuisance_orthogonal,0,0.176
combined,80,naive_signal_max,1,0.002
combined,81,nuisance_orthogonal,0,0.126
combined,81,naive_signal_max,1,0.006
combined,82,nuisance_orthogonal,0,0.146
combined,82,naive_signal_max,0,0.15
combined,83,nuisance_orthogonal,0,0.066
combined,83,naive_signal_max,1,0.006
combined,84,nuisance_orthogonal,0,0.074
combined,84,naive_signal_max,1,0.002
combined,85,nuisance_orthogonal,1,0.002
combined,85,naive_signal_max,1,0.014
combined,86,nuisance_orthogonal,1,0.026
combined,86,naive_signal_max,1,0.002
combined,87,nuisance_orthogonal,0,0.37
combined,87,naive_signal_max,1,0.008
combined,88,nuisance_orthogonal,0,0.188
combined,88,naive_signal_max,1,0.018
combined,89,nuisance_orthogonal,0,0.258
combined,89,naive_signal_max,0,0.094
combined,90,nuisance_orthogonal,1,0.03
combined,90,naive_signal_max,1,0.002
combined,91,nuisance_orthogonal,0,0.11
combined,91,naive_signal_max,1,0.024
combined,92,nuisance_orthogonal,0,0.14
combined,92,naive_signal_max,1,0.002
combined,93,nuisance_orthogonal,0,0.222
combined,93,naive_signal_max,1,0.008
combined,94,nuisance_orthogonal,0,0.956
combined,94,naive_signal_max,1,0.012
combined,95,nuisance_orthogonal,0,0.936
combined,95,naive_signal_max,1,0.012
combined,96,nuisance_orthogonal,1,0.002
combined,96,naive_signal_max,1,0.002
combined,97,nuisance_orthogonal,0,0.37
combined,97,naive_signal_max,1,0.006
combined,98,nuisance_orthogonal,1,0.008
combined,98,naive_signal_max,1,0.004
combined,99,nuisance_orthogonal,1,0.004
combined,99,naive_signal_max,1,0.002
combined,100,nuisance_orthogonal,0,0.156
combined,100,naive_signal_max,1,0.002
combined,101,nuisance_orthogonal,0,0.052
combined,101,naive_signal_max,1,0.012
combined,102,nuisance_orthogonal,1,0.008
combined,102,naive_signal_max,1,0.006
combined,103,nuisance_orthogonal,0,0.068
combined,103,naive_signal_max,1,0.002
combined,104,nuisance_orthogonal,1,0.016
combined,104,naive_signal_max,1,0.002
combined,105,nuisance_orthogonal,0,0.33
combined,105,naive_signal_max,0,0.346
combined,106,nuisance_orthogonal,0,0.184
combined,106,naive_signal_max,0,0.522
combined,107,nuisance_orthogonal,0,0.332
combined,107,naive_signal_max,1,0.01
combined,108,nuisance_orthogonal,1,0.01
combined,108,naive_signal_max,1,0.002
combined,109,nuisance_orthogonal,0,0.488
combined,109,naive_signal_max,0,0.092
combined,110,nuisance_orthogonal,1,0.022
combined,110,naive_signal_max,1,0.012
combined,111,nuisance_orthogonal,0,0.238
combined,111,naive_signal_max,1,0.008
combined,112,nuisance_orthogonal,0,0.776
combined,112,naive_signal_max,1,0.006
combined,113,nuisance_orthogonal,1,0.03
combined,113,naive_signal_max,1,0.002
combined,114,nuisance_orthogonal,0,0.08
combined,114,naive_signal_max,1,0.002
combined,115,nuisance_orthogonal,0,0.644
combined,115,naive_signal_max,1,0.002
combined,116,nuisance_orthogonal,0,0.286
combined,116,naive_signal_max,1,0.002
combined,117,nuisance_orthogonal,1,0.018
combined,117,naive_signal_max,1,0.002
combined,118,nuisance_orthogonal,1,0.014
combined,118,naive_signal_max,0,0.108
combined,119,nuisance_orthogonal,1,0.006
combined,119,naive_signal_max,1,0.046
combined,120,nuisance_orthogonal,0,0.796
combined,120,naive_signal_max,1,0.002
combined,121,nuisance_orthogonal,0,0.176
combined,121,naive_signal_max,0,0.08
combined,122,nuisance_orthogonal,0,0.134
combined,122,naive_signal_max,1,0.002
combined,123,nuisance_orthogonal,0,0.304
combined,123,naive_signal_max,0,0.056
combined,124,nuisance_orthogonal,0,0.088
combined,124,naive_signal_max,1,0.024
combined,125,nuisance_orthogonal,1,0.008
combined,125,naive_signal_max,1,0.008
combined,126,nuisance_orthogonal,0,0.126
combined,126,naive_signal_max,1,0.002
combined,127,nuisance_orthogonal,1,0.008
combined,127,naive_signal_max,0,0.064
combined,128,nuisance_orthogonal,0,0.892
combined,128,naive_signal_max,1,0.002
combined,129,nuisance_orthogonal,0,0.088
combined,129,naive_signal_max,1,0.018
combined,130,nuisance_orthogonal,0,0.314
combined,130,naive_signal_max,1,0.002
combined,131,nuisance_orthogonal,0,0.336
combined,131,naive_signal_max,1,0.006
combined,132,nuisance_orthogonal,1,0.022
combined,132,naive_signal_max,1,0.002
combined,133,nuisance_orthogonal,0,0.572
combined,133,naive_signal_max,1,0.002
combined,134,nuisance_orthogonal,0,0.068
combined,134,naive_signal_max,1,0.002
combined,135,nuisance_orthogonal,0,0.106
combined,135,naive_signal_max,1,0.006
combined,136,nuisance_orthogonal,1,0.008
combined,136,naive_signal_max,1,0.006
combined,137,nuisance_orthogonal,1,0.024
combined,137,naive_signal_max,1,0.006
combined,138,nuisance_orthogonal,0,0.166
combined,138,naive_signal_max,0,0.12
combined,139,nuisance_orthogonal,0,0.066
combined,139,naive_signal_max,1,0.002
combined,140,nuisance_orthogonal,1,0.034
combined,140,naive_signal_max,1,0.008
combined,141,nuisance_orthogonal,1,0.038
combined,141,naive_signal_max,1,0.002
combined,142,nuisance_orthogonal,1,0.036
combined,142,naive_signal_max,1,0.004
combined,143,nuisance_orthogonal,1,0.01
combined,143,naive_signal_max,1,0.008
combined,144,nuisance_orthogonal,0,0.356
combined,144,naive_signal_max,0,0.06
combined,145,nuisance_orthogonal,1,0.004
combined,145,naive_signal_max,1,0.002
combined,146,nuisance_orthogonal,1,0.028
combined,146,naive_signal_max,1,0.004
combined,147,nuisance_orthogonal,0,0.074
combined,147,naive_signal_max,0,0.168
combined,148,nuisance_orthogonal,1,0.02
combined,148,naive_signal_max,1,0.002
combined,149,nuisance_orthogonal,0,0.136
combined,149,naive_signal_max,1,0.002
combined,150,nuisance_orthogonal,0,0.876
combined,150,naive_signal_max,1,0.002
combined,151,nuisance_orthogonal,0,0.484
combined,151,naive_signal_max,1,0.01
combined,152,nuisance_orthogonal,0,0.348
combined,152,naive_signal_max,1,0.004
combined,153,nuisance_orthogonal,1,0.014
combined,153,naive_signal_max,1,0.002
combined,154,nuisance_orthogonal,0,0.242
combined,154,naive_signal_max,1,0.014
combined,155,nuisance_orthogonal,0,0.088
combined,155,naive_signal_max,1,0.014
combined,156,nuisance_orthogonal,1,0.028
combined,156,naive_signal_max,1,0.002
combined,157,nuisance_orthogonal,0,0.118
combined,157,naive_signal_max,1,0.002
combined,158,nuisance_orthogonal,1,0.004
combined,158,naive_signal_max,1,0.002
combined,159,nuisance_orthogonal,1,0.01
combined,159,naive_signal_max,1,0.02
combined,160,nuisance_orthogonal,0,0.236
combined,160,naive_signal_max,0,0.072
combined,161,nuisance_orthogonal,0,0.092
combined,161,naive_signal_max,1,0.002
combined,162,nuisance_orthogonal,0,0.302
combined,162,naive_signal_max,1,0.002
combined,163,nuisance_orthogonal,1,0.022
combined,163,naive_signal_max,0,0.116
combined,164,nuisance_orthogonal,1,0.014
combined,164,naive_signal_max,0,0.068
combined,165,nuisance_orthogonal,1,0.012
combined,165,naive_signal_max,1,0.002
combined,166,nuisance_orthogonal,0,0.316
combined,166,naive_signal_max,1,0.002
combined,167,nuisance_orthogonal,1,0.032
combined,167,naive_signal_max,1,0.014
combined,168,nuisance_orthogonal,1,0.038
combined,168,naive_signal_max,1,0.002
combined,169,nuisance_orthogonal,1,0.02
combined,169,naive_signal_max,0,0.096
combined,170,nuisance_orthogonal,0,0.13
combined,170,naive_signal_max,1,0.004
combined,171,nuisance_orthogonal,1,0.048
combined,171,naive_signal_max,1,0.002
combined,172,nuisance_orthogonal,0,0.08
combined,172,naive_signal_max,1,0.004
combined,173,nuisance_orthogonal,1,0.024
combined,173,naive_signal_max,1,0.004
combined,174,nuisance_orthogonal,0,0.53
combined,174,naive_signal_max,1,0.04
combined,175,nuisance_orthogonal,0,0.874
combined,175,naive_signal_max,0,0.056
combined,176,nuisance_orthogonal,0,0.578
combined,176,naive_signal_max,1,0.01
combined,177,nuisance_orthogonal,0,0.116
combined,177,naive_signal_max,1,0.03
combined,178,nuisance_orthogonal,0,0.264
combined,178,naive_signal_max,1,0.002
combined,179,nuisance_orthogonal,0,0.26
combined,179,naive_signal_max,1,0.004
combined,180,nuisance_orthogonal,0,0.498
combined,180,naive_signal_max,1,0.006
combined,181,nuisance_orthogonal,1,0.024
combined,181,naive_signal_max,1,0.002
combined,182,nuisance_orthogonal,1,0.034
combined,182,naive_signal_max,0,0.064
combined,183,nuisance_orthogonal,0,0.11
combined,183,naive_signal_max,1,0.044
combined,184,nuisance_orthogonal,1,0.024
combined,184,naive_signal_max,1,0.002
combined,185,nuisance_orthogonal,0,0.558
combined,185,naive_signal_max,1,0.002
combined,186,nuisance_orthogonal,1,0.002
combined,186,naive_signal_max,0,0.106
combined,187,nuisance_orthogonal,0,0.472
combined,187,naive_signal_max,1,0.002
combined,188,nuisance_orthogonal,1,0.034
combined,188,naive_signal_max,1,0.024
combined,189,nuisance_orthogonal,0,0.166
combined,189,naive_signal_max,1,0.022
combined,190,nuisance_orthogonal,0,0.054
combined,190,naive_signal_max,1,0.002
combined,191,nuisance_orthogonal,1,0.006
combined,191,naive_signal_max,1,0.002
combined,192,nuisance_orthogonal,0,0.634
combined,192,naive_signal_max,0,0.254
combined,193,nuisance_orthogonal,0,0.198
combined,193,naive_signal_max,1,0.04
combined,194,nuisance_orthogonal,0,0.126
combined,194,naive_signal_max,1,0.038
combined,195,nuisance_orthogonal,0,0.05
combined,195,naive_signal_max,1,0.01
combined,196,nuisance_orthogonal,0,0.29
combined,196,naive_signal_max,1,0.002
combined,197,nuisance_orthogonal,0,0.596
combined,197,naive_signal_max,1,0.004
combined,198,nuisance_orthogonal,0,0.168
combined,198,naive_signal_max,1,0.046
combined,199,nuisance_orthogonal,1,0.002
combined,199,naive_signal_max,1,0.002
