stage,condition,replication,structured_gain,flex_gain,cluster_score,base_loss,structured_loss,flex_loss,threshold_flex_gain,threshold_cluster_score,action,reason,target_action,validation_action,test_accuracy,test_logloss,test_brier,test_share_rmse,test_decision_regret,validation_test_logloss,validation_test_decision_regret,base_test_logloss,base_test_decision_regret,structured_test_logloss,structured_test_decision_regret
calibration,additive,0,4.03635682603154e-05,-0.08427716011171982,1.124325343384247,0.9200532806595647,0.9200129170913044,1.0043304407712845,-0.03866060464526908,1.198113668616383,calibration,calibration,,,,,,,,,,,,,
calibration,additive,1,-0.005814341256928257,-0.0685596081398766,0.9923430570158807,0.9221139712909031,0.9279283125478314,0.9906735794307797,-0.03866060464526908,1.198113668616383,calibration,calibration,,,,,,,,,,,,,
calibration,additive,2,-0.0037238278308694417,-0.0585511881684172,0.9387937018806164,0.900829169608802,0.9045529974396714,0.9593803577772192,-0.03866060464526908,1.198113668616383,calibration,calibration,,,,,,,,,,,,,
calibration,additive,3,-0.00010877011410226345,-0.06274097754552099,1.1980335265335584,0.9038066806912454,0.9039154508053476,0.9665476582367664,-0.03866060464526908,1.198113668616383,calibration,calibration,,,,,,,,,,,,,
calibration,additive,4,-0.000472366227028842,-0.06911037899655592,1.1424614734550589,0.9116090035321459,0.9120813697591748,0.9807193825287018,-0.03866060464526908,1.198113668616383,calibration,calibration,,,,,,,,,,,,,
calibration,additive,5,0.0032575138041410767,-0.035434355527493855,1.0813913392945738,0.8813411710506424,0.8780836572465013,0.9167755265781362,-0.03866060464526908,1.198113668616383,calibration,calibration,,,,,,,,,,,,,
calibration,additive,6,-0.00015899452925038915,-0.0544761789563345,0.9199876191435606,0.912990898472157,0.9131498930014074,0.9674670774284915,-0.03866060464526908,1.198113668616383,calibration,calibration,,,,,,,,,,,,,
calibration,additive,7,0.002151128886419218,-0.07315137449416653,0.8014150689148194,0.9012691294159723,0.899118000529553,0.9744205039101388,-0.03866060464526908,1.198113668616383,calibration,calibration,,,,,,,,,,,,,
calibration,additive,8,0.0013808629698285335,-0.06596872655236441,0.947953153017296,0.8853815887831545,0.884000725813326,0.951350315335519,-0.03866060464526908,1.198113668616383,calibration,calibration,,,,,,,,,,,,,
calibration,additive,9,0.005042224113849025,-0.07532303410070018,1.1118947146774016,0.9168155044477131,0.9117732803338641,0.9921385385484133,-0.03866060464526908,1.198113668616383,calibration,calibration,,,,,,,,,,,,,
calibration,additive,10,9.587352881301747e-05,-0.06784535528370672,1.0627160176016144,0.9217280464745393,0.9216321729457263,0.989573401758246,-0.03866060464526908,1.198113668616383,calibration,calibration,,,,,,,,,,,,,
calibration,additive,11,0.001932289400009335,-0.07289372251382009,0.6136913348156785,0.9097585939394518,0.9078263045394425,0.9826523164532719,-0.03866060464526908,1.198113668616383,calibration,calibration,,,,,,,,,,,,,
calibration,additive,12,0.0012283724481952918,-0.09026411199256845,0.869437476506718,0.9314221365422946,0.9301937640940993,1.021686248534863,-0.03866060464526908,1.198113668616383,calibration,calibration,,,,,,,,,,,,,
calibration,additive,13,-0.0015975592179339193,-0.07820487577217528,1.144125727682323,0.9188157421883539,0.9204133014062879,0.9970206179605292,-0.03866060464526908,1.198113668616383,calibration,calibration,,,,,,,,,,,,,
calibration,additive,14,0.0006267926241837474,-0.033988324878121756,1.0072971639042458,0.9177375102136467,0.9171107175894629,0.9517258350917684,-0.03866060464526908,1.198113668616383,calibration,calibration,,,,,,,,,,,,,
calibration,additive,15,0.0023635647143649408,-0.05737766810855238,1.0064348737173856,0.9079447274935539,0.905581162779189,0.9653223956021063,-0.03866060464526908,1.198113668616383,calibration,calibration,,,,,,,,,,,,,
calibration,additive,16,-0.0025273561406472522,-0.08332747528820139,1.0964153797432203,0.9242690876809505,0.9267964438215978,1.007596562969152,-0.03866060464526908,1.198113668616383,calibration,calibration,,,,,,,,,,,,,
calibration,additive,17,0.0002223872150395323,-0.06082810866847366,0.9178041571996153,0.9023523739859792,0.9021299867709397,0.9631804826544529,-0.03866060464526908,1.198113668616383,calibration,calibration,,,,,,,,,,,,,
calibration,additive,18,-0.0024627711870395252,-0.05358961849352328,0.6264051585313104,0.9153754772982665,0.917838248485306,0.9689650957917898,-0.03866060464526908,1.198113668616383,calibration,calibration,,,,,,,,,,,,,
calibration,additive,19,-0.002319628004532115,-0.0839069475608496,0.9545361717235905,0.8953370894840565,0.8976567174885887,0.9792440370449061,-0.03866060464526908,1.198113668616383,calibration,calibration,,,,,,,,,,,,,
calibration,additive,20,0.0025277736359926584,-0.030922674930558114,0.8581177841754016,0.9020881568549691,0.8995603832189765,0.9330108317855272,-0.03866060464526908,1.198113668616383,calibration,calibration,,,,,,,,,,,,,
calibration,additive,21,0.0009171631787913137,-0.0776732518314125,1.157008698714483,0.918715091700646,0.9177979285218547,0.9963883435320585,-0.03866060464526908,1.198113668616383,calibration,calibration,,,,,,,,,,,,,
calibration,additive,22,-0.0024196325914066508,-0.06673656755011548,0.8760920697452805,0.9145904816840239,0.9170101142754306,0.9813270492341394,-0.03866060464526908,1.198113668616383,calibration,calibration,,,,,,,,,,,,,
calibration,additive,23,0.001367272176730605,-0.04290523397949264,0.841409493312034,0.8905470362177997,0.8891797640410691,0.9334522701972924,-0.03866060464526908,1.198113668616383,calibration,calibration,,,,,,,,,,,,,
calibration,additive,24,-2.31789768526669e-05,-0.05476165637113051,1.060069836013411,0.9428268696829065,0.9428500486597592,0.997588526054037,-0.03866060464526908,1.198113668616383,calibration,calibration,,,,,,,,,,,,,
calibration,additive,25,-0.0012833829871329305,-0.0608499096262598,1.0320863412923917,0.8952250011046433,0.8965083840917762,0.9560749107309031,-0.03866060464526908,1.198113668616383,calibration,calibration,,,,,,,,,,,,,
calibration,additive,26,0.0014398628698674143,-0.06880915520388331,0.8944817005744314,0.9035033282293551,0.9020634653594877,0.9723124834332384,-0.03866060464526908,1.198113668616383,calibration,calibration,,,,,,,,,,,,,
calibration,additive,27,-0.00015536265006510508,-0.05574569187709899,0.9035231984900794,0.9290248300785938,0.9291801927286589,0.9847705219556928,-0.03866060464526908,1.198113668616383,calibration,calibration,,,,,,,,,,,,,
calibration,additive,28,0.00018767278634823636,-0.06747148981105466,0.784541726698409,0.9330404494361186,0.9328527766497704,1.0005119392471733,-0.03866060464526908,1.198113668616383,calibration,calibration,,,,,,,,,,,,,
calibration,additive,29,0.00036472434255208075,-0.0954534805530104,1.1372578844168468,0.9243513802675122,0.9239866559249601,1.0198048608205226,-0.03866060464526908,1.198113668616383,calibration,calibration,,,,,,,,,,,,,
calibration,additive,30,-0.0033246475309193224,-0.07971726090879605,0.9154947763374198,0.9365268305574853,0.9398514780884046,1.0162440914662814,-0.03866060464526908,1.198113668616383,calibration,calibration,,,,,,,,,,,,,
calibration,additive,31,0.006132988693342445,-0.06274409769001332,0.8921336017737354,0.9299448681252921,0.9238118794319496,0.9926889658153054,-0.03866060464526908,1.198113668616383,calibration,calibration,,,,,,,,,,,,,
calibration,additive,32,0.004320636136882605,-0.09541406345240433,0.9761136759412222,0.9364716589566664,0.9321510228197838,1.0318857224090707,-0.03866060464526908,1.198113668616383,calibration,calibration,,,,,,,,,,,,,
calibration,additive,33,-0.0023669758221293025,-0.07027087240450114,1.1996363681900495,0.910803698176463,0.9131706739985923,0.9810745705809641,-0.03866060464526908,1.198113668616383,calibration,calibration,,,,,,,,,,,,,
calibration,additive,34,-0.0002687416313701396,-0.038372768698303084,1.04254669724411,0.8910369785050288,0.891305720136399,0.9294097472033319,-0.03866060464526908,1.198113668616383,calibration,calibration,,,,,,,,,,,,,
calibration,additive,35,0.005199267047870881,-0.07188307252507664,0.9533612932209109,0.9247422408737516,0.9195429738258807,0.9966253133988282,-0.03866060464526908,1.198113668616383,calibration,calibration,,,,,,,,,,,,,
calibration,additive,36,-0.003817465063067349,-0.04753139240921411,1.0454578640477488,0.9172054593832221,0.9210229244462894,0.9647368517924362,-0.03866060464526908,1.198113668616383,calibration,calibration,,,,,,,,,,,,,
calibration,additive,37,0.002015647815843735,-0.07200367750142378,0.9724002170396236,0.9282893542215284,0.9262737064056846,1.0002930317229521,-0.03866060464526908,1.198113668616383,calibration,calibration,,,,,,,,,,,,,
calibration,additive,38,-0.0009345518041703471,-0.05713168474917707,0.929635475454861,0.907727122550577,0.9086616743547473,0.964858807299754,-0.03866060464526908,1.198113668616383,calibration,calibration,,,,,,,,,,,,,
calibration,additive,39,0.004560879570921661,-0.0904888509508679,1.2358281176483787,0.9292604556661632,0.9246995760952416,1.0197493066170311,-0.03866060464526908,1.198113668616383,calibration,calibration,,,,,,,,,,,,,
calibration,additive,40,-0.0034386341633818596,-0.057817446285307605,0.9910893301215863,0.8942746130987461,0.897713247262128,0.9520920593840537,-0.03866060464526908,1.198113668616383,calibration,calibration,,,,,,,,,,,,,
calibration,additive,41,0.002144686769030346,-0.05774302308757906,0.864991542176307,0.9290672269837288,0.9269225402146984,0.9868102500713078,-0.03866060464526908,1.198113668616383,calibration,calibration,,,,,,,,,,,,,
calibration,additive,42,-0.003961134053379167,-0.07455322036711265,1.1767214642560606,0.9198884369722141,0.9238495710255933,0.9944416573393268,-0.03866060464526908,1.198113668616383,calibration,calibration,,,,,,,,,,,,,
calibration,additive,43,-0.0005601301605636655,-0.05205482536347128,0.8853131501356636,0.9012949378294048,0.9018550679899685,0.9533497631928761,-0.03866060464526908,1.198113668616383,calibration,calibration,,,,,,,,,,,,,
calibration,additive,44,0.0016466203090186315,-0.08496585348041474,0.8203115357746154,0.9143196406200812,0.9126730203110626,0.9992854941004959,-0.03866060464526908,1.198113668616383,calibration,calibration,,,,,,,,,,,,,
calibration,additive,45,0.001739015523161469,-0.057197615026591375,1.1006519591121013,0.9429631135171339,0.9412240979939724,1.0001607285437253,-0.03866060464526908,1.198113668616383,calibration,calibration,,,,,,,,,,,,,
calibration,additive,46,0.0017569217860329278,-0.045244216904335666,0.9008824793406708,0.9041672964318523,0.9024103746458194,0.949411513336188,-0.03866060464526908,1.198113668616383,calibration,calibration,,,,,,,,,,,,,
calibration,additive,47,0.0011553572636644471,-0.0649382472815978,1.219913946434491,0.9428899835745883,0.9417346263109239,1.0078282308561861,-0.03866060464526908,1.198113668616383,calibration,calibration,,,,,,,,,,,,,
calibration,additive,48,0.0031129903454807373,-0.053473019223413076,0.8937492371858665,0.8892736106664234,0.8861606203209427,0.9427466298898365,-0.03866060464526908,1.198113668616383,calibration,calibration,,,,,,,,,,,,,
calibration,additive,49,0.0008915152752343447,-0.05694884008743817,1.1415978073757145,0.8984910386775787,0.8975995234023444,0.9554398787650169,-0.03866060464526908,1.198113668616383,calibration,calibration,,,,,,,,,,,,,
calibration,additive,50,-0.0012789712430920641,-0.07309936240372095,0.9992673961298112,0.9244465911987826,0.9257255624418746,0.9975459536025035,-0.03866060464526908,1.198113668616383,calibration,calibration,,,,,,,,,,,,,
calibration,additive,51,-0.0012241309373319798,-0.03572549062124486,1.1181734648818522,0.9230293649501706,0.9242534958875026,0.9587548555714155,-0.03866060464526908,1.198113668616383,calibration,calibration,,,,,,,,,,,,,
calibration,additive,52,-0.003011683693034062,-0.06667432453871514,0.8681708474213784,0.9067352553374516,0.9097469390304856,0.9734095798761667,-0.03866060464526908,1.198113668616383,calibration,calibration,,,,,,,,,,,,,
calibration,additive,53,0.0014824971646707485,-0.059402881542600317,0.8654553616220865,0.9181269665328393,0.9166444693681686,0.9775298480754396,-0.03866060464526908,1.198113668616383,calibration,calibration,,,,,,,,,,,,,
calibration,additive,54,0.00011791448557540996,-0.05807510544505312,0.7577127007522634,0.9076776800822149,0.9075597655966395,0.9657527855272681,-0.03866060464526908,1.198113668616383,calibration,calibration,,,,,,,,,,,,,
calibration,additive,55,0.0012827884634046827,-0.06729092920939683,1.0881055722548136,0.8858731216981622,0.8845903332347576,0.9531640509075591,-0.03866060464526908,1.198113668616383,calibration,calibration,,,,,,,,,,,,,
calibration,additive,56,-0.0012342027260854316,-0.056534685209009394,0.890817036450575,0.9302846244517615,0.931518827177847,0.9868193096607709,-0.03866060464526908,1.198113668616383,calibration,calibration,,,,,,,,,,,,,
calibration,additive,57,-0.002543049626921645,-0.06486810995146197,1.152131938808727,0.916207432005671,0.9187504816325927,0.981075541957133,-0.03866060464526908,1.198113668616383,calibration,calibration,,,,,,,,,,,,,
calibration,additive,58,0.0028418091574630155,-0.046210325994360035,0.8547506295821425,0.9223819795582016,0.9195401704007385,0.9685923055525616,-0.03866060464526908,1.198113668616383,calibration,calibration,,,,,,,,,,,,,
calibration,additive,59,-0.0013077155319205502,-0.05956659831739075,0.8784456130389109,0.9188209116063492,0.9201286271382697,0.9783875099237399,-0.03866060464526908,1.198113668616383,calibration,calibration,,,,,,,,,,,,,
calibration,additive,60,0.0014520447278153492,-0.050515195579091676,0.9203223066004446,0.9078015391961327,0.9063494944683174,0.9583167347752244,-0.03866060464526908,1.198113668616383,calibration,calibration,,,,,,,,,,,,,
calibration,additive,61,0.000753130737511265,-0.044778926714599265,1.2755222006549192,0.9246403164983276,0.9238871857608163,0.9694192432129268,-0.03866060464526908,1.198113668616383,calibration,calibration,,,,,,,,,,,,,
calibration,additive,62,0.0026807987280681456,-0.05925441770664963,0.9459627902566907,0.8894651509569821,0.8867843522289139,0.9487195686636317,-0.03866060464526908,1.198113668616383,calibration,calibration,,,,,,,,,,,,,
calibration,additive,63,-0.0008267382572348936,-0.045701242476074544,0.7638731680291349,0.9252720536260635,0.9260987918832984,0.970973296102138,-0.03866060464526908,1.198113668616383,calibration,calibration,,,,,,,,,,,,,
calibration,additive,64,0.000958055266279012,-0.06411286549384043,0.8558004110157352,0.886800790009729,0.88584273474345,0.9509136555035694,-0.03866060464526908,1.198113668616383,calibration,calibration,,,,,,,,,,,,,
calibration,additive,65,-0.00010913190610661871,-0.05975581311842004,0.8930145857158323,0.9146478523147205,0.9147569842208271,0.9744036654331405,-0.03866060464526908,1.198113668616383,calibration,calibration,,,,,,,,,,,,,
calibration,additive,66,-0.00019260637003226666,-0.06057534617810112,0.8842910693214581,0.8959121296432845,0.8961047360133167,0.9564874758213856,-0.03866060464526908,1.198113668616383,calibration,calibration,,,,,,,,,,,,,
calibration,additive,67,-0.00252020549446208,-0.08205488011350204,0.6138980027054322,0.9126898933390754,0.9152100988335374,0.9947447734525774,-0.03866060464526908,1.198113668616383,calibration,calibration,,,,,,,,,,,,,
calibration,additive,68,0.001886533343697594,-0.09063842783707954,1.010668926632038,0.9051066693400807,0.9032201359963831,0.9957450971771602,-0.03866060464526908,1.198113668616383,calibration,calibration,,,,,,,,,,,,,
calibration,additive,69,-0.0006163504240336293,-0.05398322086030061,0.7416966254237711,0.8866076301384854,0.887223980562519,0.940590850998786,-0.03866060464526908,1.198113668616383,calibration,calibration,,,,,,,,,,,,,
calibration,additive,70,0.0002373662686602218,-0.06335971850374855,0.7835423930878298,0.9203572170349322,0.920119850766272,0.9837169355386808,-0.03866060464526908,1.198113668616383,calibration,calibration,,,,,,,,,,,,,
calibration,additive,71,-0.004945002752919425,-0.05890247370990087,0.9026355501965672,0.9044630857279954,0.9094080884809148,0.9633655594378963,-0.03866060464526908,1.198113668616383,calibration,calibration,,,,,,,,,,,,,
calibration,additive,72,0.0003618329505312712,-0.06163762522814331,1.0225611501861196,0.9155085427175794,0.9151467097670481,0.9771461679457227,-0.03866060464526908,1.198113668616383,calibration,calibration,,,,,,,,,,,,,
calibration,additive,73,-0.0009028717856217616,-0.09364048556731452,1.1524091680998292,0.9159017916232115,0.9168046634088333,1.009542277190526,-0.03866060464526908,1.198113668616383,calibration,calibration,,,,,,,,,,,,,
calibration,additive,74,0.0032874696952219784,-0.03867575390563571,0.6636517057319947,0.9089720924357195,0.9056846227404975,0.9476478463413552,-0.03866060464526908,1.198113668616383,calibration,calibration,,,,,,,,,,,,,
calibration,additive,75,-0.0022166590363577043,-0.051917649036917535,0.9526296220965366,0.9423837170400958,0.9446003760764535,0.9943013660770134,-0.03866060464526908,1.198113668616383,calibration,calibration,,,,,,,,,,,,,
calibration,additive,76,-0.004070631277873771,-0.08400549352260334,1.3550556614975597,0.9336614049460188,0.9377320362238926,1.0176668984686221,-0.03866060464526908,1.198113668616383,calibration,calibration,,,,,,,,,,,,,
calibration,additive,77,0.0013235805161191383,-0.08401438521161475,1.134531094987961,0.9135266205066918,0.9122030399905726,0.9975410057183065,-0.03866060464526908,1.198113668616383,calibration,calibration,,,,,,,,,,,,,
calibration,additive,78,-0.0012939733920618313,-0.0878171389737239,1.046829261415769,0.9128315504171696,0.9141255238092314,1.0006486893908935,-0.03866060464526908,1.198113668616383,calibration,calibration,,,,,,,,,,,,,
calibration,additive,79,-0.00242813886760862,-0.07427589293151926,1.000329782278163,0.9253983989405653,0.9278265378081739,0.9996742918720846,-0.03866060464526908,1.198113668616383,calibration,calibration,,,,,,,,,,,,,
calibration,additive,80,0.0018612201133779704,-0.07455381177400333,1.0147010453301897,0.8863299505387197,0.8844687304253417,0.960883762312723,-0.03866060464526908,1.198113668616383,calibration,calibration,,,,,,,,,,,,,
calibration,additive,81,-0.0015757377930717409,-0.050801042784763606,1.14708850939543,0.9050393098464642,0.9066150476395359,0.9558403526312278,-0.03866060464526908,1.198113668616383,calibration,calibration,,,,,,,,,,,,,
calibration,additive,82,-0.0014294706314352812,-0.053145842952047606,0.6858238452486157,0.9022940389296513,0.9037235095610866,0.9554398818816989,-0.03866060464526908,1.198113668616383,calibration,calibration,,,,,,,,,,,,,
calibration,additive,83,-0.0035706570641900193,-0.09198937331742607,0.8919297859894254,0.9482450258777847,0.9518156829419747,1.0402343991952108,-0.03866060464526908,1.198113668616383,calibration,calibration,,,,,,,,,,,,,
calibration,additive,84,-0.0018218755609014092,-0.08684068223409447,0.8038019022174999,0.9226291160215941,0.9244509915824956,1.0094697982556886,-0.03866060464526908,1.198113668616383,calibration,calibration,,,,,,,,,,,,,
calibration,additive,85,0.001134459432568069,-0.0545253230511642,0.8339978212203767,0.8890295587723881,0.88789509933982,0.9435548818235523,-0.03866060464526908,1.198113668616383,calibration,calibration,,,,,,,,,,,,,
calibration,additive,86,0.0015258180607961025,-0.07973674390480678,0.9984965586555671,0.9188655771568043,0.9173397590960082,0.9986023210616111,-0.03866060464526908,1.198113668616383,calibration,calibration,,,,,,,,,,,,,
calibration,additive,87,0.0013497612495787514,-0.0713423843781642,0.9661563396710944,0.9174363917412662,0.9160866304916875,0.9887787761194304,-0.03866060464526908,1.198113668616383,calibration,calibration,,,,,,,,,,,,,
calibration,additive,88,0.004591922193736053,-0.07154468224759636,0.8324661936214278,0.9199246345351889,0.9153327123414529,0.9914693167827853,-0.03866060464526908,1.198113668616383,calibration,calibration,,,,,,,,,,,,,
calibration,additive,89,0.0012433648950455067,-0.07719866607411063,0.9930636873649876,0.9052760159132485,0.904032651018203,0.9824746819873591,-0.03866060464526908,1.198113668616383,calibration,calibration,,,,,,,,,,,,,
calibration,additive,90,0.002756877519444756,-0.05893776238677806,0.9460640203156759,0.9155203486814169,0.9127634711619721,0.9744581110681949,-0.03866060464526908,1.198113668616383,calibration,calibration,,,,,,,,,,,,,
calibration,additive,91,0.0038817691218117067,-0.06464708864327329,0.9262734464726977,0.907031803294427,0.9031500341726153,0.9716788919377003,-0.03866060464526908,1.198113668616383,calibration,calibration,,,,,,,,,,,,,
calibration,additive,92,-0.0019660847826915573,-0.09792410622703107,1.0051415257436096,0.9208137984478173,0.9227798832305089,1.0187379046748484,-0.03866060464526908,1.198113668616383,calibration,calibration,,,,,,,,,,,,,
calibration,additive,93,-0.0013147808166750208,-0.06863454179646289,1.0030033163707157,0.9157896305252705,0.9171044113419455,0.9844241723217334,-0.03866060464526908,1.198113668616383,calibration,calibration,,,,,,,,,,,,,
calibration,additive,94,-0.0018601762135792566,-0.0910193301852601,0.870896351875094,0.9064451955500625,0.9083053717636418,0.9974645257353226,-0.03866060464526908,1.198113668616383,calibration,calibration,,,,,,,,,,,,,
calibration,additive,95,0.0009367467591907541,-0.057590232740955094,0.840927392788476,0.9191582579598198,0.918221511200629,0.9767484907007749,-0.03866060464526908,1.198113668616383,calibration,calibration,,,,,,,,,,,,,
calibration,additive,96,-0.002726066489916801,-0.06007409932339691,1.1563102421230613,0.9108321772506492,0.913558243740566,0.9709062765740462,-0.03866060464526908,1.198113668616383,calibration,calibration,,,,,,,,,,,,,
calibration,additive,97,0.002359885225750924,-0.06949444571437291,0.9901659306088635,0.9017044223044238,0.8993445370786729,0.9711988680187967,-0.03866060464526908,1.198113668616383,calibration,calibration,,,,,,,,,,,,,
calibration,additive,98,0.0019582783151300687,-0.07366324735248442,0.9778348035107546,0.9269105326471,0.9249522543319699,1.0005737799995844,-0.03866060464526908,1.198113668616383,calibration,calibration,,,,,,,,,,,,,
calibration,additive,99,-0.0012322875236518982,-0.06226391847412138,0.9163203650220079,0.9004648202325296,0.9016971077561815,0.962728738706651,-0.03866060464526908,1.198113668616383,calibration,calibration,,,,,,,,,,,,,
evaluation,additive,0,-0.001368728848038403,-0.06794841690739928,1.0125360655547482,0.890149507103925,0.8915182359519634,0.9580979240113243,-0.03866060464526908,1.198113668616383,base,no_signal,base,base,0.5822916666666667,0.8997329232968523,0.5377366520835705,0.011522690993499486,0.0022470309891710867,0.8997329232968523,0.0022470309891710867,0.8997329232968523,0.0022470309891710867,0.9007615780703759,0.0014369217665441325
evaluation,additive,1,-0.0007877607002205744,-0.051241510007389524,0.966394922943111,0.9101632105017909,0.9109509712020115,0.9614047205091805,-0.03866060464526908,1.198113668616383,base,no_signal,base,base,0.5697916666666667,0.9149157226277362,0.5495616902566723,0.022106891825879365,0.00515385644097889,0.9149157226277362,0.00515385644097889,0.9149157226277362,0.00515385644097889,0.9142920375268866,0.004102958074188607
evaluation,additive,2,0.005477514543002382,-0.07089648252245295,1.056424696611594,0.9275611311997077,0.9220836166567054,0.9984576137221607,-0.03866060464526908,1.198113668616383,observed_structure,flexible_gain,base,observed_structure,0.521875,0.945033597690941,0.572351940953834,0.03056671639782434,0.0025900810947202435,0.945033597690941,0.0025900810947202435,0.9474159059528835,0.003548131815974554,0.945033597690941,0.0025900810947202435
evaluation,additive,3,0.0009825851046629808,-0.06036342185182253,1.0059678322724015,0.8952124211408415,0.8942298360361786,0.9555758429926641,-0.03866060464526908,1.198113668616383,base,no_signal,base,observed_structure,0.5729166666666666,0.8864553514224973,0.5316654992946422,0.013363188057592111,0.0026393481742125772,0.8887565672484296,0.0020920810014716695,0.8864553514224973,0.0026393481742125772,0.8887565672484296,0.0020920810014716695
evaluation,additive,4,0.002846460022361552,-0.05124407634013339,0.9821993751713625,0.9482633165541751,0.9454168565318135,0.9995073928943085,-0.03866060464526908,1.198113668616383,base,no_signal,base,observed_structure,0.559375,0.9095061416648086,0.5464665291512028,0.016201459096933078,0.004143236190224858,0.9078206054475376,0.0013679462292177126,0.9095061416648086,0.004143236190224858,0.9078206054475376,0.0013679462292177126
evaluation,additive,5,-0.00288985201525338,-0.043787931605836716,0.9286356923004697,0.9054942077048224,0.9083840597200757,0.9492821393106591,-0.03866060464526908,1.198113668616383,base,no_signal,base,base,0.575,0.8996528714912937,0.5378955078099144,0.015494761355248491,0.004768585197870099,0.8996528714912937,0.004768585197870099,0.8996528714912937,0.004768585197870099,0.897880883095415,0.002453957319283142
evaluation,additive,6,0.00011470652092049338,-0.05861528105306557,0.9888936193399157,0.9237087371815484,0.923594030660628,0.982324018234614,-0.03866060464526908,1.198113668616383,base,no_signal,base,observed_structure,0.5395833333333333,0.9338790541172851,0.5644610971033821,0.024521246750887866,0.003281844935549239,0.9317479472075891,0.0021808827127419465,0.9338790541172851,0.003281844935549239,0.9317479472075891,0.0021808827127419465
evaluation,additive,7,-0.0002603786967755317,-0.08635052008683652,1.124218404184705,0.9589027819073491,0.9591631606041247,1.0452533019941856,-0.03866060464526908,1.198113668616383,base,no_signal,base,base,0.5666666666666667,0.920280137599102,0.5525493580984222,0.005188203460877508,0.006704924432828019,0.920280137599102,0.006704924432828019,0.920280137599102,0.006704924432828019,0.9187453899612864,0.0032748536504500826
evaluation,additive,8,-0.0004444394745893865,-0.04537896299501132,0.9576075846215729,0.9118677495750087,0.9123121890495981,0.95724671257002,-0.03866060464526908,1.198113668616383,base,no_signal,base,base,0.5541666666666667,0.9210710776512508,0.5545202986406556,0.010810187840552606,0.0058547869548385666,0.9210710776512508,0.0058547869548385666,0.9210710776512508,0.0058547869548385666,0.9206993020362249,0.004016579644554377
evaluation,additive,9,0.0061050651476650675,-0.05717647958050864,0.9850676235702966,0.9247216849115477,0.9186166197638826,0.9818981644920564,-0.03866060464526908,1.198113668616383,observed_structure,flexible_gain,base,observed_structure,0.5697916666666667,0.916065721720056,0.5484191768239394,0.015532398459567925,0.003077402349253518,0.916065721720056,0.003077402349253518,0.9131085379743668,0.0028518796229723784,0.916065721720056,0.003077402349253518
evaluation,additive,10,-0.0032120092408042256,-0.06742693730929994,1.1281582262130565,0.9109419736180854,0.9141539828588896,0.9783689109273853,-0.03866060464526908,1.198113668616383,base,no_signal,base,base,0.546875,0.9349228191852802,0.5648022516183416,0.020069152456564068,0.006806724479155205,0.9349228191852802,0.006806724479155205,0.9349228191852802,0.006806724479155205,0.9326425330461,0.002784402399005431
evaluation,additive,11,-0.002039199680829551,-0.05546208952559695,0.9474330984333269,0.9267796928216557,0.9288188925024853,0.9822417823472527,-0.03866060464526908,1.198113668616383,base,no_signal,base,base,0.5260416666666666,0.9408159061144931,0.5706225722773534,0.03245077697204868,0.003792329995739136,0.9408159061144931,0.003792329995739136,0.9408159061144931,0.003792329995739136,0.9354249720475732,0.002058007004603018
evaluation,additive,12,-0.003474952590059033,-0.05821017139830287,0.8462659848454184,0.9169282266367884,0.9204031792268474,0.9751383980350913,-0.03866060464526908,1.198113668616383,base,no_signal,base,base,0.5572916666666666,0.9160093426796615,0.5553144452921155,0.014550898231564528,0.00178780691605195,0.9160093426796615,0.00178780691605195,0.9160093426796615,0.00178780691605195,0.9196608919162261,0.005326563843515383
evaluation,additive,13,0.002094477427927899,-0.08122416197974858,0.7015084205649038,0.9233702081017453,0.9212757306738174,1.0045943700814939,-0.03866060464526908,1.198113668616383,base,no_signal,base,observed_structure,0.5802083333333333,0.8949574651972528,0.5382528187722061,0.005094313556378445,0.005958094398447599,0.8940459251654491,0.0033376234337315616,0.8949574651972528,0.005958094398447599,0.8940459251654491,0.0033376234337315616
evaluation,additive,14,0.001006326417819725,-0.06670195316251193,0.8474020351124095,0.9282144327797248,0.9272081063619051,0.9949163859422367,-0.03866060464526908,1.198113668616383,base,no_signal,base,observed_structure,0.571875,0.9050005133160899,0.5432399844633568,0.013157283111325208,0.003947672099487263,0.9037808162415085,0.004136040988637414,0.9050005133160899,0.003947672099487263,0.9037808162415085,0.004136040988637414
evaluation,additive,15,0.0022060965458456927,-0.06551589121508439,1.0082112504170144,0.9063733214672764,0.9041672249214308,0.9718892126823608,-0.03866060464526908,1.198113668616383,base,no_signal,base,observed_structure,0.5333333333333333,0.9228519276465519,0.5565423421443562,0.009468914717525102,0.00598687209135181,0.9227854922439663,0.0028492625918476603,0.9228519276465519,0.00598687209135181,0.9227854922439663,0.0028492625918476603
evaluation,additive,16,-0.00188280551926312,-0.05741863236391531,0.951415607157748,0.9035468776494678,0.905429683168731,0.9609655100133832,-0.03866060464526908,1.198113668616383,base,no_signal,base,base,0.5364583333333334,0.9575363659356914,0.5753125497372374,0.026402611345857252,0.0030605439875840417,0.9575363659356914,0.0030605439875840417,0.9575363659356914,0.0030605439875840417,0.9618198731477382,0.0026083817237202694
evaluation,additive,17,-0.002225666058728537,-0.07415631535557099,0.9274063446205781,0.910326121619687,0.9125517876784155,0.984482436975258,-0.03866060464526908,1.198113668616383,base,no_signal,base,base,0.5625,0.8915838700130607,0.5381688500794383,0.007864162449761089,0.0032090986117010297,0.8915838700130607,0.0032090986117010297,0.8915838700130607,0.0032090986117010297,0.8859347374804126,0.001891339152089807
evaluation,additive,18,0.0016366433160633909,-0.06742079211926211,0.872476936329251,0.9146940680547646,0.9130574247387012,0.9821148601740267,-0.03866060464526908,1.198113668616383,base,no_signal,base,observed_structure,0.5635416666666667,0.9106145089186113,0.5506658446627065,0.016776285362252633,0.005144289910337899,0.9094321393485233,0.003996151068062832,0.9106145089186113,0.005144289910337899,0.9094321393485233,0.003996151068062832
evaluation,additive,19,0.006884097936781242,-0.04469077084314266,1.1046704229159716,0.9001705591565093,0.8932864612197281,0.944861329999652,-0.03866060464526908,1.198113668616383,observed_structure,flexible_gain,base,observed_structure,0.5614583333333333,0.9131195207300833,0.5501946180504066,0.004531901619817479,0.004015938950591727,0.9131195207300833,0.004015938950591727,0.9086065737362142,0.006344357073370888,0.9131195207300833,0.004015938950591727
evaluation,additive,20,0.0009812968246730724,-0.058219933201431595,0.9881576230134955,0.8997235849423835,0.8987422881177104,0.9579435181438151,-0.03866060464526908,1.198113668616383,base,no_signal,base,observed_structure,0.5447916666666667,0.9149391536431027,0.5512067645245161,0.005952505353185324,0.005274935577914073,0.9149176859746765,0.005558364206695728,0.9149391536431027,0.005274935577914073,0.9149176859746765,0.005558364206695728
evaluation,additive,21,-0.0022082477843826664,-0.051958995558049836,0.8987575768120732,0.9104537743088945,0.9126620220932772,0.9624127698669444,-0.03866060464526908,1.198113668616383,base,no_signal,base,base,0.5614583333333333,0.9254807924992726,0.5592037225469665,0.010662321016649007,0.006185123176466081,0.9254807924992726,0.006185123176466081,0.9254807924992726,0.006185123176466081,0.9238840636753355,0.003483880171323283
evaluation,additive,22,-0.0019650614850817982,-0.07994599757336684,0.9323173109552441,0.9210846537306753,0.9230497152157571,1.0010306513040421,-0.03866060464526908,1.198113668616383,base,no_signal,base,base,0.571875,0.917514004913821,0.545918611139924,0.019238658916715452,0.005308730199606733,0.917514004913821,0.005308730199606733,0.917514004913821,0.005308730199606733,0.9155237144015909,0.0027819581100526273
evaluation,additive,23,-0.002526407906768502,-0.06030985216551743,1.0236912351704122,0.949685649914781,0.9522120578215495,1.0099955020802984,-0.03866060464526908,1.198113668616383,base,no_signal,base,base,0.5322916666666667,0.9355564226541496,0.5659844194499345,0.012475499214166368,0.0036438976406552768,0.9355564226541496,0.0036438976406552768,0.9355564226541496,0.0036438976406552768,0.935284977022197,0.002684885947181295
evaluation,nonlinear,0,0.09112901817802377,0.02829553813331287,0.854549825558705,0.9046351682965867,0.813506150118563,0.8763396301632739,-0.03866060464526908,1.198113668616383,observed_structure,flexible_gain,observed_structure,observed_structure,0.596875,0.8314574626775472,0.5015465106915968,0.0035180170232481196,0.0015370853226437105,0.8314574626775472,0.0015370853226437105,0.9173693263546843,0.09487924971270734,0.8314574626775472,0.0015370853226437105
evaluation,nonlinear,1,0.07031259863969797,0.019945596818522926,0.7256814273517831,0.8470961991342344,0.7767836004945364,0.8271506023157115,-0.03866060464526908,1.198113668616383,observed_structure,flexible_gain,observed_structure,observed_structure,0.6010416666666667,0.8404011339008074,0.5027193348840501,0.019545444355673246,0.0024301605455194692,0.8404011339008074,0.0024301605455194692,0.9104814918227614,0.07480189271824612,0.8404011339008074,0.0024301605455194692
evaluation,nonlinear,2,0.08086143379258148,0.0005976086755119514,0.833680044063944,0.8759400881341061,0.7950786543415246,0.8753424794585941,-0.03866060464526908,1.198113668616383,observed_structure,flexible_gain,observed_structure,observed_structure,0.6604166666666667,0.7741349892403003,0.461420838650798,0.013102560149499114,0.0019810539593096603,0.7741349892403003,0.0019810539593096603,0.8825676901457437,0.09009422836521179,0.7741349892403003,0.0019810539593096603
evaluation,nonlinear,3,0.08599871861048392,0.011319484836321947,0.8931962076894625,0.9094867081199205,0.8234879895094366,0.8981672232835985,-0.03866060464526908,1.198113668616383,observed_structure,flexible_gain,observed_structure,observed_structure,0.60625,0.8174653070891935,0.4901113926368951,0.01851761107411761,0.003825729017371306,0.8174653070891935,0.003825729017371306,0.8896764122818838,0.10453407977135318,0.8174653070891935,0.003825729017371306
evaluation,nonlinear,4,0.09188181363081505,0.028953710909603303,0.8504202407567115,0.9057086092308035,0.8138267955999885,0.8767548983212002,-0.03866060464526908,1.198113668616383,observed_structure,flexible_gain,observed_structure,observed_structure,0.61875,0.8231621637934057,0.4934571660404506,0.0028281572957310395,0.001374076155790314,0.8231621637934057,0.001374076155790314,0.899840859055782,0.08497217308353067,0.8231621637934057,0.001374076155790314
evaluation,nonlinear,5,0.08900672410970567,0.030258198385078594,1.1851210399859384,0.9109688668840514,0.8219621427743458,0.8807106684989728,-0.03866060464526908,1.198113668616383,observed_structure,flexible_gain,observed_structure,observed_structure,0.61875,0.8147882111759124,0.4918780615661274,0.0030828966088686516,0.002509072993208116,0.8147882111759124,0.002509072993208116,0.8833670048313685,0.11429560739784131,0.8147882111759124,0.002509072993208116
evaluation,nonlinear,6,0.10703246072351646,0.051206905048186147,0.9991256028310348,0.886472105661418,0.7794396449379015,0.8352652006132318,-0.03866060464526908,1.198113668616383,observed_structure,flexible_gain,observed_structure,observed_structure,0.6260416666666667,0.8043776205982364,0.47938869316958005,0.009765880203429384,0.0009537639934465033,0.8043776205982364,0.0009537639934465033,0.8987916755345265,0.09752884729452203,0.8043776205982364,0.0009537639934465033
evaluation,nonlinear,7,0.06827546403648665,0.010675412814325491,1.0802194555152305,0.8812417862334172,0.8129663221969305,0.8705663734190917,-0.03866060464526908,1.198113668616383,observed_structure,flexible_gain,observed_structure,observed_structure,0.6145833333333334,0.7978579508955023,0.4799813598021507,0.019122367997764116,0.003146906434910358,0.7978579508955023,0.003146906434910358,0.8672017737220377,0.06587427243955114,0.7978579508955023,0.003146906434910358
evaluation,nonlinear,8,0.09907532515919193,0.036785103166809385,0.8197019057017677,0.9349495738924516,0.8358742487332597,0.8981644707256422,-0.03866060464526908,1.198113668616383,observed_structure,flexible_gain,observed_structure,observed_structure,0.6239583333333333,0.8170929056208454,0.48844479615437825,0.013390678138489943,0.004165078740477234,0.8170929056208454,0.004165078740477234,0.9216902621818434,0.09820933290910343,0.8170929056208454,0.004165078740477234
evaluation,nonlinear,9,0.09367085395180796,-0.0018393433857901709,0.6892753781076539,0.9000114558023972,0.8063406018505892,0.9018507991881873,-0.03866060464526908,1.198113668616383,observed_structure,flexible_gain,observed_structure,observed_structure,0.6447916666666667,0.7849596164578235,0.4666445205190775,0.012990265677420752,0.004849480757508976,0.7849596164578235,0.004849480757508976,0.9022948996910958,0.11948867658919782,0.7849596164578235,0.004849480757508976
evaluation,nonlinear,10,0.08940908012744342,0.03138263707878497,0.6926749063921563,0.8932737708877316,0.8038646907602882,0.8618911338089467,-0.03866060464526908,1.198113668616383,observed_structure,flexible_gain,observed_structure,observed_structure,0.6104166666666667,0.801658960076971,0.48034010084955375,0.014465828751893343,0.003163348073700574,0.801658960076971,0.003163348073700574,0.8756965610865858,0.10422340765233269,0.801658960076971,0.003163348073700574
evaluation,nonlinear,11,0.08150400600436791,0.011703817215406032,0.9378137479523211,0.913819666123477,0.8323156601191091,0.902115848908071,-0.03866060464526908,1.198113668616383,observed_structure,flexible_gain,observed_structure,observed_structure,0.6052083333333333,0.8345808768651964,0.5042704714717523,0.018118768650646034,0.00520811812411304,0.8345808768651964,0.00520811812411304,0.9243405008537027,0.09914759528937149,0.8345808768651964,0.00520811812411304
evaluation,nonlinear,12,0.11462873336776336,0.036489626861519686,0.608872591279534,0.9144601527993285,0.7998314194315651,0.8779705259378088,-0.03866060464526908,1.198113668616383,observed_structure,flexible_gain,observed_structure,observed_structure,0.6510416666666666,0.7692080306504768,0.4584505404320393,0.00748663391318351,0.004672009515892756,0.7692080306504768,0.004672009515892756,0.8778027487850896,0.09690425763197856,0.7692080306504768,0.004672009515892756
evaluation,nonlinear,13,0.08306884067588471,0.025457167138340342,0.983153200723455,0.887718822626037,0.8046499819501522,0.8622616554876966,-0.03866060464526908,1.198113668616383,observed_structure,flexible_gain,observed_structure,observed_structure,0.6364583333333333,0.8003218968028055,0.48186198165169347,0.015479578555065326,0.003474579956112428,0.8003218968028055,0.003474579956112428,0.8908501548124711,0.08934467155373982,0.8003218968028055,0.003474579956112428
evaluation,nonlinear,14,0.0874916608022579,0.030610551883225257,0.8125343646726831,0.9006891220673403,0.8131974612650824,0.870078570184115,-0.03866060464526908,1.198113668616383,observed_structure,flexible_gain,observed_structure,observed_structure,0.61875,0.805662703796376,0.4839379759557147,0.00905314876522267,0.0038504168402028137,0.805662703796376,0.0038504168402028137,0.8929288320814891,0.10880062122554644,0.805662703796376,0.0038504168402028137
evaluation,nonlinear,15,0.09804300101704544,0.021215265454398557,1.0357786524637573,0.8904341133476429,0.7923911123305974,0.8692188478932443,-0.03866060464526908,1.198113668616383,observed_structure,flexible_gain,observed_structure,observed_structure,0.634375,0.8046340655514648,0.47899163895002744,0.014490486386301361,0.003356263711038589,0.8046340655514648,0.003356263711038589,0.9012755772967049,0.0910699724869017,0.8046340655514648,0.003356263711038589
evaluation,nonlinear,16,0.09814623131969213,0.03627744446970382,1.0066148753660653,0.9384997152242621,0.84035348390457,0.9022222707545583,-0.03866060464526908,1.198113668616383,observed_structure,flexible_gain,observed_structure,observed_structure,0.6364583333333333,0.8052682467600029,0.4764832119206517,0.003114457575848862,0.0018906824306758484,0.8052682467600029,0.0018906824306758484,0.9127453029670015,0.09503180211132392,0.8052682467600029,0.0018906824306758484
evaluation,nonlinear,17,0.09636354791745017,0.04973566145502972,0.9470533090334939,0.8732000311514327,0.7768364832339826,0.823464369696403,-0.03866060464526908,1.198113668616383,observed_structure,flexible_gain,observed_structure,observed_structure,0.6125,0.8038982963024701,0.4849162454180805,0.002614412766764712,0.0026563278122238793,0.8038982963024701,0.0026563278122238793,0.8878486754988207,0.08673600188888139,0.8038982963024701,0.0026563278122238793
evaluation,nonlinear,18,0.09370988849293249,0.008908887922821629,0.8375512463718375,0.847100926215848,0.7533910377229155,0.8381920382930264,-0.03866060464526908,1.198113668616383,observed_structure,flexible_gain,observed_structure,observed_structure,0.6260416666666667,0.807893504105518,0.48351034021746564,0.014353880482781953,0.0011402098812819715,0.807893504105518,0.0011402098812819715,0.8732214847632284,0.08859265820105981,0.807893504105518,0.0011402098812819715
evaluation,nonlinear,19,0.0684001131915597,0.005940658416647704,0.6932831074589875,0.8812913438420511,0.8128912306504914,0.8753506854254034,-0.03866060464526908,1.198113668616383,observed_structure,flexible_gain,observed_structure,observed_structure,0.6145833333333334,0.8093586902094281,0.48540260457411644,0.016288961886628373,0.0020966623172096726,0.8093586902094281,0.0020966623172096726,0.9022574122647596,0.08696342659404037,0.8093586902094281,0.0020966623172096726
evaluation,nonlinear,20,0.07521058301991179,0.003448837038045105,0.852384638074013,0.8706342300351761,0.7954236470152644,0.867185392997131,-0.03866060464526908,1.198113668616383,observed_structure,flexible_gain,observed_structure,observed_structure,0.6145833333333334,0.8337748210494181,0.5010175325954122,0.023182035730851844,0.003630195496931649,0.8337748210494181,0.003630195496931649,0.9156373669372985,0.12599507240199054,0.8337748210494181,0.003630195496931649
evaluation,nonlinear,21,0.06675076397133095,-0.015117237918047643,0.9499644382544862,0.8802253480389929,0.8134745840676619,0.8953425859570405,-0.03866060464526908,1.198113668616383,observed_structure,flexible_gain,observed_structure,observed_structure,0.6229166666666667,0.8235560353944682,0.4941816077895043,0.015329853238260534,0.0012996918138588785,0.8235560353944682,0.0012996918138588785,0.9109369705986002,0.11252281471209176,0.8235560353944682,0.0012996918138588785
evaluation,nonlinear,22,0.09573952200971081,0.048866549174270024,0.8570301743329045,0.891435873069215,0.7956963510595042,0.842569323894945,-0.03866060464526908,1.198113668616383,observed_structure,flexible_gain,observed_structure,observed_structure,0.65,0.7915039376595104,0.4666336732426488,0.018610035100371767,0.0010905592424766534,0.7915039376595104,0.0010905592424766534,0.8839184994319681,0.11174852976002743,0.7915039376595104,0.0010905592424766534
evaluation,nonlinear,23,0.10858555730503727,0.03645434796944691,0.9374270810904533,0.8822436940320199,0.7736581367269826,0.8457893460625729,-0.03866060464526908,1.198113668616383,observed_structure,flexible_gain,observed_structure,observed_structure,0.628125,0.8075072292623209,0.48251873240085563,0.018333433132414756,0.003138835649014877,0.8075072292623209,0.003138835649014877,0.9024773824742399,0.11647653446057081,0.8075072292623209,0.003138835649014877
evaluation,threshold,0,0.01317900431570529,-0.04107958237273868,0.9892453768977884,0.8703230872564558,0.8571440829407505,0.9114026696291945,-0.03866060464526908,1.198113668616383,observed_structure,flexible_gain,observed_structure,observed_structure,0.6229166666666667,0.8436817662938151,0.5070598161633177,0.017371854586664584,0.0045696360797854345,0.8436817662938151,0.0045696360797854345,0.8527158896921813,0.005415623046735826,0.8436817662938151,0.0045696360797854345
evaluation,threshold,1,0.0030902380954249686,-0.05951282373883904,0.9181600950359294,0.8685348835745362,0.8654446454791113,0.9280477073133753,-0.03866060464526908,1.198113668616383,base,no_signal,observed_structure,observed_structure,0.6114583333333333,0.8681922139658549,0.5176018787179294,0.011375707488361357,0.0089909399107763,0.8637132015610558,0.002461958520351278,0.8681922139658549,0.0089909399107763,0.8637132015610558,0.002461958520351278
evaluation,threshold,2,0.010945002341797183,-0.06881355921084475,0.7219764338835564,0.8974338164471182,0.886488814105321,0.9662473756579629,-0.03866060464526908,1.198113668616383,observed_structure,flexible_gain,observed_structure,observed_structure,0.5854166666666667,0.8610320722120224,0.5219323822658857,0.02202137733862391,0.0010621033216832482,0.8610320722120224,0.0010621033216832482,0.8664309192321937,0.008097607981110581,0.8610320722120224,0.0010621033216832482
evaluation,threshold,3,0.0004695918118879927,-0.07691312251296234,1.1434638113755213,0.8440229570387803,0.8435533652268923,0.9209360795517426,-0.03866060464526908,1.198113668616383,base,no_signal,observed_structure,observed_structure,0.5625,0.8955274130734527,0.5399354924750867,0.02138813198639022,0.0076665822427999155,0.8890272668870609,0.001961375338273498,0.8955274130734527,0.0076665822427999155,0.8890272668870609,0.001961375338273498
evaluation,threshold,4,0.006377422398633481,-0.055477615183663676,0.8486941075822778,0.8899184961423808,0.8835410737437474,0.9453961113260445,-0.03866060464526908,1.198113668616383,observed_structure,flexible_gain,observed_structure,observed_structure,0.578125,0.8728958572569054,0.5283539162734023,0.018102066048500724,0.0010824053522328892,0.8728958572569054,0.0010824053522328892,0.8862147280927052,0.010605933964215934,0.8728958572569054,0.0010824053522328892
evaluation,threshold,5,0.009396584618887371,-0.07129072642512124,0.7565246870967612,0.8788914851671622,0.8694949005482748,0.9501822115922834,-0.03866060464526908,1.198113668616383,observed_structure,flexible_gain,observed_structure,observed_structure,0.571875,0.880015555698946,0.5292326290454292,0.016989404573597478,0.001559899786783163,0.880015555698946,0.001559899786783163,0.8836100664591284,0.005766410556532383,0.880015555698946,0.001559899786783163
evaluation,threshold,6,-0.001789801124045698,-0.07889235627974855,0.9107325620531053,0.8871015856593227,0.8888913867833684,0.9659939419390713,-0.03866060464526908,1.198113668616383,base,no_signal,observed_structure,base,0.5854166666666667,0.8789829393369907,0.5286154516129721,0.007571480926759138,0.011950332675985519,0.8789829393369907,0.011950332675985519,0.8789829393369907,0.011950332675985519,0.8717804965085408,0.0026647450782450494
evaluation,threshold,7,0.0042790144297560895,-0.04574286537271188,0.7693510707115634,0.8615092342788094,0.8572302198490533,0.9072520996515213,-0.03866060464526908,1.198113668616383,base,no_signal,observed_structure,observed_structure,0.59375,0.8574123588682561,0.5206848260523533,0.01974974787407155,0.01021946621612699,0.8498278285602867,0.001511302713730928,0.8574123588682561,0.01021946621612699,0.8498278285602867,0.001511302713730928
evaluation,threshold,8,0.012891869361406516,-0.04529281238270255,0.711593016866315,0.8680688024243576,0.8551769330629511,0.9133616148070601,-0.03866060464526908,1.198113668616383,observed_structure,flexible_gain,observed_structure,observed_structure,0.6010416666666667,0.8506922967479237,0.5103126539377314,0.020380098571815376,0.002577772232305292,0.8506922967479237,0.002577772232305292,0.8525572496824982,0.005932098207151939,0.8506922967479237,0.002577772232305292
evaluation,threshold,9,0.004648590079246784,-0.05178064124698378,0.8967677099379522,0.8739292068484552,0.8692806167692084,0.925709848095439,-0.03866060464526908,1.198113668616383,observed_structure,flexible_gain,observed_structure,observed_structure,0.5864583333333333,0.8700337644608249,0.5273874400859042,0.01367633569884813,0.0019547991884952608,0.8700337644608249,0.0019547991884952608,0.8780961404956907,0.009746542552908981,0.8700337644608249,0.0019547991884952608
evaluation,threshold,10,0.006668910965992425,-0.06251142841155277,0.7735114807268603,0.8954612429017197,0.8887923319357273,0.9579726713132725,-0.03866060464526908,1.198113668616383,observed_structure,flexible_gain,observed_structure,observed_structure,0.6083333333333333,0.8335183720103211,0.5032265266392981,0.00607775450613482,0.0054928474882842806,0.8335183720103211,0.0054928474882842806,0.8448581456899891,0.015498302327713558,0.8335183720103211,0.0054928474882842806
evaluation,threshold,11,0.002714752515289076,-0.07435771746700526,0.9149482150499465,0.8691169330859945,0.8664021805707054,0.9434746505529997,-0.03866060464526908,1.198113668616383,base,no_signal,observed_structure,observed_structure,0.5875,0.8733649551897803,0.5226179419859451,0.011331816458931832,0.00819460631951073,0.8640602450538271,0.0015768078168852966,0.8733649551897803,0.00819460631951073,0.8640602450538271,0.0015768078168852966
evaluation,threshold,12,0.0036049946225251706,-0.05463782422674124,1.038126328387681,0.8500491244666311,0.8464441298441059,0.9046869486933723,-0.03866060464526908,1.198113668616383,base,no_signal,observed_structure,observed_structure,0.5770833333333333,0.8693893276443381,0.5253428433382396,0.005087903405337511,0.006891903914140295,0.8565761206296473,0.0015784559766155474,0.8693893276443381,0.006891903914140295,0.8565761206296473,0.0015784559766155474
evaluation,threshold,13,0.0010256262784303916,-0.05010661368923164,0.9456506596473231,0.8889237699685704,0.88789814369014,0.939030383657802,-0.03866060464526908,1.198113668616383,base,no_signal,observed_structure,observed_structure,0.6020833333333333,0.8676907402202207,0.5216476199452823,0.0070855982558086115,0.006029669655107032,0.865819712477604,0.0017574240517411253,0.8676907402202207,0.006029669655107032,0.865819712477604,0.0017574240517411253
evaluation,threshold,14,0.008669127180060188,-0.041069558217001645,0.9203623201191464,0.861086165188892,0.8524170380088318,0.9021557234058937,-0.03866060464526908,1.198113668616383,observed_structure,flexible_gain,observed_structure,observed_structure,0.5729166666666666,0.9069867993322313,0.5485053185701804,0.024157676987917688,0.00462345823775045,0.9069867993322313,0.00462345823775045,0.9107916871972827,0.008332658978957267,0.9069867993322313,0.00462345823775045
evaluation,threshold,15,0.006578328899402797,-0.06169137023798277,0.8712032080532269,0.8899247522893975,0.8833464233899947,0.9516161225273803,-0.03866060464526908,1.198113668616383,observed_structure,flexible_gain,observed_structure,observed_structure,0.5989583333333334,0.8663409739772063,0.5206395474122643,0.008487773972699432,0.0011393293719578258,0.8663409739772063,0.0011393293719578258,0.8754523148627131,0.010272851778572966,0.8663409739772063,0.0011393293719578258
evaluation,threshold,16,0.00903887829604677,-0.06100560296951463,0.5591550686010343,0.8763930218762163,0.8673541435801695,0.9373986248457309,-0.03866060464526908,1.198113668616383,observed_structure,flexible_gain,observed_structure,observed_structure,0.5947916666666667,0.8665354056536493,0.5233824834815393,0.014031750600112448,0.0011295928053842396,0.8665354056536493,0.0011295928053842396,0.875636586890819,0.00767873697277599,0.8665354056536493,0.0011295928053842396
evaluation,threshold,17,0.008649081587615903,-0.057776469932631636,0.8346832981497158,0.8656635484629829,0.857014466875367,0.9234400183956145,-0.03866060464526908,1.198113668616383,observed_structure,flexible_gain,observed_structure,observed_structure,0.58125,0.8699977675601879,0.5258484669358833,0.005388513517105562,0.0028398208291907437,0.8699977675601879,0.0028398208291907437,0.8797783501394956,0.0112460015282501,0.8699977675601879,0.0028398208291907437
evaluation,threshold,18,0.0069751893269383025,-0.084592168262553,0.982105444977133,0.8937199456622233,0.886744756335285,0.9783121139247763,-0.03866060464526908,1.198113668616383,observed_structure,flexible_gain,observed_structure,observed_structure,0.58125,0.8897881144843711,0.5334453589248402,0.021756883330385023,0.003943968056270489,0.8897881144843711,0.003943968056270489,0.8832714237134535,0.007562391115038639,0.8897881144843711,0.003943968056270489
evaluation,threshold,19,0.003956674828604845,-0.07516032188921173,0.7257738007015092,0.8999614183009224,0.8960047434723175,0.9751217401901341,-0.03866060464526908,1.198113668616383,base,no_signal,observed_structure,observed_structure,0.5791666666666667,0.8858338030992849,0.5349083746317488,0.023785425894529134,0.007809336384256499,0.8784993682241854,0.0019552765041752182,0.8858338030992849,0.007809336384256499,0.8784993682241854,0.0019552765041752182
evaluation,threshold,20,0.0014007316330627573,-0.07333776546423298,1.2565269508067303,0.8788025786105051,0.8774018469774424,0.9521403440747381,-0.03866060464526908,1.198113668616383,heterogeneity,cluster_signal,observed_structure,observed_structure,0.590625,0.8810282326350702,0.5287316257637007,0.01668851754742617,0.031114556744806825,0.8598664267153022,0.001677756656426555,0.8648691934616705,0.007753500420711198,0.8598664267153022,0.001677756656426555
evaluation,threshold,21,0.009347303274246266,-0.05495642969546599,0.8588151015819911,0.8414089441259106,0.8320616408516643,0.8963653738213766,-0.03866060464526908,1.198113668616383,observed_structure,flexible_gain,observed_structure,observed_structure,0.5885416666666666,0.8650828036888701,0.5168824430440033,0.007389519366662055,0.0030667105423689165,0.8650828036888701,0.0030667105423689165,0.8664512060777115,0.004793149067234378,0.8650828036888701,0.0030667105423689165
evaluation,threshold,22,0.0005780127536210156,-0.0457258455562084,0.8343888577411671,0.8421161046389511,0.8415380918853301,0.8878419501951595,-0.03866060464526908,1.198113668616383,base,no_signal,observed_structure,observed_structure,0.571875,0.8905865920325088,0.5368235135583858,0.014318015822339698,0.009902185341420271,0.8911843002430655,0.0007843359935994762,0.8905865920325088,0.009902185341420271,0.8911843002430655,0.0007843359935994762
evaluation,threshold,23,0.0027389156485817523,-0.05405599424127416,0.8670231045154959,0.8926008478839009,0.8898619322353192,0.9466568421251751,-0.03866060464526908,1.198113668616383,base,no_signal,observed_structure,observed_structure,0.596875,0.8690273193664463,0.5217879663112139,0.011572545949699817,0.006845640578699749,0.8610542652050855,0.002214026269766471,0.8690273193664463,0.006845640578699749,0.8610542652050855,0.002214026269766471
evaluation,interaction,0,0.0761861712942673,0.022073515840717484,1.0164969622939959,0.9116962299925065,0.8355100586982392,0.8896227141517891,-0.03866060464526908,1.198113668616383,observed_structure,flexible_gain,observed_structure,observed_structure,0.6354166666666666,0.8333320884095007,0.49139502713221694,0.020102836272822597,0.003780548122060688,0.8333320884095007,0.003780548122060688,0.8971833175389922,0.0949102924058763,0.8333320884095007,0.003780548122060688
evaluation,interaction,1,0.08503641169886544,0.0020489664489905524,1.2099433850060894,0.9281322093160642,0.8430957976171988,0.9260832428670737,-0.03866060464526908,1.198113668616383,unresolved,both_signals,observed_structure,observed_structure,0.5947916666666667,0.8696711049791158,0.5187626862853824,0.013970110140103343,0.08448504807297713,0.7959024821020347,0.0026363020699849142,0.8808500399152372,0.10280801692035015,0.7959024821020347,0.0026363020699849142
evaluation,interaction,2,0.07700889657385757,-0.010854392276153368,1.17994043983388,0.899947027562375,0.8229381309885174,0.9108014198385284,-0.03866060464526908,1.198113668616383,observed_structure,flexible_gain,observed_structure,observed_structure,0.6197916666666666,0.8327342451950701,0.4980720994348719,0.006845068950054057,0.005214686481663124,0.8327342451950701,0.005214686481663124,0.8838644979150255,0.11006334719180458,0.8327342451950701,0.005214686481663124
evaluation,interaction,3,0.07613929577916978,0.004621230751693628,1.1324984190593061,0.9399439178608185,0.8638046220816488,0.9353226871091249,-0.03866060464526908,1.198113668616383,observed_structure,flexible_gain,observed_structure,observed_structure,0.6302083333333334,0.8186248503914935,0.48559421384225826,0.016367090919611485,0.0028189342993143085,0.8186248503914935,0.0028189342993143085,0.9172433249614772,0.09537324773166948,0.8186248503914935,0.0028189342993143085
evaluation,interaction,4,0.08359397853763229,-0.013892828634788579,0.9786480011666381,0.8961541054128263,0.812560126875194,0.9100469340476148,-0.03866060464526908,1.198113668616383,observed_structure,flexible_gain,observed_structure,observed_structure,0.6520833333333333,0.8017034482265546,0.47896721631909805,0.0003906901699739425,0.0013848410514603953,0.8017034482265546,0.0013848410514603953,0.8954793534964204,0.09679384708636593,0.8017034482265546,0.0013848410514603953
evaluation,interaction,5,0.06907573513258913,-0.0008121166667309776,0.9073120575981427,0.8923392210122388,0.8232634858796497,0.8931513376789698,-0.03866060464526908,1.198113668616383,observed_structure,flexible_gain,observed_structure,observed_structure,0.6083333333333333,0.8377277702794198,0.510071341722433,0.0119368508900871,0.0026671984895070768,0.8377277702794198,0.0026671984895070768,0.910001388312481,0.08907039041020898,0.8377277702794198,0.0026671984895070768
evaluation,interaction,6,0.05963931073904172,-0.012705699282777205,0.8339495844709054,0.9222479417943313,0.8626086310552896,0.9349536410771085,-0.03866060464526908,1.198113668616383,observed_structure,flexible_gain,observed_structure,observed_structure,0.64375,0.8051987018480898,0.47971666704279464,0.015726788397345325,0.004318961194921826,0.8051987018480898,0.004318961194921826,0.8757524413690201,0.0991356320031645,0.8051987018480898,0.004318961194921826
evaluation,interaction,7,0.09900146955340527,0.01908803536307435,1.2001086223520943,0.9414598162215284,0.8424583466681231,0.9223717808584541,-0.03866060464526908,1.198113668616383,unresolved,both_signals,observed_structure,observed_structure,0.5885416666666666,0.8790342114830786,0.5254894970702213,0.00596170263308853,0.08244208207724536,0.8367462552485225,0.0010778050475856854,0.9020409018306473,0.11060165998805861,0.8367462552485225,0.0010778050475856854
evaluation,interaction,8,0.06583321041823031,-0.019345398369326916,0.9618957403177605,0.89006243184808,0.8242292214298497,0.9094078302174069,-0.03866060464526908,1.198113668616383,observed_structure,flexible_gain,observed_structure,observed_structure,0.615625,0.8533894006313413,0.5103654588458132,0.02499052996937165,0.004618940988449453,0.8533894006313413,0.004618940988449453,0.9318120053927081,0.08130792876976463,0.8533894006313413,0.004618940988449453
evaluation,interaction,9,0.07932279483306182,0.0002022604622774482,1.0739133953920554,0.8986706690716912,0.8193478742386294,0.8984684086094138,-0.03866060464526908,1.198113668616383,observed_structure,flexible_gain,observed_structure,observed_structure,0.5916666666666667,0.848923196244235,0.5102722112958669,0.01238269571518114,0.004305575609795826,0.848923196244235,0.004305575609795826,0.9107423769974675,0.1095909781034746,0.848923196244235,0.004305575609795826
evaluation,interaction,10,0.09123355264625488,0.016129644297075973,0.9716517377214979,0.9006132146676135,0.8093796620213586,0.8844835703705375,-0.03866060464526908,1.198113668616383,observed_structure,flexible_gain,observed_structure,observed_structure,0.6041666666666666,0.8592610268038928,0.5126442926553304,0.025448944387469676,0.0011627527359048442,0.8592610268038928,0.0011627527359048442,0.9352238807092903,0.09066234073991039,0.8592610268038928,0.0011627527359048442
evaluation,interaction,11,0.06327006229337206,-0.014464582913386037,1.0310507093185046,0.8673690032855167,0.8040989409921446,0.8818335861989027,-0.03866060464526908,1.198113668616383,observed_structure,flexible_gain,observed_structure,observed_structure,0.6,0.8420363196019875,0.5062165373221004,0.027825390692060147,0.004611984802815408,0.8420363196019875,0.004611984802815408,0.9134656822367963,0.09569753425307106,0.8420363196019875,0.004611984802815408
evaluation,interaction,12,0.07322028123963509,0.023568193509006297,1.0939413886163407,0.8890829265565869,0.8158626453169519,0.8655147330475806,-0.03866060464526908,1.198113668616383,observed_structure,flexible_gain,observed_structure,observed_structure,0.6010416666666667,0.8212280989290562,0.49806479899666595,0.009119594542047551,0.0024368115367997623,0.8212280989290562,0.0024368115367997623,0.9147791727430137,0.100728431738048,0.8212280989290562,0.0024368115367997623
evaluation,interaction,13,0.06444077057866793,0.02430855611975724,0.913854291130519,0.904861784696599,0.840421014117931,0.8805532285768417,-0.03866060464526908,1.198113668616383,observed_structure,flexible_gain,observed_structure,observed_structure,0.61875,0.838089170587195,0.5020770416668547,0.018701556585498942,0.005228745787213936,0.838089170587195,0.005228745787213936,0.890385857703331,0.07763807290073518,0.838089170587195,0.005228745787213936
evaluation,interaction,14,0.06846067351943552,-0.029604094885094412,0.8262866017244027,0.9129151921567598,0.8444545186373242,0.9425192870418542,-0.03866060464526908,1.198113668616383,observed_structure,flexible_gain,observed_structure,observed_structure,0.6166666666666667,0.8145770955226846,0.4875049181531557,0.005634509730609321,0.002958768467242891,0.8145770955226846,0.002958768467242891,0.8921583579470692,0.09582315848807918,0.8145770955226846,0.002958768467242891
evaluation,interaction,15,0.08017955242168251,-0.03135281169182902,1.1050349150152314,0.884057255438207,0.8038777030165245,0.915410067130036,-0.03866060464526908,1.198113668616383,observed_structure,flexible_gain,observed_structure,observed_structure,0.5979166666666667,0.8703434050895785,0.5168330646364783,0.01822897988571242,0.003770877786531232,0.8703434050895785,0.003770877786531232,0.9463807859905039,0.09039626938775977,0.8703434050895785,0.003770877786531232
evaluation,interaction,16,0.07733783687561813,0.004180177745182312,1.0222342418811032,0.9327746481097764,0.8554368112341583,0.9285944703645941,-0.03866060464526908,1.198113668616383,observed_structure,flexible_gain,observed_structure,observed_structure,0.578125,0.8936978970204492,0.5355165881406746,0.016549990723717448,0.002254137946399041,0.8936978970204492,0.002254137946399041,0.9541105239857146,0.10545482751189271,0.8936978970204492,0.002254137946399041
evaluation,interaction,17,0.08341154137736151,-0.011774927562857695,1.1980311735924338,0.9081455564568475,0.824734015079486,0.9199204840197052,-0.03866060464526908,1.198113668616383,observed_structure,flexible_gain,observed_structure,observed_structure,0.6239583333333333,0.8317891974103184,0.4950025821323106,0.009752581531550402,0.0029149286811240146,0.8317891974103184,0.0029149286811240146,0.9078013438254292,0.08600065717534774,0.8317891974103184,0.0029149286811240146
evaluation,interaction,18,0.058711108501290465,-0.0013961871606528176,1.124335216799908,0.8974704700138394,0.8387593615125489,0.8988666571744922,-0.03866060464526908,1.198113668616383,observed_structure,flexible_gain,observed_structure,observed_structure,0.5989583333333334,0.8512806340206888,0.5090048453544233,0.020009160241451048,0.002981801900215773,0.8512806340206888,0.002981801900215773,0.9352972756952042,0.10122153986658575,0.8512806340206888,0.002981801900215773
evaluation,interaction,19,0.08585039489229318,0.01014866669843828,1.0353330896594162,0.8914568430713505,0.8056064481790574,0.8813081763729123,-0.03866060464526908,1.198113668616383,observed_structure,flexible_gain,observed_structure,observed_structure,0.5979166666666667,0.84331740843794,0.50723286920825,0.0036095113484510524,0.0028454809985359844,0.84331740843794,0.0028454809985359844,0.9152455435305196,0.09145203831086016,0.84331740843794,0.0028454809985359844
evaluation,interaction,20,0.08223186104564917,0.006234986186186009,1.0476668096334478,0.8951464937751804,0.8129146327295312,0.8889115075889944,-0.03866060464526908,1.198113668616383,observed_structure,flexible_gain,observed_structure,observed_structure,0.60625,0.8485879436606444,0.510052307710554,0.02143467746477527,0.002415522656378594,0.8485879436606444,0.002415522656378594,0.923268177148209,0.10747564197590215,0.8485879436606444,0.002415522656378594
evaluation,interaction,21,0.06261704347267527,-0.00856995165395913,1.029598857367354,0.9182597211028203,0.855642677630145,0.9268296727567794,-0.03866060464526908,1.198113668616383,observed_structure,flexible_gain,observed_structure,observed_structure,0.6239583333333333,0.8412434123422834,0.5080307184933999,0.023219349343504888,0.0012041808929749043,0.8412434123422834,0.0012041808929749043,0.9135880026785567,0.08506120600356253,0.8412434123422834,0.0012041808929749043
evaluation,interaction,22,0.08848298773518926,0.010586491301565415,0.6525803269353418,0.8910069492336199,0.8025239614984306,0.8804204579320545,-0.03866060464526908,1.198113668616383,observed_structure,flexible_gain,observed_structure,observed_structure,0.6104166666666667,0.8316050366077119,0.5015362043445456,0.018385045228021892,0.002298488748908393,0.8316050366077119,0.002298488748908393,0.908474441870475,0.10052927080980448,0.8316050366077119,0.002298488748908393
evaluation,interaction,23,0.1041469811104494,0.003009373456428599,0.8757935523589104,0.9456494680659764,0.841502486955527,0.9426400946095478,-0.03866060464526908,1.198113668616383,observed_structure,flexible_gain,observed_structure,observed_structure,0.6208333333333333,0.8277238891478601,0.4981044316164038,0.007762990255915759,0.0029627613050091494,0.8277238891478601,0.0029627613050091494,0.9033039655087388,0.0986929193311461,0.8277238891478601,0.0029627613050091494
evaluation,heterogeneity,0,-0.0008810593458031812,-0.07956266910984322,1.4343940968430626,0.898141927507104,0.8990229868529072,0.9777045966169472,-0.03866060464526908,1.198113668616383,heterogeneity,cluster_signal,heterogeneity,base,0.54375,0.9336574694687558,0.5630035954312511,0.02629813912596571,0.06018318647310806,0.9336081913511277,0.05588103449985256,0.9336081913511277,0.05588103449985256,0.9323463643704718,0.05782339006296485
evaluation,heterogeneity,1,-0.0006506403472048561,-0.05656486648724679,1.5953025839323323,0.9460126377787016,0.9466632781259064,1.0025775042659484,-0.03866060464526908,1.198113668616383,heterogeneity,cluster_signal,heterogeneity,base,0.5604166666666667,0.9312986651663002,0.5592380305857024,0.011533764592766862,0.06847693514513768,0.9243659163415139,0.058756779239466685,0.9243659163415139,0.058756779239466685,0.9238018845222713,0.055483927499688876
evaluation,heterogeneity,2,-0.0008527267871858424,-0.05067258893967552,1.7675070148021843,0.930997790563647,0.9318505173508328,0.9816703795033225,-0.03866060464526908,1.198113668616383,heterogeneity,cluster_signal,heterogeneity,base,0.5572916666666666,0.9292722580832724,0.5597477502406113,0.013944079664321103,0.07343606712370408,0.9240333299562719,0.07994887961456948,0.9240333299562719,0.07994887961456948,0.9248009617735209,0.07368846590964234
evaluation,heterogeneity,3,0.00018770697690473348,-0.042137546637056045,1.8684715861879515,0.9320392824613118,0.9318515754844071,0.9741768290983679,-0.03866060464526908,1.198113668616383,heterogeneity,cluster_signal,heterogeneity,observed_structure,0.590625,0.8884855031016488,0.5342526426528326,0.018582814442143054,0.05506533105440218,0.8738341180283875,0.05107564117880902,0.874667714883936,0.05283080001131597,0.8738341180283875,0.05107564117880902
evaluation,heterogeneity,4,-0.0002551693531974708,-0.08445156791502872,1.9582654027579454,0.92446268414251,0.9247178534957075,1.0089142520575387,-0.03866060464526908,1.198113668616383,heterogeneity,cluster_signal,heterogeneity,base,0.553125,0.9352545231354025,0.5623017711069527,0.009304430815632345,0.05511958470875363,0.9293227199467754,0.05146087232256496,0.9293227199467754,0.05146087232256496,0.9271963540236304,0.049694969053524767
evaluation,heterogeneity,5,-0.0016809130033552666,-0.05058635382279686,1.4671429378355287,0.9226388672843849,0.9243197802877402,0.9732252211071818,-0.03866060464526908,1.198113668616383,heterogeneity,cluster_signal,heterogeneity,base,0.5354166666666667,0.9464440417746831,0.5706612533118728,0.011549175972504114,0.06675418279889422,0.9437177207796092,0.05949467935704241,0.9437177207796092,0.05949467935704241,0.9417678136895701,0.0710500912333614
evaluation,heterogeneity,6,-0.007492938141182792,-0.05966727246668413,1.8664978103754024,0.9073469487939135,0.9148398869350963,0.9670142212605977,-0.03866060464526908,1.198113668616383,heterogeneity,cluster_signal,heterogeneity,base,0.5583333333333333,0.9528946898925578,0.5724862106993774,0.013123921921390759,0.07639878809267632,0.9511923190572956,0.0720840922128206,0.9511923190572956,0.0720840922128206,0.9530432072348441,0.07140640535467319
evaluation,heterogeneity,7,-0.003044945266914012,-0.058602068708084376,2.1637980164155213,0.9364726893484688,0.9395176346153828,0.9950747580565532,-0.03866060464526908,1.198113668616383,heterogeneity,cluster_signal,heterogeneity,base,0.5666666666666667,0.9131956255906021,0.5496089436162739,0.018328754021455805,0.06407989226016182,0.906982529672451,0.06212821889438795,0.906982529672451,0.06212821889438795,0.9100092740928442,0.0645712657439706
evaluation,heterogeneity,8,-0.0002519561800780057,-0.08494280044831493,1.4069723409485235,0.9284441105166553,0.9286960666967333,1.0133869109649702,-0.03866060464526908,1.198113668616383,heterogeneity,cluster_signal,heterogeneity,base,0.5604166666666667,0.9271513236314289,0.5573280904658692,0.004407558920863289,0.07457475299376776,0.9217493681649599,0.06922721834517984,0.9217493681649599,0.06922721834517984,0.9214679242392007,0.06850073431018343
evaluation,heterogeneity,9,0.0024289615841672774,-0.06290468490762591,1.6816379405854835,0.9237078426885891,0.9212788811044218,0.986612527596215,-0.03866060464526908,1.198113668616383,heterogeneity,cluster_signal,heterogeneity,observed_structure,0.5208333333333334,0.9427158586612632,0.5686782296398609,0.008758579392842924,0.10169047763549438,0.9407547722727309,0.09211988398951429,0.9396510765450139,0.09526481186535876,0.9407547722727309,0.09211988398951429
evaluation,heterogeneity,10,-0.0019971436912255003,-0.06034237032912271,1.7416585716788089,0.9209529306303973,0.9229500743216228,0.98129530095952,-0.03866060464526908,1.198113668616383,heterogeneity,cluster_signal,heterogeneity,base,0.565625,0.9245354728776455,0.5567432519094525,0.014138909250412881,0.059636510916297736,0.9169714658282762,0.05454333529409192,0.9169714658282762,0.05454333529409192,0.9152081149814913,0.053919206890453056
evaluation,heterogeneity,11,-0.0007221768982149657,-0.05219931212396223,1.5579894163744887,0.9245796188128194,0.9253017957110343,0.9767789309367816,-0.03866060464526908,1.198113668616383,heterogeneity,cluster_signal,heterogeneity,base,0.5458333333333333,0.919514305405027,0.5541684311558782,0.02171830312389983,0.09657709227574926,0.909756421528627,0.07406608236364194,0.909756421528627,0.07406608236364194,0.9082753486250498,0.0741178881647899
evaluation,heterogeneity,12,-0.0027105258280518685,-0.06952375959215096,1.9483937178963862,0.9355771909402146,0.9382877167682665,1.0051009505323656,-0.03866060464526908,1.198113668616383,heterogeneity,cluster_signal,heterogeneity,base,0.5541666666666667,0.9299414778832119,0.5592463173142913,0.012535491309291862,0.06512595697992236,0.9208730137565887,0.06016885643901395,0.9208730137565887,0.06016885643901395,0.9208096941354337,0.05599812602751497
evaluation,heterogeneity,13,-0.0011779877244045833,-0.05151253470221484,1.7895612088944752,0.9619188621537574,0.963096849878162,1.0134313968559723,-0.03866060464526908,1.198113668616383,heterogeneity,cluster_signal,heterogeneity,base,0.55,0.9475417022391592,0.5706149666720111,0.007118841319629147,0.07415104014459291,0.9443270452576373,0.0651089125822429,0.9443270452576373,0.0651089125822429,0.9464680432668188,0.061696917336371594
evaluation,heterogeneity,14,-0.0024623863606938468,-0.08240226470404743,1.5899401187020064,0.9200549189163107,0.9225173052770046,1.0024571836203582,-0.03866060464526908,1.198113668616383,heterogeneity,cluster_signal,heterogeneity,base,0.5510416666666667,0.9385205725731052,0.5661569258236104,0.015792192755332547,0.06958651671644048,0.9328570652407445,0.06631028164788098,0.9328570652407445,0.06631028164788098,0.9288510665761716,0.06386003791473986
evaluation,heterogeneity,15,-0.002883443954443954,-0.08654075348148438,2.3261518320595056,0.9303099061289857,0.9331933500834296,1.01685065961047,-0.03866060464526908,1.198113668616383,heterogeneity,cluster_signal,heterogeneity,base,0.5625,0.9257146286465622,0.5559983525134518,0.020883521006447952,0.06999246224033814,0.9193925535092748,0.06235123507877914,0.9193925535092748,0.06235123507877914,0.9200724940836802,0.06039934803231491
evaluation,heterogeneity,16,-0.0024806693185019935,-0.07172484584304573,2.1528095630185997,0.915419834661498,0.91790050398,0.9871446805045437,-0.03866060464526908,1.198113668616383,heterogeneity,cluster_signal,heterogeneity,base,0.5583333333333333,0.9285089664943997,0.558102568981522,0.007142826846164026,0.07995858511881536,0.9227703306892091,0.06558375953852547,0.9227703306892091,0.06558375953852547,0.9217039949892752,0.061215913718586076
evaluation,heterogeneity,17,0.0009918081331956596,-0.07137300603023333,1.5197386818315917,0.9386089028448787,0.9376170947116831,1.009981908875112,-0.03866060464526908,1.198113668616383,heterogeneity,cluster_signal,heterogeneity,observed_structure,0.5322916666666667,0.9354138152831805,0.567432135242188,0.013004026534877025,0.07055606200748636,0.9310835904400371,0.05590344660212749,0.9289071560784633,0.061025631643600406,0.9310835904400371,0.05590344660212749
evaluation,heterogeneity,18,-0.003863772840252633,-0.08136889701554695,1.588830549736787,0.9222692939042388,0.9261330667444915,1.0036381909197858,-0.03866060464526908,1.198113668616383,heterogeneity,cluster_signal,heterogeneity,base,0.5479166666666667,0.9435931426992762,0.567221117155944,0.022189201783931828,0.07795726828613597,0.9397075719080971,0.06577784394058177,0.9397075719080971,0.06577784394058177,0.9418027700213227,0.06788092752695482
evaluation,heterogeneity,19,-0.0022399150093109776,-0.06091637782561987,1.3395769761754177,0.9216021261308567,0.9238420411401677,0.9825185039564766,-0.03866060464526908,1.198113668616383,heterogeneity,cluster_signal,heterogeneity,base,0.575,0.9161448945316937,0.549451544186932,0.010451421999259802,0.06124621633971284,0.9113943397435935,0.057004746346862714,0.9113943397435935,0.057004746346862714,0.9096457533346229,0.06418135638707989
evaluation,heterogeneity,20,-0.0044462440463647335,-0.0384449430783943,1.6977915480781738,0.9238008095626067,0.9282470536089714,0.962245752641001,-0.03866060464526908,1.198113668616383,unresolved,both_signals,heterogeneity,base,0.5010416666666667,1.0092062777112762,0.6132636246901375,0.028072305987267773,0.13106707967189582,0.9500495115192613,0.06844186283417487,0.9500495115192613,0.06844186283417487,0.9517952256866214,0.06182355701280821
evaluation,heterogeneity,21,0.0007799701681463489,-0.06816714655758627,1.669574290551443,0.9144742090546937,0.9136942388865473,0.9826413556122799,-0.03866060464526908,1.198113668616383,heterogeneity,cluster_signal,heterogeneity,observed_structure,0.571875,0.9159685175591938,0.550203030475089,0.013803541112475051,0.09242895162288199,0.9075911840836138,0.08233259859794914,0.9076233398725958,0.07911277362602769,0.9075911840836138,0.08233259859794914
evaluation,heterogeneity,22,-0.002724957599447908,-0.0622590052291796,1.5924737693901345,0.9231834112150662,0.9259083688145141,0.9854424164442458,-0.03866060464526908,1.198113668616383,heterogeneity,cluster_signal,heterogeneity,base,0.5583333333333333,0.9287301401093214,0.5572242742795653,0.004590854208941903,0.06952379738398821,0.9230937827359791,0.05809097300926169,0.9230937827359791,0.05809097300926169,0.92584603055961,0.046564018379540856
evaluation,heterogeneity,23,-0.00826622018359846,-0.07559638715079564,1.9362378498877588,0.9119396331650135,0.9202058533486119,0.9875360203158091,-0.03866060464526908,1.198113668616383,heterogeneity,cluster_signal,heterogeneity,base,0.5375,0.9464542967148561,0.570544253239408,0.019556836517295166,0.08505073786826486,0.943736387580943,0.08314315085667469,0.943736387580943,0.08314315085667469,0.943493932188519,0.08234765161287234
evaluation,nonlinear_threshold,0,0.09403362434458462,0.028182079405812965,0.7430298274190454,0.8844033700885329,0.7903697457439482,0.8562212906827199,-0.03866060464526908,1.198113668616383,observed_structure,flexible_gain,observed_structure,observed_structure,0.65,0.7775123136169948,0.465069616892159,0.025497020579759336,0.0014429866556805572,0.7775123136169948,0.0014429866556805572,0.878834892496365,0.1167055011272034,0.7775123136169948,0.0014429866556805572
evaluation,nonlinear_threshold,1,0.07063503739200272,0.005768843277603963,0.897210167956975,0.8439034078443771,0.7732683704523744,0.8381345645667732,-0.03866060464526908,1.198113668616383,observed_structure,flexible_gain,observed_structure,observed_structure,0.60625,0.7957031555144832,0.484684138350114,0.02484909219198423,0.002943936563195124,0.7957031555144832,0.002943936563195124,0.8876948301375134,0.0987291456542562,0.7957031555144832,0.002943936563195124
evaluation,nonlinear_threshold,2,0.09854315591683338,0.041525619931474744,0.6525972611892417,0.8637206631774471,0.7651775072606137,0.8221950432459724,-0.03866060464526908,1.198113668616383,observed_structure,flexible_gain,observed_structure,observed_structure,0.646875,0.7882571803912304,0.47342257189281167,0.007917249963516644,0.0021543246604097425,0.7882571803912304,0.0021543246604097425,0.8818694407583789,0.11600503859027264,0.7882571803912304,0.0021543246604097425
evaluation,nonlinear_threshold,3,0.09116514145271548,0.01436651537818412,0.8079679730834018,0.8735149428631094,0.7823498014103939,0.8591484274849253,-0.03866060464526908,1.198113668616383,observed_structure,flexible_gain,observed_structure,observed_structure,0.640625,0.7751762325000477,0.4682867821961226,0.005573218292993664,0.0018585007003640579,0.7751762325000477,0.0018585007003640579,0.8833904206311182,0.11029114153694758,0.7751762325000477,0.0018585007003640579
evaluation,nonlinear_threshold,4,0.09499299507453907,0.014010438960925464,0.8708735660134552,0.8779327246627463,0.7829397295882072,0.8639222857018208,-0.03866060464526908,1.198113668616383,observed_structure,flexible_gain,observed_structure,observed_structure,0.634375,0.7798830840382573,0.470774104749114,0.009962798383654587,0.0019116155967113051,0.7798830840382573,0.0019116155967113051,0.8651105948377603,0.09730804028234526,0.7798830840382573,0.0019116155967113051
evaluation,nonlinear_threshold,5,0.08556168183353896,0.016473434471838577,0.9160341391112404,0.8522251857724622,0.7666635039389232,0.8357517513006236,-0.03866060464526908,1.198113668616383,observed_structure,flexible_gain,observed_structure,observed_structure,0.6302083333333334,0.8024621999759004,0.4828897325052918,0.006278783178478774,0.0034135865192338817,0.8024621999759004,0.0034135865192338817,0.8757721436703371,0.09439571425128858,0.8024621999759004,0.0034135865192338817
evaluation,nonlinear_threshold,6,0.10457644259110188,0.025334755426728917,0.779362555063553,0.8564584665226208,0.7518820239315189,0.8311237110958919,-0.03866060464526908,1.198113668616383,observed_structure,flexible_gain,observed_structure,observed_structure,0.634375,0.7773406078451671,0.4737381060519714,0.026160937524210615,0.004954082378789736,0.7773406078451671,0.004954082378789736,0.8738113768967312,0.10607204396536293,0.7773406078451671,0.004954082378789736
evaluation,nonlinear_threshold,7,0.10188568974116852,0.027863986557077003,0.8015030065489132,0.9000958898329555,0.798210200091787,0.8722319032758785,-0.03866060464526908,1.198113668616383,observed_structure,flexible_gain,observed_structure,observed_structure,0.6270833333333333,0.7795083515273475,0.47067706394590136,0.017495124437947523,0.0008242037657768274,0.7795083515273475,0.0008242037657768274,0.8774355992253303,0.08493170783197511,0.7795083515273475,0.0008242037657768274
evaluation,nonlinear_threshold,8,0.0924520260341194,0.02690443077416005,1.2138884219704171,0.8595919605825171,0.7671399345483977,0.832687529808357,-0.03866060464526908,1.198113668616383,unresolved,both_signals,observed_structure,observed_structure,0.6041666666666666,0.8677513110668902,0.5175750524397303,0.018458449604886625,0.05745295655199311,0.8150884702481663,0.0012563131355985016,0.8851359639284772,0.1077618558594337,0.8150884702481663,0.0012563131355985016
evaluation,nonlinear_threshold,9,0.09660320118168042,0.027610201402807344,0.6354862294789265,0.8763665346987294,0.779763333517049,0.848756333295922,-0.03866060464526908,1.198113668616383,observed_structure,flexible_gain,observed_structure,observed_structure,0.6541666666666667,0.7478404934607027,0.45139319837119724,0.010539327589744393,0.002605717421957222,0.7478404934607027,0.002605717421957222,0.8660407269424084,0.10196807847352854,0.7478404934607027,0.002605717421957222
evaluation,nonlinear_threshold,10,0.08829260660600935,0.05068099173763063,0.7740518038349393,0.8614009089323496,0.7731083023263402,0.8107199171947189,-0.03866060464526908,1.198113668616383,observed_structure,flexible_gain,observed_structure,observed_structure,0.671875,0.7350505451644497,0.4406705767214992,0.012310117423907673,0.0005310109637133328,0.7350505451644497,0.0005310109637133328,0.8535794747241601,0.08759055041212734,0.7350505451644497,0.0005310109637133328
evaluation,nonlinear_threshold,11,0.10677552856670558,0.011622752091383526,1.0253811583496322,0.9059660101187974,0.7991904815520918,0.8943432580274139,-0.03866060464526908,1.198113668616383,observed_structure,flexible_gain,observed_structure,observed_structure,0.6541666666666667,0.7600763128153875,0.4582600952988878,0.0030761592274181323,0.0012489177616635734,0.7600763128153875,0.0012489177616635734,0.8635407664988788,0.10055239666584773,0.7600763128153875,0.0012489177616635734
evaluation,nonlinear_threshold,12,0.06367663570813209,-0.008638084407563862,0.8985327054067743,0.859172064954322,0.7954954292461899,0.8678101493618858,-0.03866060464526908,1.198113668616383,observed_structure,flexible_gain,observed_structure,observed_structure,0.6177083333333333,0.7999665871572526,0.4859597996968893,0.008292380766372287,0.001776677326100636,0.7999665871572526,0.001776677326100636,0.8974243530717543,0.11186747201823843,0.7999665871572526,0.001776677326100636
evaluation,nonlinear_threshold,13,0.10333490158540437,0.0317201967284767,0.9502116151249004,0.8772356539892849,0.7739007524038806,0.8455154572608082,-0.03866060464526908,1.198113668616383,observed_structure,flexible_gain,observed_structure,observed_structure,0.6635416666666667,0.7506998042247995,0.44983134790063356,0.0014561308285740084,0.0017898982920808847,0.7506998042247995,0.0017898982920808847,0.8523527745166227,0.10538395852685613,0.7506998042247995,0.0017898982920808847
evaluation,nonlinear_threshold,14,0.09090245675636566,-0.0011187857453953676,0.8627716411051151,0.8780141676100188,0.7871117108536532,0.8791329533554142,-0.03866060464526908,1.198113668616383,observed_structure,flexible_gain,observed_structure,observed_structure,0.6447916666666667,0.7606299594723981,0.4550680382286824,0.009759644481198707,0.00140279923139972,0.7606299594723981,0.00140279923139972,0.8556763590177908,0.11201674914611465,0.7606299594723981,0.00140279923139972
evaluation,nonlinear_threshold,15,0.11628421392676813,0.07509459066489388,0.7180154421501966,0.874041530127812,0.7577573162010439,0.7989469394629182,-0.03866060464526908,1.198113668616383,observed_structure,flexible_gain,observed_structure,observed_structure,0.65625,0.7431289208008145,0.4505799958986744,0.010467079073995071,0.0007933434902585649,0.7431289208008145,0.0007933434902585649,0.8351259402801684,0.09473599475523324,0.7431289208008145,0.0007933434902585649
evaluation,nonlinear_threshold,16,0.09995800315276937,0.02676074168654441,0.678102485431407,0.9017678206530825,0.8018098175003131,0.8750070789665381,-0.03866060464526908,1.198113668616383,observed_structure,flexible_gain,observed_structure,observed_structure,0.6541666666666667,0.7715920817032252,0.4647843021339513,0.030155130106785825,0.0008647759089005329,0.7715920817032252,0.0008647759089005329,0.8754970875819336,0.1240527391105714,0.7715920817032252,0.0008647759089005329
evaluation,nonlinear_threshold,17,0.07354159212114297,0.01054966388416978,0.796449483654731,0.8648776241873997,0.7913360320662567,0.8543279603032299,-0.03866060464526908,1.198113668616383,observed_structure,flexible_gain,observed_structure,observed_structure,0.6385416666666667,0.7833450972558375,0.4722026010959788,0.01458251041714593,0.0008347600037222734,0.7833450972558375,0.0008347600037222734,0.8677371757196303,0.10821062619533842,0.7833450972558375,0.0008347600037222734
evaluation,nonlinear_threshold,18,0.11452218769688749,0.052354821946061114,0.6759370316263994,0.8826016308637957,0.7680794431669082,0.8302468089177346,-0.03866060464526908,1.198113668616383,observed_structure,flexible_gain,observed_structure,observed_structure,0.640625,0.7891005476669082,0.4744872192241697,0.011441940336556124,0.0009847151296682995,0.7891005476669082,0.0009847151296682995,0.8881029498402022,0.08779222219315501,0.7891005476669082,0.0009847151296682995
evaluation,nonlinear_threshold,19,0.10159307725571898,0.014104263512551674,0.7192901837363346,0.8738986176252848,0.7723055403695658,0.8597943541127331,-0.03866060464526908,1.198113668616383,observed_structure,flexible_gain,observed_structure,observed_structure,0.6572916666666667,0.7594741959663353,0.45251435588166916,0.013665344987866573,0.0020374275397909794,0.7594741959663353,0.0020374275397909794,0.8782684843520943,0.1323735713697974,0.7594741959663353,0.0020374275397909794
evaluation,nonlinear_threshold,20,0.09619613527267268,0.058767400671508985,0.9970272183516262,0.8472939493671341,0.7510978140944614,0.7885265486956251,-0.03866060464526908,1.198113668616383,observed_structure,flexible_gain,observed_structure,observed_structure,0.6,0.830583104405934,0.5021292773938458,0.02308291463198655,0.002522943803959569,0.830583104405934,0.002522943803959569,0.910492580904102,0.12825504273316335,0.830583104405934,0.002522943803959569
evaluation,nonlinear_threshold,21,0.11097144784374746,0.05688487874895931,0.9301496775665552,0.884001455303967,0.7730300074602195,0.8271165765550077,-0.03866060464526908,1.198113668616383,observed_structure,flexible_gain,observed_structure,observed_structure,0.646875,0.7886382846235365,0.47591716789073796,0.026004113849732516,0.002912176559515044,0.7886382846235365,0.002912176559515044,0.8799922483536942,0.10322796933793352,0.7886382846235365,0.002912176559515044
evaluation,nonlinear_threshold,22,0.09615561493805991,0.011351256320588754,0.8662544538573194,0.8772055775194869,0.781049962581427,0.8658543211988982,-0.03866060464526908,1.198113668616383,observed_structure,flexible_gain,observed_structure,observed_structure,0.6479166666666667,0.7818607317620444,0.46348916819379676,0.01665200022901434,0.0010914672618667627,0.7818607317620444,0.0010914672618667627,0.8746260672117824,0.11117765097963064,0.7818607317620444,0.0010914672618667627
evaluation,nonlinear_threshold,23,0.09433658394150268,0.020369784758788922,0.7988649223257845,0.8613289816493546,0.7669923977078519,0.8409591968905656,-0.03866060464526908,1.198113668616383,observed_structure,flexible_gain,observed_structure,observed_structure,0.640625,0.7679368108022928,0.4603046062693175,0.016654027232775596,0.0030308038213267842,0.7679368108022928,0.0030308038213267842,0.8673643211803875,0.11189395368356718,0.7679368108022928,0.0030308038213267842
evaluation,nonlinear_interaction,0,0.1507528378554106,0.07054874016622414,0.8009235620032602,0.9031024499488097,0.7523496120933991,0.8325537097825856,-0.03866060464526908,1.198113668616383,observed_structure,flexible_gain,observed_structure,observed_structure,0.690625,0.7210863201913507,0.42679140506190677,0.015160607263029223,0.0021541568579298604,0.7210863201913507,0.0021541568579298604,0.8797625090896369,0.20033517059170128,0.7210863201913507,0.0021541568579298604
evaluation,nonlinear_interaction,1,0.15882148649130723,0.0702604224149671,0.6337044435730955,0.897546704658763,0.7387252181674557,0.8272862822437959,-0.03866060464526908,1.198113668616383,observed_structure,flexible_gain,observed_structure,observed_structure,0.6385416666666667,0.758353643829554,0.45105497284111423,0.01977156288739093,0.0018442794516406974,0.758353643829554,0.0018442794516406974,0.9216342136958412,0.14656993360069168,0.758353643829554,0.0018442794516406974
evaluation,nonlinear_interaction,2,0.15650817026488162,0.06184957736101071,1.1308199972854094,0.9283409453971632,0.7718327751322815,0.8664913680361525,-0.03866060464526908,1.198113668616383,observed_structure,flexible_gain,observed_structure,observed_structure,0.6583333333333333,0.7381451318442522,0.43809174577769683,0.004643982682725022,0.0036936471840051488,0.7381451318442522,0.0036936471840051488,0.8944525183343414,0.17235644594681285,0.7381451318442522,0.0036936471840051488
evaluation,nonlinear_interaction,3,0.16740114067198408,0.09520108364506896,0.9446538905504797,0.9231524483108698,0.7557513076388858,0.8279513646658009,-0.03866060464526908,1.198113668616383,observed_structure,flexible_gain,observed_structure,observed_structure,0.634375,0.7734978370312801,0.467226667559432,0.020310483678491104,0.0010983504434651976,0.7734978370312801,0.0010983504434651976,0.9137018889744292,0.17615420199040022,0.7734978370312801,0.0010983504434651976
evaluation,nonlinear_interaction,4,0.15157816090557763,0.042066398606852684,0.8502130167154275,0.9008274219785422,0.7492492610729645,0.8587610233716895,-0.03866060464526908,1.198113668616383,observed_structure,flexible_gain,observed_structure,observed_structure,0.675,0.7405632560370249,0.4401131237463364,0.01424190273437919,0.0018309562279575948,0.7405632560370249,0.0018309562279575948,0.8983236601848048,0.18653075367219488,0.7405632560370249,0.0018309562279575948
evaluation,nonlinear_interaction,5,0.14293694731933282,0.07369785159322562,1.117897617402305,0.90195874213858,0.7590217948192471,0.8282608905453543,-0.03866060464526908,1.198113668616383,observed_structure,flexible_gain,observed_structure,observed_structure,0.6708333333333333,0.7492359483377827,0.4468035154701357,0.013131457122298226,0.002613172460663011,0.7492359483377827,0.002613172460663011,0.8900556223719517,0.17799892737594625,0.7492359483377827,0.002613172460663011
evaluation,nonlinear_interaction,6,0.1778341334595368,0.12121423090627848,1.1232804017134346,0.9346178091394819,0.7567836756799451,0.8134035782332034,-0.03866060464526908,1.198113668616383,observed_structure,flexible_gain,observed_structure,observed_structure,0.6510416666666666,0.7673029438211283,0.4613967326139081,0.008913162813967269,0.0033243733313157147,0.7673029438211283,0.0033243733313157147,0.8735360739707203,0.157907721144442,0.7673029438211283,0.0033243733313157147
evaluation,nonlinear_interaction,7,0.15461686708728528,0.08051677969567783,0.886050201455145,0.890114540075458,0.7354976729881727,0.8095977603797802,-0.03866060464526908,1.198113668616383,observed_structure,flexible_gain,observed_structure,observed_structure,0.6489583333333333,0.7573159684635333,0.4555485436954932,0.008272886049755682,0.00373641508723302,0.7573159684635333,0.00373641508723302,0.9129620908539289,0.22212023797081729,0.7573159684635333,0.00373641508723302
evaluation,nonlinear_interaction,8,0.16731832582826855,0.07977197439164374,0.711086976653204,0.8927878037689988,0.7254694779407302,0.8130158293773551,-0.03866060464526908,1.198113668616383,observed_structure,flexible_gain,observed_structure,observed_structure,0.6541666666666667,0.7512204478479017,0.4525899744404603,0.009588076885222185,0.003016293044546256,0.7512204478479017,0.003016293044546256,0.893273281831694,0.15836006009132356,0.7512204478479017,0.003016293044546256
evaluation,nonlinear_interaction,9,0.14839743077694312,0.0753267856680151,0.9964856103756706,0.9018215689235267,0.7534241381465836,0.8264947832555116,-0.03866060464526908,1.198113668616383,observed_structure,flexible_gain,observed_structure,observed_structure,0.6614583333333334,0.7768466383770601,0.4628431892483876,0.005650548416202448,0.0015684724837736748,0.7768466383770601,0.0015684724837736748,0.910553567764136,0.14503314200013587,0.7768466383770601,0.0015684724837736748
evaluation,nonlinear_interaction,10,0.12468446119407539,0.027081505671630257,0.7886294630125202,0.9209548465983107,0.7962703854042353,0.8938733409266805,-0.03866060464526908,1.198113668616383,observed_structure,flexible_gain,observed_structure,observed_structure,0.6385416666666667,0.7767923310009366,0.4659602958707835,0.01120794611328474,0.0025850557021914436,0.7767923310009366,0.0025850557021914436,0.9064010039294466,0.17715097970848526,0.7767923310009366,0.0025850557021914436
evaluation,nonlinear_interaction,11,0.1585559560607962,0.07507255326815454,0.8099261237660667,0.9122265142568067,0.7536705581960105,0.8371539609886521,-0.03866060464526908,1.198113668616383,observed_structure,flexible_gain,observed_structure,observed_structure,0.659375,0.7467586230638161,0.44583487697937857,0.031166466183793932,0.0027408501341130986,0.7467586230638161,0.0027408501341130986,0.9126006602451303,0.15055970617930559,0.7467586230638161,0.0027408501341130986
evaluation,nonlinear_interaction,12,0.14187178786921484,0.06308064032283445,1.0655719784436752,0.8852458909194388,0.743374103050224,0.8221652505966044,-0.03866060464526908,1.198113668616383,observed_structure,flexible_gain,observed_structure,observed_structure,0.6760416666666667,0.7296622957731994,0.4365745827354785,0.011896607838188784,0.001937242579837505,0.7296622957731994,0.001937242579837505,0.8605523579961295,0.14727082786148155,0.7296622957731994,0.001937242579837505
evaluation,nonlinear_interaction,13,0.1346785561564755,0.054810506228401557,0.8227504891030074,0.8595932300539372,0.7249146738974617,0.8047827238255356,-0.03866060464526908,1.198113668616383,observed_structure,flexible_gain,observed_structure,observed_structure,0.68125,0.7197849799405506,0.425366632911173,0.0047278002836894035,0.0036981973251210636,0.7197849799405506,0.0036981973251210636,0.8859831218091699,0.18092836499051917,0.7197849799405506,0.0036981973251210636
evaluation,nonlinear_interaction,14,0.1412393611439774,0.07098018739658385,0.6325693731744595,0.8786960472415655,0.7374566860975881,0.8077158598449816,-0.03866060464526908,1.198113668616383,observed_structure,flexible_gain,observed_structure,observed_structure,0.6489583333333333,0.7777866318057938,0.46476098536040134,0.017389628535531446,0.0010136211164712115,0.7777866318057938,0.0010136211164712115,0.9197763333533996,0.1767168787781106,0.7777866318057938,0.0010136211164712115
evaluation,nonlinear_interaction,15,0.17607427195099012,0.09024541731878744,1.0369386070672588,0.8763058028823022,0.7002315309313121,0.7860603855635148,-0.03866060464526908,1.198113668616383,observed_structure,flexible_gain,observed_structure,observed_structure,0.6666666666666666,0.7457746270161076,0.44481498472628156,0.0030249041453438916,0.004197162350991528,0.7457746270161076,0.004197162350991528,0.8989721574917476,0.21456269554330926,0.7457746270161076,0.004197162350991528
evaluation,nonlinear_interaction,16,0.1252323438334163,0.05849432471411098,1.2133813982612225,0.8840867982721436,0.7588544544387273,0.8255924735580327,-0.03866060464526908,1.198113668616383,unresolved,both_signals,observed_structure,observed_structure,0.6239583333333333,0.8504088873118165,0.4979646063445294,0.006315238925811209,0.08111701946547362,0.7764647893350296,0.0011818683876301912,0.9089054171540922,0.171911987603273,0.7764647893350296,0.0011818683876301912
evaluation,nonlinear_interaction,17,0.11918849890432082,0.04566952892688769,0.8162522121335662,0.8830470258885798,0.7638585269842589,0.8373774969616921,-0.03866060464526908,1.198113668616383,observed_structure,flexible_gain,observed_structure,observed_structure,0.6489583333333333,0.7596801117607449,0.4513376660313092,0.00965597603682812,0.002129872714754696,0.7596801117607449,0.002129872714754696,0.9077967364805223,0.18542549618526494,0.7596801117607449,0.002129872714754696
evaluation,nonlinear_interaction,18,0.1628289648946104,0.06805202221529383,1.0399585124798338,0.9118275118266255,0.7489985469320151,0.8437754896113316,-0.03866060464526908,1.198113668616383,observed_structure,flexible_gain,observed_structure,observed_structure,0.6447916666666667,0.7687954101019757,0.45527615613787303,0.013506976905576269,0.0031460413119735442,0.7687954101019757,0.0031460413119735442,0.8961590476024323,0.197727369084215,0.7687954101019757,0.0031460413119735442
evaluation,nonlinear_interaction,19,0.15851760892374867,0.07061166434212407,0.7103118365022784,0.9223301883824967,0.763812579458748,0.8517185240403726,-0.03866060464526908,1.198113668616383,observed_structure,flexible_gain,observed_structure,observed_structure,0.6479166666666667,0.7475777439384339,0.4443466517754351,0.009293423973628052,0.0030037867577584264,0.7475777439384339,0.0030037867577584264,0.8917605039868229,0.20693898153693754,0.7475777439384339,0.0030037867577584264
evaluation,nonlinear_interaction,20,0.11760216296929249,0.05239657862239133,0.9074809948497217,0.8552033922652206,0.7376012292959281,0.8028068136428292,-0.03866060464526908,1.198113668616383,observed_structure,flexible_gain,observed_structure,observed_structure,0.6739583333333333,0.7323583319373851,0.43471747256703813,0.002312166943875041,0.002046065825690878,0.7323583319373851,0.002046065825690878,0.8904393133502656,0.17880809962343652,0.7323583319373851,0.002046065825690878
evaluation,nonlinear_interaction,21,0.15896849364089105,0.08165166497788834,0.7599556112125464,0.9213562539258884,0.7623877602849973,0.839704588948,-0.03866060464526908,1.198113668616383,observed_structure,flexible_gain,observed_structure,observed_structure,0.6489583333333333,0.7830939491075639,0.4631495293018663,0.015452864481723297,0.0027074251765368115,0.7830939491075639,0.0027074251765368115,0.937693409524798,0.19367477419958157,0.7830939491075639,0.0027074251765368115
evaluation,nonlinear_interaction,22,0.1501051524044097,0.05208000384296341,1.2689885594838077,0.9218319644285732,0.7717268120241635,0.8697519605856098,-0.03866060464526908,1.198113668616383,unresolved,both_signals,observed_structure,observed_structure,0.6229166666666667,0.8198242552391621,0.4891601313708775,0.013931392975567305,0.07492090063408537,0.7402251239259722,0.0021183701392377967,0.9229771876764242,0.242519444250529,0.7402251239259722,0.0021183701392377967
evaluation,nonlinear_interaction,23,0.14104193128422837,0.05938623672221022,1.0978291177745476,0.8784954145569335,0.7374534832727051,0.8191091778347233,-0.03866060464526908,1.198113668616383,observed_structure,flexible_gain,observed_structure,observed_structure,0.6354166666666666,0.7742449909116524,0.46809335953968606,0.003057704796608422,0.003402081683089517,0.7742449909116524,0.003402081683089517,0.8927702937953956,0.19111231152218516,0.7742449909116524,0.003402081683089517
evaluation,combined,0,0.1450603447116764,0.07265681706002414,1.1769411062864974,0.880784214436609,0.7357238697249326,0.8081273973765849,-0.03866060464526908,1.198113668616383,observed_structure,flexible_gain,unresolved,observed_structure,0.66875,0.744428434417793,0.444440605756134,0.01302526470424289,0.03539961951348395,0.744428434417793,0.03539961951348395,0.8917029075471749,0.22304700743992031,0.744428434417793,0.03539961951348395
evaluation,combined,1,0.11041084022397862,0.05425012214923908,1.1345762414370302,0.8754107240488541,0.7649998838248755,0.821160601899615,-0.03866060464526908,1.198113668616383,observed_structure,flexible_gain,unresolved,observed_structure,0.7010416666666667,0.6982652702728828,0.41171732606076306,0.002443061283774263,0.04301554985949966,0.6982652702728828,0.04301554985949966,0.8696303396167291,0.2524974181689149,0.6982652702728828,0.04301554985949966
evaluation,combined,2,0.1456297916335063,0.05145629214759018,1.1711374954994362,0.8633486638801176,0.7177188722466112,0.8118923717325274,-0.03866060464526908,1.198113668616383,observed_structure,flexible_gain,unresolved,observed_structure,0.6729166666666667,0.7261817034075512,0.43572939096422936,0.0110961047199718,0.03252863912919913,0.7261817034075512,0.03252863912919913,0.8827672886777085,0.2186855764763611,0.7261817034075512,0.03252863912919913
evaluation,combined,3,0.1485433630821167,0.0813566778369279,1.0887898577492063,0.8608847405415767,0.71234137745946,0.7795280627046488,-0.03866060464526908,1.198113668616383,observed_structure,flexible_gain,unresolved,observed_structure,0.653125,0.7498272970099225,0.4497931475163034,0.022850801200660565,0.021184429268690855,0.7498272970099225,0.021184429268690855,0.8937415496629229,0.15926862878781148,0.7498272970099225,0.021184429268690855
evaluation,combined,4,0.14160885746721386,0.07350808111382867,1.5244522569808723,0.8962999294447248,0.754691071977511,0.8227918483308961,-0.03866060464526908,1.198113668616383,unresolved,both_signals,unresolved,observed_structure,0.6260416666666667,0.828365051123285,0.4958155063159194,0.014464566543682802,0.10460995579081707,0.7614225571623917,0.02822781359018852,0.8881148057751189,0.19588397208666153,0.7614225571623917,0.02822781359018852
evaluation,combined,5,0.11535401863770134,0.055833466800281784,1.2367666277690366,0.877078026731138,0.7617240080934367,0.8212445599308562,-0.03866060464526908,1.198113668616383,unresolved,both_signals,unresolved,observed_structure,0.6395833333333333,0.7761645343813848,0.470867526606951,0.013745227408020706,0.10637850712791082,0.7235085219749645,0.03005208330572083,0.8435797580038119,0.18039663955180826,0.7235085219749645,0.03005208330572083
evaluation,combined,6,0.14719868740588893,0.09050127443619349,1.2119799595654903,0.8635792177295535,0.7163805303236646,0.77307794329336,-0.03866060464526908,1.198113668616383,unresolved,both_signals,unresolved,observed_structure,0.65,0.7827082883120496,0.46681888870653576,0.005957712464417088,0.11548898058747258,0.7254613844747672,0.03670076617080203,0.8573054125883793,0.2398411730719531,0.7254613844747672,0.03670076617080203
evaluation,combined,7,0.13408617230932696,0.06578513751354664,1.133073492448404,0.8934392618861559,0.7593530895768289,0.8276541243726092,-0.03866060464526908,1.198113668616383,observed_structure,flexible_gain,unresolved,observed_structure,0.66875,0.7408306761393414,0.43917270461251035,0.024749986171043074,0.0315060427526485,0.7408306761393414,0.0315060427526485,0.8661680057924355,0.1935983201001794,0.7408306761393414,0.0315060427526485
evaluation,combined,8,0.10091283022403263,0.04557948967954839,1.368120720258271,0.8946164809513028,0.7937036507272701,0.8490369912717544,-0.03866060464526908,1.198113668616383,unresolved,both_signals,unresolved,observed_structure,0.6770833333333334,0.7483928869357556,0.4434620622768274,0.00793005514154855,0.09481990768144828,0.7044014536803028,0.031282502512896125,0.8524822999507948,0.22047468131276535,0.7044014536803028,0.031282502512896125
evaluation,combined,9,0.16511677783401535,0.07690386830948193,1.0921116651940475,0.8894674046676375,0.7243506268336222,0.8125635363581556,-0.03866060464526908,1.198113668616383,observed_structure,flexible_gain,unresolved,observed_structure,0.6708333333333333,0.7167879159834468,0.4301355848996905,0.01429065117049221,0.04272653512347516,0.7167879159834468,0.04272653512347516,0.8867681685976012,0.2289432244291022,0.7167879159834468,0.04272653512347516
evaluation,combined,10,0.12757585629565438,0.04088029926943082,0.8419414217284025,0.8562743206667688,0.7286984643711144,0.815394021397338,-0.03866060464526908,1.198113668616383,observed_structure,flexible_gain,unresolved,observed_structure,0.6541666666666667,0.735640372145862,0.44212497587404725,0.03431164658102265,0.03216879533344125,0.735640372145862,0.03216879533344125,0.883777862767523,0.16808894063658736,0.735640372145862,0.03216879533344125
evaluation,combined,11,0.15692663554482067,0.08316536198221691,1.6683923559229015,0.8610779087830456,0.7041512732382249,0.7779125468008287,-0.03866060464526908,1.198113668616383,unresolved,both_signals,unresolved,observed_structure,0.6416666666666667,0.834309479323908,0.49829487073999845,0.017298204643565497,0.12941151020385228,0.780217718942762,0.03728349355101822,0.8758553793464826,0.18187048416567073,0.780217718942762,0.03728349355101822
evaluation,combined,12,0.09956954873553225,0.014868292528564142,1.6037202605369036,0.8855423879225199,0.7859728391869877,0.8706740953939558,-0.03866060464526908,1.198113668616383,unresolved,both_signals,unresolved,observed_structure,0.6354166666666666,0.7903854732357755,0.47437481680228194,0.005303502713293489,0.10507839114546069,0.7145092456166253,0.03535506565187096,0.8524823841485549,0.19671078826201202,0.7145092456166253,0.03535506565187096
evaluation,combined,13,0.17412521747253906,0.0676931753090908,1.4455422523833559,0.912806484127506,0.7386812666549669,0.8451133088184152,-0.03866060464526908,1.198113668616383,unresolved,both_signals,unresolved,observed_structure,0.621875,0.8084049651517785,0.4876723643986756,0.01097593732929702,0.10599928830502249,0.7420055547170344,0.02802479111450705,0.9073340161484247,0.20451560855437745,0.7420055547170344,0.02802479111450705
evaluation,combined,14,0.15501031694747114,0.06902879624799019,1.1862868794724946,0.8865308696577447,0.7315205527102736,0.8175020734097546,-0.03866060464526908,1.198113668616383,observed_structure,flexible_gain,unresolved,observed_structure,0.6541666666666667,0.7465451642810023,0.44656230937985214,0.015621386373081173,0.03232416288814053,0.7465451642810023,0.03232416288814053,0.883817559666592,0.23274193388830736,0.7465451642810023,0.03232416288814053
evaluation,combined,15,0.14943105732689266,0.07552853681212979,1.4973933455311081,0.9055688895589664,0.7561378322320738,0.8300403527468366,-0.03866060464526908,1.198113668616383,unresolved,both_signals,unresolved,observed_structure,0.61875,0.8219072432995629,0.4948683901809029,0.012145045963973727,0.11419425078077187,0.7610096043406807,0.027892211254944902,0.8925893039023673,0.19181814105715603,0.7610096043406807,0.027892211254944902
evaluation,combined,16,0.137994424927795,0.04122891126405015,1.2047101909503248,0.8739437199915429,0.7359492950637478,0.8327148087274927,-0.03866060464526908,1.198113668616383,unresolved,both_signals,unresolved,observed_structure,0.6177083333333333,0.7938809864612387,0.48086296666298195,0.011414236730036163,0.12948038566381054,0.7166523800171729,0.03341450426937994,0.8684665346168319,0.23314372283940787,0.7166523800171729,0.03341450426937994
evaluation,combined,17,0.14406868095059377,0.058830700946707726,1.2935552651400346,0.8730454322248418,0.728976751274248,0.814214731278134,-0.03866060464526908,1.198113668616383,unresolved,both_signals,unresolved,observed_structure,0.684375,0.7490215772003795,0.445347873575982,0.029888932165020077,0.11025473937871354,0.710163860139268,0.035593050403976895,0.8442835071731934,0.2014832083028293,0.710163860139268,0.035593050403976895
evaluation,combined,18,0.13103603608412184,0.06862308774775927,1.2566998213941547,0.890761531224572,0.7597254951404502,0.8221384434768128,-0.03866060464526908,1.198113668616383,unresolved,both_signals,unresolved,observed_structure,0.621875,0.8042796490080523,0.4884550696159838,0.0034534220879615996,0.11774755769554708,0.7453045312659462,0.028708969577649023,0.8918819913140842,0.22653560926690522,0.7453045312659462,0.028708969577649023
evaluation,combined,19,0.14417616441234216,0.07625177855910936,1.1114196598973793,0.858742509828948,0.7145663454166058,0.7824907312698386,-0.03866060464526908,1.198113668616383,observed_structure,flexible_gain,unresolved,observed_structure,0.646875,0.7679279910572575,0.46120770021849383,0.010284364031789244,0.03295813897430879,0.7679279910572575,0.03295813897430879,0.8884071638077146,0.1765697020436759,0.7679279910572575,0.03295813897430879
evaluation,combined,20,0.1453967717551402,0.05118145977312816,0.8736326399056876,0.8712250495129185,0.7258282777577783,0.8200435897397903,-0.03866060464526908,1.198113668616383,observed_structure,flexible_gain,unresolved,observed_structure,0.6416666666666667,0.7589209445470284,0.45818160386591544,0.009566014554288313,0.03026295676648525,0.7589209445470284,0.03026295676648525,0.8802468447228755,0.1711391601412266,0.7589209445470284,0.03026295676648525
evaluation,combined,21,0.13955739397580358,0.04081752717636211,1.3465461851746712,0.8970033548799259,0.7574459609041223,0.8561858277035638,-0.03866060464526908,1.198113668616383,unresolved,both_signals,unresolved,observed_structure,0.6229166666666667,0.8172305458213642,0.491481821313638,0.017151137291310188,0.09901426149210386,0.7635785662278362,0.025551067252396184,0.8854846939834413,0.17082179015141433,0.7635785662278362,0.025551067252396184
evaluation,combined,22,0.14598942157556327,0.05034308844542357,1.044618808815709,0.8783582984746273,0.732368876899064,0.8280152100292038,-0.03866060464526908,1.198113668616383,observed_structure,flexible_gain,unresolved,observed_structure,0.6666666666666666,0.7201608426213213,0.4301485632046125,0.003697802847340468,0.035864050337210185,0.7201608426213213,0.035864050337210185,0.8597559235962497,0.1787429284018792,0.7201608426213213,0.035864050337210185
evaluation,combined,23,0.12939495107843024,0.05348044699733301,1.3600245470094943,0.9061932640721455,0.7767983129937153,0.8527128170748125,-0.03866060464526908,1.198113668616383,unresolved,both_signals,unresolved,observed_structure,0.6270833333333333,0.7959890992247173,0.4778749269053833,0.015256492666158462,0.12993691180723096,0.7469735423799722,0.04042499370125812,0.8682988081919287,0.2066521143304571,0.7469735423799722,0.04042499370125812
