eta_strength,design,condition,rep,reject,pvalue,task_count,respondents
0.3,grid,null,0,0,0.83,5,150
0.3,grid,null,1,0,0.788,5,150
0.3,grid,null,2,0,0.078,5,150
0.3,grid,null,3,0,0.586,5,150
0.3,grid,null,4,0,0.348,5,150
0.3,grid,null,5,0,0.612,5,150
0.3,grid,null,6,0,0.576,5,150
0.3,grid,null,7,0,0.824,5,150
0.3,grid,null,8,0,0.074,5,150
0.3,grid,null,9,0,0.31,5,150
0.3,grid,null,10,0,0.898,5,150
0.3,grid,null,11,0,0.354,5,150
0.3,grid,null,12,0,0.094,5,150
0.3,grid,null,13,0,0.206,5,150
0.3,grid,null,14,0,0.574,5,150
0.3,grid,null,15,0,0.756,5,150
0.3,grid,null,16,0,0.892,5,150
0.3,grid,null,17,0,0.876,5,150
0.3,grid,null,18,0,0.59,5,150
0.3,grid,null,19,0,0.054,5,150
0.3,grid,null,20,0,0.5,5,150
0.3,grid,null,21,0,0.768,5,150
0.3,grid,null,22,0,0.846,5,150
0.3,grid,null,23,0,0.928,5,150
0.3,grid,null,24,0,0.74,5,150
0.3,grid,null,25,0,0.594,5,150
0.3,grid,null,26,0,0.788,5,150
0.3,grid,null,27,0,0.112,5,150
0.3,grid,null,28,0,0.692,5,150
0.3,grid,null,29,0,0.116,5,150
0.3,grid,null,30,0,0.344,5,150
0.3,grid,null,31,0,0.574,5,150
0.3,grid,null,32,0,0.196,5,150
0.3,grid,null,33,0,0.432,5,150
0.3,grid,null,34,0,0.102,5,150
0.3,grid,null,35,0,0.69,5,150
0.3,grid,null,36,0,0.308,5,150
0.3,grid,null,37,0,0.522,5,150
0.3,grid,null,38,0,0.428,5,150
0.3,grid,null,39,0,0.116,5,150
0.3,grid,null,40,0,0.77,5,150
0.3,grid,null,41,0,0.458,5,150
0.3,grid,null,42,0,0.654,5,150
0.3,grid,null,43,0,0.524,5,150
0.3,grid,null,44,0,0.412,5,150
0.3,grid,null,45,0,0.12,5,150
0.3,grid,null,46,0,0.886,5,150
0.3,grid,null,47,0,0.788,5,150
0.3,grid,null,48,0,0.702,5,150
0.3,grid,null,49,0,0.9,5,150
0.3,grid,null,50,0,0.494,5,150
0.3,grid,null,51,0,0.176,5,150
0.3,grid,null,52,0,0.796,5,150
0.3,grid,null,53,0,0.092,5,150
0.3,grid,null,54,0,0.22,5,150
0.3,grid,null,55,0,0.426,5,150
0.3,grid,null,56,0,0.71,5,150
0.3,grid,null,57,0,0.874,5,150
0.3,grid,null,58,0,0.612,5,150
0.3,grid,null,59,0,0.704,5,150
0.3,grid,null,60,0,0.128,5,150
0.3,grid,null,61,0,0.286,5,150
0.3,grid,null,62,0,0.846,5,150
0.3,grid,null,63,0,0.728,5,150
0.3,grid,null,64,0,0.684,5,150
0.3,grid,null,65,0,0.122,5,150
0.3,grid,null,66,1,0.006,5,150
0.3,grid,null,67,0,0.136,5,150
0.3,grid,null,68,0,0.294,5,150
0.3,grid,null,69,0,0.632,5,150
0.3,grid,null,70,0,0.804,5,150
0.3,grid,null,71,0,0.722,5,150
0.3,grid,null,72,0,0.914,5,150
0.3,grid,null,73,0,0.82,5,150
0.3,grid,null,74,0,0.616,5,150
0.3,grid,null,75,0,0.432,5,150
0.3,grid,null,76,0,0.114,5,150
0.3,grid,null,77,0,0.716,5,150
0.3,grid,null,78,0,0.206,5,150
0.3,grid,null,79,0,0.632,5,150
0.3,grid,null,80,0,0.428,5,150
0.3,grid,null,81,0,0.294,5,150
0.3,grid,null,82,0,0.964,5,150
0.3,grid,null,83,0,0.558,5,150
0.3,grid,null,84,0,0.568,5,150
0.3,grid,null,85,0,0.218,5,150
0.3,grid,null,86,0,0.694,5,150
0.3,grid,null,87,0,0.534,5,150
0.3,grid,null,88,0,0.624,5,150
0.3,grid,null,89,0,0.48,5,150
0.3,grid,null,90,0,0.954,5,150
0.3,grid,null,91,0,1.0,5,150
0.3,grid,null,92,0,0.806,5,150
0.3,grid,null,93,0,0.272,5,150
0.3,grid,null,94,0,0.398,5,150
0.3,grid,null,95,0,0.462,5,150
0.3,grid,null,96,0,0.492,5,150
0.3,grid,null,97,0,0.12,5,150
0.3,grid,null,98,0,0.42,5,150
0.3,grid,null,99,0,0.67,5,150
0.3,grid,null,100,0,0.676,5,150
0.3,grid,null,101,0,0.436,5,150
0.3,grid,null,102,0,0.498,5,150
0.3,grid,null,103,0,0.56,5,150
0.3,grid,null,104,0,0.206,5,150
0.3,grid,null,105,0,0.982,5,150
0.3,grid,null,106,0,0.28,5,150
0.3,grid,null,107,0,0.13,5,150
0.3,grid,null,108,0,0.172,5,150
0.3,grid,null,109,0,0.134,5,150
0.3,grid,null,110,0,0.97,5,150
0.3,grid,null,111,0,0.396,5,150
0.3,grid,null,112,0,0.494,5,150
0.3,grid,null,113,0,0.936,5,150
0.3,grid,null,114,0,0.708,5,150
0.3,grid,null,115,0,0.616,5,150
0.3,grid,null,116,0,0.908,5,150
0.3,grid,null,117,1,0.024,5,150
0.3,grid,null,118,0,0.218,5,150
0.3,grid,null,119,0,0.892,5,150
0.3,grid,null,120,0,0.362,5,150
0.3,grid,null,121,0,0.452,5,150
0.3,grid,null,122,0,0.89,5,150
0.3,grid,null,123,0,0.182,5,150
0.3,grid,null,124,0,0.472,5,150
0.3,grid,null,125,0,0.068,5,150
0.3,grid,null,126,0,0.934,5,150
0.3,grid,null,127,0,0.214,5,150
0.3,grid,null,128,0,0.168,5,150
0.3,grid,null,129,0,0.348,5,150
0.3,grid,null,130,0,0.614,5,150
0.3,grid,null,131,0,0.422,5,150
0.3,grid,null,132,0,0.408,5,150
0.3,grid,null,133,0,0.81,5,150
0.3,grid,null,134,0,0.79,5,150
0.3,grid,null,135,0,0.792,5,150
0.3,grid,null,136,0,0.878,5,150
0.3,grid,null,137,0,0.362,5,150
0.3,grid,null,138,0,0.386,5,150
0.3,grid,null,139,0,0.442,5,150
0.3,grid,null,140,0,0.93,5,150
0.3,grid,null,141,0,0.138,5,150
0.3,grid,null,142,0,0.588,5,150
0.3,grid,null,143,0,0.994,5,150
0.3,grid,null,144,0,0.84,5,150
0.3,grid,null,145,0,0.894,5,150
0.3,grid,null,146,0,0.892,5,150
0.3,grid,null,147,0,0.246,5,150
0.3,grid,null,148,0,0.942,5,150
0.3,grid,null,149,0,0.052,5,150
0.3,grid,null,150,0,0.84,5,150
0.3,grid,null,151,0,0.504,5,150
0.3,grid,null,152,0,0.396,5,150
0.3,grid,null,153,0,0.666,5,150
0.3,grid,null,154,0,0.446,5,150
0.3,grid,null,155,0,0.768,5,150
0.3,grid,null,156,0,0.524,5,150
0.3,grid,null,157,0,0.374,5,150
0.3,grid,null,158,0,0.856,5,150
0.3,grid,null,159,0,0.684,5,150
0.3,grid,null,160,0,0.116,5,150
0.3,grid,null,161,0,0.238,5,150
0.3,grid,null,162,0,0.938,5,150
0.3,grid,null,163,0,0.35,5,150
0.3,grid,null,164,0,0.418,5,150
0.3,grid,null,165,0,0.154,5,150
0.3,grid,null,166,0,0.652,5,150
0.3,grid,null,167,0,0.684,5,150
0.3,grid,null,168,0,0.344,5,150
0.3,grid,null,169,0,0.09,5,150
0.3,grid,null,170,0,0.47,5,150
0.3,grid,null,171,0,0.576,5,150
0.3,grid,null,172,0,0.436,5,150
0.3,grid,null,173,0,0.656,5,150
0.3,grid,null,174,0,0.6,5,150
0.3,grid,null,175,0,0.93,5,150
0.3,grid,null,176,0,0.078,5,150
0.3,grid,null,177,0,0.214,5,150
0.3,grid,null,178,0,0.212,5,150
0.3,grid,null,179,0,0.658,5,150
0.3,grid,null,180,0,0.722,5,150
0.3,grid,null,181,1,0.022,5,150
0.3,grid,null,182,0,0.142,5,150
0.3,grid,null,183,0,0.562,5,150
0.3,grid,null,184,0,0.26,5,150
0.3,grid,null,185,0,0.552,5,150
0.3,grid,null,186,0,0.62,5,150
0.3,grid,null,187,0,0.19,5,150
0.3,grid,null,188,0,0.538,5,150
0.3,grid,null,189,0,0.624,5,150
0.3,grid,null,190,0,0.476,5,150
0.3,grid,null,191,0,0.816,5,150
0.3,grid,null,192,0,0.972,5,150
0.3,grid,null,193,0,0.734,5,150
0.3,grid,null,194,0,0.43,5,150
0.3,grid,null,195,0,0.842,5,150
0.3,grid,null,196,0,0.968,5,150
0.3,grid,null,197,0,0.232,5,150
0.3,grid,null,198,0,0.244,5,150
0.3,grid,null,199,0,0.876,5,150
0.3,grid,omitted,0,1,0.016,5,150
0.3,grid,omitted,1,1,0.032,5,150
0.3,grid,omitted,2,1,0.002,5,150
0.3,grid,omitted,3,0,0.1,5,150
0.3,grid,omitted,4,0,0.116,5,150
0.3,grid,omitted,5,0,0.304,5,150
0.3,grid,omitted,6,0,0.102,5,150
0.3,grid,omitted,7,1,0.018,5,150
0.3,grid,omitted,8,0,0.552,5,150
0.3,grid,omitted,9,1,0.002,5,150
0.3,grid,omitted,10,0,0.092,5,150
0.3,grid,omitted,11,0,0.48,5,150
0.3,grid,omitted,12,1,0.002,5,150
0.3,grid,omitted,13,0,0.396,5,150
0.3,grid,omitted,14,0,0.104,5,150
0.3,grid,omitted,15,1,0.028,5,150
0.3,grid,omitted,16,0,0.14,5,150
0.3,grid,omitted,17,1,0.018,5,150
0.3,grid,omitted,18,1,0.008,5,150
0.3,grid,omitted,19,1,0.002,5,150
0.3,grid,omitted,20,1,0.046,5,150
0.3,grid,omitted,21,1,0.016,5,150
0.3,grid,omitted,22,0,0.196,5,150
0.3,grid,omitted,23,0,0.096,5,150
0.3,grid,omitted,24,0,0.27,5,150
0.3,grid,omitted,25,1,0.008,5,150
0.3,grid,omitted,26,0,0.288,5,150
0.3,grid,omitted,27,1,0.002,5,150
0.3,grid,omitted,28,1,0.028,5,150
0.3,grid,omitted,29,0,0.442,5,150
0.3,grid,omitted,30,0,0.314,5,150
0.3,grid,omitted,31,0,0.098,5,150
0.3,grid,omitted,32,1,0.002,5,150
0.3,grid,omitted,33,1,0.02,5,150
0.3,grid,omitted,34,1,0.002,5,150
0.3,grid,omitted,35,0,0.062,5,150
0.3,grid,omitted,36,1,0.002,5,150
0.3,grid,omitted,37,0,0.376,5,150
0.3,grid,omitted,38,1,0.006,5,150
0.3,grid,omitted,39,0,0.416,5,150
0.3,grid,omitted,40,0,0.084,5,150
0.3,grid,omitted,41,1,0.004,5,150
0.3,grid,omitted,42,1,0.04,5,150
0.3,grid,omitted,43,0,0.054,5,150
0.3,grid,omitted,44,0,0.168,5,150
0.3,grid,omitted,45,0,0.414,5,150
0.3,grid,omitted,46,1,0.018,5,150
0.3,grid,omitted,47,1,0.008,5,150
0.3,grid,omitted,48,1,0.03,5,150
0.3,grid,omitted,49,1,0.002,5,150
0.3,grid,omitted,50,1,0.002,5,150
0.3,grid,omitted,51,1,0.002,5,150
0.3,grid,omitted,52,0,0.052,5,150
0.3,grid,omitted,53,0,0.6,5,150
0.3,grid,omitted,54,1,0.006,5,150
0.3,grid,omitted,55,1,0.02,5,150
0.3,grid,omitted,56,1,0.01,5,150
0.3,grid,omitted,57,1,0.012,5,150
0.3,grid,omitted,58,0,0.284,5,150
0.3,grid,omitted,59,1,0.046,5,150
0.3,grid,omitted,60,1,0.002,5,150
0.3,grid,omitted,61,1,0.012,5,150
0.3,grid,omitted,62,0,0.272,5,150
0.3,grid,omitted,63,1,0.046,5,150
0.3,grid,omitted,64,0,0.192,5,150
0.3,grid,omitted,65,0,0.348,5,150
0.3,grid,omitted,66,0,0.568,5,150
0.3,grid,omitted,67,0,0.51,5,150
0.3,grid,omitted,68,1,0.006,5,150
0.3,grid,omitted,69,0,0.144,5,150
0.3,grid,omitted,70,0,0.108,5,150
0.3,grid,omitted,71,0,0.062,5,150
0.3,grid,omitted,72,0,0.118,5,150
0.3,grid,omitted,73,0,0.068,5,150
0.3,grid,omitted,74,0,0.456,5,150
0.3,grid,omitted,75,0,0.27,5,150
0.3,grid,omitted,76,1,0.004,5,150
0.3,grid,omitted,77,1,0.018,5,150
0.3,grid,omitted,78,0,0.248,5,150
0.3,grid,omitted,79,0,0.244,5,150
0.3,grid,omitted,80,0,0.172,5,150
0.3,grid,omitted,81,1,0.004,5,150
0.3,grid,omitted,82,1,0.048,5,150
0.3,grid,omitted,83,1,0.016,5,150
0.3,grid,omitted,84,0,0.114,5,150
0.3,grid,omitted,85,0,0.29,5,150
0.3,grid,omitted,86,1,0.004,5,150
0.3,grid,omitted,87,1,0.038,5,150
0.3,grid,omitted,88,1,0.018,5,150
0.3,grid,omitted,89,0,0.294,5,150
0.3,grid,omitted,90,1,0.044,5,150
0.3,grid,omitted,91,1,0.048,5,150
0.3,grid,omitted,92,1,0.02,5,150
0.3,grid,omitted,93,0,0.316,5,150
0.3,grid,omitted,94,0,0.202,5,150
0.3,grid,omitted,95,0,0.268,5,150
0.3,grid,omitted,96,1,0.016,5,150
0.3,grid,omitted,97,1,0.004,5,150
0.3,grid,omitted,98,0,0.21,5,150
0.3,grid,omitted,99,1,0.03,5,150
0.3,grid,omitted,100,1,0.034,5,150
0.3,grid,omitted,101,1,0.018,5,150
0.3,grid,omitted,102,0,0.17,5,150
0.3,grid,omitted,103,0,0.166,5,150
0.3,grid,omitted,104,1,0.004,5,150
0.3,grid,omitted,105,0,0.254,5,150
0.3,grid,omitted,106,1,0.006,5,150
0.3,grid,omitted,107,1,0.004,5,150
0.3,grid,omitted,108,0,0.416,5,150
0.3,grid,omitted,109,0,0.348,5,150
0.3,grid,omitted,110,1,0.006,5,150
0.3,grid,omitted,111,0,0.166,5,150
0.3,grid,omitted,112,1,0.014,5,150
0.3,grid,omitted,113,1,0.008,5,150
0.3,grid,omitted,114,1,0.048,5,150
0.3,grid,omitted,115,0,0.206,5,150
0.3,grid,omitted,116,0,0.106,5,150
0.3,grid,omitted,117,1,0.002,5,150
0.3,grid,omitted,118,0,0.43,5,150
0.3,grid,omitted,119,1,0.008,5,150
0.3,grid,omitted,120,1,0.006,5,150
0.3,grid,omitted,121,0,0.23,5,150
0.3,grid,omitted,122,0,0.052,5,150
0.3,grid,omitted,123,1,0.002,5,150
0.3,grid,omitted,124,0,0.058,5,150
0.3,grid,omitted,125,0,0.226,5,150
0.3,grid,omitted,126,1,0.042,5,150
0.3,grid,omitted,127,0,0.322,5,150
0.3,grid,omitted,128,0,0.756,5,150
0.3,grid,omitted,129,0,0.228,5,150
0.3,grid,omitted,130,0,0.538,5,150
0.3,grid,omitted,131,1,0.006,5,150
0.3,grid,omitted,132,0,0.58,5,150
0.3,grid,omitted,133,1,0.014,5,150
0.3,grid,omitted,134,1,0.016,5,150
0.3,grid,omitted,135,1,0.02,5,150
0.3,grid,omitted,136,0,0.078,5,150
0.3,grid,omitted,137,0,0.264,5,150
0.3,grid,omitted,138,0,0.1,5,150
0.3,grid,omitted,139,0,0.524,5,150
0.3,grid,omitted,140,0,0.054,5,150
0.3,grid,omitted,141,0,0.14,5,150
0.3,grid,omitted,142,1,0.006,5,150
0.3,grid,omitted,143,1,0.028,5,150
0.3,grid,omitted,144,1,0.002,5,150
0.3,grid,omitted,145,1,0.036,5,150
0.3,grid,omitted,146,1,0.024,5,150
0.3,grid,omitted,147,0,0.218,5,150
0.3,grid,omitted,148,1,0.004,5,150
0.3,grid,omitted,149,0,0.676,5,150
0.3,grid,omitted,150,0,0.244,5,150
0.3,grid,omitted,151,1,0.022,5,150
0.3,grid,omitted,152,0,0.16,5,150
0.3,grid,omitted,153,0,0.162,5,150
0.3,grid,omitted,154,0,0.23,5,150
0.3,grid,omitted,155,1,0.036,5,150
0.3,grid,omitted,156,1,0.026,5,150
0.3,grid,omitted,157,1,0.014,5,150
0.3,grid,omitted,158,0,0.114,5,150
0.3,grid,omitted,159,0,0.064,5,150
0.3,grid,omitted,160,0,0.512,5,150
0.3,grid,omitted,161,1,0.006,5,150
0.3,grid,omitted,162,0,0.06,5,150
0.3,grid,omitted,163,1,0.002,5,150
0.3,grid,omitted,164,0,0.538,5,150
0.3,grid,omitted,165,0,0.778,5,150
0.3,grid,omitted,166,1,0.022,5,150
0.3,grid,omitted,167,1,0.008,5,150
0.3,grid,omitted,168,0,0.34,5,150
0.3,grid,omitted,169,1,0.006,5,150
0.3,grid,omitted,170,0,0.154,5,150
0.3,grid,omitted,171,1,0.016,5,150
0.3,grid,omitted,172,0,0.222,5,150
0.3,grid,omitted,173,1,0.014,5,150
0.3,grid,omitted,174,1,0.026,5,150
0.3,grid,omitted,175,0,0.052,5,150
0.3,grid,omitted,176,0,0.86,5,150
0.3,grid,omitted,177,1,0.008,5,150
0.3,grid,omitted,178,0,0.128,5,150
0.3,grid,omitted,179,1,0.048,5,150
0.3,grid,omitted,180,1,0.008,5,150
0.3,grid,omitted,181,0,0.672,5,150
0.3,grid,omitted,182,1,0.002,5,150
0.3,grid,omitted,183,0,0.168,5,150
0.3,grid,omitted,184,0,0.09,5,150
0.3,grid,omitted,185,1,0.026,5,150
0.3,grid,omitted,186,0,0.128,5,150
0.3,grid,omitted,187,1,0.01,5,150
0.3,grid,omitted,188,0,0.104,5,150
0.3,grid,omitted,189,0,0.188,5,150
0.3,grid,omitted,190,0,0.07,5,150
0.3,grid,omitted,191,0,0.172,5,150
0.3,grid,omitted,192,1,0.022,5,150
0.3,grid,omitted,193,0,0.06,5,150
0.3,grid,omitted,194,0,0.412,5,150
0.3,grid,omitted,195,1,0.042,5,150
0.3,grid,omitted,196,0,0.106,5,150
0.3,grid,omitted,197,1,0.024,5,150
0.3,grid,omitted,198,1,0.002,5,150
0.3,grid,omitted,199,1,0.04,5,150
0.3,grid,even_scale,0,0,0.752,5,150
0.3,grid,even_scale,1,0,0.424,5,150
0.3,grid,even_scale,2,1,0.028,5,150
0.3,grid,even_scale,3,0,0.866,5,150
0.3,grid,even_scale,4,0,0.51,5,150
0.3,grid,even_scale,5,0,0.854,5,150
0.3,grid,even_scale,6,0,0.53,5,150
0.3,grid,even_scale,7,0,0.902,5,150
0.3,grid,even_scale,8,0,0.074,5,150
0.3,grid,even_scale,9,0,0.666,5,150
0.3,grid,even_scale,10,0,0.536,5,150
0.3,grid,even_scale,11,0,0.358,5,150
0.3,grid,even_scale,12,1,0.016,5,150
0.3,grid,even_scale,13,0,0.566,5,150
0.3,grid,even_scale,14,0,0.47,5,150
0.3,grid,even_scale,15,0,0.806,5,150
0.3,grid,even_scale,16,0,0.988,5,150
0.3,grid,even_scale,17,0,0.932,5,150
0.3,grid,even_scale,18,0,0.764,5,150
0.3,grid,even_scale,19,0,0.108,5,150
0.3,grid,even_scale,20,0,0.652,5,150
0.3,grid,even_scale,21,0,0.976,5,150
0.3,grid,even_scale,22,0,0.79,5,150
0.3,grid,even_scale,23,0,0.974,5,150
0.3,grid,even_scale,24,0,0.324,5,150
0.3,grid,even_scale,25,0,0.682,5,150
0.3,grid,even_scale,26,0,0.982,5,150
0.3,grid,even_scale,27,0,0.208,5,150
0.3,grid,even_scale,28,0,0.884,5,150
0.3,grid,even_scale,29,0,0.294,5,150
0.3,grid,even_scale,30,0,0.44,5,150
0.3,grid,even_scale,31,0,0.976,5,150
0.3,grid,even_scale,32,0,0.272,5,150
0.3,grid,even_scale,33,0,0.902,5,150
0.3,grid,even_scale,34,1,0.034,5,150
0.3,grid,even_scale,35,0,0.744,5,150
0.3,grid,even_scale,36,0,0.212,5,150
0.3,grid,even_scale,37,0,0.776,5,150
0.3,grid,even_scale,38,0,0.464,5,150
0.3,grid,even_scale,39,0,0.488,5,150
0.3,grid,even_scale,40,0,0.688,5,150
0.3,grid,even_scale,41,0,0.588,5,150
0.3,grid,even_scale,42,0,0.836,5,150
0.3,grid,even_scale,43,0,0.494,5,150
0.3,grid,even_scale,44,0,0.878,5,150
0.3,grid,even_scale,45,0,0.218,5,150
0.3,grid,even_scale,46,0,0.648,5,150
0.3,grid,even_scale,47,0,0.952,5,150
0.3,grid,even_scale,48,0,0.728,5,150
0.3,grid,even_scale,49,0,0.948,5,150
0.3,grid,even_scale,50,0,0.378,5,150
0.3,grid,even_scale,51,0,0.216,5,150
0.3,grid,even_scale,52,0,0.64,5,150
0.3,grid,even_scale,53,0,0.12,5,150
0.3,grid,even_scale,54,0,0.658,5,150
0.3,grid,even_scale,55,0,0.668,5,150
0.3,grid,even_scale,56,0,0.862,5,150
0.3,grid,even_scale,57,0,0.742,5,150
0.3,grid,even_scale,58,0,0.156,5,150
0.3,grid,even_scale,59,0,0.968,5,150
0.3,grid,even_scale,60,0,0.17,5,150
0.3,grid,even_scale,61,0,0.58,5,150
0.3,grid,even_scale,62,0,0.618,5,150
0.3,grid,even_scale,63,0,0.678,5,150
0.3,grid,even_scale,64,0,0.93,5,150
0.3,grid,even_scale,65,1,0.044,5,150
0.3,grid,even_scale,66,0,0.058,5,150
0.3,grid,even_scale,67,0,0.202,5,150
0.3,grid,even_scale,68,0,0.488,5,150
0.3,grid,even_scale,69,0,0.868,5,150
0.3,grid,even_scale,70,0,0.872,5,150
0.3,grid,even_scale,71,0,1.0,5,150
0.3,grid,even_scale,72,0,0.708,5,150
0.3,grid,even_scale,73,0,0.694,5,150
0.3,grid,even_scale,74,0,0.77,5,150
0.3,grid,even_scale,75,0,0.088,5,150
0.3,grid,even_scale,76,1,0.042,5,150
0.3,grid,even_scale,77,0,0.314,5,150
0.3,grid,even_scale,78,0,0.15,5,150
0.3,grid,even_scale,79,0,0.554,5,150
0.3,grid,even_scale,80,0,1.0,5,150
0.3,grid,even_scale,81,0,0.216,5,150
0.3,grid,even_scale,82,0,0.742,5,150
0.3,grid,even_scale,83,0,0.23,5,150
0.3,grid,even_scale,84,0,0.564,5,150
0.3,grid,even_scale,85,0,0.08,5,150
0.3,grid,even_scale,86,0,0.452,5,150
0.3,grid,even_scale,87,0,0.924,5,150
0.3,grid,even_scale,88,0,0.506,5,150
0.3,grid,even_scale,89,0,0.588,5,150
0.3,grid,even_scale,90,0,0.988,5,150
0.3,grid,even_scale,91,0,0.552,5,150
0.3,grid,even_scale,92,0,0.858,5,150
0.3,grid,even_scale,93,0,0.466,5,150
0.3,grid,even_scale,94,0,0.36,5,150
0.3,grid,even_scale,95,0,0.406,5,150
0.3,grid,even_scale,96,0,0.274,5,150
0.3,grid,even_scale,97,0,0.32,5,150
0.3,grid,even_scale,98,0,0.39,5,150
0.3,grid,even_scale,99,0,0.978,5,150
0.3,grid,even_scale,100,0,0.294,5,150
0.3,grid,even_scale,101,0,0.386,5,150
0.3,grid,even_scale,102,0,0.888,5,150
0.3,grid,even_scale,103,0,0.534,5,150
0.3,grid,even_scale,104,0,0.388,5,150
0.3,grid,even_scale,105,0,0.636,5,150
0.3,grid,even_scale,106,0,0.348,5,150
0.3,grid,even_scale,107,0,0.376,5,150
0.3,grid,even_scale,108,0,0.09,5,150
0.3,grid,even_scale,109,0,0.078,5,150
0.3,grid,even_scale,110,0,0.678,5,150
0.3,grid,even_scale,111,0,0.298,5,150
0.3,grid,even_scale,112,0,0.886,5,150
0.3,grid,even_scale,113,0,0.602,5,150
0.3,grid,even_scale,114,0,0.97,5,150
0.3,grid,even_scale,115,0,0.276,5,150
0.3,grid,even_scale,116,0,0.506,5,150
0.3,grid,even_scale,117,1,0.03,5,150
0.3,grid,even_scale,118,0,0.19,5,150
0.3,grid,even_scale,119,0,0.75,5,150
0.3,grid,even_scale,120,0,0.532,5,150
0.3,grid,even_scale,121,0,0.166,5,150
0.3,grid,even_scale,122,0,0.932,5,150
0.3,grid,even_scale,123,0,0.162,5,150
0.3,grid,even_scale,124,0,0.65,5,150
0.3,grid,even_scale,125,0,0.24,5,150
0.3,grid,even_scale,126,0,0.86,5,150
0.3,grid,even_scale,127,0,0.244,5,150
0.3,grid,even_scale,128,0,0.17,5,150
0.3,grid,even_scale,129,0,0.308,5,150
0.3,grid,even_scale,130,0,0.716,5,150
0.3,grid,even_scale,131,0,0.208,5,150
0.3,grid,even_scale,132,0,0.262,5,150
0.3,grid,even_scale,133,0,0.508,5,150
0.3,grid,even_scale,134,0,0.292,5,150
0.3,grid,even_scale,135,0,0.984,5,150
0.3,grid,even_scale,136,0,0.474,5,150
0.3,grid,even_scale,137,1,0.032,5,150
0.3,grid,even_scale,138,0,0.132,5,150
0.3,grid,even_scale,139,0,0.318,5,150
0.3,grid,even_scale,140,0,0.506,5,150
0.3,grid,even_scale,141,0,0.54,5,150
0.3,grid,even_scale,142,0,0.482,5,150
0.3,grid,even_scale,143,0,0.622,5,150
0.3,grid,even_scale,144,0,0.81,5,150
0.3,grid,even_scale,145,0,0.808,5,150
0.3,grid,even_scale,146,0,0.616,5,150
0.3,grid,even_scale,147,0,0.096,5,150
0.3,grid,even_scale,148,0,0.36,5,150
0.3,grid,even_scale,149,1,0.026,5,150
0.3,grid,even_scale,150,0,0.396,5,150
0.3,grid,even_scale,151,0,0.424,5,150
0.3,grid,even_scale,152,0,0.664,5,150
0.3,grid,even_scale,153,0,0.714,5,150
0.3,grid,even_scale,154,0,0.704,5,150
0.3,grid,even_scale,155,0,0.726,5,150
0.3,grid,even_scale,156,0,0.836,5,150
0.3,grid,even_scale,157,0,0.21,5,150
0.3,grid,even_scale,158,0,0.844,5,150
0.3,grid,even_scale,159,0,0.906,5,150
0.3,grid,even_scale,160,0,0.112,5,150
0.3,grid,even_scale,161,0,0.148,5,150
0.3,grid,even_scale,162,0,0.778,5,150
0.3,grid,even_scale,163,0,0.564,5,150
0.3,grid,even_scale,164,0,0.278,5,150
0.3,grid,even_scale,165,0,0.43,5,150
0.3,grid,even_scale,166,0,0.782,5,150
0.3,grid,even_scale,167,0,0.338,5,150
0.3,grid,even_scale,168,0,0.53,5,150
0.3,grid,even_scale,169,0,0.182,5,150
0.3,grid,even_scale,170,0,0.654,5,150
0.3,grid,even_scale,171,0,0.91,5,150
0.3,grid,even_scale,172,0,0.248,5,150
0.3,grid,even_scale,173,0,0.46,5,150
0.3,grid,even_scale,174,0,0.762,5,150
0.3,grid,even_scale,175,0,0.504,5,150
0.3,grid,even_scale,176,0,0.1,5,150
0.3,grid,even_scale,177,0,0.334,5,150
0.3,grid,even_scale,178,0,0.376,5,150
0.3,grid,even_scale,179,0,0.63,5,150
0.3,grid,even_scale,180,0,0.318,5,150
0.3,grid,even_scale,181,0,0.224,5,150
0.3,grid,even_scale,182,0,0.114,5,150
0.3,grid,even_scale,183,0,0.826,5,150
0.3,grid,even_scale,184,0,0.692,5,150
0.3,grid,even_scale,185,0,0.336,5,150
0.3,grid,even_scale,186,0,0.208,5,150
0.3,grid,even_scale,187,0,0.364,5,150
0.3,grid,even_scale,188,0,0.772,5,150
0.3,grid,even_scale,189,0,0.772,5,150
0.3,grid,even_scale,190,0,0.352,5,150
0.3,grid,even_scale,191,0,0.96,5,150
0.3,grid,even_scale,192,0,0.626,5,150
0.3,grid,even_scale,193,0,0.792,5,150
0.3,grid,even_scale,194,0,0.456,5,150
0.3,grid,even_scale,195,0,0.604,5,150
0.3,grid,even_scale,196,0,0.542,5,150
0.3,grid,even_scale,197,0,0.41,5,150
0.3,grid,even_scale,198,0,0.248,5,150
0.3,grid,even_scale,199,0,0.652,5,150
0.3,grid,combined,0,1,0.03,5,150
0.3,grid,combined,1,0,0.058,5,150
0.3,grid,combined,2,1,0.002,5,150
0.3,grid,combined,3,0,0.156,5,150
0.3,grid,combined,4,0,0.458,5,150
0.3,grid,combined,5,0,0.336,5,150
0.3,grid,combined,6,0,0.228,5,150
0.3,grid,combined,7,0,0.16,5,150
0.3,grid,combined,8,0,0.894,5,150
0.3,grid,combined,9,1,0.018,5,150
0.3,grid,combined,10,0,0.322,5,150
0.3,grid,combined,11,0,0.572,5,150
0.3,grid,combined,12,1,0.002,5,150
0.3,grid,combined,13,0,0.666,5,150
0.3,grid,combined,14,0,0.058,5,150
0.3,grid,combined,15,1,0.036,5,150
0.3,grid,combined,16,0,0.174,5,150
0.3,grid,combined,17,1,0.048,5,150
0.3,grid,combined,18,1,0.006,5,150
0.3,grid,combined,19,1,0.002,5,150
0.3,grid,combined,20,0,0.252,5,150
0.3,grid,combined,21,0,0.166,5,150
0.3,grid,combined,22,0,0.33,5,150
0.3,grid,combined,23,0,0.296,5,150
0.3,grid,combined,24,0,0.21,5,150
0.3,grid,combined,25,0,0.05,5,150
0.3,grid,combined,26,0,0.446,5,150
0.3,grid,combined,27,1,0.002,5,150
0.3,grid,combined,28,0,0.258,5,150
0.3,grid,combined,29,0,0.948,5,150
0.3,grid,combined,30,0,0.436,5,150
0.3,grid,combined,31,0,0.216,5,150
0.3,grid,combined,32,1,0.002,5,150
0.3,grid,combined,33,0,0.062,5,150
0.3,grid,combined,34,1,0.004,5,150
0.3,grid,combined,35,0,0.216,5,150
0.3,grid,combined,36,1,0.004,5,150
0.3,grid,combined,37,0,0.282,5,150
0.3,grid,combined,38,1,0.022,5,150
0.3,grid,combined,39,0,0.37,5,150
0.3,grid,combined,40,0,0.106,5,150
0.3,grid,combined,41,1,0.022,5,150
0.3,grid,combined,42,0,0.292,5,150
0.3,grid,combined,43,1,0.046,5,150
0.3,grid,combined,44,0,0.084,5,150
0.3,grid,combined,45,0,0.598,5,150
0.3,grid,combined,46,1,0.024,5,150
0.3,grid,combined,47,0,0.068,5,150
0.3,grid,combined,48,1,0.038,5,150
0.3,grid,combined,49,0,0.068,5,150
0.3,grid,combined,50,1,0.022,5,150
0.3,grid,combined,51,1,0.002,5,150
0.3,grid,combined,52,0,0.18,5,150
0.3,grid,combined,53,0,0.674,5,150
0.3,grid,combined,54,1,0.022,5,150
0.3,grid,combined,55,1,0.042,5,150
0.3,grid,combined,56,1,0.028,5,150
0.3,grid,combined,57,0,0.118,5,150
0.3,grid,combined,58,0,0.402,5,150
0.3,grid,combined,59,1,0.038,5,150
0.3,grid,combined,60,1,0.008,5,150
0.3,grid,combined,61,1,0.02,5,150
0.3,grid,combined,62,0,0.136,5,150
0.3,grid,combined,63,0,0.108,5,150
0.3,grid,combined,64,0,0.15,5,150
0.3,grid,combined,65,0,0.754,5,150
0.3,grid,combined,66,0,0.69,5,150
0.3,grid,combined,67,0,0.496,5,150
0.3,grid,combined,68,0,0.062,5,150
0.3,grid,combined,69,0,0.09,5,150
0.3,grid,combined,70,0,0.186,5,150
0.3,grid,combined,71,0,0.33,5,150
0.3,grid,combined,72,0,0.09,5,150
0.3,grid,combined,73,0,0.36,5,150
0.3,grid,combined,74,0,0.348,5,150
0.3,grid,combined,75,0,0.794,5,150
0.3,grid,combined,76,1,0.006,5,150
0.3,grid,combined,77,1,0.006,5,150
0.3,grid,combined,78,0,0.38,5,150
0.3,grid,combined,79,0,0.314,5,150
0.3,grid,combined,80,0,0.15,5,150
0.3,grid,combined,81,1,0.006,5,150
0.3,grid,combined,82,0,0.21,5,150
0.3,grid,combined,83,1,0.012,5,150
0.3,grid,combined,84,0,0.212,5,150
0.3,grid,combined,85,0,0.824,5,150
0.3,grid,combined,86,0,0.088,5,150
0.3,grid,combined,87,0,0.17,5,150
0.3,grid,combined,88,0,0.15,5,150
0.3,grid,combined,89,0,0.65,5,150
0.3,grid,combined,90,0,0.176,5,150
0.3,grid,combined,91,0,0.25,5,150
0.3,grid,combined,92,1,0.022,5,150
0.3,grid,combined,93,0,0.676,5,150
0.3,grid,combined,94,0,0.342,5,150
0.3,grid,combined,95,0,0.364,5,150
0.3,grid,combined,96,1,0.008,5,150
0.3,grid,combined,97,1,0.004,5,150
0.3,grid,combined,98,0,0.46,5,150
0.3,grid,combined,99,1,0.01,5,150
0.3,grid,combined,100,0,0.078,5,150
0.3,grid,combined,101,1,0.036,5,150
0.3,grid,combined,102,0,0.06,5,150
0.3,grid,combined,103,0,0.494,5,150
0.3,grid,combined,104,1,0.008,5,150
0.3,grid,combined,105,0,0.216,5,150
0.3,grid,combined,106,1,0.038,5,150
0.3,grid,combined,107,1,0.004,5,150
0.3,grid,combined,108,0,0.9,5,150
0.3,grid,combined,109,0,0.814,5,150
0.3,grid,combined,110,1,0.004,5,150
0.3,grid,combined,111,0,0.47,5,150
0.3,grid,combined,112,1,0.032,5,150
0.3,grid,combined,113,1,0.036,5,150
0.3,grid,combined,114,0,0.08,5,150
0.3,grid,combined,115,0,0.314,5,150
0.3,grid,combined,116,0,0.082,5,150
0.3,grid,combined,117,1,0.004,5,150
0.3,grid,combined,118,0,0.932,5,150
0.3,grid,combined,119,0,0.056,5,150
0.3,grid,combined,120,1,0.032,5,150
0.3,grid,combined,121,0,0.324,5,150
0.3,grid,combined,122,0,0.17,5,150
0.3,grid,combined,123,1,0.004,5,150
0.3,grid,combined,124,0,0.414,5,150
0.3,grid,combined,125,0,0.874,5,150
0.3,grid,combined,126,0,0.08,5,150
0.3,grid,combined,127,0,0.662,5,150
0.3,grid,combined,128,0,0.668,5,150
0.3,grid,combined,129,0,0.38,5,150
0.3,grid,combined,130,0,0.41,5,150
0.3,grid,combined,131,1,0.002,5,150
0.3,grid,combined,132,0,0.794,5,150
0.3,grid,combined,133,1,0.002,5,150
0.3,grid,combined,134,0,0.082,5,150
0.3,grid,combined,135,0,0.074,5,150
0.3,grid,combined,136,0,0.124,5,150
0.3,grid,combined,137,0,0.386,5,150
0.3,grid,combined,138,0,0.732,5,150
0.3,grid,combined,139,0,0.544,5,150
0.3,grid,combined,140,0,0.082,5,150
0.3,grid,combined,141,0,0.254,5,150
0.3,grid,combined,142,1,0.01,5,150
0.3,grid,combined,143,0,0.052,5,150
0.3,grid,combined,144,1,0.008,5,150
0.3,grid,combined,145,0,0.092,5,150
0.3,grid,combined,146,1,0.032,5,150
0.3,grid,combined,147,0,0.594,5,150
0.3,grid,combined,148,1,0.042,5,150
0.3,grid,combined,149,0,0.636,5,150
0.3,grid,combined,150,0,0.394,5,150
0.3,grid,combined,151,1,0.028,5,150
0.3,grid,combined,152,0,0.204,5,150
0.3,grid,combined,153,0,0.218,5,150
0.3,grid,combined,154,0,0.262,5,150
0.3,grid,combined,155,0,0.504,5,150
0.3,grid,combined,156,1,0.044,5,150
0.3,grid,combined,157,1,0.014,5,150
0.3,grid,combined,158,0,0.216,5,150
0.3,grid,combined,159,1,0.04,5,150
0.3,grid,combined,160,0,0.96,5,150
0.3,grid,combined,161,1,0.006,5,150
0.3,grid,combined,162,0,0.168,5,150
0.3,grid,combined,163,1,0.026,5,150
0.3,grid,combined,164,0,0.432,5,150
0.3,grid,combined,165,0,0.496,5,150
0.3,grid,combined,166,0,0.078,5,150
0.3,grid,combined,167,1,0.006,5,150
0.3,grid,combined,168,0,0.404,5,150
0.3,grid,combined,169,1,0.008,5,150
0.3,grid,combined,170,0,0.246,5,150
0.3,grid,combined,171,1,0.01,5,150
0.3,grid,combined,172,0,0.148,5,150
0.3,grid,combined,173,1,0.012,5,150
0.3,grid,combined,174,0,0.076,5,150
0.3,grid,combined,175,0,0.06,5,150
0.3,grid,combined,176,0,0.684,5,150
0.3,grid,combined,177,1,0.01,5,150
0.3,grid,combined,178,0,0.27,5,150
0.3,grid,combined,179,0,0.144,5,150
0.3,grid,combined,180,1,0.048,5,150
0.3,grid,combined,181,0,0.794,5,150
0.3,grid,combined,182,1,0.008,5,150
0.3,grid,combined,183,0,0.138,5,150
0.3,grid,combined,184,0,0.082,5,150
0.3,grid,combined,185,1,0.028,5,150
0.3,grid,combined,186,0,0.866,5,150
0.3,grid,combined,187,1,0.014,5,150
0.3,grid,combined,188,0,0.328,5,150
0.3,grid,combined,189,0,0.184,5,150
0.3,grid,combined,190,0,0.056,5,150
0.3,grid,combined,191,0,0.058,5,150
0.3,grid,combined,192,1,0.022,5,150
0.3,grid,combined,193,1,0.022,5,150
0.3,grid,combined,194,0,0.564,5,150
0.3,grid,combined,195,0,0.13,5,150
0.3,grid,combined,196,0,0.24,5,150
0.3,grid,combined,197,0,0.226,5,150
0.3,grid,combined,198,1,0.008,5,150
0.3,grid,combined,199,0,0.096,5,150
0.3,fibre_optimal,null,0,0,0.482,5,150
0.3,fibre_optimal,null,1,0,0.782,5,150
0.3,fibre_optimal,null,2,0,0.604,5,150
0.3,fibre_optimal,null,3,0,0.162,5,150
0.3,fibre_optimal,null,4,1,0.042,5,150
0.3,fibre_optimal,null,5,0,0.4,5,150
0.3,fibre_optimal,null,6,0,0.128,5,150
0.3,fibre_optimal,null,7,1,0.032,5,150
0.3,fibre_optimal,null,8,0,0.676,5,150
0.3,fibre_optimal,null,9,0,0.59,5,150
0.3,fibre_optimal,null,10,0,0.964,5,150
0.3,fibre_optimal,null,11,0,0.806,5,150
0.3,fibre_optimal,null,12,0,0.722,5,150
0.3,fibre_optimal,null,13,0,0.728,5,150
0.3,fibre_optimal,null,14,0,0.556,5,150
0.3,fibre_optimal,null,15,0,0.856,5,150
0.3,fibre_optimal,null,16,0,0.144,5,150
0.3,fibre_optimal,null,17,0,0.356,5,150
0.3,fibre_optimal,null,18,1,0.042,5,150
0.3,fibre_optimal,null,19,0,0.742,5,150
0.3,fibre_optimal,null,20,0,0.916,5,150
0.3,fibre_optimal,null,21,0,0.716,5,150
0.3,fibre_optimal,null,22,0,0.634,5,150
0.3,fibre_optimal,null,23,0,0.544,5,150
0.3,fibre_optimal,null,24,0,0.55,5,150
0.3,fibre_optimal,null,25,0,1.0,5,150
0.3,fibre_optimal,null,26,0,0.126,5,150
0.3,fibre_optimal,null,27,0,0.172,5,150
0.3,fibre_optimal,null,28,0,0.602,5,150
0.3,fibre_optimal,null,29,0,0.23,5,150
0.3,fibre_optimal,null,30,0,0.802,5,150
0.3,fibre_optimal,null,31,0,0.58,5,150
0.3,fibre_optimal,null,32,0,0.716,5,150
0.3,fibre_optimal,null,33,0,0.23,5,150
0.3,fibre_optimal,null,34,0,0.716,5,150
0.3,fibre_optimal,null,35,0,0.734,5,150
0.3,fibre_optimal,null,36,0,0.326,5,150
0.3,fibre_optimal,null,37,0,0.53,5,150
0.3,fibre_optimal,null,38,0,0.39,5,150
0.3,fibre_optimal,null,39,0,0.664,5,150
0.3,fibre_optimal,null,40,0,0.174,5,150
0.3,fibre_optimal,null,41,0,0.164,5,150
0.3,fibre_optimal,null,42,0,0.188,5,150
0.3,fibre_optimal,null,43,0,0.388,5,150
0.3,fibre_optimal,null,44,0,0.23,5,150
0.3,fibre_optimal,null,45,0,0.576,5,150
0.3,fibre_optimal,null,46,0,0.49,5,150
0.3,fibre_optimal,null,47,0,0.138,5,150
0.3,fibre_optimal,null,48,0,0.542,5,150
0.3,fibre_optimal,null,49,0,0.742,5,150
0.3,fibre_optimal,null,50,0,0.068,5,150
0.3,fibre_optimal,null,51,0,0.306,5,150
0.3,fibre_optimal,null,52,0,0.9,5,150
0.3,fibre_optimal,null,53,0,0.308,5,150
0.3,fibre_optimal,null,54,0,0.226,5,150
0.3,fibre_optimal,null,55,0,0.872,5,150
0.3,fibre_optimal,null,56,1,0.042,5,150
0.3,fibre_optimal,null,57,0,0.812,5,150
0.3,fibre_optimal,null,58,0,0.612,5,150
0.3,fibre_optimal,null,59,0,0.856,5,150
0.3,fibre_optimal,null,60,0,0.722,5,150
0.3,fibre_optimal,null,61,0,0.064,5,150
0.3,fibre_optimal,null,62,0,0.46,5,150
0.3,fibre_optimal,null,63,0,0.268,5,150
0.3,fibre_optimal,null,64,0,0.498,5,150
0.3,fibre_optimal,null,65,0,0.494,5,150
0.3,fibre_optimal,null,66,0,0.458,5,150
0.3,fibre_optimal,null,67,0,0.754,5,150
0.3,fibre_optimal,null,68,0,0.59,5,150
0.3,fibre_optimal,null,69,0,0.192,5,150
0.3,fibre_optimal,null,70,0,0.796,5,150
0.3,fibre_optimal,null,71,0,0.818,5,150
0.3,fibre_optimal,null,72,0,0.316,5,150
0.3,fibre_optimal,null,73,0,0.498,5,150
0.3,fibre_optimal,null,74,0,0.554,5,150
0.3,fibre_optimal,null,75,0,0.64,5,150
0.3,fibre_optimal,null,76,0,0.478,5,150
0.3,fibre_optimal,null,77,0,0.332,5,150
0.3,fibre_optimal,null,78,0,0.51,5,150
0.3,fibre_optimal,null,79,0,0.456,5,150
0.3,fibre_optimal,null,80,0,0.694,5,150
0.3,fibre_optimal,null,81,0,0.394,5,150
0.3,fibre_optimal,null,82,0,0.096,5,150
0.3,fibre_optimal,null,83,0,0.654,5,150
0.3,fibre_optimal,null,84,0,0.52,5,150
0.3,fibre_optimal,null,85,0,0.33,5,150
0.3,fibre_optimal,null,86,0,0.666,5,150
0.3,fibre_optimal,null,87,0,0.466,5,150
0.3,fibre_optimal,null,88,0,0.702,5,150
0.3,fibre_optimal,null,89,0,0.166,5,150
0.3,fibre_optimal,null,90,0,0.99,5,150
0.3,fibre_optimal,null,91,0,0.172,5,150
0.3,fibre_optimal,null,92,0,0.584,5,150
0.3,fibre_optimal,null,93,0,0.924,5,150
0.3,fibre_optimal,null,94,0,0.814,5,150
0.3,fibre_optimal,null,95,0,0.898,5,150
0.3,fibre_optimal,null,96,0,0.824,5,150
0.3,fibre_optimal,null,97,0,0.35,5,150
0.3,fibre_optimal,null,98,0,0.53,5,150
0.3,fibre_optimal,null,99,1,0.008,5,150
0.3,fibre_optimal,null,100,0,0.918,5,150
0.3,fibre_optimal,null,101,0,0.79,5,150
0.3,fibre_optimal,null,102,0,0.136,5,150
0.3,fibre_optimal,null,103,0,0.976,5,150
0.3,fibre_optimal,null,104,0,0.812,5,150
0.3,fibre_optimal,null,105,0,0.934,5,150
0.3,fibre_optimal,null,106,0,0.228,5,150
0.3,fibre_optimal,null,107,0,0.582,5,150
0.3,fibre_optimal,null,108,0,0.338,5,150
0.3,fibre_optimal,null,109,0,0.232,5,150
0.3,fibre_optimal,null,110,0,0.406,5,150
0.3,fibre_optimal,null,111,0,0.868,5,150
0.3,fibre_optimal,null,112,0,0.192,5,150
0.3,fibre_optimal,null,113,0,0.584,5,150
0.3,fibre_optimal,null,114,0,0.684,5,150
0.3,fibre_optimal,null,115,0,0.386,5,150
0.3,fibre_optimal,null,116,0,0.224,5,150
0.3,fibre_optimal,null,117,0,0.808,5,150
0.3,fibre_optimal,null,118,0,0.072,5,150
0.3,fibre_optimal,null,119,0,0.67,5,150
0.3,fibre_optimal,null,120,0,0.988,5,150
0.3,fibre_optimal,null,121,0,0.968,5,150
0.3,fibre_optimal,null,122,0,0.682,5,150
0.3,fibre_optimal,null,123,0,0.796,5,150
0.3,fibre_optimal,null,124,0,0.534,5,150
0.3,fibre_optimal,null,125,0,0.788,5,150
0.3,fibre_optimal,null,126,0,0.19,5,150
0.3,fibre_optimal,null,127,0,0.854,5,150
0.3,fibre_optimal,null,128,0,0.084,5,150
0.3,fibre_optimal,null,129,1,0.004,5,150
0.3,fibre_optimal,null,130,0,0.324,5,150
0.3,fibre_optimal,null,131,0,0.462,5,150
0.3,fibre_optimal,null,132,0,0.388,5,150
0.3,fibre_optimal,null,133,1,0.022,5,150
0.3,fibre_optimal,null,134,0,0.6,5,150
0.3,fibre_optimal,null,135,0,0.704,5,150
0.3,fibre_optimal,null,136,0,0.834,5,150
0.3,fibre_optimal,null,137,0,0.396,5,150
0.3,fibre_optimal,null,138,0,0.398,5,150
0.3,fibre_optimal,null,139,0,0.736,5,150
0.3,fibre_optimal,null,140,0,0.888,5,150
0.3,fibre_optimal,null,141,0,0.242,5,150
0.3,fibre_optimal,null,142,0,0.062,5,150
0.3,fibre_optimal,null,143,0,0.454,5,150
0.3,fibre_optimal,null,144,0,0.42,5,150
0.3,fibre_optimal,null,145,0,0.686,5,150
0.3,fibre_optimal,null,146,0,0.928,5,150
0.3,fibre_optimal,null,147,0,0.472,5,150
0.3,fibre_optimal,null,148,0,0.788,5,150
0.3,fibre_optimal,null,149,0,0.366,5,150
0.3,fibre_optimal,null,150,0,0.96,5,150
0.3,fibre_optimal,null,151,0,0.93,5,150
0.3,fibre_optimal,null,152,0,0.28,5,150
0.3,fibre_optimal,null,153,0,0.904,5,150
0.3,fibre_optimal,null,154,0,0.338,5,150
0.3,fibre_optimal,null,155,0,0.596,5,150
0.3,fibre_optimal,null,156,0,0.966,5,150
0.3,fibre_optimal,null,157,0,0.768,5,150
0.3,fibre_optimal,null,158,0,0.932,5,150
0.3,fibre_optimal,null,159,0,0.188,5,150
0.3,fibre_optimal,null,160,1,0.046,5,150
0.3,fibre_optimal,null,161,0,0.092,5,150
0.3,fibre_optimal,null,162,0,0.4,5,150
0.3,fibre_optimal,null,163,0,0.576,5,150
0.3,fibre_optimal,null,164,0,0.428,5,150
0.3,fibre_optimal,null,165,0,0.832,5,150
0.3,fibre_optimal,null,166,0,0.178,5,150
0.3,fibre_optimal,null,167,0,0.942,5,150
0.3,fibre_optimal,null,168,0,0.126,5,150
0.3,fibre_optimal,null,169,0,0.63,5,150
0.3,fibre_optimal,null,170,0,0.252,5,150
0.3,fibre_optimal,null,171,0,0.642,5,150
0.3,fibre_optimal,null,172,0,0.45,5,150
0.3,fibre_optimal,null,173,0,0.678,5,150
0.3,fibre_optimal,null,174,0,0.182,5,150
0.3,fibre_optimal,null,175,1,0.006,5,150
0.3,fibre_optimal,null,176,0,0.462,5,150
0.3,fibre_optimal,null,177,0,0.59,5,150
0.3,fibre_optimal,null,178,0,0.726,5,150
0.3,fibre_optimal,null,179,0,0.986,5,150
0.3,fibre_optimal,null,180,0,0.18,5,150
0.3,fibre_optimal,null,181,0,0.292,5,150
0.3,fibre_optimal,null,182,0,0.51,5,150
0.3,fibre_optimal,null,183,0,0.5,5,150
0.3,fibre_optimal,null,184,0,0.676,5,150
0.3,fibre_optimal,null,185,0,0.472,5,150
0.3,fibre_optimal,null,186,0,0.97,5,150
0.3,fibre_optimal,null,187,0,0.34,5,150
0.3,fibre_optimal,null,188,0,0.442,5,150
0.3,fibre_optimal,null,189,0,0.566,5,150
0.3,fibre_optimal,null,190,0,0.298,5,150
0.3,fibre_optimal,null,191,0,0.18,5,150
0.3,fibre_optimal,null,192,0,0.286,5,150
0.3,fibre_optimal,null,193,0,0.834,5,150
0.3,fibre_optimal,null,194,0,0.154,5,150
0.3,fibre_optimal,null,195,0,0.51,5,150
0.3,fibre_optimal,null,196,0,0.13,5,150
0.3,fibre_optimal,null,197,1,0.028,5,150
0.3,fibre_optimal,null,198,1,0.02,5,150
0.3,fibre_optimal,null,199,0,0.204,5,150
0.3,fibre_optimal,omitted,0,1,0.004,5,150
0.3,fibre_optimal,omitted,1,1,0.012,5,150
0.3,fibre_optimal,omitted,2,1,0.008,5,150
0.3,fibre_optimal,omitted,3,1,0.004,5,150
0.3,fibre_optimal,omitted,4,0,0.574,5,150
0.3,fibre_optimal,omitted,5,1,0.002,5,150
0.3,fibre_optimal,omitted,6,1,0.016,5,150
0.3,fibre_optimal,omitted,7,0,0.228,5,150
0.3,fibre_optimal,omitted,8,1,0.002,5,150
0.3,fibre_optimal,omitted,9,1,0.002,5,150
0.3,fibre_optimal,omitted,10,1,0.022,5,150
0.3,fibre_optimal,omitted,11,1,0.004,5,150
0.3,fibre_optimal,omitted,12,1,0.002,5,150
0.3,fibre_optimal,omitted,13,1,0.002,5,150
0.3,fibre_optimal,omitted,14,1,0.004,5,150
0.3,fibre_optimal,omitted,15,1,0.008,5,150
0.3,fibre_optimal,omitted,16,1,0.002,5,150
0.3,fibre_optimal,omitted,17,1,0.004,5,150
0.3,fibre_optimal,omitted,18,1,0.002,5,150
0.3,fibre_optimal,omitted,19,1,0.002,5,150
0.3,fibre_optimal,omitted,20,1,0.002,5,150
0.3,fibre_optimal,omitted,21,1,0.002,5,150
0.3,fibre_optimal,omitted,22,1,0.004,5,150
0.3,fibre_optimal,omitted,23,1,0.004,5,150
0.3,fibre_optimal,omitted,24,1,0.002,5,150
0.3,fibre_optimal,omitted,25,1,0.022,5,150
0.3,fibre_optimal,omitted,26,1,0.002,5,150
0.3,fibre_optimal,omitted,27,1,0.002,5,150
0.3,fibre_optimal,omitted,28,1,0.002,5,150
0.3,fibre_optimal,omitted,29,0,0.178,5,150
0.3,fibre_optimal,omitted,30,1,0.002,5,150
0.3,fibre_optimal,omitted,31,1,0.004,5,150
0.3,fibre_optimal,omitted,32,1,0.004,5,150
0.3,fibre_optimal,omitted,33,0,0.146,5,150
0.3,fibre_optimal,omitted,34,1,0.002,5,150
0.3,fibre_optimal,omitted,35,1,0.012,5,150
0.3,fibre_optimal,omitted,36,1,0.012,5,150
0.3,fibre_optimal,omitted,37,1,0.002,5,150
0.3,fibre_optimal,omitted,38,1,0.002,5,150
0.3,fibre_optimal,omitted,39,1,0.002,5,150
0.3,fibre_optimal,omitted,40,1,0.002,5,150
0.3,fibre_optimal,omitted,41,1,0.002,5,150
0.3,fibre_optimal,omitted,42,1,0.002,5,150
0.3,fibre_optimal,omitted,43,1,0.002,5,150
0.3,fibre_optimal,omitted,44,1,0.002,5,150
0.3,fibre_optimal,omitted,45,1,0.022,5,150
0.3,fibre_optimal,omitted,46,1,0.012,5,150
0.3,fibre_optimal,omitted,47,1,0.002,5,150
0.3,fibre_optimal,omitted,48,1,0.006,5,150
0.3,fibre_optimal,omitted,49,1,0.008,5,150
0.3,fibre_optimal,omitted,50,1,0.002,5,150
0.3,fibre_optimal,omitted,51,1,0.002,5,150
0.3,fibre_optimal,omitted,52,1,0.004,5,150
0.3,fibre_optimal,omitted,53,1,0.002,5,150
0.3,fibre_optimal,omitted,54,1,0.004,5,150
0.3,fibre_optimal,omitted,55,1,0.006,5,150
0.3,fibre_optimal,omitted,56,1,0.002,5,150
0.3,fibre_optimal,omitted,57,1,0.004,5,150
0.3,fibre_optimal,omitted,58,0,0.076,5,150
0.3,fibre_optimal,omitted,59,1,0.004,5,150
0.3,fibre_optimal,omitted,60,1,0.002,5,150
0.3,fibre_optimal,omitted,61,1,0.002,5,150
0.3,fibre_optimal,omitted,62,1,0.004,5,150
0.3,fibre_optimal,omitted,63,1,0.002,5,150
0.3,fibre_optimal,omitted,64,1,0.018,5,150
0.3,fibre_optimal,omitted,65,1,0.004,5,150
0.3,fibre_optimal,omitted,66,1,0.006,5,150
0.3,fibre_optimal,omitted,67,1,0.002,5,150
0.3,fibre_optimal,omitted,68,1,0.002,5,150
0.3,fibre_optimal,omitted,69,1,0.026,5,150
0.3,fibre_optimal,omitted,70,1,0.01,5,150
0.3,fibre_optimal,omitted,71,1,0.008,5,150
0.3,fibre_optimal,omitted,72,1,0.012,5,150
0.3,fibre_optimal,omitted,73,1,0.002,5,150
0.3,fibre_optimal,omitted,74,0,0.074,5,150
0.3,fibre_optimal,omitted,75,1,0.002,5,150
0.3,fibre_optimal,omitted,76,1,0.004,5,150
0.3,fibre_optimal,omitted,77,1,0.048,5,150
0.3,fibre_optimal,omitted,78,1,0.006,5,150
0.3,fibre_optimal,omitted,79,1,0.004,5,150
0.3,fibre_optimal,omitted,80,0,0.126,5,150
0.3,fibre_optimal,omitted,81,1,0.03,5,150
0.3,fibre_optimal,omitted,82,1,0.002,5,150
0.3,fibre_optimal,omitted,83,1,0.002,5,150
0.3,fibre_optimal,omitted,84,1,0.002,5,150
0.3,fibre_optimal,omitted,85,1,0.002,5,150
0.3,fibre_optimal,omitted,86,1,0.004,5,150
0.3,fibre_optimal,omitted,87,0,0.058,5,150
0.3,fibre_optimal,omitted,88,1,0.018,5,150
0.3,fibre_optimal,omitted,89,1,0.006,5,150
0.3,fibre_optimal,omitted,90,1,0.006,5,150
0.3,fibre_optimal,omitted,91,1,0.002,5,150
0.3,fibre_optimal,omitted,92,1,0.008,5,150
0.3,fibre_optimal,omitted,93,1,0.002,5,150
0.3,fibre_optimal,omitted,94,1,0.002,5,150
0.3,fibre_optimal,omitted,95,1,0.008,5,150
0.3,fibre_optimal,omitted,96,1,0.002,5,150
0.3,fibre_optimal,omitted,97,1,0.004,5,150
0.3,fibre_optimal,omitted,98,1,0.004,5,150
0.3,fibre_optimal,omitted,99,0,0.756,5,150
0.3,fibre_optimal,omitted,100,1,0.002,5,150
0.3,fibre_optimal,omitted,101,1,0.008,5,150
0.3,fibre_optimal,omitted,102,1,0.002,5,150
0.3,fibre_optimal,omitted,103,1,0.006,5,150
0.3,fibre_optimal,omitted,104,1,0.006,5,150
0.3,fibre_optimal,omitted,105,1,0.018,5,150
0.3,fibre_optimal,omitted,106,1,0.002,5,150
0.3,fibre_optimal,omitted,107,1,0.006,5,150
0.3,fibre_optimal,omitted,108,1,0.034,5,150
0.3,fibre_optimal,omitted,109,0,0.09,5,150
0.3,fibre_optimal,omitted,110,0,0.064,5,150
0.3,fibre_optimal,omitted,111,1,0.002,5,150
0.3,fibre_optimal,omitted,112,1,0.002,5,150
0.3,fibre_optimal,omitted,113,1,0.002,5,150
0.3,fibre_optimal,omitted,114,1,0.004,5,150
0.3,fibre_optimal,omitted,115,0,0.06,5,150
0.3,fibre_optimal,omitted,116,1,0.01,5,150
0.3,fibre_optimal,omitted,117,1,0.002,5,150
0.3,fibre_optimal,omitted,118,0,0.07,5,150
0.3,fibre_optimal,omitted,119,1,0.002,5,150
0.3,fibre_optimal,omitted,120,1,0.004,5,150
0.3,fibre_optimal,omitted,121,1,0.002,5,150
0.3,fibre_optimal,omitted,122,1,0.002,5,150
0.3,fibre_optimal,omitted,123,1,0.002,5,150
0.3,fibre_optimal,omitted,124,1,0.002,5,150
0.3,fibre_optimal,omitted,125,1,0.008,5,150
0.3,fibre_optimal,omitted,126,1,0.002,5,150
0.3,fibre_optimal,omitted,127,1,0.002,5,150
0.3,fibre_optimal,omitted,128,0,0.316,5,150
0.3,fibre_optimal,omitted,129,0,0.866,5,150
0.3,fibre_optimal,omitted,130,1,0.004,5,150
0.3,fibre_optimal,omitted,131,1,0.002,5,150
0.3,fibre_optimal,omitted,132,1,0.008,5,150
0.3,fibre_optimal,omitted,133,0,0.368,5,150
0.3,fibre_optimal,omitted,134,1,0.002,5,150
0.3,fibre_optimal,omitted,135,1,0.008,5,150
0.3,fibre_optimal,omitted,136,1,0.004,5,150
0.3,fibre_optimal,omitted,137,1,0.014,5,150
0.3,fibre_optimal,omitted,138,1,0.008,5,150
0.3,fibre_optimal,omitted,139,1,0.002,5,150
0.3,fibre_optimal,omitted,140,1,0.012,5,150
0.3,fibre_optimal,omitted,141,1,0.002,5,150
0.3,fibre_optimal,omitted,142,1,0.002,5,150
0.3,fibre_optimal,omitted,143,1,0.002,5,150
0.3,fibre_optimal,omitted,144,1,0.002,5,150
0.3,fibre_optimal,omitted,145,1,0.014,5,150
0.3,fibre_optimal,omitted,146,1,0.002,5,150
0.3,fibre_optimal,omitted,147,1,0.026,5,150
0.3,fibre_optimal,omitted,148,1,0.002,5,150
0.3,fibre_optimal,omitted,149,1,0.04,5,150
0.3,fibre_optimal,omitted,150,1,0.008,5,150
0.3,fibre_optimal,omitted,151,1,0.002,5,150
0.3,fibre_optimal,omitted,152,0,0.088,5,150
0.3,fibre_optimal,omitted,153,1,0.008,5,150
0.3,fibre_optimal,omitted,154,1,0.004,5,150
0.3,fibre_optimal,omitted,155,1,0.002,5,150
0.3,fibre_optimal,omitted,156,1,0.004,5,150
0.3,fibre_optimal,omitted,157,0,0.098,5,150
0.3,fibre_optimal,omitted,158,1,0.002,5,150
0.3,fibre_optimal,omitted,159,1,0.004,5,150
0.3,fibre_optimal,omitted,160,0,0.238,5,150
0.3,fibre_optimal,omitted,161,1,0.002,5,150
0.3,fibre_optimal,omitted,162,1,0.028,5,150
0.3,fibre_optimal,omitted,163,1,0.002,5,150
0.3,fibre_optimal,omitted,164,0,0.186,5,150
0.3,fibre_optimal,omitted,165,1,0.01,5,150
0.3,fibre_optimal,omitted,166,0,0.128,5,150
0.3,fibre_optimal,omitted,167,1,0.002,5,150
0.3,fibre_optimal,omitted,168,1,0.002,5,150
0.3,fibre_optimal,omitted,169,0,0.058,5,150
0.3,fibre_optimal,omitted,170,1,0.004,5,150
0.3,fibre_optimal,omitted,171,1,0.004,5,150
0.3,fibre_optimal,omitted,172,1,0.042,5,150
0.3,fibre_optimal,omitted,173,1,0.008,5,150
0.3,fibre_optimal,omitted,174,0,0.07,5,150
0.3,fibre_optimal,omitted,175,1,0.002,5,150
0.3,fibre_optimal,omitted,176,1,0.002,5,150
0.3,fibre_optimal,omitted,177,1,0.004,5,150
0.3,fibre_optimal,omitted,178,1,0.002,5,150
0.3,fibre_optimal,omitted,179,1,0.002,5,150
0.3,fibre_optimal,omitted,180,1,0.002,5,150
0.3,fibre_optimal,omitted,181,1,0.038,5,150
0.3,fibre_optimal,omitted,182,1,0.002,5,150
0.3,fibre_optimal,omitted,183,1,0.002,5,150
0.3,fibre_optimal,omitted,184,1,0.008,5,150
0.3,fibre_optimal,omitted,185,1,0.01,5,150
0.3,fibre_optimal,omitted,186,1,0.004,5,150
0.3,fibre_optimal,omitted,187,0,0.094,5,150
0.3,fibre_optimal,omitted,188,1,0.002,5,150
0.3,fibre_optimal,omitted,189,1,0.002,5,150
0.3,fibre_optimal,omitted,190,1,0.002,5,150
0.3,fibre_optimal,omitted,191,0,0.082,5,150
0.3,fibre_optimal,omitted,192,1,0.002,5,150
0.3,fibre_optimal,omitted,193,1,0.006,5,150
0.3,fibre_optimal,omitted,194,1,0.002,5,150
0.3,fibre_optimal,omitted,195,1,0.006,5,150
0.3,fibre_optimal,omitted,196,1,0.002,5,150
0.3,fibre_optimal,omitted,197,1,0.002,5,150
0.3,fibre_optimal,omitted,198,0,0.262,5,150
0.3,fibre_optimal,omitted,199,1,0.002,5,150
0.3,fibre_optimal,even_scale,0,0,0.882,5,150
0.3,fibre_optimal,even_scale,1,0,0.672,5,150
0.3,fibre_optimal,even_scale,2,0,0.974,5,150
0.3,fibre_optimal,even_scale,3,0,0.272,5,150
0.3,fibre_optimal,even_scale,4,1,0.04,5,150
0.3,fibre_optimal,even_scale,5,0,0.552,5,150
0.3,fibre_optimal,even_scale,6,0,0.63,5,150
0.3,fibre_optimal,even_scale,7,0,0.122,5,150
0.3,fibre_optimal,even_scale,8,0,0.872,5,150
0.3,fibre_optimal,even_scale,9,0,0.384,5,150
0.3,fibre_optimal,even_scale,10,0,0.98,5,150
0.3,fibre_optimal,even_scale,11,0,0.902,5,150
0.3,fibre_optimal,even_scale,12,0,0.066,5,150
0.3,fibre_optimal,even_scale,13,0,0.652,5,150
0.3,fibre_optimal,even_scale,14,0,0.224,5,150
0.3,fibre_optimal,even_scale,15,0,0.652,5,150
0.3,fibre_optimal,even_scale,16,0,0.16,5,150
0.3,fibre_optimal,even_scale,17,0,0.386,5,150
0.3,fibre_optimal,even_scale,18,0,0.252,5,150
0.3,fibre_optimal,even_scale,19,0,0.914,5,150
0.3,fibre_optimal,even_scale,20,0,0.464,5,150
0.3,fibre_optimal,even_scale,21,0,0.968,5,150
0.3,fibre_optimal,even_scale,22,0,0.462,5,150
0.3,fibre_optimal,even_scale,23,0,0.64,5,150
0.3,fibre_optimal,even_scale,24,0,0.91,5,150
0.3,fibre_optimal,even_scale,25,0,0.652,5,150
0.3,fibre_optimal,even_scale,26,0,0.236,5,150
0.3,fibre_optimal,even_scale,27,0,0.13,5,150
0.3,fibre_optimal,even_scale,28,0,0.666,5,150
0.3,fibre_optimal,even_scale,29,0,0.14,5,150
0.3,fibre_optimal,even_scale,30,0,0.788,5,150
0.3,fibre_optimal,even_scale,31,0,0.838,5,150
0.3,fibre_optimal,even_scale,32,0,0.516,5,150
0.3,fibre_optimal,even_scale,33,0,0.484,5,150
0.3,fibre_optimal,even_scale,34,0,0.436,5,150
0.3,fibre_optimal,even_scale,35,0,0.67,5,150
0.3,fibre_optimal,even_scale,36,0,0.344,5,150
0.3,fibre_optimal,even_scale,37,0,0.288,5,150
0.3,fibre_optimal,even_scale,38,0,0.742,5,150
0.3,fibre_optimal,even_scale,39,0,0.884,5,150
0.3,fibre_optimal,even_scale,40,0,0.088,5,150
0.3,fibre_optimal,even_scale,41,0,0.192,5,150
0.3,fibre_optimal,even_scale,42,0,0.536,5,150
0.3,fibre_optimal,even_scale,43,0,0.908,5,150
0.3,fibre_optimal,even_scale,44,0,0.36,5,150
0.3,fibre_optimal,even_scale,45,0,0.386,5,150
0.3,fibre_optimal,even_scale,46,0,0.782,5,150
0.3,fibre_optimal,even_scale,47,0,0.274,5,150
0.3,fibre_optimal,even_scale,48,0,0.754,5,150
0.3,fibre_optimal,even_scale,49,0,0.934,5,150
0.3,fibre_optimal,even_scale,50,1,0.034,5,150
0.3,fibre_optimal,even_scale,51,0,0.826,5,150
0.3,fibre_optimal,even_scale,52,0,0.938,5,150
0.3,fibre_optimal,even_scale,53,0,0.2,5,150
0.3,fibre_optimal,even_scale,54,0,0.59,5,150
0.3,fibre_optimal,even_scale,55,0,0.92,5,150
0.3,fibre_optimal,even_scale,56,0,0.128,5,150
0.3,fibre_optimal,even_scale,57,0,0.828,5,150
0.3,fibre_optimal,even_scale,58,0,0.592,5,150
0.3,fibre_optimal,even_scale,59,0,0.39,5,150
0.3,fibre_optimal,even_scale,60,0,0.254,5,150
0.3,fibre_optimal,even_scale,61,1,0.044,5,150
0.3,fibre_optimal,even_scale,62,0,0.674,5,150
0.3,fibre_optimal,even_scale,63,0,0.68,5,150
0.3,fibre_optimal,even_scale,64,0,0.878,5,150
0.3,fibre_optimal,even_scale,65,0,0.444,5,150
0.3,fibre_optimal,even_scale,66,0,0.872,5,150
0.3,fibre_optimal,even_scale,67,0,0.538,5,150
0.3,fibre_optimal,even_scale,68,0,0.47,5,150
0.3,fibre_optimal,even_scale,69,0,0.29,5,150
0.3,fibre_optimal,even_scale,70,0,0.548,5,150
0.3,fibre_optimal,even_scale,71,0,0.942,5,150
0.3,fibre_optimal,even_scale,72,0,0.548,5,150
0.3,fibre_optimal,even_scale,73,0,0.692,5,150
0.3,fibre_optimal,even_scale,74,0,0.422,5,150
0.3,fibre_optimal,even_scale,75,0,0.446,5,150
0.3,fibre_optimal,even_scale,76,0,0.83,5,150
0.3,fibre_optimal,even_scale,77,0,0.216,5,150
0.3,fibre_optimal,even_scale,78,0,0.596,5,150
0.3,fibre_optimal,even_scale,79,0,0.586,5,150
0.3,fibre_optimal,even_scale,80,0,0.698,5,150
0.3,fibre_optimal,even_scale,81,0,0.774,5,150
0.3,fibre_optimal,even_scale,82,0,0.12,5,150
0.3,fibre_optimal,even_scale,83,0,0.744,5,150
0.3,fibre_optimal,even_scale,84,0,0.592,5,150
0.3,fibre_optimal,even_scale,85,0,0.198,5,150
0.3,fibre_optimal,even_scale,86,0,0.564,5,150
0.3,fibre_optimal,even_scale,87,0,0.356,5,150
0.3,fibre_optimal,even_scale,88,0,0.906,5,150
0.3,fibre_optimal,even_scale,89,0,0.156,5,150
0.3,fibre_optimal,even_scale,90,0,0.988,5,150
0.3,fibre_optimal,even_scale,91,0,0.318,5,150
0.3,fibre_optimal,even_scale,92,0,0.564,5,150
0.3,fibre_optimal,even_scale,93,0,0.302,5,150
0.3,fibre_optimal,even_scale,94,0,0.76,5,150
0.3,fibre_optimal,even_scale,95,0,0.842,5,150
0.3,fibre_optimal,even_scale,96,0,0.204,5,150
0.3,fibre_optimal,even_scale,97,0,0.704,5,150
0.3,fibre_optimal,even_scale,98,0,0.642,5,150
0.3,fibre_optimal,even_scale,99,1,0.004,5,150
0.3,fibre_optimal,even_scale,100,0,0.742,5,150
0.3,fibre_optimal,even_scale,101,0,0.892,5,150
0.3,fibre_optimal,even_scale,102,0,0.104,5,150
0.3,fibre_optimal,even_scale,103,0,0.662,5,150
0.3,fibre_optimal,even_scale,104,0,0.662,5,150
0.3,fibre_optimal,even_scale,105,0,0.798,5,150
0.3,fibre_optimal,even_scale,106,0,0.46,5,150
0.3,fibre_optimal,even_scale,107,0,0.562,5,150
0.3,fibre_optimal,even_scale,108,0,0.136,5,150
0.3,fibre_optimal,even_scale,109,0,0.33,5,150
0.3,fibre_optimal,even_scale,110,0,0.454,5,150
0.3,fibre_optimal,even_scale,111,0,0.612,5,150
0.3,fibre_optimal,even_scale,112,0,0.302,5,150
0.3,fibre_optimal,even_scale,113,0,0.52,5,150
0.3,fibre_optimal,even_scale,114,0,0.794,5,150
0.3,fibre_optimal,even_scale,115,0,0.268,5,150
0.3,fibre_optimal,even_scale,116,0,0.246,5,150
0.3,fibre_optimal,even_scale,117,0,0.332,5,150
0.3,fibre_optimal,even_scale,118,0,0.25,5,150
0.3,fibre_optimal,even_scale,119,0,0.966,5,150
0.3,fibre_optimal,even_scale,120,0,0.884,5,150
0.3,fibre_optimal,even_scale,121,0,1.0,5,150
0.3,fibre_optimal,even_scale,122,0,0.164,5,150
0.3,fibre_optimal,even_scale,123,0,0.8,5,150
0.3,fibre_optimal,even_scale,124,0,0.328,5,150
0.3,fibre_optimal,even_scale,125,0,0.978,5,150
0.3,fibre_optimal,even_scale,126,0,0.492,5,150
0.3,fibre_optimal,even_scale,127,0,0.6,5,150
0.3,fibre_optimal,even_scale,128,0,0.146,5,150
0.3,fibre_optimal,even_scale,129,1,0.004,5,150
0.3,fibre_optimal,even_scale,130,0,0.454,5,150
0.3,fibre_optimal,even_scale,131,0,0.78,5,150
0.3,fibre_optimal,even_scale,132,0,0.448,5,150
0.3,fibre_optimal,even_scale,133,1,0.026,5,150
0.3,fibre_optimal,even_scale,134,0,0.95,5,150
0.3,fibre_optimal,even_scale,135,0,0.998,5,150
0.3,fibre_optimal,even_scale,136,0,0.598,5,150
0.3,fibre_optimal,even_scale,137,0,0.524,5,150
0.3,fibre_optimal,even_scale,138,0,0.216,5,150
0.3,fibre_optimal,even_scale,139,0,0.71,5,150
0.3,fibre_optimal,even_scale,140,0,0.682,5,150
0.3,fibre_optimal,even_scale,141,0,0.76,5,150
0.3,fibre_optimal,even_scale,142,0,0.12,5,150
0.3,fibre_optimal,even_scale,143,0,0.624,5,150
0.3,fibre_optimal,even_scale,144,0,0.526,5,150
0.3,fibre_optimal,even_scale,145,0,0.564,5,150
0.3,fibre_optimal,even_scale,146,0,0.528,5,150
0.3,fibre_optimal,even_scale,147,0,0.362,5,150
0.3,fibre_optimal,even_scale,148,0,0.726,5,150
0.3,fibre_optimal,even_scale,149,1,0.034,5,150
0.3,fibre_optimal,even_scale,150,0,0.622,5,150
0.3,fibre_optimal,even_scale,151,0,0.67,5,150
0.3,fibre_optimal,even_scale,152,0,0.27,5,150
0.3,fibre_optimal,even_scale,153,0,0.886,5,150
0.3,fibre_optimal,even_scale,154,0,0.918,5,150
0.3,fibre_optimal,even_scale,155,0,0.448,5,150
0.3,fibre_optimal,even_scale,156,0,0.894,5,150
0.3,fibre_optimal,even_scale,157,0,0.522,5,150
0.3,fibre_optimal,even_scale,158,0,0.874,5,150
0.3,fibre_optimal,even_scale,159,0,0.142,5,150
0.3,fibre_optimal,even_scale,160,1,0.02,5,150
0.3,fibre_optimal,even_scale,161,0,0.164,5,150
0.3,fibre_optimal,even_scale,162,0,0.384,5,150
0.3,fibre_optimal,even_scale,163,0,0.834,5,150
0.3,fibre_optimal,even_scale,164,0,0.926,5,150
0.3,fibre_optimal,even_scale,165,0,0.938,5,150
0.3,fibre_optimal,even_scale,166,0,0.164,5,150
0.3,fibre_optimal,even_scale,167,0,0.994,5,150
0.3,fibre_optimal,even_scale,168,0,0.298,5,150
0.3,fibre_optimal,even_scale,169,0,0.464,5,150
0.3,fibre_optimal,even_scale,170,0,0.11,5,150
0.3,fibre_optimal,even_scale,171,0,0.742,5,150
0.3,fibre_optimal,even_scale,172,0,0.836,5,150
0.3,fibre_optimal,even_scale,173,0,0.79,5,150
0.3,fibre_optimal,even_scale,174,0,0.3,5,150
0.3,fibre_optimal,even_scale,175,1,0.008,5,150
0.3,fibre_optimal,even_scale,176,0,0.398,5,150
0.3,fibre_optimal,even_scale,177,0,0.28,5,150
0.3,fibre_optimal,even_scale,178,0,0.282,5,150
0.3,fibre_optimal,even_scale,179,0,0.742,5,150
0.3,fibre_optimal,even_scale,180,0,0.88,5,150
0.3,fibre_optimal,even_scale,181,0,0.292,5,150
0.3,fibre_optimal,even_scale,182,0,0.524,5,150
0.3,fibre_optimal,even_scale,183,0,0.306,5,150
0.3,fibre_optimal,even_scale,184,0,0.694,5,150
0.3,fibre_optimal,even_scale,185,0,0.486,5,150
0.3,fibre_optimal,even_scale,186,0,0.846,5,150
0.3,fibre_optimal,even_scale,187,0,0.562,5,150
0.3,fibre_optimal,even_scale,188,0,0.486,5,150
0.3,fibre_optimal,even_scale,189,0,0.57,5,150
0.3,fibre_optimal,even_scale,190,0,0.328,5,150
0.3,fibre_optimal,even_scale,191,0,0.638,5,150
0.3,fibre_optimal,even_scale,192,0,0.562,5,150
0.3,fibre_optimal,even_scale,193,0,0.694,5,150
0.3,fibre_optimal,even_scale,194,0,0.096,5,150
0.3,fibre_optimal,even_scale,195,0,0.516,5,150
0.3,fibre_optimal,even_scale,196,0,0.1,5,150
0.3,fibre_optimal,even_scale,197,0,0.06,5,150
0.3,fibre_optimal,even_scale,198,0,0.13,5,150
0.3,fibre_optimal,even_scale,199,0,0.604,5,150
0.3,fibre_optimal,combined,0,1,0.002,5,150
0.3,fibre_optimal,combined,1,1,0.028,5,150
0.3,fibre_optimal,combined,2,0,0.076,5,150
0.3,fibre_optimal,combined,3,1,0.012,5,150
0.3,fibre_optimal,combined,4,0,0.708,5,150
0.3,fibre_optimal,combined,5,1,0.002,5,150
0.3,fibre_optimal,combined,6,1,0.01,5,150
0.3,fibre_optimal,combined,7,0,0.254,5,150
0.3,fibre_optimal,combined,8,1,0.008,5,150
0.3,fibre_optimal,combined,9,1,0.004,5,150
0.3,fibre_optimal,combined,10,1,0.024,5,150
0.3,fibre_optimal,combined,11,1,0.02,5,150
0.3,fibre_optimal,combined,12,1,0.002,5,150
0.3,fibre_optimal,combined,13,1,0.002,5,150
0.3,fibre_optimal,combined,14,1,0.004,5,150
0.3,fibre_optimal,combined,15,1,0.046,5,150
0.3,fibre_optimal,combined,16,1,0.002,5,150
0.3,fibre_optimal,combined,17,1,0.024,5,150
0.3,fibre_optimal,combined,18,1,0.002,5,150
0.3,fibre_optimal,combined,19,1,0.008,5,150
0.3,fibre_optimal,combined,20,1,0.012,5,150
0.3,fibre_optimal,combined,21,1,0.016,5,150
0.3,fibre_optimal,combined,22,1,0.002,5,150
0.3,fibre_optimal,combined,23,1,0.006,5,150
0.3,fibre_optimal,combined,24,1,0.028,5,150
0.3,fibre_optimal,combined,25,0,0.06,5,150
0.3,fibre_optimal,combined,26,1,0.006,5,150
0.3,fibre_optimal,combined,27,1,0.002,5,150
0.3,fibre_optimal,combined,28,1,0.002,5,150
0.3,fibre_optimal,combined,29,0,0.504,5,150
0.3,fibre_optimal,combined,30,1,0.002,5,150
0.3,fibre_optimal,combined,31,1,0.01,5,150
0.3,fibre_optimal,combined,32,1,0.002,5,150
0.3,fibre_optimal,combined,33,0,0.36,5,150
0.3,fibre_optimal,combined,34,1,0.002,5,150
0.3,fibre_optimal,combined,35,1,0.02,5,150
0.3,fibre_optimal,combined,36,1,0.018,5,150
0.3,fibre_optimal,combined,37,1,0.002,5,150
0.3,fibre_optimal,combined,38,1,0.002,5,150
0.3,fibre_optimal,combined,39,1,0.01,5,150
0.3,fibre_optimal,combined,40,1,0.002,5,150
0.3,fibre_optimal,combined,41,1,0.002,5,150
0.3,fibre_optimal,combined,42,1,0.004,5,150
0.3,fibre_optimal,combined,43,1,0.018,5,150
0.3,fibre_optimal,combined,44,1,0.002,5,150
0.3,fibre_optimal,combined,45,0,0.098,5,150
0.3,fibre_optimal,combined,46,0,0.08,5,150
0.3,fibre_optimal,combined,47,1,0.002,5,150
0.3,fibre_optimal,combined,48,1,0.03,5,150
0.3,fibre_optimal,combined,49,1,0.006,5,150
0.3,fibre_optimal,combined,50,1,0.002,5,150
0.3,fibre_optimal,combined,51,1,0.006,5,150
0.3,fibre_optimal,combined,52,1,0.006,5,150
0.3,fibre_optimal,combined,53,1,0.006,5,150
0.3,fibre_optimal,combined,54,1,0.004,5,150
0.3,fibre_optimal,combined,55,1,0.002,5,150
0.3,fibre_optimal,combined,56,1,0.002,5,150
0.3,fibre_optimal,combined,57,1,0.006,5,150
0.3,fibre_optimal,combined,58,0,0.1,5,150
0.3,fibre_optimal,combined,59,1,0.014,5,150
0.3,fibre_optimal,combined,60,1,0.002,5,150
0.3,fibre_optimal,combined,61,1,0.002,5,150
0.3,fibre_optimal,combined,62,1,0.002,5,150
0.3,fibre_optimal,combined,63,1,0.002,5,150
0.3,fibre_optimal,combined,64,1,0.034,5,150
0.3,fibre_optimal,combined,65,1,0.024,5,150
0.3,fibre_optimal,combined,66,1,0.012,5,150
0.3,fibre_optimal,combined,67,1,0.004,5,150
0.3,fibre_optimal,combined,68,1,0.002,5,150
0.3,fibre_optimal,combined,69,1,0.016,5,150
0.3,fibre_optimal,combined,70,1,0.006,5,150
0.3,fibre_optimal,combined,71,0,0.06,5,150
0.3,fibre_optimal,combined,72,1,0.008,5,150
0.3,fibre_optimal,combined,73,1,0.004,5,150
0.3,fibre_optimal,combined,74,0,0.324,5,150
0.3,fibre_optimal,combined,75,1,0.004,5,150
0.3,fibre_optimal,combined,76,1,0.012,5,150
0.3,fibre_optimal,combined,77,0,0.16,5,150
0.3,fibre_optimal,combined,78,1,0.022,5,150
0.3,fibre_optimal,combined,79,1,0.002,5,150
0.3,fibre_optimal,combined,80,1,0.024,5,150
0.3,fibre_optimal,combined,81,1,0.014,5,150
0.3,fibre_optimal,combined,82,1,0.002,5,150
0.3,fibre_optimal,combined,83,1,0.024,5,150
0.3,fibre_optimal,combined,84,1,0.018,5,150
0.3,fibre_optimal,combined,85,1,0.002,5,150
0.3,fibre_optimal,combined,86,1,0.004,5,150
0.3,fibre_optimal,combined,87,0,0.14,5,150
0.3,fibre_optimal,combined,88,1,0.008,5,150
0.3,fibre_optimal,combined,89,0,0.076,5,150
0.3,fibre_optimal,combined,90,1,0.014,5,150
0.3,fibre_optimal,combined,91,1,0.006,5,150
0.3,fibre_optimal,combined,92,1,0.026,5,150
0.3,fibre_optimal,combined,93,1,0.008,5,150
0.3,fibre_optimal,combined,94,1,0.004,5,150
0.3,fibre_optimal,combined,95,1,0.008,5,150
0.3,fibre_optimal,combined,96,1,0.004,5,150
0.3,fibre_optimal,combined,97,1,0.028,5,150
0.3,fibre_optimal,combined,98,1,0.008,5,150
0.3,fibre_optimal,combined,99,0,0.762,5,150
0.3,fibre_optimal,combined,100,1,0.008,5,150
0.3,fibre_optimal,combined,101,1,0.01,5,150
0.3,fibre_optimal,combined,102,1,0.002,5,150
0.3,fibre_optimal,combined,103,1,0.008,5,150
0.3,fibre_optimal,combined,104,1,0.01,5,150
0.3,fibre_optimal,combined,105,0,0.11,5,150
0.3,fibre_optimal,combined,106,1,0.004,5,150
0.3,fibre_optimal,combined,107,1,0.016,5,150
0.3,fibre_optimal,combined,108,0,0.152,5,150
0.3,fibre_optimal,combined,109,1,0.022,5,150
0.3,fibre_optimal,combined,110,1,0.04,5,150
0.3,fibre_optimal,combined,111,1,0.01,5,150
0.3,fibre_optimal,combined,112,1,0.002,5,150
0.3,fibre_optimal,combined,113,1,0.002,5,150
0.3,fibre_optimal,combined,114,1,0.014,5,150
0.3,fibre_optimal,combined,115,0,0.116,5,150
0.3,fibre_optimal,combined,116,0,0.116,5,150
0.3,fibre_optimal,combined,117,1,0.002,5,150
0.3,fibre_optimal,combined,118,0,0.344,5,150
0.3,fibre_optimal,combined,119,1,0.002,5,150
0.3,fibre_optimal,combined,120,1,0.004,5,150
0.3,fibre_optimal,combined,121,1,0.016,5,150
0.3,fibre_optimal,combined,122,1,0.002,5,150
0.3,fibre_optimal,combined,123,1,0.014,5,150
0.3,fibre_optimal,combined,124,1,0.004,5,150
0.3,fibre_optimal,combined,125,1,0.01,5,150
0.3,fibre_optimal,combined,126,1,0.002,5,150
0.3,fibre_optimal,combined,127,1,0.006,5,150
0.3,fibre_optimal,combined,128,0,0.66,5,150
0.3,fibre_optimal,combined,129,0,0.892,5,150
0.3,fibre_optimal,combined,130,1,0.008,5,150
0.3,fibre_optimal,combined,131,1,0.006,5,150
0.3,fibre_optimal,combined,132,0,0.142,5,150
0.3,fibre_optimal,combined,133,0,0.13,5,150
0.3,fibre_optimal,combined,134,1,0.004,5,150
0.3,fibre_optimal,combined,135,1,0.034,5,150
0.3,fibre_optimal,combined,136,1,0.01,5,150
0.3,fibre_optimal,combined,137,1,0.014,5,150
0.3,fibre_optimal,combined,138,0,0.062,5,150
0.3,fibre_optimal,combined,139,1,0.024,5,150
0.3,fibre_optimal,combined,140,1,0.034,5,150
0.3,fibre_optimal,combined,141,1,0.002,5,150
0.3,fibre_optimal,combined,142,1,0.002,5,150
0.3,fibre_optimal,combined,143,1,0.002,5,150
0.3,fibre_optimal,combined,144,1,0.002,5,150
0.3,fibre_optimal,combined,145,1,0.032,5,150
0.3,fibre_optimal,combined,146,1,0.004,5,150
0.3,fibre_optimal,combined,147,0,0.06,5,150
0.3,fibre_optimal,combined,148,1,0.004,5,150
0.3,fibre_optimal,combined,149,0,0.164,5,150
0.3,fibre_optimal,combined,150,1,0.016,5,150
0.3,fibre_optimal,combined,151,1,0.016,5,150
0.3,fibre_optimal,combined,152,0,0.08,5,150
0.3,fibre_optimal,combined,153,1,0.008,5,150
0.3,fibre_optimal,combined,154,1,0.044,5,150
0.3,fibre_optimal,combined,155,0,0.086,5,150
0.3,fibre_optimal,combined,156,1,0.01,5,150
0.3,fibre_optimal,combined,157,0,0.098,5,150
0.3,fibre_optimal,combined,158,1,0.004,5,150
0.3,fibre_optimal,combined,159,1,0.002,5,150
0.3,fibre_optimal,combined,160,0,0.4,5,150
0.3,fibre_optimal,combined,161,1,0.002,5,150
0.3,fibre_optimal,combined,162,0,0.128,5,150
0.3,fibre_optimal,combined,163,1,0.004,5,150
0.3,fibre_optimal,combined,164,1,0.042,5,150
0.3,fibre_optimal,combined,165,1,0.02,5,150
0.3,fibre_optimal,combined,166,0,0.156,5,150
0.3,fibre_optimal,combined,167,1,0.01,5,150
0.3,fibre_optimal,combined,168,1,0.002,5,150
0.3,fibre_optimal,combined,169,0,0.22,5,150
0.3,fibre_optimal,combined,170,1,0.002,5,150
0.3,fibre_optimal,combined,171,1,0.004,5,150
0.3,fibre_optimal,combined,172,0,0.064,5,150
0.3,fibre_optimal,combined,173,0,0.052,5,150
0.3,fibre_optimal,combined,174,0,0.372,5,150
0.3,fibre_optimal,combined,175,1,0.002,5,150
0.3,fibre_optimal,combined,176,0,0.086,5,150
0.3,fibre_optimal,combined,177,1,0.002,5,150
0.3,fibre_optimal,combined,178,1,0.004,5,150
0.3,fibre_optimal,combined,179,1,0.01,5,150
0.3,fibre_optimal,combined,180,1,0.002,5,150
0.3,fibre_optimal,combined,181,0,0.326,5,150
0.3,fibre_optimal,combined,182,1,0.002,5,150
0.3,fibre_optimal,combined,183,1,0.002,5,150
0.3,fibre_optimal,combined,184,1,0.004,5,150
0.3,fibre_optimal,combined,185,1,0.012,5,150
0.3,fibre_optimal,combined,186,0,0.076,5,150
0.3,fibre_optimal,combined,187,0,0.426,5,150
0.3,fibre_optimal,combined,188,1,0.006,5,150
0.3,fibre_optimal,combined,189,1,0.002,5,150
0.3,fibre_optimal,combined,190,1,0.002,5,150
0.3,fibre_optimal,combined,191,0,0.13,5,150
0.3,fibre_optimal,combined,192,1,0.004,5,150
0.3,fibre_optimal,combined,193,1,0.032,5,150
0.3,fibre_optimal,combined,194,1,0.002,5,150
0.3,fibre_optimal,combined,195,1,0.008,5,150
0.3,fibre_optimal,combined,196,1,0.002,5,150
0.3,fibre_optimal,combined,197,1,0.002,5,150
0.3,fibre_optimal,combined,198,0,0.39,5,150
0.3,fibre_optimal,combined,199,1,0.002,5,150
1.0,grid,null,0,0,0.83,5,150
1.0,grid,null,1,0,0.788,5,150
1.0,grid,null,2,0,0.078,5,150
1.0,grid,null,3,0,0.586,5,150
1.0,grid,null,4,0,0.348,5,150
1.0,grid,null,5,0,0.612,5,150
1.0,grid,null,6,0,0.576,5,150
1.0,grid,null,7,0,0.824,5,150
1.0,grid,null,8,0,0.074,5,150
1.0,grid,null,9,0,0.31,5,150
1.0,grid,null,10,0,0.898,5,150
1.0,grid,null,11,0,0.354,5,150
1.0,grid,null,12,0,0.094,5,150
1.0,grid,null,13,0,0.206,5,150
1.0,grid,null,14,0,0.574,5,150
1.0,grid,null,15,0,0.756,5,150
1.0,grid,null,16,0,0.892,5,150
1.0,grid,null,17,0,0.876,5,150
1.0,grid,null,18,0,0.59,5,150
1.0,grid,null,19,0,0.054,5,150
1.0,grid,null,20,0,0.5,5,150
1.0,grid,null,21,0,0.768,5,150
1.0,grid,null,22,0,0.846,5,150
1.0,grid,null,23,0,0.928,5,150
1.0,grid,null,24,0,0.74,5,150
1.0,grid,null,25,0,0.594,5,150
1.0,grid,null,26,0,0.788,5,150
1.0,grid,null,27,0,0.112,5,150
1.0,grid,null,28,0,0.692,5,150
1.0,grid,null,29,0,0.116,5,150
1.0,grid,null,30,0,0.344,5,150
1.0,grid,null,31,0,0.574,5,150
1.0,grid,null,32,0,0.196,5,150
1.0,grid,null,33,0,0.432,5,150
1.0,grid,null,34,0,0.102,5,150
1.0,grid,null,35,0,0.69,5,150
1.0,grid,null,36,0,0.308,5,150
1.0,grid,null,37,0,0.522,5,150
1.0,grid,null,38,0,0.428,5,150
1.0,grid,null,39,0,0.116,5,150
1.0,grid,null,40,0,0.77,5,150
1.0,grid,null,41,0,0.458,5,150
1.0,grid,null,42,0,0.654,5,150
1.0,grid,null,43,0,0.524,5,150
1.0,grid,null,44,0,0.412,5,150
1.0,grid,null,45,0,0.12,5,150
1.0,grid,null,46,0,0.886,5,150
1.0,grid,null,47,0,0.788,5,150
1.0,grid,null,48,0,0.702,5,150
1.0,grid,null,49,0,0.9,5,150
1.0,grid,null,50,0,0.494,5,150
1.0,grid,null,51,0,0.176,5,150
1.0,grid,null,52,0,0.796,5,150
1.0,grid,null,53,0,0.092,5,150
1.0,grid,null,54,0,0.22,5,150
1.0,grid,null,55,0,0.426,5,150
1.0,grid,null,56,0,0.71,5,150
1.0,grid,null,57,0,0.874,5,150
1.0,grid,null,58,0,0.612,5,150
1.0,grid,null,59,0,0.704,5,150
1.0,grid,null,60,0,0.128,5,150
1.0,grid,null,61,0,0.286,5,150
1.0,grid,null,62,0,0.846,5,150
1.0,grid,null,63,0,0.728,5,150
1.0,grid,null,64,0,0.684,5,150
1.0,grid,null,65,0,0.122,5,150
1.0,grid,null,66,1,0.006,5,150
1.0,grid,null,67,0,0.136,5,150
1.0,grid,null,68,0,0.294,5,150
1.0,grid,null,69,0,0.632,5,150
1.0,grid,null,70,0,0.804,5,150
1.0,grid,null,71,0,0.722,5,150
1.0,grid,null,72,0,0.914,5,150
1.0,grid,null,73,0,0.82,5,150
1.0,grid,null,74,0,0.616,5,150
1.0,grid,null,75,0,0.432,5,150
1.0,grid,null,76,0,0.114,5,150
1.0,grid,null,77,0,0.716,5,150
1.0,grid,null,78,0,0.206,5,150
1.0,grid,null,79,0,0.632,5,150
1.0,grid,null,80,0,0.428,5,150
1.0,grid,null,81,0,0.294,5,150
1.0,grid,null,82,0,0.964,5,150
1.0,grid,null,83,0,0.558,5,150
1.0,grid,null,84,0,0.568,5,150
1.0,grid,null,85,0,0.218,5,150
1.0,grid,null,86,0,0.694,5,150
1.0,grid,null,87,0,0.534,5,150
1.0,grid,null,88,0,0.624,5,150
1.0,grid,null,89,0,0.48,5,150
1.0,grid,null,90,0,0.954,5,150
1.0,grid,null,91,0,1.0,5,150
1.0,grid,null,92,0,0.806,5,150
1.0,grid,null,93,0,0.272,5,150
1.0,grid,null,94,0,0.398,5,150
1.0,grid,null,95,0,0.462,5,150
1.0,grid,null,96,0,0.492,5,150
1.0,grid,null,97,0,0.12,5,150
1.0,grid,null,98,0,0.42,5,150
1.0,grid,null,99,0,0.67,5,150
1.0,grid,null,100,0,0.676,5,150
1.0,grid,null,101,0,0.436,5,150
1.0,grid,null,102,0,0.498,5,150
1.0,grid,null,103,0,0.56,5,150
1.0,grid,null,104,0,0.206,5,150
1.0,grid,null,105,0,0.982,5,150
1.0,grid,null,106,0,0.28,5,150
1.0,grid,null,107,0,0.13,5,150
1.0,grid,null,108,0,0.172,5,150
1.0,grid,null,109,0,0.134,5,150
1.0,grid,null,110,0,0.97,5,150
1.0,grid,null,111,0,0.396,5,150
1.0,grid,null,112,0,0.494,5,150
1.0,grid,null,113,0,0.936,5,150
1.0,grid,null,114,0,0.708,5,150
1.0,grid,null,115,0,0.616,5,150
1.0,grid,null,116,0,0.908,5,150
1.0,grid,null,117,1,0.024,5,150
1.0,grid,null,118,0,0.218,5,150
1.0,grid,null,119,0,0.892,5,150
1.0,grid,null,120,0,0.362,5,150
1.0,grid,null,121,0,0.452,5,150
1.0,grid,null,122,0,0.89,5,150
1.0,grid,null,123,0,0.182,5,150
1.0,grid,null,124,0,0.472,5,150
1.0,grid,null,125,0,0.068,5,150
1.0,grid,null,126,0,0.934,5,150
1.0,grid,null,127,0,0.214,5,150
1.0,grid,null,128,0,0.168,5,150
1.0,grid,null,129,0,0.348,5,150
1.0,grid,null,130,0,0.614,5,150
1.0,grid,null,131,0,0.422,5,150
1.0,grid,null,132,0,0.408,5,150
1.0,grid,null,133,0,0.81,5,150
1.0,grid,null,134,0,0.79,5,150
1.0,grid,null,135,0,0.792,5,150
1.0,grid,null,136,0,0.878,5,150
1.0,grid,null,137,0,0.362,5,150
1.0,grid,null,138,0,0.386,5,150
1.0,grid,null,139,0,0.442,5,150
1.0,grid,null,140,0,0.93,5,150
1.0,grid,null,141,0,0.138,5,150
1.0,grid,null,142,0,0.588,5,150
1.0,grid,null,143,0,0.994,5,150
1.0,grid,null,144,0,0.84,5,150
1.0,grid,null,145,0,0.894,5,150
1.0,grid,null,146,0,0.892,5,150
1.0,grid,null,147,0,0.246,5,150
1.0,grid,null,148,0,0.942,5,150
1.0,grid,null,149,0,0.052,5,150
1.0,grid,null,150,0,0.84,5,150
1.0,grid,null,151,0,0.504,5,150
1.0,grid,null,152,0,0.396,5,150
1.0,grid,null,153,0,0.666,5,150
1.0,grid,null,154,0,0.446,5,150
1.0,grid,null,155,0,0.768,5,150
1.0,grid,null,156,0,0.524,5,150
1.0,grid,null,157,0,0.374,5,150
1.0,grid,null,158,0,0.856,5,150
1.0,grid,null,159,0,0.684,5,150
1.0,grid,null,160,0,0.116,5,150
1.0,grid,null,161,0,0.238,5,150
1.0,grid,null,162,0,0.938,5,150
1.0,grid,null,163,0,0.35,5,150
1.0,grid,null,164,0,0.418,5,150
1.0,grid,null,165,0,0.154,5,150
1.0,grid,null,166,0,0.652,5,150
1.0,grid,null,167,0,0.684,5,150
1.0,grid,null,168,0,0.344,5,150
1.0,grid,null,169,0,0.09,5,150
1.0,grid,null,170,0,0.47,5,150
1.0,grid,null,171,0,0.576,5,150
1.0,grid,null,172,0,0.436,5,150
1.0,grid,null,173,0,0.656,5,150
1.0,grid,null,174,0,0.6,5,150
1.0,grid,null,175,0,0.93,5,150
1.0,grid,null,176,0,0.078,5,150
1.0,grid,null,177,0,0.214,5,150
1.0,grid,null,178,0,0.212,5,150
1.0,grid,null,179,0,0.658,5,150
1.0,grid,null,180,0,0.722,5,150
1.0,grid,null,181,1,0.022,5,150
1.0,grid,null,182,0,0.142,5,150
1.0,grid,null,183,0,0.562,5,150
1.0,grid,null,184,0,0.26,5,150
1.0,grid,null,185,0,0.552,5,150
1.0,grid,null,186,0,0.62,5,150
1.0,grid,null,187,0,0.19,5,150
1.0,grid,null,188,0,0.538,5,150
1.0,grid,null,189,0,0.624,5,150
1.0,grid,null,190,0,0.476,5,150
1.0,grid,null,191,0,0.816,5,150
1.0,grid,null,192,0,0.972,5,150
1.0,grid,null,193,0,0.734,5,150
1.0,grid,null,194,0,0.43,5,150
1.0,grid,null,195,0,0.842,5,150
1.0,grid,null,196,0,0.968,5,150
1.0,grid,null,197,0,0.232,5,150
1.0,grid,null,198,0,0.244,5,150
1.0,grid,null,199,0,0.876,5,150
1.0,grid,omitted,0,1,0.002,5,150
1.0,grid,omitted,1,1,0.002,5,150
1.0,grid,omitted,2,1,0.002,5,150
1.0,grid,omitted,3,1,0.002,5,150
1.0,grid,omitted,4,1,0.002,5,150
1.0,grid,omitted,5,1,0.002,5,150
1.0,grid,omitted,6,1,0.002,5,150
1.0,grid,omitted,7,1,0.002,5,150
1.0,grid,omitted,8,1,0.002,5,150
1.0,grid,omitted,9,1,0.002,5,150
1.0,grid,omitted,10,1,0.002,5,150
1.0,grid,omitted,11,1,0.002,5,150
1.0,grid,omitted,12,1,0.002,5,150
1.0,grid,omitted,13,1,0.002,5,150
1.0,grid,omitted,14,1,0.002,5,150
1.0,grid,omitted,15,1,0.002,5,150
1.0,grid,omitted,16,1,0.002,5,150
1.0,grid,omitted,17,1,0.002,5,150
1.0,grid,omitted,18,1,0.002,5,150
1.0,grid,omitted,19,1,0.002,5,150
1.0,grid,omitted,20,1,0.002,5,150
1.0,grid,omitted,21,1,0.002,5,150
1.0,grid,omitted,22,1,0.002,5,150
1.0,grid,omitted,23,1,0.002,5,150
1.0,grid,omitted,24,1,0.002,5,150
1.0,grid,omitted,25,1,0.002,5,150
1.0,grid,omitted,26,1,0.002,5,150
1.0,grid,omitted,27,1,0.002,5,150
1.0,grid,omitted,28,1,0.002,5,150
1.0,grid,omitted,29,1,0.002,5,150
1.0,grid,omitted,30,1,0.002,5,150
1.0,grid,omitted,31,1,0.002,5,150
1.0,grid,omitted,32,1,0.002,5,150
1.0,grid,omitted,33,1,0.002,5,150
1.0,grid,omitted,34,1,0.002,5,150
1.0,grid,omitted,35,1,0.002,5,150
1.0,grid,omitted,36,1,0.002,5,150
1.0,grid,omitted,37,1,0.002,5,150
1.0,grid,omitted,38,1,0.002,5,150
1.0,grid,omitted,39,1,0.002,5,150
1.0,grid,omitted,40,1,0.002,5,150
1.0,grid,omitted,41,1,0.002,5,150
1.0,grid,omitted,42,1,0.002,5,150
1.0,grid,omitted,43,1,0.002,5,150
1.0,grid,omitted,44,1,0.002,5,150
1.0,grid,omitted,45,1,0.002,5,150
1.0,grid,omitted,46,1,0.002,5,150
1.0,grid,omitted,47,1,0.002,5,150
1.0,grid,omitted,48,1,0.002,5,150
1.0,grid,omitted,49,1,0.002,5,150
1.0,grid,omitted,50,1,0.002,5,150
1.0,grid,omitted,51,1,0.002,5,150
1.0,grid,omitted,52,1,0.002,5,150
1.0,grid,omitted,53,1,0.002,5,150
1.0,grid,omitted,54,1,0.002,5,150
1.0,grid,omitted,55,1,0.002,5,150
1.0,grid,omitted,56,1,0.002,5,150
1.0,grid,omitted,57,1,0.002,5,150
1.0,grid,omitted,58,1,0.002,5,150
1.0,grid,omitted,59,1,0.002,5,150
1.0,grid,omitted,60,1,0.002,5,150
1.0,grid,omitted,61,1,0.002,5,150
1.0,grid,omitted,62,1,0.002,5,150
1.0,grid,omitted,63,1,0.002,5,150
1.0,grid,omitted,64,1,0.002,5,150
1.0,grid,omitted,65,1,0.002,5,150
1.0,grid,omitted,66,1,0.002,5,150
1.0,grid,omitted,67,1,0.002,5,150
1.0,grid,omitted,68,1,0.002,5,150
1.0,grid,omitted,69,1,0.002,5,150
1.0,grid,omitted,70,1,0.002,5,150
1.0,grid,omitted,71,1,0.002,5,150
1.0,grid,omitted,72,1,0.002,5,150
1.0,grid,omitted,73,1,0.002,5,150
1.0,grid,omitted,74,1,0.002,5,150
1.0,grid,omitted,75,1,0.002,5,150
1.0,grid,omitted,76,1,0.002,5,150
1.0,grid,omitted,77,1,0.002,5,150
1.0,grid,omitted,78,1,0.002,5,150
1.0,grid,omitted,79,1,0.002,5,150
1.0,grid,omitted,80,1,0.002,5,150
1.0,grid,omitted,81,1,0.002,5,150
1.0,grid,omitted,82,1,0.002,5,150
1.0,grid,omitted,83,1,0.002,5,150
1.0,grid,omitted,84,1,0.002,5,150
1.0,grid,omitted,85,1,0.002,5,150
1.0,grid,omitted,86,1,0.002,5,150
1.0,grid,omitted,87,1,0.002,5,150
1.0,grid,omitted,88,1,0.002,5,150
1.0,grid,omitted,89,1,0.002,5,150
1.0,grid,omitted,90,1,0.002,5,150
1.0,grid,omitted,91,1,0.002,5,150
1.0,grid,omitted,92,1,0.002,5,150
1.0,grid,omitted,93,1,0.002,5,150
1.0,grid,omitted,94,1,0.002,5,150
1.0,grid,omitted,95,1,0.002,5,150
1.0,grid,omitted,96,1,0.002,5,150
1.0,grid,omitted,97,1,0.002,5,150
1.0,grid,omitted,98,1,0.002,5,150
1.0,grid,omitted,99,1,0.002,5,150
1.0,grid,omitted,100,1,0.002,5,150
1.0,grid,omitted,101,1,0.002,5,150
1.0,grid,omitted,102,1,0.002,5,150
1.0,grid,omitted,103,1,0.002,5,150
1.0,grid,omitted,104,1,0.002,5,150
1.0,grid,omitted,105,1,0.002,5,150
1.0,grid,omitted,106,1,0.002,5,150
1.0,grid,omitted,107,1,0.002,5,150
1.0,grid,omitted,108,1,0.002,5,150
1.0,grid,omitted,109,1,0.002,5,150
1.0,grid,omitted,110,1,0.002,5,150
1.0,grid,omitted,111,1,0.002,5,150
1.0,grid,omitted,112,1,0.002,5,150
1.0,grid,omitted,113,1,0.002,5,150
1.0,grid,omitted,114,1,0.002,5,150
1.0,grid,omitted,115,1,0.002,5,150
1.0,grid,omitted,116,1,0.002,5,150
1.0,grid,omitted,117,1,0.002,5,150
1.0,grid,omitted,118,1,0.002,5,150
1.0,grid,omitted,119,1,0.002,5,150
1.0,grid,omitted,120,1,0.002,5,150
1.0,grid,omitted,121,1,0.002,5,150
1.0,grid,omitted,122,1,0.002,5,150
1.0,grid,omitted,123,1,0.002,5,150
1.0,grid,omitted,124,1,0.002,5,150
1.0,grid,omitted,125,1,0.002,5,150
1.0,grid,omitted,126,1,0.002,5,150
1.0,grid,omitted,127,1,0.002,5,150
1.0,grid,omitted,128,1,0.002,5,150
1.0,grid,omitted,129,1,0.002,5,150
1.0,grid,omitted,130,1,0.002,5,150
1.0,grid,omitted,131,1,0.002,5,150
1.0,grid,omitted,132,1,0.002,5,150
1.0,grid,omitted,133,1,0.002,5,150
1.0,grid,omitted,134,1,0.002,5,150
1.0,grid,omitted,135,1,0.002,5,150
1.0,grid,omitted,136,1,0.002,5,150
1.0,grid,omitted,137,1,0.002,5,150
1.0,grid,omitted,138,1,0.002,5,150
1.0,grid,omitted,139,1,0.002,5,150
1.0,grid,omitted,140,1,0.002,5,150
1.0,grid,omitted,141,1,0.002,5,150
1.0,grid,omitted,142,1,0.002,5,150
1.0,grid,omitted,143,1,0.002,5,150
1.0,grid,omitted,144,1,0.002,5,150
1.0,grid,omitted,145,1,0.002,5,150
1.0,grid,omitted,146,1,0.002,5,150
1.0,grid,omitted,147,1,0.002,5,150
1.0,grid,omitted,148,1,0.002,5,150
1.0,grid,omitted,149,1,0.002,5,150
1.0,grid,omitted,150,1,0.002,5,150
1.0,grid,omitted,151,1,0.002,5,150
1.0,grid,omitted,152,1,0.002,5,150
1.0,grid,omitted,153,1,0.002,5,150
1.0,grid,omitted,154,1,0.002,5,150
1.0,grid,omitted,155,1,0.002,5,150
1.0,grid,omitted,156,1,0.002,5,150
1.0,grid,omitted,157,1,0.002,5,150
1.0,grid,omitted,158,1,0.002,5,150
1.0,grid,omitted,159,1,0.002,5,150
1.0,grid,omitted,160,1,0.002,5,150
1.0,grid,omitted,161,1,0.002,5,150
1.0,grid,omitted,162,1,0.002,5,150
1.0,grid,omitted,163,1,0.002,5,150
1.0,grid,omitted,164,1,0.002,5,150
1.0,grid,omitted,165,1,0.002,5,150
1.0,grid,omitted,166,1,0.002,5,150
1.0,grid,omitted,167,1,0.002,5,150
1.0,grid,omitted,168,1,0.002,5,150
1.0,grid,omitted,169,1,0.002,5,150
1.0,grid,omitted,170,1,0.002,5,150
1.0,grid,omitted,171,1,0.002,5,150
1.0,grid,omitted,172,1,0.002,5,150
1.0,grid,omitted,173,1,0.002,5,150
1.0,grid,omitted,174,1,0.002,5,150
1.0,grid,omitted,175,1,0.002,5,150
1.0,grid,omitted,176,1,0.002,5,150
1.0,grid,omitted,177,1,0.002,5,150
1.0,grid,omitted,178,1,0.002,5,150
1.0,grid,omitted,179,1,0.002,5,150
1.0,grid,omitted,180,1,0.002,5,150
1.0,grid,omitted,181,1,0.002,5,150
1.0,grid,omitted,182,1,0.002,5,150
1.0,grid,omitted,183,1,0.002,5,150
1.0,grid,omitted,184,1,0.002,5,150
1.0,grid,omitted,185,1,0.002,5,150
1.0,grid,omitted,186,1,0.002,5,150
1.0,grid,omitted,187,1,0.002,5,150
1.0,grid,omitted,188,1,0.002,5,150
1.0,grid,omitted,189,1,0.002,5,150
1.0,grid,omitted,190,1,0.002,5,150
1.0,grid,omitted,191,1,0.002,5,150
1.0,grid,omitted,192,1,0.002,5,150
1.0,grid,omitted,193,1,0.002,5,150
1.0,grid,omitted,194,1,0.002,5,150
1.0,grid,omitted,195,1,0.002,5,150
1.0,grid,omitted,196,1,0.002,5,150
1.0,grid,omitted,197,1,0.002,5,150
1.0,grid,omitted,198,1,0.002,5,150
1.0,grid,omitted,199,1,0.002,5,150
1.0,grid,even_scale,0,0,0.752,5,150
1.0,grid,even_scale,1,0,0.424,5,150
1.0,grid,even_scale,2,1,0.028,5,150
1.0,grid,even_scale,3,0,0.866,5,150
1.0,grid,even_scale,4,0,0.51,5,150
1.0,grid,even_scale,5,0,0.854,5,150
1.0,grid,even_scale,6,0,0.53,5,150
1.0,grid,even_scale,7,0,0.902,5,150
1.0,grid,even_scale,8,0,0.074,5,150
1.0,grid,even_scale,9,0,0.666,5,150
1.0,grid,even_scale,10,0,0.536,5,150
1.0,grid,even_scale,11,0,0.358,5,150
1.0,grid,even_scale,12,1,0.016,5,150
1.0,grid,even_scale,13,0,0.566,5,150
1.0,grid,even_scale,14,0,0.47,5,150
1.0,grid,even_scale,15,0,0.806,5,150
1.0,grid,even_scale,16,0,0.988,5,150
1.0,grid,even_scale,17,0,0.932,5,150
1.0,grid,even_scale,18,0,0.764,5,150
1.0,grid,even_scale,19,0,0.108,5,150
1.0,grid,even_scale,20,0,0.652,5,150
1.0,grid,even_scale,21,0,0.976,5,150
1.0,grid,even_scale,22,0,0.79,5,150
1.0,grid,even_scale,23,0,0.974,5,150
1.0,grid,even_scale,24,0,0.324,5,150
1.0,grid,even_scale,25,0,0.682,5,150
1.0,grid,even_scale,26,0,0.982,5,150
1.0,grid,even_scale,27,0,0.208,5,150
1.0,grid,even_scale,28,0,0.884,5,150
1.0,grid,even_scale,29,0,0.294,5,150
1.0,grid,even_scale,30,0,0.44,5,150
1.0,grid,even_scale,31,0,0.976,5,150
1.0,grid,even_scale,32,0,0.272,5,150
1.0,grid,even_scale,33,0,0.902,5,150
1.0,grid,even_scale,34,1,0.034,5,150
1.0,grid,even_scale,35,0,0.744,5,150
1.0,grid,even_scale,36,0,0.212,5,150
1.0,grid,even_scale,37,0,0.776,5,150
1.0,grid,even_scale,38,0,0.464,5,150
1.0,grid,even_scale,39,0,0.488,5,150
1.0,grid,even_scale,40,0,0.688,5,150
1.0,grid,even_scale,41,0,0.588,5,150
1.0,grid,even_scale,42,0,0.836,5,150
1.0,grid,even_scale,43,0,0.494,5,150
1.0,grid,even_scale,44,0,0.878,5,150
1.0,grid,even_scale,45,0,0.218,5,150
1.0,grid,even_scale,46,0,0.648,5,150
1.0,grid,even_scale,47,0,0.952,5,150
1.0,grid,even_scale,48,0,0.728,5,150
1.0,grid,even_scale,49,0,0.948,5,150
1.0,grid,even_scale,50,0,0.378,5,150
1.0,grid,even_scale,51,0,0.216,5,150
1.0,grid,even_scale,52,0,0.64,5,150
1.0,grid,even_scale,53,0,0.12,5,150
1.0,grid,even_scale,54,0,0.658,5,150
1.0,grid,even_scale,55,0,0.668,5,150
1.0,grid,even_scale,56,0,0.862,5,150
1.0,grid,even_scale,57,0,0.742,5,150
1.0,grid,even_scale,58,0,0.156,5,150
1.0,grid,even_scale,59,0,0.968,5,150
1.0,grid,even_scale,60,0,0.17,5,150
1.0,grid,even_scale,61,0,0.58,5,150
1.0,grid,even_scale,62,0,0.618,5,150
1.0,grid,even_scale,63,0,0.678,5,150
1.0,grid,even_scale,64,0,0.93,5,150
1.0,grid,even_scale,65,1,0.044,5,150
1.0,grid,even_scale,66,0,0.058,5,150
1.0,grid,even_scale,67,0,0.202,5,150
1.0,grid,even_scale,68,0,0.488,5,150
1.0,grid,even_scale,69,0,0.868,5,150
1.0,grid,even_scale,70,0,0.872,5,150
1.0,grid,even_scale,71,0,1.0,5,150
1.0,grid,even_scale,72,0,0.708,5,150
1.0,grid,even_scale,73,0,0.694,5,150
1.0,grid,even_scale,74,0,0.77,5,150
1.0,grid,even_scale,75,0,0.088,5,150
1.0,grid,even_scale,76,1,0.042,5,150
1.0,grid,even_scale,77,0,0.314,5,150
1.0,grid,even_scale,78,0,0.15,5,150
1.0,grid,even_scale,79,0,0.554,5,150
1.0,grid,even_scale,80,0,1.0,5,150
1.0,grid,even_scale,81,0,0.216,5,150
1.0,grid,even_scale,82,0,0.742,5,150
1.0,grid,even_scale,83,0,0.23,5,150
1.0,grid,even_scale,84,0,0.564,5,150
1.0,grid,even_scale,85,0,0.08,5,150
1.0,grid,even_scale,86,0,0.452,5,150
1.0,grid,even_scale,87,0,0.924,5,150
1.0,grid,even_scale,88,0,0.506,5,150
1.0,grid,even_scale,89,0,0.588,5,150
1.0,grid,even_scale,90,0,0.988,5,150
1.0,grid,even_scale,91,0,0.552,5,150
1.0,grid,even_scale,92,0,0.858,5,150
1.0,grid,even_scale,93,0,0.466,5,150
1.0,grid,even_scale,94,0,0.36,5,150
1.0,grid,even_scale,95,0,0.406,5,150
1.0,grid,even_scale,96,0,0.274,5,150
1.0,grid,even_scale,97,0,0.32,5,150
1.0,grid,even_scale,98,0,0.39,5,150
1.0,grid,even_scale,99,0,0.978,5,150
1.0,grid,even_scale,100,0,0.294,5,150
1.0,grid,even_scale,101,0,0.386,5,150
1.0,grid,even_scale,102,0,0.888,5,150
1.0,grid,even_scale,103,0,0.534,5,150
1.0,grid,even_scale,104,0,0.388,5,150
1.0,grid,even_scale,105,0,0.636,5,150
1.0,grid,even_scale,106,0,0.348,5,150
1.0,grid,even_scale,107,0,0.376,5,150
1.0,grid,even_scale,108,0,0.09,5,150
1.0,grid,even_scale,109,0,0.078,5,150
1.0,grid,even_scale,110,0,0.678,5,150
1.0,grid,even_scale,111,0,0.298,5,150
1.0,grid,even_scale,112,0,0.886,5,150
1.0,grid,even_scale,113,0,0.602,5,150
1.0,grid,even_scale,114,0,0.97,5,150
1.0,grid,even_scale,115,0,0.276,5,150
1.0,grid,even_scale,116,0,0.506,5,150
1.0,grid,even_scale,117,1,0.03,5,150
1.0,grid,even_scale,118,0,0.19,5,150
1.0,grid,even_scale,119,0,0.75,5,150
1.0,grid,even_scale,120,0,0.532,5,150
1.0,grid,even_scale,121,0,0.166,5,150
1.0,grid,even_scale,122,0,0.932,5,150
1.0,grid,even_scale,123,0,0.162,5,150
1.0,grid,even_scale,124,0,0.65,5,150
1.0,grid,even_scale,125,0,0.24,5,150
1.0,grid,even_scale,126,0,0.86,5,150
1.0,grid,even_scale,127,0,0.244,5,150
1.0,grid,even_scale,128,0,0.17,5,150
1.0,grid,even_scale,129,0,0.308,5,150
1.0,grid,even_scale,130,0,0.716,5,150
1.0,grid,even_scale,131,0,0.208,5,150
1.0,grid,even_scale,132,0,0.262,5,150
1.0,grid,even_scale,133,0,0.508,5,150
1.0,grid,even_scale,134,0,0.292,5,150
1.0,grid,even_scale,135,0,0.984,5,150
1.0,grid,even_scale,136,0,0.474,5,150
1.0,grid,even_scale,137,1,0.032,5,150
1.0,grid,even_scale,138,0,0.132,5,150
1.0,grid,even_scale,139,0,0.318,5,150
1.0,grid,even_scale,140,0,0.506,5,150
1.0,grid,even_scale,141,0,0.54,5,150
1.0,grid,even_scale,142,0,0.482,5,150
1.0,grid,even_scale,143,0,0.622,5,150
1.0,grid,even_scale,144,0,0.81,5,150
1.0,grid,even_scale,145,0,0.808,5,150
1.0,grid,even_scale,146,0,0.616,5,150
1.0,grid,even_scale,147,0,0.096,5,150
1.0,grid,even_scale,148,0,0.36,5,150
1.0,grid,even_scale,149,1,0.026,5,150
1.0,grid,even_scale,150,0,0.396,5,150
1.0,grid,even_scale,151,0,0.424,5,150
1.0,grid,even_scale,152,0,0.664,5,150
1.0,grid,even_scale,153,0,0.714,5,150
1.0,grid,even_scale,154,0,0.704,5,150
1.0,grid,even_scale,155,0,0.726,5,150
1.0,grid,even_scale,156,0,0.836,5,150
1.0,grid,even_scale,157,0,0.21,5,150
1.0,grid,even_scale,158,0,0.844,5,150
1.0,grid,even_scale,159,0,0.906,5,150
1.0,grid,even_scale,160,0,0.112,5,150
1.0,grid,even_scale,161,0,0.148,5,150
1.0,grid,even_scale,162,0,0.778,5,150
1.0,grid,even_scale,163,0,0.564,5,150
1.0,grid,even_scale,164,0,0.278,5,150
1.0,grid,even_scale,165,0,0.43,5,150
1.0,grid,even_scale,166,0,0.782,5,150
1.0,grid,even_scale,167,0,0.338,5,150
1.0,grid,even_scale,168,0,0.53,5,150
1.0,grid,even_scale,169,0,0.182,5,150
1.0,grid,even_scale,170,0,0.654,5,150
1.0,grid,even_scale,171,0,0.91,5,150
1.0,grid,even_scale,172,0,0.248,5,150
1.0,grid,even_scale,173,0,0.46,5,150
1.0,grid,even_scale,174,0,0.762,5,150
1.0,grid,even_scale,175,0,0.504,5,150
1.0,grid,even_scale,176,0,0.1,5,150
1.0,grid,even_scale,177,0,0.334,5,150
1.0,grid,even_scale,178,0,0.376,5,150
1.0,grid,even_scale,179,0,0.63,5,150
1.0,grid,even_scale,180,0,0.318,5,150
1.0,grid,even_scale,181,0,0.224,5,150
1.0,grid,even_scale,182,0,0.114,5,150
1.0,grid,even_scale,183,0,0.826,5,150
1.0,grid,even_scale,184,0,0.692,5,150
1.0,grid,even_scale,185,0,0.336,5,150
1.0,grid,even_scale,186,0,0.208,5,150
1.0,grid,even_scale,187,0,0.364,5,150
1.0,grid,even_scale,188,0,0.772,5,150
1.0,grid,even_scale,189,0,0.772,5,150
1.0,grid,even_scale,190,0,0.352,5,150
1.0,grid,even_scale,191,0,0.96,5,150
1.0,grid,even_scale,192,0,0.626,5,150
1.0,grid,even_scale,193,0,0.792,5,150
1.0,grid,even_scale,194,0,0.456,5,150
1.0,grid,even_scale,195,0,0.604,5,150
1.0,grid,even_scale,196,0,0.542,5,150
1.0,grid,even_scale,197,0,0.41,5,150
1.0,grid,even_scale,198,0,0.248,5,150
1.0,grid,even_scale,199,0,0.652,5,150
1.0,grid,combined,0,1,0.002,5,150
1.0,grid,combined,1,1,0.002,5,150
1.0,grid,combined,2,1,0.002,5,150
1.0,grid,combined,3,1,0.002,5,150
1.0,grid,combined,4,1,0.002,5,150
1.0,grid,combined,5,1,0.002,5,150
1.0,grid,combined,6,1,0.002,5,150
1.0,grid,combined,7,1,0.002,5,150
1.0,grid,combined,8,1,0.002,5,150
1.0,grid,combined,9,1,0.002,5,150
1.0,grid,combined,10,1,0.002,5,150
1.0,grid,combined,11,1,0.002,5,150
1.0,grid,combined,12,1,0.002,5,150
1.0,grid,combined,13,1,0.002,5,150
1.0,grid,combined,14,1,0.002,5,150
1.0,grid,combined,15,1,0.002,5,150
1.0,grid,combined,16,1,0.002,5,150
1.0,grid,combined,17,1,0.002,5,150
1.0,grid,combined,18,1,0.002,5,150
1.0,grid,combined,19,1,0.002,5,150
1.0,grid,combined,20,1,0.002,5,150
1.0,grid,combined,21,1,0.002,5,150
1.0,grid,combined,22,1,0.002,5,150
1.0,grid,combined,23,1,0.002,5,150
1.0,grid,combined,24,1,0.002,5,150
1.0,grid,combined,25,1,0.002,5,150
1.0,grid,combined,26,1,0.002,5,150
1.0,grid,combined,27,1,0.002,5,150
1.0,grid,combined,28,1,0.002,5,150
1.0,grid,combined,29,1,0.002,5,150
1.0,grid,combined,30,1,0.002,5,150
1.0,grid,combined,31,1,0.002,5,150
1.0,grid,combined,32,1,0.002,5,150
1.0,grid,combined,33,1,0.002,5,150
1.0,grid,combined,34,1,0.002,5,150
1.0,grid,combined,35,1,0.002,5,150
1.0,grid,combined,36,1,0.002,5,150
1.0,grid,combined,37,1,0.002,5,150
1.0,grid,combined,38,1,0.002,5,150
1.0,grid,combined,39,1,0.002,5,150
1.0,grid,combined,40,1,0.002,5,150
1.0,grid,combined,41,1,0.002,5,150
1.0,grid,combined,42,1,0.002,5,150
1.0,grid,combined,43,1,0.002,5,150
1.0,grid,combined,44,1,0.002,5,150
1.0,grid,combined,45,1,0.002,5,150
1.0,grid,combined,46,1,0.002,5,150
1.0,grid,combined,47,1,0.002,5,150
1.0,grid,combined,48,1,0.002,5,150
1.0,grid,combined,49,1,0.002,5,150
1.0,grid,combined,50,1,0.002,5,150
1.0,grid,combined,51,1,0.002,5,150
1.0,grid,combined,52,1,0.002,5,150
1.0,grid,combined,53,1,0.002,5,150
1.0,grid,combined,54,1,0.002,5,150
1.0,grid,combined,55,1,0.002,5,150
1.0,grid,combined,56,1,0.002,5,150
1.0,grid,combined,57,1,0.002,5,150
1.0,grid,combined,58,1,0.002,5,150
1.0,grid,combined,59,1,0.002,5,150
1.0,grid,combined,60,1,0.002,5,150
1.0,grid,combined,61,1,0.002,5,150
1.0,grid,combined,62,1,0.002,5,150
1.0,grid,combined,63,1,0.002,5,150
1.0,grid,combined,64,1,0.002,5,150
1.0,grid,combined,65,1,0.002,5,150
1.0,grid,combined,66,1,0.002,5,150
1.0,grid,combined,67,1,0.002,5,150
1.0,grid,combined,68,1,0.002,5,150
1.0,grid,combined,69,1,0.002,5,150
1.0,grid,combined,70,1,0.002,5,150
1.0,grid,combined,71,1,0.002,5,150
1.0,grid,combined,72,1,0.002,5,150
1.0,grid,combined,73,1,0.002,5,150
1.0,grid,combined,74,1,0.002,5,150
1.0,grid,combined,75,1,0.002,5,150
1.0,grid,combined,76,1,0.002,5,150
1.0,grid,combined,77,1,0.002,5,150
1.0,grid,combined,78,1,0.002,5,150
1.0,grid,combined,79,1,0.002,5,150
1.0,grid,combined,80,1,0.002,5,150
1.0,grid,combined,81,1,0.002,5,150
1.0,grid,combined,82,1,0.002,5,150
1.0,grid,combined,83,1,0.002,5,150
1.0,grid,combined,84,1,0.002,5,150
1.0,grid,combined,85,1,0.002,5,150
1.0,grid,combined,86,1,0.002,5,150
1.0,grid,combined,87,1,0.002,5,150
1.0,grid,combined,88,1,0.002,5,150
1.0,grid,combined,89,1,0.002,5,150
1.0,grid,combined,90,1,0.002,5,150
1.0,grid,combined,91,1,0.002,5,150
1.0,grid,combined,92,1,0.002,5,150
1.0,grid,combined,93,1,0.002,5,150
1.0,grid,combined,94,1,0.002,5,150
1.0,grid,combined,95,1,0.002,5,150
1.0,grid,combined,96,1,0.002,5,150
1.0,grid,combined,97,1,0.002,5,150
1.0,grid,combined,98,1,0.002,5,150
1.0,grid,combined,99,1,0.002,5,150
1.0,grid,combined,100,1,0.002,5,150
1.0,grid,combined,101,1,0.002,5,150
1.0,grid,combined,102,1,0.002,5,150
1.0,grid,combined,103,1,0.002,5,150
1.0,grid,combined,104,1,0.002,5,150
1.0,grid,combined,105,1,0.002,5,150
1.0,grid,combined,106,1,0.002,5,150
1.0,grid,combined,107,1,0.002,5,150
1.0,grid,combined,108,1,0.002,5,150
1.0,grid,combined,109,1,0.002,5,150
1.0,grid,combined,110,1,0.002,5,150
1.0,grid,combined,111,1,0.002,5,150
1.0,grid,combined,112,1,0.002,5,150
1.0,grid,combined,113,1,0.002,5,150
1.0,grid,combined,114,1,0.002,5,150
1.0,grid,combined,115,1,0.002,5,150
1.0,grid,combined,116,1,0.002,5,150
1.0,grid,combined,117,1,0.002,5,150
1.0,grid,combined,118,1,0.002,5,150
1.0,grid,combined,119,1,0.002,5,150
1.0,grid,combined,120,1,0.002,5,150
1.0,grid,combined,121,1,0.002,5,150
1.0,grid,combined,122,1,0.002,5,150
1.0,grid,combined,123,1,0.002,5,150
1.0,grid,combined,124,1,0.002,5,150
1.0,grid,combined,125,1,0.002,5,150
1.0,grid,combined,126,1,0.002,5,150
1.0,grid,combined,127,1,0.002,5,150
1.0,grid,combined,128,1,0.002,5,150
1.0,grid,combined,129,1,0.002,5,150
1.0,grid,combined,130,1,0.002,5,150
1.0,grid,combined,131,1,0.002,5,150
1.0,grid,combined,132,1,0.002,5,150
1.0,grid,combined,133,1,0.002,5,150
1.0,grid,combined,134,1,0.002,5,150
1.0,grid,combined,135,1,0.002,5,150
1.0,grid,combined,136,1,0.002,5,150
1.0,grid,combined,137,1,0.002,5,150
1.0,grid,combined,138,1,0.002,5,150
1.0,grid,combined,139,1,0.002,5,150
1.0,grid,combined,140,1,0.002,5,150
1.0,grid,combined,141,1,0.002,5,150
1.0,grid,combined,142,1,0.002,5,150
1.0,grid,combined,143,1,0.002,5,150
1.0,grid,combined,144,1,0.002,5,150
1.0,grid,combined,145,1,0.002,5,150
1.0,grid,combined,146,1,0.002,5,150
1.0,grid,combined,147,1,0.002,5,150
1.0,grid,combined,148,1,0.002,5,150
1.0,grid,combined,149,1,0.002,5,150
1.0,grid,combined,150,1,0.004,5,150
1.0,grid,combined,151,1,0.002,5,150
1.0,grid,combined,152,1,0.002,5,150
1.0,grid,combined,153,1,0.002,5,150
1.0,grid,combined,154,1,0.002,5,150
1.0,grid,combined,155,1,0.002,5,150
1.0,grid,combined,156,1,0.002,5,150
1.0,grid,combined,157,1,0.002,5,150
1.0,grid,combined,158,1,0.002,5,150
1.0,grid,combined,159,1,0.002,5,150
1.0,grid,combined,160,1,0.002,5,150
1.0,grid,combined,161,1,0.002,5,150
1.0,grid,combined,162,1,0.002,5,150
1.0,grid,combined,163,1,0.002,5,150
1.0,grid,combined,164,1,0.002,5,150
1.0,grid,combined,165,1,0.002,5,150
1.0,grid,combined,166,1,0.002,5,150
1.0,grid,combined,167,1,0.002,5,150
1.0,grid,combined,168,1,0.002,5,150
1.0,grid,combined,169,1,0.002,5,150
1.0,grid,combined,170,1,0.002,5,150
1.0,grid,combined,171,1,0.002,5,150
1.0,grid,combined,172,1,0.002,5,150
1.0,grid,combined,173,1,0.002,5,150
1.0,grid,combined,174,1,0.002,5,150
1.0,grid,combined,175,1,0.002,5,150
1.0,grid,combined,176,1,0.002,5,150
1.0,grid,combined,177,1,0.002,5,150
1.0,grid,combined,178,1,0.002,5,150
1.0,grid,combined,179,1,0.002,5,150
1.0,grid,combined,180,1,0.002,5,150
1.0,grid,combined,181,1,0.002,5,150
1.0,grid,combined,182,1,0.002,5,150
1.0,grid,combined,183,1,0.002,5,150
1.0,grid,combined,184,1,0.002,5,150
1.0,grid,combined,185,1,0.002,5,150
1.0,grid,combined,186,1,0.002,5,150
1.0,grid,combined,187,1,0.002,5,150
1.0,grid,combined,188,1,0.002,5,150
1.0,grid,combined,189,1,0.002,5,150
1.0,grid,combined,190,1,0.002,5,150
1.0,grid,combined,191,1,0.002,5,150
1.0,grid,combined,192,1,0.002,5,150
1.0,grid,combined,193,1,0.002,5,150
1.0,grid,combined,194,1,0.002,5,150
1.0,grid,combined,195,1,0.002,5,150
1.0,grid,combined,196,1,0.002,5,150
1.0,grid,combined,197,1,0.002,5,150
1.0,grid,combined,198,1,0.002,5,150
1.0,grid,combined,199,1,0.002,5,150
1.0,fibre_optimal,null,0,0,0.482,5,150
1.0,fibre_optimal,null,1,0,0.782,5,150
1.0,fibre_optimal,null,2,0,0.604,5,150
1.0,fibre_optimal,null,3,0,0.162,5,150
1.0,fibre_optimal,null,4,1,0.042,5,150
1.0,fibre_optimal,null,5,0,0.4,5,150
1.0,fibre_optimal,null,6,0,0.128,5,150
1.0,fibre_optimal,null,7,1,0.032,5,150
1.0,fibre_optimal,null,8,0,0.676,5,150
1.0,fibre_optimal,null,9,0,0.59,5,150
1.0,fibre_optimal,null,10,0,0.964,5,150
1.0,fibre_optimal,null,11,0,0.806,5,150
1.0,fibre_optimal,null,12,0,0.722,5,150
1.0,fibre_optimal,null,13,0,0.728,5,150
1.0,fibre_optimal,null,14,0,0.556,5,150
1.0,fibre_optimal,null,15,0,0.856,5,150
1.0,fibre_optimal,null,16,0,0.144,5,150
1.0,fibre_optimal,null,17,0,0.356,5,150
1.0,fibre_optimal,null,18,1,0.042,5,150
1.0,fibre_optimal,null,19,0,0.742,5,150
1.0,fibre_optimal,null,20,0,0.916,5,150
1.0,fibre_optimal,null,21,0,0.716,5,150
1.0,fibre_optimal,null,22,0,0.634,5,150
1.0,fibre_optimal,null,23,0,0.544,5,150
1.0,fibre_optimal,null,24,0,0.55,5,150
1.0,fibre_optimal,null,25,0,1.0,5,150
1.0,fibre_optimal,null,26,0,0.126,5,150
1.0,fibre_optimal,null,27,0,0.172,5,150
1.0,fibre_optimal,null,28,0,0.602,5,150
1.0,fibre_optimal,null,29,0,0.23,5,150
1.0,fibre_optimal,null,30,0,0.802,5,150
1.0,fibre_optimal,null,31,0,0.58,5,150
1.0,fibre_optimal,null,32,0,0.716,5,150
1.0,fibre_optimal,null,33,0,0.23,5,150
1.0,fibre_optimal,null,34,0,0.716,5,150
1.0,fibre_optimal,null,35,0,0.734,5,150
1.0,fibre_optimal,null,36,0,0.326,5,150
1.0,fibre_optimal,null,37,0,0.53,5,150
1.0,fibre_optimal,null,38,0,0.39,5,150
1.0,fibre_optimal,null,39,0,0.664,5,150
1.0,fibre_optimal,null,40,0,0.174,5,150
1.0,fibre_optimal,null,41,0,0.164,5,150
1.0,fibre_optimal,null,42,0,0.188,5,150
1.0,fibre_optimal,null,43,0,0.388,5,150
1.0,fibre_optimal,null,44,0,0.23,5,150
1.0,fibre_optimal,null,45,0,0.576,5,150
1.0,fibre_optimal,null,46,0,0.49,5,150
1.0,fibre_optimal,null,47,0,0.138,5,150
1.0,fibre_optimal,null,48,0,0.542,5,150
1.0,fibre_optimal,null,49,0,0.742,5,150
1.0,fibre_optimal,null,50,0,0.068,5,150
1.0,fibre_optimal,null,51,0,0.306,5,150
1.0,fibre_optimal,null,52,0,0.9,5,150
1.0,fibre_optimal,null,53,0,0.308,5,150
1.0,fibre_optimal,null,54,0,0.226,5,150
1.0,fibre_optimal,null,55,0,0.872,5,150
1.0,fibre_optimal,null,56,1,0.042,5,150
1.0,fibre_optimal,null,57,0,0.812,5,150
1.0,fibre_optimal,null,58,0,0.612,5,150
1.0,fibre_optimal,null,59,0,0.856,5,150
1.0,fibre_optimal,null,60,0,0.722,5,150
1.0,fibre_optimal,null,61,0,0.064,5,150
1.0,fibre_optimal,null,62,0,0.46,5,150
1.0,fibre_optimal,null,63,0,0.268,5,150
1.0,fibre_optimal,null,64,0,0.498,5,150
1.0,fibre_optimal,null,65,0,0.494,5,150
1.0,fibre_optimal,null,66,0,0.458,5,150
1.0,fibre_optimal,null,67,0,0.754,5,150
1.0,fibre_optimal,null,68,0,0.59,5,150
1.0,fibre_optimal,null,69,0,0.192,5,150
1.0,fibre_optimal,null,70,0,0.796,5,150
1.0,fibre_optimal,null,71,0,0.818,5,150
1.0,fibre_optimal,null,72,0,0.316,5,150
1.0,fibre_optimal,null,73,0,0.498,5,150
1.0,fibre_optimal,null,74,0,0.554,5,150
1.0,fibre_optimal,null,75,0,0.64,5,150
1.0,fibre_optimal,null,76,0,0.478,5,150
1.0,fibre_optimal,null,77,0,0.332,5,150
1.0,fibre_optimal,null,78,0,0.51,5,150
1.0,fibre_optimal,null,79,0,0.456,5,150
1.0,fibre_optimal,null,80,0,0.694,5,150
1.0,fibre_optimal,null,81,0,0.394,5,150
1.0,fibre_optimal,null,82,0,0.096,5,150
1.0,fibre_optimal,null,83,0,0.654,5,150
1.0,fibre_optimal,null,84,0,0.52,5,150
1.0,fibre_optimal,null,85,0,0.33,5,150
1.0,fibre_optimal,null,86,0,0.666,5,150
1.0,fibre_optimal,null,87,0,0.466,5,150
1.0,fibre_optimal,null,88,0,0.702,5,150
1.0,fibre_optimal,null,89,0,0.166,5,150
1.0,fibre_optimal,null,90,0,0.99,5,150
1.0,fibre_optimal,null,91,0,0.172,5,150
1.0,fibre_optimal,null,92,0,0.584,5,150
1.0,fibre_optimal,null,93,0,0.924,5,150
1.0,fibre_optimal,null,94,0,0.814,5,150
1.0,fibre_optimal,null,95,0,0.898,5,150
1.0,fibre_optimal,null,96,0,0.824,5,150
1.0,fibre_optimal,null,97,0,0.35,5,150
1.0,fibre_optimal,null,98,0,0.53,5,150
1.0,fibre_optimal,null,99,1,0.008,5,150
1.0,fibre_optimal,null,100,0,0.918,5,150
1.0,fibre_optimal,null,101,0,0.79,5,150
1.0,fibre_optimal,null,102,0,0.136,5,150
1.0,fibre_optimal,null,103,0,0.976,5,150
1.0,fibre_optimal,null,104,0,0.812,5,150
1.0,fibre_optimal,null,105,0,0.934,5,150
1.0,fibre_optimal,null,106,0,0.228,5,150
1.0,fibre_optimal,null,107,0,0.582,5,150
1.0,fibre_optimal,null,108,0,0.338,5,150
1.0,fibre_optimal,null,109,0,0.232,5,150
1.0,fibre_optimal,null,110,0,0.406,5,150
1.0,fibre_optimal,null,111,0,0.868,5,150
1.0,fibre_optimal,null,112,0,0.192,5,150
1.0,fibre_optimal,null,113,0,0.584,5,150
1.0,fibre_optimal,null,114,0,0.684,5,150
1.0,fibre_optimal,null,115,0,0.386,5,150
1.0,fibre_optimal,null,116,0,0.224,5,150
1.0,fibre_optimal,null,117,0,0.808,5,150
1.0,fibre_optimal,null,118,0,0.072,5,150
1.0,fibre_optimal,null,119,0,0.67,5,150
1.0,fibre_optimal,null,120,0,0.988,5,150
1.0,fibre_optimal,null,121,0,0.968,5,150
1.0,fibre_optimal,null,122,0,0.682,5,150
1.0,fibre_optimal,null,123,0,0.796,5,150
1.0,fibre_optimal,null,124,0,0.534,5,150
1.0,fibre_optimal,null,125,0,0.788,5,150
1.0,fibre_optimal,null,126,0,0.19,5,150
1.0,fibre_optimal,null,127,0,0.854,5,150
1.0,fibre_optimal,null,128,0,0.084,5,150
1.0,fibre_optimal,null,129,1,0.004,5,150
1.0,fibre_optimal,null,130,0,0.324,5,150
1.0,fibre_optimal,null,131,0,0.462,5,150
1.0,fibre_optimal,null,132,0,0.388,5,150
1.0,fibre_optimal,null,133,1,0.022,5,150
1.0,fibre_optimal,null,134,0,0.6,5,150
1.0,fibre_optimal,null,135,0,0.704,5,150
1.0,fibre_optimal,null,136,0,0.834,5,150
1.0,fibre_optimal,null,137,0,0.396,5,150
1.0,fibre_optimal,null,138,0,0.398,5,150
1.0,fibre_optimal,null,139,0,0.736,5,150
1.0,fibre_optimal,null,140,0,0.888,5,150
1.0,fibre_optimal,null,141,0,0.242,5,150
1.0,fibre_optimal,null,142,0,0.062,5,150
1.0,fibre_optimal,null,143,0,0.454,5,150
1.0,fibre_optimal,null,144,0,0.42,5,150
1.0,fibre_optimal,null,145,0,0.686,5,150
1.0,fibre_optimal,null,146,0,0.928,5,150
1.0,fibre_optimal,null,147,0,0.472,5,150
1.0,fibre_optimal,null,148,0,0.788,5,150
1.0,fibre_optimal,null,149,0,0.366,5,150
1.0,fibre_optimal,null,150,0,0.96,5,150
1.0,fibre_optimal,null,151,0,0.93,5,150
1.0,fibre_optimal,null,152,0,0.28,5,150
1.0,fibre_optimal,null,153,0,0.904,5,150
1.0,fibre_optimal,null,154,0,0.338,5,150
1.0,fibre_optimal,null,155,0,0.596,5,150
1.0,fibre_optimal,null,156,0,0.966,5,150
1.0,fibre_optimal,null,157,0,0.768,5,150
1.0,fibre_optimal,null,158,0,0.932,5,150
1.0,fibre_optimal,null,159,0,0.188,5,150
1.0,fibre_optimal,null,160,1,0.046,5,150
1.0,fibre_optimal,null,161,0,0.092,5,150
1.0,fibre_optimal,null,162,0,0.4,5,150
1.0,fibre_optimal,null,163,0,0.576,5,150
1.0,fibre_optimal,null,164,0,0.428,5,150
1.0,fibre_optimal,null,165,0,0.832,5,150
1.0,fibre_optimal,null,166,0,0.178,5,150
1.0,fibre_optimal,null,167,0,0.942,5,150
1.0,fibre_optimal,null,168,0,0.126,5,150
1.0,fibre_optimal,null,169,0,0.63,5,150
1.0,fibre_optimal,null,170,0,0.252,5,150
1.0,fibre_optimal,null,171,0,0.642,5,150
1.0,fibre_optimal,null,172,0,0.45,5,150
1.0,fibre_optimal,null,173,0,0.678,5,150
1.0,fibre_optimal,null,174,0,0.182,5,150
1.0,fibre_optimal,null,175,1,0.006,5,150
1.0,fibre_optimal,null,176,0,0.462,5,150
1.0,fibre_optimal,null,177,0,0.59,5,150
1.0,fibre_optimal,null,178,0,0.726,5,150
1.0,fibre_optimal,null,179,0,0.986,5,150
1.0,fibre_optimal,null,180,0,0.18,5,150
1.0,fibre_optimal,null,181,0,0.292,5,150
1.0,fibre_optimal,null,182,0,0.51,5,150
1.0,fibre_optimal,null,183,0,0.5,5,150
1.0,fibre_optimal,null,184,0,0.676,5,150
1.0,fibre_optimal,null,185,0,0.472,5,150
1.0,fibre_optimal,null,186,0,0.97,5,150
1.0,fibre_optimal,null,187,0,0.34,5,150
1.0,fibre_optimal,null,188,0,0.442,5,150
1.0,fibre_optimal,null,189,0,0.566,5,150
1.0,fibre_optimal,null,190,0,0.298,5,150
1.0,fibre_optimal,null,191,0,0.18,5,150
1.0,fibre_optimal,null,192,0,0.286,5,150
1.0,fibre_optimal,null,193,0,0.834,5,150
1.0,fibre_optimal,null,194,0,0.154,5,150
1.0,fibre_optimal,null,195,0,0.51,5,150
1.0,fibre_optimal,null,196,0,0.13,5,150
1.0,fibre_optimal,null,197,1,0.028,5,150
1.0,fibre_optimal,null,198,1,0.02,5,150
1.0,fibre_optimal,null,199,0,0.204,5,150
1.0,fibre_optimal,omitted,0,1,0.002,5,150
1.0,fibre_optimal,omitted,1,1,0.002,5,150
1.0,fibre_optimal,omitted,2,1,0.002,5,150
1.0,fibre_optimal,omitted,3,1,0.002,5,150
1.0,fibre_optimal,omitted,4,1,0.002,5,150
1.0,fibre_optimal,omitted,5,1,0.002,5,150
1.0,fibre_optimal,omitted,6,1,0.002,5,150
1.0,fibre_optimal,omitted,7,1,0.002,5,150
1.0,fibre_optimal,omitted,8,1,0.002,5,150
1.0,fibre_optimal,omitted,9,1,0.002,5,150
1.0,fibre_optimal,omitted,10,1,0.002,5,150
1.0,fibre_optimal,omitted,11,1,0.002,5,150
1.0,fibre_optimal,omitted,12,1,0.002,5,150
1.0,fibre_optimal,omitted,13,1,0.002,5,150
1.0,fibre_optimal,omitted,14,1,0.002,5,150
1.0,fibre_optimal,omitted,15,1,0.002,5,150
1.0,fibre_optimal,omitted,16,1,0.002,5,150
1.0,fibre_optimal,omitted,17,1,0.002,5,150
1.0,fibre_optimal,omitted,18,1,0.002,5,150
1.0,fibre_optimal,omitted,19,1,0.002,5,150
1.0,fibre_optimal,omitted,20,1,0.002,5,150
1.0,fibre_optimal,omitted,21,1,0.002,5,150
1.0,fibre_optimal,omitted,22,1,0.002,5,150
1.0,fibre_optimal,omitted,23,1,0.002,5,150
1.0,fibre_optimal,omitted,24,1,0.002,5,150
1.0,fibre_optimal,omitted,25,1,0.002,5,150
1.0,fibre_optimal,omitted,26,1,0.002,5,150
1.0,fibre_optimal,omitted,27,1,0.002,5,150
1.0,fibre_optimal,omitted,28,1,0.002,5,150
1.0,fibre_optimal,omitted,29,1,0.002,5,150
1.0,fibre_optimal,omitted,30,1,0.002,5,150
1.0,fibre_optimal,omitted,31,1,0.002,5,150
1.0,fibre_optimal,omitted,32,1,0.002,5,150
1.0,fibre_optimal,omitted,33,1,0.002,5,150
1.0,fibre_optimal,omitted,34,1,0.002,5,150
1.0,fibre_optimal,omitted,35,1,0.002,5,150
1.0,fibre_optimal,omitted,36,1,0.002,5,150
1.0,fibre_optimal,omitted,37,1,0.002,5,150
1.0,fibre_optimal,omitted,38,1,0.002,5,150
1.0,fibre_optimal,omitted,39,1,0.002,5,150
1.0,fibre_optimal,omitted,40,1,0.002,5,150
1.0,fibre_optimal,omitted,41,1,0.002,5,150
1.0,fibre_optimal,omitted,42,1,0.002,5,150
1.0,fibre_optimal,omitted,43,1,0.002,5,150
1.0,fibre_optimal,omitted,44,1,0.002,5,150
1.0,fibre_optimal,omitted,45,1,0.002,5,150
1.0,fibre_optimal,omitted,46,1,0.002,5,150
1.0,fibre_optimal,omitted,47,1,0.002,5,150
1.0,fibre_optimal,omitted,48,1,0.002,5,150
1.0,fibre_optimal,omitted,49,1,0.002,5,150
1.0,fibre_optimal,omitted,50,1,0.002,5,150
1.0,fibre_optimal,omitted,51,1,0.002,5,150
1.0,fibre_optimal,omitted,52,1,0.002,5,150
1.0,fibre_optimal,omitted,53,1,0.002,5,150
1.0,fibre_optimal,omitted,54,1,0.002,5,150
1.0,fibre_optimal,omitted,55,1,0.002,5,150
1.0,fibre_optimal,omitted,56,1,0.002,5,150
1.0,fibre_optimal,omitted,57,1,0.002,5,150
1.0,fibre_optimal,omitted,58,1,0.002,5,150
1.0,fibre_optimal,omitted,59,1,0.002,5,150
1.0,fibre_optimal,omitted,60,1,0.002,5,150
1.0,fibre_optimal,omitted,61,1,0.002,5,150
1.0,fibre_optimal,omitted,62,1,0.002,5,150
1.0,fibre_optimal,omitted,63,1,0.002,5,150
1.0,fibre_optimal,omitted,64,1,0.002,5,150
1.0,fibre_optimal,omitted,65,1,0.002,5,150
1.0,fibre_optimal,omitted,66,1,0.002,5,150
1.0,fibre_optimal,omitted,67,1,0.002,5,150
1.0,fibre_optimal,omitted,68,1,0.002,5,150
1.0,fibre_optimal,omitted,69,1,0.002,5,150
1.0,fibre_optimal,omitted,70,1,0.002,5,150
1.0,fibre_optimal,omitted,71,1,0.002,5,150
1.0,fibre_optimal,omitted,72,1,0.002,5,150
1.0,fibre_optimal,omitted,73,1,0.002,5,150
1.0,fibre_optimal,omitted,74,1,0.002,5,150
1.0,fibre_optimal,omitted,75,1,0.002,5,150
1.0,fibre_optimal,omitted,76,1,0.002,5,150
1.0,fibre_optimal,omitted,77,1,0.002,5,150
1.0,fibre_optimal,omitted,78,1,0.002,5,150
1.0,fibre_optimal,omitted,79,1,0.002,5,150
1.0,fibre_optimal,omitted,80,1,0.002,5,150
1.0,fibre_optimal,omitted,81,1,0.002,5,150
1.0,fibre_optimal,omitted,82,1,0.002,5,150
1.0,fibre_optimal,omitted,83,1,0.002,5,150
1.0,fibre_optimal,omitted,84,1,0.002,5,150
1.0,fibre_optimal,omitted,85,1,0.002,5,150
1.0,fibre_optimal,omitted,86,1,0.002,5,150
1.0,fibre_optimal,omitted,87,1,0.002,5,150
1.0,fibre_optimal,omitted,88,1,0.002,5,150
1.0,fibre_optimal,omitted,89,1,0.002,5,150
1.0,fibre_optimal,omitted,90,1,0.002,5,150
1.0,fibre_optimal,omitted,91,1,0.002,5,150
1.0,fibre_optimal,omitted,92,1,0.002,5,150
1.0,fibre_optimal,omitted,93,1,0.002,5,150
1.0,fibre_optimal,omitted,94,1,0.002,5,150
1.0,fibre_optimal,omitted,95,1,0.002,5,150
1.0,fibre_optimal,omitted,96,1,0.002,5,150
1.0,fibre_optimal,omitted,97,1,0.002,5,150
1.0,fibre_optimal,omitted,98,1,0.002,5,150
1.0,fibre_optimal,omitted,99,1,0.002,5,150
1.0,fibre_optimal,omitted,100,1,0.002,5,150
1.0,fibre_optimal,omitted,101,1,0.002,5,150
1.0,fibre_optimal,omitted,102,1,0.002,5,150
1.0,fibre_optimal,omitted,103,1,0.002,5,150
1.0,fibre_optimal,omitted,104,1,0.002,5,150
1.0,fibre_optimal,omitted,105,1,0.002,5,150
1.0,fibre_optimal,omitted,106,1,0.002,5,150
1.0,fibre_optimal,omitted,107,1,0.002,5,150
1.0,fibre_optimal,omitted,108,1,0.002,5,150
1.0,fibre_optimal,omitted,109,1,0.002,5,150
1.0,fibre_optimal,omitted,110,1,0.002,5,150
1.0,fibre_optimal,omitted,111,1,0.002,5,150
1.0,fibre_optimal,omitted,112,1,0.002,5,150
1.0,fibre_optimal,omitted,113,1,0.002,5,150
1.0,fibre_optimal,omitted,114,1,0.002,5,150
1.0,fibre_optimal,omitted,115,1,0.002,5,150
1.0,fibre_optimal,omitted,116,1,0.002,5,150
1.0,fibre_optimal,omitted,117,1,0.002,5,150
1.0,fibre_optimal,omitted,118,1,0.002,5,150
1.0,fibre_optimal,omitted,119,1,0.002,5,150
1.0,fibre_optimal,omitted,120,1,0.002,5,150
1.0,fibre_optimal,omitted,121,1,0.002,5,150
1.0,fibre_optimal,omitted,122,1,0.002,5,150
1.0,fibre_optimal,omitted,123,1,0.002,5,150
1.0,fibre_optimal,omitted,124,1,0.002,5,150
1.0,fibre_optimal,omitted,125,1,0.002,5,150
1.0,fibre_optimal,omitted,126,1,0.002,5,150
1.0,fibre_optimal,omitted,127,1,0.002,5,150
1.0,fibre_optimal,omitted,128,1,0.002,5,150
1.0,fibre_optimal,omitted,129,1,0.002,5,150
1.0,fibre_optimal,omitted,130,1,0.002,5,150
1.0,fibre_optimal,omitted,131,1,0.002,5,150
1.0,fibre_optimal,omitted,132,1,0.002,5,150
1.0,fibre_optimal,omitted,133,1,0.002,5,150
1.0,fibre_optimal,omitted,134,1,0.002,5,150
1.0,fibre_optimal,omitted,135,1,0.002,5,150
1.0,fibre_optimal,omitted,136,1,0.002,5,150
1.0,fibre_optimal,omitted,137,1,0.002,5,150
1.0,fibre_optimal,omitted,138,1,0.002,5,150
1.0,fibre_optimal,omitted,139,1,0.002,5,150
1.0,fibre_optimal,omitted,140,1,0.002,5,150
1.0,fibre_optimal,omitted,141,1,0.002,5,150
1.0,fibre_optimal,omitted,142,1,0.002,5,150
1.0,fibre_optimal,omitted,143,1,0.002,5,150
1.0,fibre_optimal,omitted,144,1,0.002,5,150
1.0,fibre_optimal,omitted,145,1,0.002,5,150
1.0,fibre_optimal,omitted,146,1,0.002,5,150
1.0,fibre_optimal,omitted,147,1,0.002,5,150
1.0,fibre_optimal,omitted,148,1,0.002,5,150
1.0,fibre_optimal,omitted,149,1,0.002,5,150
1.0,fibre_optimal,omitted,150,1,0.002,5,150
1.0,fibre_optimal,omitted,151,1,0.002,5,150
1.0,fibre_optimal,omitted,152,1,0.002,5,150
1.0,fibre_optimal,omitted,153,1,0.002,5,150
1.0,fibre_optimal,omitted,154,1,0.002,5,150
1.0,fibre_optimal,omitted,155,1,0.002,5,150
1.0,fibre_optimal,omitted,156,1,0.002,5,150
1.0,fibre_optimal,omitted,157,1,0.002,5,150
1.0,fibre_optimal,omitted,158,1,0.002,5,150
1.0,fibre_optimal,omitted,159,1,0.002,5,150
1.0,fibre_optimal,omitted,160,1,0.002,5,150
1.0,fibre_optimal,omitted,161,1,0.002,5,150
1.0,fibre_optimal,omitted,162,1,0.002,5,150
1.0,fibre_optimal,omitted,163,1,0.002,5,150
1.0,fibre_optimal,omitted,164,1,0.002,5,150
1.0,fibre_optimal,omitted,165,1,0.002,5,150
1.0,fibre_optimal,omitted,166,1,0.002,5,150
1.0,fibre_optimal,omitted,167,1,0.002,5,150
1.0,fibre_optimal,omitted,168,1,0.002,5,150
1.0,fibre_optimal,omitted,169,1,0.002,5,150
1.0,fibre_optimal,omitted,170,1,0.002,5,150
1.0,fibre_optimal,omitted,171,1,0.002,5,150
1.0,fibre_optimal,omitted,172,1,0.002,5,150
1.0,fibre_optimal,omitted,173,1,0.002,5,150
1.0,fibre_optimal,omitted,174,1,0.002,5,150
1.0,fibre_optimal,omitted,175,1,0.002,5,150
1.0,fibre_optimal,omitted,176,1,0.002,5,150
1.0,fibre_optimal,omitted,177,1,0.002,5,150
1.0,fibre_optimal,omitted,178,1,0.002,5,150
1.0,fibre_optimal,omitted,179,1,0.002,5,150
1.0,fibre_optimal,omitted,180,1,0.002,5,150
1.0,fibre_optimal,omitted,181,1,0.002,5,150
1.0,fibre_optimal,omitted,182,1,0.002,5,150
1.0,fibre_optimal,omitted,183,1,0.002,5,150
1.0,fibre_optimal,omitted,184,1,0.002,5,150
1.0,fibre_optimal,omitted,185,1,0.002,5,150
1.0,fibre_optimal,omitted,186,1,0.002,5,150
1.0,fibre_optimal,omitted,187,1,0.002,5,150
1.0,fibre_optimal,omitted,188,1,0.002,5,150
1.0,fibre_optimal,omitted,189,1,0.002,5,150
1.0,fibre_optimal,omitted,190,1,0.002,5,150
1.0,fibre_optimal,omitted,191,1,0.002,5,150
1.0,fibre_optimal,omitted,192,1,0.002,5,150
1.0,fibre_optimal,omitted,193,1,0.002,5,150
1.0,fibre_optimal,omitted,194,1,0.002,5,150
1.0,fibre_optimal,omitted,195,1,0.002,5,150
1.0,fibre_optimal,omitted,196,1,0.002,5,150
1.0,fibre_optimal,omitted,197,1,0.002,5,150
1.0,fibre_optimal,omitted,198,1,0.002,5,150
1.0,fibre_optimal,omitted,199,1,0.002,5,150
1.0,fibre_optimal,even_scale,0,0,0.882,5,150
1.0,fibre_optimal,even_scale,1,0,0.672,5,150
1.0,fibre_optimal,even_scale,2,0,0.974,5,150
1.0,fibre_optimal,even_scale,3,0,0.272,5,150
1.0,fibre_optimal,even_scale,4,1,0.04,5,150
1.0,fibre_optimal,even_scale,5,0,0.552,5,150
1.0,fibre_optimal,even_scale,6,0,0.63,5,150
1.0,fibre_optimal,even_scale,7,0,0.122,5,150
1.0,fibre_optimal,even_scale,8,0,0.872,5,150
1.0,fibre_optimal,even_scale,9,0,0.384,5,150
1.0,fibre_optimal,even_scale,10,0,0.98,5,150
1.0,fibre_optimal,even_scale,11,0,0.902,5,150
1.0,fibre_optimal,even_scale,12,0,0.066,5,150
1.0,fibre_optimal,even_scale,13,0,0.652,5,150
1.0,fibre_optimal,even_scale,14,0,0.224,5,150
1.0,fibre_optimal,even_scale,15,0,0.652,5,150
1.0,fibre_optimal,even_scale,16,0,0.16,5,150
1.0,fibre_optimal,even_scale,17,0,0.386,5,150
1.0,fibre_optimal,even_scale,18,0,0.252,5,150
1.0,fibre_optimal,even_scale,19,0,0.914,5,150
1.0,fibre_optimal,even_scale,20,0,0.464,5,150
1.0,fibre_optimal,even_scale,21,0,0.968,5,150
1.0,fibre_optimal,even_scale,22,0,0.462,5,150
1.0,fibre_optimal,even_scale,23,0,0.64,5,150
1.0,fibre_optimal,even_scale,24,0,0.91,5,150
1.0,fibre_optimal,even_scale,25,0,0.652,5,150
1.0,fibre_optimal,even_scale,26,0,0.236,5,150
1.0,fibre_optimal,even_scale,27,0,0.13,5,150
1.0,fibre_optimal,even_scale,28,0,0.666,5,150
1.0,fibre_optimal,even_scale,29,0,0.14,5,150
1.0,fibre_optimal,even_scale,30,0,0.788,5,150
1.0,fibre_optimal,even_scale,31,0,0.838,5,150
1.0,fibre_optimal,even_scale,32,0,0.516,5,150
1.0,fibre_optimal,even_scale,33,0,0.484,5,150
1.0,fibre_optimal,even_scale,34,0,0.436,5,150
1.0,fibre_optimal,even_scale,35,0,0.67,5,150
1.0,fibre_optimal,even_scale,36,0,0.344,5,150
1.0,fibre_optimal,even_scale,37,0,0.288,5,150
1.0,fibre_optimal,even_scale,38,0,0.742,5,150
1.0,fibre_optimal,even_scale,39,0,0.884,5,150
1.0,fibre_optimal,even_scale,40,0,0.088,5,150
1.0,fibre_optimal,even_scale,41,0,0.192,5,150
1.0,fibre_optimal,even_scale,42,0,0.536,5,150
1.0,fibre_optimal,even_scale,43,0,0.908,5,150
1.0,fibre_optimal,even_scale,44,0,0.36,5,150
1.0,fibre_optimal,even_scale,45,0,0.386,5,150
1.0,fibre_optimal,even_scale,46,0,0.782,5,150
1.0,fibre_optimal,even_scale,47,0,0.274,5,150
1.0,fibre_optimal,even_scale,48,0,0.754,5,150
1.0,fibre_optimal,even_scale,49,0,0.934,5,150
1.0,fibre_optimal,even_scale,50,1,0.034,5,150
1.0,fibre_optimal,even_scale,51,0,0.826,5,150
1.0,fibre_optimal,even_scale,52,0,0.938,5,150
1.0,fibre_optimal,even_scale,53,0,0.2,5,150
1.0,fibre_optimal,even_scale,54,0,0.59,5,150
1.0,fibre_optimal,even_scale,55,0,0.92,5,150
1.0,fibre_optimal,even_scale,56,0,0.128,5,150
1.0,fibre_optimal,even_scale,57,0,0.828,5,150
1.0,fibre_optimal,even_scale,58,0,0.592,5,150
1.0,fibre_optimal,even_scale,59,0,0.39,5,150
1.0,fibre_optimal,even_scale,60,0,0.254,5,150
1.0,fibre_optimal,even_scale,61,1,0.044,5,150
1.0,fibre_optimal,even_scale,62,0,0.674,5,150
1.0,fibre_optimal,even_scale,63,0,0.68,5,150
1.0,fibre_optimal,even_scale,64,0,0.878,5,150
1.0,fibre_optimal,even_scale,65,0,0.444,5,150
1.0,fibre_optimal,even_scale,66,0,0.872,5,150
1.0,fibre_optimal,even_scale,67,0,0.538,5,150
1.0,fibre_optimal,even_scale,68,0,0.47,5,150
1.0,fibre_optimal,even_scale,69,0,0.29,5,150
1.0,fibre_optimal,even_scale,70,0,0.548,5,150
1.0,fibre_optimal,even_scale,71,0,0.942,5,150
1.0,fibre_optimal,even_scale,72,0,0.548,5,150
1.0,fibre_optimal,even_scale,73,0,0.692,5,150
1.0,fibre_optimal,even_scale,74,0,0.422,5,150
1.0,fibre_optimal,even_scale,75,0,0.446,5,150
1.0,fibre_optimal,even_scale,76,0,0.83,5,150
1.0,fibre_optimal,even_scale,77,0,0.216,5,150
1.0,fibre_optimal,even_scale,78,0,0.596,5,150
1.0,fibre_optimal,even_scale,79,0,0.586,5,150
1.0,fibre_optimal,even_scale,80,0,0.698,5,150
1.0,fibre_optimal,even_scale,81,0,0.774,5,150
1.0,fibre_optimal,even_scale,82,0,0.12,5,150
1.0,fibre_optimal,even_scale,83,0,0.744,5,150
1.0,fibre_optimal,even_scale,84,0,0.592,5,150
1.0,fibre_optimal,even_scale,85,0,0.198,5,150
1.0,fibre_optimal,even_scale,86,0,0.564,5,150
1.0,fibre_optimal,even_scale,87,0,0.356,5,150
1.0,fibre_optimal,even_scale,88,0,0.906,5,150
1.0,fibre_optimal,even_scale,89,0,0.156,5,150
1.0,fibre_optimal,even_scale,90,0,0.988,5,150
1.0,fibre_optimal,even_scale,91,0,0.318,5,150
1.0,fibre_optimal,even_scale,92,0,0.564,5,150
1.0,fibre_optimal,even_scale,93,0,0.302,5,150
1.0,fibre_optimal,even_scale,94,0,0.76,5,150
1.0,fibre_optimal,even_scale,95,0,0.842,5,150
1.0,fibre_optimal,even_scale,96,0,0.204,5,150
1.0,fibre_optimal,even_scale,97,0,0.704,5,150
1.0,fibre_optimal,even_scale,98,0,0.642,5,150
1.0,fibre_optimal,even_scale,99,1,0.004,5,150
1.0,fibre_optimal,even_scale,100,0,0.742,5,150
1.0,fibre_optimal,even_scale,101,0,0.892,5,150
1.0,fibre_optimal,even_scale,102,0,0.104,5,150
1.0,fibre_optimal,even_scale,103,0,0.662,5,150
1.0,fibre_optimal,even_scale,104,0,0.662,5,150
1.0,fibre_optimal,even_scale,105,0,0.798,5,150
1.0,fibre_optimal,even_scale,106,0,0.46,5,150
1.0,fibre_optimal,even_scale,107,0,0.562,5,150
1.0,fibre_optimal,even_scale,108,0,0.136,5,150
1.0,fibre_optimal,even_scale,109,0,0.33,5,150
1.0,fibre_optimal,even_scale,110,0,0.454,5,150
1.0,fibre_optimal,even_scale,111,0,0.612,5,150
1.0,fibre_optimal,even_scale,112,0,0.302,5,150
1.0,fibre_optimal,even_scale,113,0,0.52,5,150
1.0,fibre_optimal,even_scale,114,0,0.794,5,150
1.0,fibre_optimal,even_scale,115,0,0.268,5,150
1.0,fibre_optimal,even_scale,116,0,0.246,5,150
1.0,fibre_optimal,even_scale,117,0,0.332,5,150
1.0,fibre_optimal,even_scale,118,0,0.25,5,150
1.0,fibre_optimal,even_scale,119,0,0.966,5,150
1.0,fibre_optimal,even_scale,120,0,0.884,5,150
1.0,fibre_optimal,even_scale,121,0,1.0,5,150
1.0,fibre_optimal,even_scale,122,0,0.164,5,150
1.0,fibre_optimal,even_scale,123,0,0.8,5,150
1.0,fibre_optimal,even_scale,124,0,0.328,5,150
1.0,fibre_optimal,even_scale,125,0,0.978,5,150
1.0,fibre_optimal,even_scale,126,0,0.492,5,150
1.0,fibre_optimal,even_scale,127,0,0.6,5,150
1.0,fibre_optimal,even_scale,128,0,0.146,5,150
1.0,fibre_optimal,even_scale,129,1,0.004,5,150
1.0,fibre_optimal,even_scale,130,0,0.454,5,150
1.0,fibre_optimal,even_scale,131,0,0.78,5,150
1.0,fibre_optimal,even_scale,132,0,0.448,5,150
1.0,fibre_optimal,even_scale,133,1,0.026,5,150
1.0,fibre_optimal,even_scale,134,0,0.95,5,150
1.0,fibre_optimal,even_scale,135,0,0.998,5,150
1.0,fibre_optimal,even_scale,136,0,0.598,5,150
1.0,fibre_optimal,even_scale,137,0,0.524,5,150
1.0,fibre_optimal,even_scale,138,0,0.216,5,150
1.0,fibre_optimal,even_scale,139,0,0.71,5,150
1.0,fibre_optimal,even_scale,140,0,0.682,5,150
1.0,fibre_optimal,even_scale,141,0,0.76,5,150
1.0,fibre_optimal,even_scale,142,0,0.12,5,150
1.0,fibre_optimal,even_scale,143,0,0.624,5,150
1.0,fibre_optimal,even_scale,144,0,0.526,5,150
1.0,fibre_optimal,even_scale,145,0,0.564,5,150
1.0,fibre_optimal,even_scale,146,0,0.528,5,150
1.0,fibre_optimal,even_scale,147,0,0.362,5,150
1.0,fibre_optimal,even_scale,148,0,0.726,5,150
1.0,fibre_optimal,even_scale,149,1,0.034,5,150
1.0,fibre_optimal,even_scale,150,0,0.622,5,150
1.0,fibre_optimal,even_scale,151,0,0.67,5,150
1.0,fibre_optimal,even_scale,152,0,0.27,5,150
1.0,fibre_optimal,even_scale,153,0,0.886,5,150
1.0,fibre_optimal,even_scale,154,0,0.918,5,150
1.0,fibre_optimal,even_scale,155,0,0.448,5,150
1.0,fibre_optimal,even_scale,156,0,0.894,5,150
1.0,fibre_optimal,even_scale,157,0,0.522,5,150
1.0,fibre_optimal,even_scale,158,0,0.874,5,150
1.0,fibre_optimal,even_scale,159,0,0.142,5,150
1.0,fibre_optimal,even_scale,160,1,0.02,5,150
1.0,fibre_optimal,even_scale,161,0,0.164,5,150
1.0,fibre_optimal,even_scale,162,0,0.384,5,150
1.0,fibre_optimal,even_scale,163,0,0.834,5,150
1.0,fibre_optimal,even_scale,164,0,0.926,5,150
1.0,fibre_optimal,even_scale,165,0,0.938,5,150
1.0,fibre_optimal,even_scale,166,0,0.164,5,150
1.0,fibre_optimal,even_scale,167,0,0.994,5,150
1.0,fibre_optimal,even_scale,168,0,0.298,5,150
1.0,fibre_optimal,even_scale,169,0,0.464,5,150
1.0,fibre_optimal,even_scale,170,0,0.11,5,150
1.0,fibre_optimal,even_scale,171,0,0.742,5,150
1.0,fibre_optimal,even_scale,172,0,0.836,5,150
1.0,fibre_optimal,even_scale,173,0,0.79,5,150
1.0,fibre_optimal,even_scale,174,0,0.3,5,150
1.0,fibre_optimal,even_scale,175,1,0.008,5,150
1.0,fibre_optimal,even_scale,176,0,0.398,5,150
1.0,fibre_optimal,even_scale,177,0,0.28,5,150
1.0,fibre_optimal,even_scale,178,0,0.282,5,150
1.0,fibre_optimal,even_scale,179,0,0.742,5,150
1.0,fibre_optimal,even_scale,180,0,0.88,5,150
1.0,fibre_optimal,even_scale,181,0,0.292,5,150
1.0,fibre_optimal,even_scale,182,0,0.524,5,150
1.0,fibre_optimal,even_scale,183,0,0.306,5,150
1.0,fibre_optimal,even_scale,184,0,0.694,5,150
1.0,fibre_optimal,even_scale,185,0,0.486,5,150
1.0,fibre_optimal,even_scale,186,0,0.846,5,150
1.0,fibre_optimal,even_scale,187,0,0.562,5,150
1.0,fibre_optimal,even_scale,188,0,0.486,5,150
1.0,fibre_optimal,even_scale,189,0,0.57,5,150
1.0,fibre_optimal,even_scale,190,0,0.328,5,150
1.0,fibre_optimal,even_scale,191,0,0.638,5,150
1.0,fibre_optimal,even_scale,192,0,0.562,5,150
1.0,fibre_optimal,even_scale,193,0,0.694,5,150
1.0,fibre_optimal,even_scale,194,0,0.096,5,150
1.0,fibre_optimal,even_scale,195,0,0.516,5,150
1.0,fibre_optimal,even_scale,196,0,0.1,5,150
1.0,fibre_optimal,even_scale,197,0,0.06,5,150
1.0,fibre_optimal,even_scale,198,0,0.13,5,150
1.0,fibre_optimal,even_scale,199,0,0.604,5,150
1.0,fibre_optimal,combined,0,1,0.002,5,150
1.0,fibre_optimal,combined,1,1,0.002,5,150
1.0,fibre_optimal,combined,2,1,0.002,5,150
1.0,fibre_optimal,combined,3,1,0.002,5,150
1.0,fibre_optimal,combined,4,1,0.002,5,150
1.0,fibre_optimal,combined,5,1,0.002,5,150
1.0,fibre_optimal,combined,6,1,0.002,5,150
1.0,fibre_optimal,combined,7,1,0.002,5,150
1.0,fibre_optimal,combined,8,1,0.002,5,150
1.0,fibre_optimal,combined,9,1,0.002,5,150
1.0,fibre_optimal,combined,10,1,0.002,5,150
1.0,fibre_optimal,combined,11,1,0.002,5,150
1.0,fibre_optimal,combined,12,1,0.002,5,150
1.0,fibre_optimal,combined,13,1,0.002,5,150
1.0,fibre_optimal,combined,14,1,0.002,5,150
1.0,fibre_optimal,combined,15,1,0.002,5,150
1.0,fibre_optimal,combined,16,1,0.002,5,150
1.0,fibre_optimal,combined,17,1,0.002,5,150
1.0,fibre_optimal,combined,18,1,0.002,5,150
1.0,fibre_optimal,combined,19,1,0.002,5,150
1.0,fibre_optimal,combined,20,1,0.002,5,150
1.0,fibre_optimal,combined,21,1,0.002,5,150
1.0,fibre_optimal,combined,22,1,0.002,5,150
1.0,fibre_optimal,combined,23,1,0.002,5,150
1.0,fibre_optimal,combined,24,1,0.002,5,150
1.0,fibre_optimal,combined,25,1,0.002,5,150
1.0,fibre_optimal,combined,26,1,0.002,5,150
1.0,fibre_optimal,combined,27,1,0.002,5,150
1.0,fibre_optimal,combined,28,1,0.002,5,150
1.0,fibre_optimal,combined,29,1,0.002,5,150
1.0,fibre_optimal,combined,30,1,0.002,5,150
1.0,fibre_optimal,combined,31,1,0.002,5,150
1.0,fibre_optimal,combined,32,1,0.002,5,150
1.0,fibre_optimal,combined,33,1,0.002,5,150
1.0,fibre_optimal,combined,34,1,0.002,5,150
1.0,fibre_optimal,combined,35,1,0.002,5,150
1.0,fibre_optimal,combined,36,1,0.002,5,150
1.0,fibre_optimal,combined,37,1,0.002,5,150
1.0,fibre_optimal,combined,38,1,0.002,5,150
1.0,fibre_optimal,combined,39,1,0.002,5,150
1.0,fibre_optimal,combined,40,1,0.002,5,150
1.0,fibre_optimal,combined,41,1,0.002,5,150
1.0,fibre_optimal,combined,42,1,0.002,5,150
1.0,fibre_optimal,combined,43,1,0.002,5,150
1.0,fibre_optimal,combined,44,1,0.002,5,150
1.0,fibre_optimal,combined,45,1,0.002,5,150
1.0,fibre_optimal,combined,46,1,0.002,5,150
1.0,fibre_optimal,combined,47,1,0.002,5,150
1.0,fibre_optimal,combined,48,1,0.002,5,150
1.0,fibre_optimal,combined,49,1,0.002,5,150
1.0,fibre_optimal,combined,50,1,0.002,5,150
1.0,fibre_optimal,combined,51,1,0.002,5,150
1.0,fibre_optimal,combined,52,1,0.002,5,150
1.0,fibre_optimal,combined,53,1,0.002,5,150
1.0,fibre_optimal,combined,54,1,0.002,5,150
1.0,fibre_optimal,combined,55,1,0.002,5,150
1.0,fibre_optimal,combined,56,1,0.002,5,150
1.0,fibre_optimal,combined,57,1,0.002,5,150
1.0,fibre_optimal,combined,58,1,0.002,5,150
1.0,fibre_optimal,combined,59,1,0.002,5,150
1.0,fibre_optimal,combined,60,1,0.002,5,150
1.0,fibre_optimal,combined,61,1,0.002,5,150
1.0,fibre_optimal,combined,62,1,0.002,5,150
1.0,fibre_optimal,combined,63,1,0.002,5,150
1.0,fibre_optimal,combined,64,1,0.002,5,150
1.0,fibre_optimal,combined,65,1,0.002,5,150
1.0,fibre_optimal,combined,66,1,0.002,5,150
1.0,fibre_optimal,combined,67,1,0.002,5,150
1.0,fibre_optimal,combined,68,1,0.002,5,150
1.0,fibre_optimal,combined,69,1,0.002,5,150
1.0,fibre_optimal,combined,70,1,0.002,5,150
1.0,fibre_optimal,combined,71,1,0.002,5,150
1.0,fibre_optimal,combined,72,1,0.002,5,150
1.0,fibre_optimal,combined,73,1,0.002,5,150
1.0,fibre_optimal,combined,74,1,0.002,5,150
1.0,fibre_optimal,combined,75,1,0.002,5,150
1.0,fibre_optimal,combined,76,1,0.002,5,150
1.0,fibre_optimal,combined,77,1,0.002,5,150
1.0,fibre_optimal,combined,78,1,0.002,5,150
1.0,fibre_optimal,combined,79,1,0.002,5,150
1.0,fibre_optimal,combined,80,1,0.002,5,150
1.0,fibre_optimal,combined,81,1,0.002,5,150
1.0,fibre_optimal,combined,82,1,0.002,5,150
1.0,fibre_optimal,combined,83,1,0.002,5,150
1.0,fibre_optimal,combined,84,1,0.002,5,150
1.0,fibre_optimal,combined,85,1,0.002,5,150
1.0,fibre_optimal,combined,86,1,0.002,5,150
1.0,fibre_optimal,combined,87,1,0.002,5,150
1.0,fibre_optimal,combined,88,1,0.002,5,150
1.0,fibre_optimal,combined,89,1,0.002,5,150
1.0,fibre_optimal,combined,90,1,0.002,5,150
1.0,fibre_optimal,combined,91,1,0.002,5,150
1.0,fibre_optimal,combined,92,1,0.002,5,150
1.0,fibre_optimal,combined,93,1,0.002,5,150
1.0,fibre_optimal,combined,94,1,0.002,5,150
1.0,fibre_optimal,combined,95,1,0.002,5,150
1.0,fibre_optimal,combined,96,1,0.002,5,150
1.0,fibre_optimal,combined,97,1,0.002,5,150
1.0,fibre_optimal,combined,98,1,0.002,5,150
1.0,fibre_optimal,combined,99,1,0.002,5,150
1.0,fibre_optimal,combined,100,1,0.002,5,150
1.0,fibre_optimal,combined,101,1,0.002,5,150
1.0,fibre_optimal,combined,102,1,0.002,5,150
1.0,fibre_optimal,combined,103,1,0.002,5,150
1.0,fibre_optimal,combined,104,1,0.002,5,150
1.0,fibre_optimal,combined,105,1,0.002,5,150
1.0,fibre_optimal,combined,106,1,0.002,5,150
1.0,fibre_optimal,combined,107,1,0.002,5,150
1.0,fibre_optimal,combined,108,1,0.002,5,150
1.0,fibre_optimal,combined,109,1,0.002,5,150
1.0,fibre_optimal,combined,110,1,0.002,5,150
1.0,fibre_optimal,combined,111,1,0.002,5,150
1.0,fibre_optimal,combined,112,1,0.002,5,150
1.0,fibre_optimal,combined,113,1,0.002,5,150
1.0,fibre_optimal,combined,114,1,0.002,5,150
1.0,fibre_optimal,combined,115,1,0.002,5,150
1.0,fibre_optimal,combined,116,1,0.002,5,150
1.0,fibre_optimal,combined,117,1,0.002,5,150
1.0,fibre_optimal,combined,118,1,0.002,5,150
1.0,fibre_optimal,combined,119,1,0.002,5,150
1.0,fibre_optimal,combined,120,1,0.002,5,150
1.0,fibre_optimal,combined,121,1,0.002,5,150
1.0,fibre_optimal,combined,122,1,0.002,5,150
1.0,fibre_optimal,combined,123,1,0.002,5,150
1.0,fibre_optimal,combined,124,1,0.002,5,150
1.0,fibre_optimal,combined,125,1,0.002,5,150
1.0,fibre_optimal,combined,126,1,0.002,5,150
1.0,fibre_optimal,combined,127,1,0.002,5,150
1.0,fibre_optimal,combined,128,1,0.002,5,150
1.0,fibre_optimal,combined,129,1,0.002,5,150
1.0,fibre_optimal,combined,130,1,0.002,5,150
1.0,fibre_optimal,combined,131,1,0.002,5,150
1.0,fibre_optimal,combined,132,1,0.002,5,150
1.0,fibre_optimal,combined,133,1,0.002,5,150
1.0,fibre_optimal,combined,134,1,0.002,5,150
1.0,fibre_optimal,combined,135,1,0.002,5,150
1.0,fibre_optimal,combined,136,1,0.002,5,150
1.0,fibre_optimal,combined,137,1,0.002,5,150
1.0,fibre_optimal,combined,138,1,0.002,5,150
1.0,fibre_optimal,combined,139,1,0.002,5,150
1.0,fibre_optimal,combined,140,1,0.002,5,150
1.0,fibre_optimal,combined,141,1,0.002,5,150
1.0,fibre_optimal,combined,142,1,0.002,5,150
1.0,fibre_optimal,combined,143,1,0.002,5,150
1.0,fibre_optimal,combined,144,1,0.002,5,150
1.0,fibre_optimal,combined,145,1,0.002,5,150
1.0,fibre_optimal,combined,146,1,0.002,5,150
1.0,fibre_optimal,combined,147,1,0.002,5,150
1.0,fibre_optimal,combined,148,1,0.002,5,150
1.0,fibre_optimal,combined,149,1,0.002,5,150
1.0,fibre_optimal,combined,150,1,0.002,5,150
1.0,fibre_optimal,combined,151,1,0.002,5,150
1.0,fibre_optimal,combined,152,1,0.002,5,150
1.0,fibre_optimal,combined,153,1,0.002,5,150
1.0,fibre_optimal,combined,154,1,0.002,5,150
1.0,fibre_optimal,combined,155,1,0.002,5,150
1.0,fibre_optimal,combined,156,1,0.002,5,150
1.0,fibre_optimal,combined,157,1,0.002,5,150
1.0,fibre_optimal,combined,158,1,0.002,5,150
1.0,fibre_optimal,combined,159,1,0.002,5,150
1.0,fibre_optimal,combined,160,1,0.002,5,150
1.0,fibre_optimal,combined,161,1,0.002,5,150
1.0,fibre_optimal,combined,162,1,0.002,5,150
1.0,fibre_optimal,combined,163,1,0.002,5,150
1.0,fibre_optimal,combined,164,1,0.002,5,150
1.0,fibre_optimal,combined,165,1,0.002,5,150
1.0,fibre_optimal,combined,166,1,0.002,5,150
1.0,fibre_optimal,combined,167,1,0.002,5,150
1.0,fibre_optimal,combined,168,1,0.002,5,150
1.0,fibre_optimal,combined,169,1,0.002,5,150
1.0,fibre_optimal,combined,170,1,0.002,5,150
1.0,fibre_optimal,combined,171,1,0.002,5,150
1.0,fibre_optimal,combined,172,1,0.002,5,150
1.0,fibre_optimal,combined,173,1,0.002,5,150
1.0,fibre_optimal,combined,174,1,0.002,5,150
1.0,fibre_optimal,combined,175,1,0.002,5,150
1.0,fibre_optimal,combined,176,1,0.002,5,150
1.0,fibre_optimal,combined,177,1,0.002,5,150
1.0,fibre_optimal,combined,178,1,0.002,5,150
1.0,fibre_optimal,combined,179,1,0.002,5,150
1.0,fibre_optimal,combined,180,1,0.002,5,150
1.0,fibre_optimal,combined,181,1,0.002,5,150
1.0,fibre_optimal,combined,182,1,0.002,5,150
1.0,fibre_optimal,combined,183,1,0.002,5,150
1.0,fibre_optimal,combined,184,1,0.002,5,150
1.0,fibre_optimal,combined,185,1,0.002,5,150
1.0,fibre_optimal,combined,186,1,0.002,5,150
1.0,fibre_optimal,combined,187,1,0.002,5,150
1.0,fibre_optimal,combined,188,1,0.002,5,150
1.0,fibre_optimal,combined,189,1,0.002,5,150
1.0,fibre_optimal,combined,190,1,0.002,5,150
1.0,fibre_optimal,combined,191,1,0.002,5,150
1.0,fibre_optimal,combined,192,1,0.002,5,150
1.0,fibre_optimal,combined,193,1,0.002,5,150
1.0,fibre_optimal,combined,194,1,0.002,5,150
1.0,fibre_optimal,combined,195,1,0.002,5,150
1.0,fibre_optimal,combined,196,1,0.002,5,150
1.0,fibre_optimal,combined,197,1,0.002,5,150
1.0,fibre_optimal,combined,198,1,0.002,5,150
1.0,fibre_optimal,combined,199,1,0.002,5,150
