design,direction,beta_sd,rep,reject,pvalue,respondents,permutation_reps
structural_maximin,feature_quadratic_total,0.0,0,1,0.002,600,499
structural_maximin,feature_quadratic_total,0.0,1,1,0.002,600,499
structural_maximin,feature_quadratic_total,0.0,2,1,0.002,600,499
structural_maximin,feature_quadratic_total,0.0,3,1,0.002,600,499
structural_maximin,feature_quadratic_total,0.0,4,1,0.002,600,499
structural_maximin,feature_quadratic_total,0.0,5,1,0.002,600,499
structural_maximin,feature_quadratic_total,0.0,6,1,0.002,600,499
structural_maximin,feature_quadratic_total,0.0,7,1,0.002,600,499
structural_maximin,feature_quadratic_total,0.0,8,1,0.002,600,499
structural_maximin,feature_quadratic_total,0.0,9,1,0.002,600,499
structural_maximin,feature_quadratic_total,0.0,10,1,0.002,600,499
structural_maximin,feature_quadratic_total,0.0,11,1,0.002,600,499
structural_maximin,feature_quadratic_total,0.0,12,1,0.002,600,499
structural_maximin,feature_quadratic_total,0.0,13,1,0.002,600,499
structural_maximin,feature_quadratic_total,0.0,14,1,0.002,600,499
structural_maximin,feature_quadratic_total,0.0,15,1,0.002,600,499
structural_maximin,feature_quadratic_total,0.0,16,1,0.002,600,499
structural_maximin,feature_quadratic_total,0.0,17,1,0.002,600,499
structural_maximin,feature_quadratic_total,0.0,18,1,0.002,600,499
structural_maximin,feature_quadratic_total,0.0,19,1,0.002,600,499
structural_maximin,feature_quadratic_total,0.0,20,1,0.002,600,499
structural_maximin,feature_quadratic_total,0.0,21,1,0.002,600,499
structural_maximin,feature_quadratic_total,0.0,22,1,0.002,600,499
structural_maximin,feature_quadratic_total,0.0,23,1,0.002,600,499
structural_maximin,feature_quadratic_total,0.0,24,1,0.002,600,499
structural_maximin,feature_quadratic_total,0.0,25,1,0.002,600,499
structural_maximin,feature_quadratic_total,0.0,26,1,0.002,600,499
structural_maximin,feature_quadratic_total,0.0,27,1,0.002,600,499
structural_maximin,feature_quadratic_total,0.0,28,1,0.002,600,499
structural_maximin,feature_quadratic_total,0.0,29,1,0.002,600,499
structural_maximin,feature_quadratic_total,0.0,30,1,0.002,600,499
structural_maximin,feature_quadratic_total,0.0,31,1,0.002,600,499
structural_maximin,feature_quadratic_total,0.0,32,1,0.002,600,499
structural_maximin,feature_quadratic_total,0.0,33,1,0.002,600,499
structural_maximin,feature_quadratic_total,0.0,34,1,0.002,600,499
structural_maximin,feature_quadratic_total,0.0,35,1,0.002,600,499
structural_maximin,feature_quadratic_total,0.0,36,1,0.002,600,499
structural_maximin,feature_quadratic_total,0.0,37,1,0.002,600,499
structural_maximin,feature_quadratic_total,0.0,38,1,0.002,600,499
structural_maximin,feature_quadratic_total,0.0,39,1,0.002,600,499
structural_maximin,feature_quadratic_total,0.0,40,1,0.002,600,499
structural_maximin,feature_quadratic_total,0.0,41,1,0.002,600,499
structural_maximin,feature_quadratic_total,0.0,42,1,0.002,600,499
structural_maximin,feature_quadratic_total,0.0,43,1,0.002,600,499
structural_maximin,feature_quadratic_total,0.0,44,1,0.002,600,499
structural_maximin,feature_quadratic_total,0.0,45,1,0.002,600,499
structural_maximin,feature_quadratic_total,0.0,46,1,0.002,600,499
structural_maximin,feature_quadratic_total,0.0,47,1,0.002,600,499
structural_maximin,feature_quadratic_total,0.0,48,1,0.002,600,499
structural_maximin,feature_quadratic_total,0.0,49,1,0.002,600,499
structural_maximin,feature_quadratic_total,0.0,50,1,0.002,600,499
structural_maximin,feature_quadratic_total,0.0,51,1,0.002,600,499
structural_maximin,feature_quadratic_total,0.0,52,1,0.002,600,499
structural_maximin,feature_quadratic_total,0.0,53,1,0.002,600,499
structural_maximin,feature_quadratic_total,0.0,54,1,0.002,600,499
structural_maximin,feature_quadratic_total,0.0,55,1,0.002,600,499
structural_maximin,feature_quadratic_total,0.0,56,1,0.002,600,499
structural_maximin,feature_quadratic_total,0.0,57,1,0.002,600,499
structural_maximin,feature_quadratic_total,0.0,58,1,0.002,600,499
structural_maximin,feature_quadratic_total,0.0,59,1,0.002,600,499
structural_maximin,feature_quadratic_total,0.0,60,1,0.002,600,499
structural_maximin,feature_quadratic_total,0.0,61,1,0.002,600,499
structural_maximin,feature_quadratic_total,0.0,62,1,0.002,600,499
structural_maximin,feature_quadratic_total,0.0,63,1,0.002,600,499
structural_maximin,feature_quadratic_total,0.0,64,1,0.002,600,499
structural_maximin,feature_quadratic_total,0.0,65,1,0.002,600,499
structural_maximin,feature_quadratic_total,0.0,66,1,0.002,600,499
structural_maximin,feature_quadratic_total,0.0,67,1,0.002,600,499
structural_maximin,feature_quadratic_total,0.0,68,1,0.002,600,499
structural_maximin,feature_quadratic_total,0.0,69,1,0.002,600,499
structural_maximin,feature_quadratic_total,0.0,70,1,0.002,600,499
structural_maximin,feature_quadratic_total,0.0,71,1,0.002,600,499
structural_maximin,feature_quadratic_total,0.0,72,1,0.002,600,499
structural_maximin,feature_quadratic_total,0.0,73,1,0.002,600,499
structural_maximin,feature_quadratic_total,0.0,74,1,0.002,600,499
structural_maximin,feature_quadratic_total,0.0,75,1,0.002,600,499
structural_maximin,feature_quadratic_total,0.0,76,1,0.002,600,499
structural_maximin,feature_quadratic_total,0.0,77,1,0.002,600,499
structural_maximin,feature_quadratic_total,0.0,78,1,0.002,600,499
structural_maximin,feature_quadratic_total,0.0,79,1,0.002,600,499
structural_maximin,feature_quadratic_total,0.0,80,1,0.002,600,499
structural_maximin,feature_quadratic_total,0.0,81,1,0.002,600,499
structural_maximin,feature_quadratic_total,0.0,82,1,0.002,600,499
structural_maximin,feature_quadratic_total,0.0,83,1,0.002,600,499
structural_maximin,feature_quadratic_total,0.0,84,1,0.002,600,499
structural_maximin,feature_quadratic_total,0.0,85,1,0.002,600,499
structural_maximin,feature_quadratic_total,0.0,86,1,0.002,600,499
structural_maximin,feature_quadratic_total,0.0,87,1,0.002,600,499
structural_maximin,feature_quadratic_total,0.0,88,1,0.002,600,499
structural_maximin,feature_quadratic_total,0.0,89,1,0.002,600,499
structural_maximin,feature_quadratic_total,0.0,90,1,0.002,600,499
structural_maximin,feature_quadratic_total,0.0,91,1,0.002,600,499
structural_maximin,feature_quadratic_total,0.0,92,1,0.002,600,499
structural_maximin,feature_quadratic_total,0.0,93,1,0.002,600,499
structural_maximin,feature_quadratic_total,0.0,94,1,0.002,600,499
structural_maximin,feature_quadratic_total,0.0,95,1,0.002,600,499
structural_maximin,feature_quadratic_total,0.0,96,1,0.002,600,499
structural_maximin,feature_quadratic_total,0.0,97,1,0.002,600,499
structural_maximin,feature_quadratic_total,0.0,98,1,0.002,600,499
structural_maximin,feature_quadratic_total,0.0,99,1,0.002,600,499
structural_maximin,feature_quadratic_total,0.0,100,1,0.002,600,499
structural_maximin,feature_quadratic_total,0.0,101,1,0.002,600,499
structural_maximin,feature_quadratic_total,0.0,102,1,0.002,600,499
structural_maximin,feature_quadratic_total,0.0,103,1,0.002,600,499
structural_maximin,feature_quadratic_total,0.0,104,1,0.002,600,499
structural_maximin,feature_quadratic_total,0.0,105,1,0.002,600,499
structural_maximin,feature_quadratic_total,0.0,106,1,0.002,600,499
structural_maximin,feature_quadratic_total,0.0,107,1,0.002,600,499
structural_maximin,feature_quadratic_total,0.0,108,1,0.002,600,499
structural_maximin,feature_quadratic_total,0.0,109,1,0.002,600,499
structural_maximin,feature_quadratic_total,0.0,110,1,0.002,600,499
structural_maximin,feature_quadratic_total,0.0,111,1,0.002,600,499
structural_maximin,feature_quadratic_total,0.0,112,1,0.002,600,499
structural_maximin,feature_quadratic_total,0.0,113,1,0.002,600,499
structural_maximin,feature_quadratic_total,0.0,114,1,0.002,600,499
structural_maximin,feature_quadratic_total,0.0,115,1,0.002,600,499
structural_maximin,feature_quadratic_total,0.0,116,1,0.002,600,499
structural_maximin,feature_quadratic_total,0.0,117,1,0.002,600,499
structural_maximin,feature_quadratic_total,0.0,118,1,0.002,600,499
structural_maximin,feature_quadratic_total,0.0,119,1,0.002,600,499
structural_maximin,feature_quadratic_total,0.0,120,1,0.002,600,499
structural_maximin,feature_quadratic_total,0.0,121,1,0.002,600,499
structural_maximin,feature_quadratic_total,0.0,122,1,0.002,600,499
structural_maximin,feature_quadratic_total,0.0,123,1,0.002,600,499
structural_maximin,feature_quadratic_total,0.0,124,1,0.002,600,499
structural_maximin,feature_quadratic_total,0.0,125,1,0.002,600,499
structural_maximin,feature_quadratic_total,0.0,126,1,0.002,600,499
structural_maximin,feature_quadratic_total,0.0,127,1,0.002,600,499
structural_maximin,feature_quadratic_total,0.0,128,1,0.002,600,499
structural_maximin,feature_quadratic_total,0.0,129,1,0.002,600,499
structural_maximin,feature_quadratic_total,0.0,130,1,0.002,600,499
structural_maximin,feature_quadratic_total,0.0,131,1,0.002,600,499
structural_maximin,feature_quadratic_total,0.0,132,1,0.002,600,499
structural_maximin,feature_quadratic_total,0.0,133,1,0.002,600,499
structural_maximin,feature_quadratic_total,0.0,134,1,0.002,600,499
structural_maximin,feature_quadratic_total,0.0,135,1,0.002,600,499
structural_maximin,feature_quadratic_total,0.0,136,1,0.002,600,499
structural_maximin,feature_quadratic_total,0.0,137,1,0.002,600,499
structural_maximin,feature_quadratic_total,0.0,138,1,0.002,600,499
structural_maximin,feature_quadratic_total,0.0,139,1,0.002,600,499
structural_maximin,feature_quadratic_total,0.0,140,1,0.002,600,499
structural_maximin,feature_quadratic_total,0.0,141,1,0.002,600,499
structural_maximin,feature_quadratic_total,0.0,142,1,0.002,600,499
structural_maximin,feature_quadratic_total,0.0,143,1,0.002,600,499
structural_maximin,feature_quadratic_total,0.0,144,1,0.002,600,499
structural_maximin,feature_quadratic_total,0.0,145,1,0.002,600,499
structural_maximin,feature_quadratic_total,0.0,146,1,0.002,600,499
structural_maximin,feature_quadratic_total,0.0,147,1,0.002,600,499
structural_maximin,feature_quadratic_total,0.0,148,1,0.002,600,499
structural_maximin,feature_quadratic_total,0.0,149,1,0.002,600,499
structural_maximin,feature_quadratic_total,0.0,150,1,0.002,600,499
structural_maximin,feature_quadratic_total,0.0,151,1,0.002,600,499
structural_maximin,feature_quadratic_total,0.0,152,1,0.002,600,499
structural_maximin,feature_quadratic_total,0.0,153,1,0.002,600,499
structural_maximin,feature_quadratic_total,0.0,154,1,0.002,600,499
structural_maximin,feature_quadratic_total,0.0,155,1,0.002,600,499
structural_maximin,feature_quadratic_total,0.0,156,1,0.002,600,499
structural_maximin,feature_quadratic_total,0.0,157,1,0.002,600,499
structural_maximin,feature_quadratic_total,0.0,158,1,0.002,600,499
structural_maximin,feature_quadratic_total,0.0,159,1,0.002,600,499
structural_maximin,feature_quadratic_total,0.0,160,1,0.002,600,499
structural_maximin,feature_quadratic_total,0.0,161,1,0.002,600,499
structural_maximin,feature_quadratic_total,0.0,162,1,0.002,600,499
structural_maximin,feature_quadratic_total,0.0,163,1,0.002,600,499
structural_maximin,feature_quadratic_total,0.0,164,1,0.002,600,499
structural_maximin,feature_quadratic_total,0.0,165,1,0.002,600,499
structural_maximin,feature_quadratic_total,0.0,166,1,0.002,600,499
structural_maximin,feature_quadratic_total,0.0,167,1,0.002,600,499
structural_maximin,feature_quadratic_total,0.0,168,1,0.002,600,499
structural_maximin,feature_quadratic_total,0.0,169,1,0.002,600,499
structural_maximin,feature_quadratic_total,0.0,170,1,0.002,600,499
structural_maximin,feature_quadratic_total,0.0,171,1,0.002,600,499
structural_maximin,feature_quadratic_total,0.0,172,1,0.002,600,499
structural_maximin,feature_quadratic_total,0.0,173,1,0.002,600,499
structural_maximin,feature_quadratic_total,0.0,174,1,0.002,600,499
structural_maximin,feature_quadratic_total,0.0,175,1,0.002,600,499
structural_maximin,feature_quadratic_total,0.0,176,1,0.002,600,499
structural_maximin,feature_quadratic_total,0.0,177,1,0.002,600,499
structural_maximin,feature_quadratic_total,0.0,178,1,0.002,600,499
structural_maximin,feature_quadratic_total,0.0,179,1,0.002,600,499
structural_maximin,feature_quadratic_total,0.0,180,1,0.002,600,499
structural_maximin,feature_quadratic_total,0.0,181,1,0.002,600,499
structural_maximin,feature_quadratic_total,0.0,182,1,0.002,600,499
structural_maximin,feature_quadratic_total,0.0,183,1,0.002,600,499
structural_maximin,feature_quadratic_total,0.0,184,1,0.002,600,499
structural_maximin,feature_quadratic_total,0.0,185,1,0.002,600,499
structural_maximin,feature_quadratic_total,0.0,186,1,0.002,600,499
structural_maximin,feature_quadratic_total,0.0,187,1,0.002,600,499
structural_maximin,feature_quadratic_total,0.0,188,1,0.002,600,499
structural_maximin,feature_quadratic_total,0.0,189,1,0.002,600,499
structural_maximin,feature_quadratic_total,0.0,190,1,0.002,600,499
structural_maximin,feature_quadratic_total,0.0,191,1,0.002,600,499
structural_maximin,feature_quadratic_total,0.0,192,1,0.002,600,499
structural_maximin,feature_quadratic_total,0.0,193,1,0.002,600,499
structural_maximin,feature_quadratic_total,0.0,194,1,0.002,600,499
structural_maximin,feature_quadratic_total,0.0,195,1,0.002,600,499
structural_maximin,feature_quadratic_total,0.0,196,1,0.002,600,499
structural_maximin,feature_quadratic_total,0.0,197,1,0.002,600,499
structural_maximin,feature_quadratic_total,0.0,198,1,0.002,600,499
structural_maximin,feature_quadratic_total,0.0,199,1,0.002,600,499
structural_maximin,feature_care_midpoint_interaction,0.0,0,1,0.036,600,499
structural_maximin,feature_care_midpoint_interaction,0.0,1,0,0.094,600,499
structural_maximin,feature_care_midpoint_interaction,0.0,2,0,0.254,600,499
structural_maximin,feature_care_midpoint_interaction,0.0,3,1,0.042,600,499
structural_maximin,feature_care_midpoint_interaction,0.0,4,0,0.116,600,499
structural_maximin,feature_care_midpoint_interaction,0.0,5,0,0.43,600,499
structural_maximin,feature_care_midpoint_interaction,0.0,6,1,0.002,600,499
structural_maximin,feature_care_midpoint_interaction,0.0,7,1,0.006,600,499
structural_maximin,feature_care_midpoint_interaction,0.0,8,0,0.536,600,499
structural_maximin,feature_care_midpoint_interaction,0.0,9,1,0.002,600,499
structural_maximin,feature_care_midpoint_interaction,0.0,10,1,0.002,600,499
structural_maximin,feature_care_midpoint_interaction,0.0,11,1,0.012,600,499
structural_maximin,feature_care_midpoint_interaction,0.0,12,1,0.032,600,499
structural_maximin,feature_care_midpoint_interaction,0.0,13,0,0.162,600,499
structural_maximin,feature_care_midpoint_interaction,0.0,14,1,0.008,600,499
structural_maximin,feature_care_midpoint_interaction,0.0,15,1,0.002,600,499
structural_maximin,feature_care_midpoint_interaction,0.0,16,0,0.258,600,499
structural_maximin,feature_care_midpoint_interaction,0.0,17,1,0.034,600,499
structural_maximin,feature_care_midpoint_interaction,0.0,18,0,0.312,600,499
structural_maximin,feature_care_midpoint_interaction,0.0,19,1,0.002,600,499
structural_maximin,feature_care_midpoint_interaction,0.0,20,1,0.004,600,499
structural_maximin,feature_care_midpoint_interaction,0.0,21,1,0.002,600,499
structural_maximin,feature_care_midpoint_interaction,0.0,22,0,0.102,600,499
structural_maximin,feature_care_midpoint_interaction,0.0,23,1,0.016,600,499
structural_maximin,feature_care_midpoint_interaction,0.0,24,0,0.674,600,499
structural_maximin,feature_care_midpoint_interaction,0.0,25,0,0.676,600,499
structural_maximin,feature_care_midpoint_interaction,0.0,26,0,0.096,600,499
structural_maximin,feature_care_midpoint_interaction,0.0,27,1,0.012,600,499
structural_maximin,feature_care_midpoint_interaction,0.0,28,1,0.002,600,499
structural_maximin,feature_care_midpoint_interaction,0.0,29,0,0.222,600,499
structural_maximin,feature_care_midpoint_interaction,0.0,30,1,0.008,600,499
structural_maximin,feature_care_midpoint_interaction,0.0,31,1,0.004,600,499
structural_maximin,feature_care_midpoint_interaction,0.0,32,1,0.01,600,499
structural_maximin,feature_care_midpoint_interaction,0.0,33,0,0.058,600,499
structural_maximin,feature_care_midpoint_interaction,0.0,34,0,0.426,600,499
structural_maximin,feature_care_midpoint_interaction,0.0,35,0,0.524,600,499
structural_maximin,feature_care_midpoint_interaction,0.0,36,1,0.002,600,499
structural_maximin,feature_care_midpoint_interaction,0.0,37,1,0.038,600,499
structural_maximin,feature_care_midpoint_interaction,0.0,38,1,0.022,600,499
structural_maximin,feature_care_midpoint_interaction,0.0,39,1,0.008,600,499
structural_maximin,feature_care_midpoint_interaction,0.0,40,1,0.014,600,499
structural_maximin,feature_care_midpoint_interaction,0.0,41,1,0.002,600,499
structural_maximin,feature_care_midpoint_interaction,0.0,42,1,0.018,600,499
structural_maximin,feature_care_midpoint_interaction,0.0,43,0,0.096,600,499
structural_maximin,feature_care_midpoint_interaction,0.0,44,1,0.002,600,499
structural_maximin,feature_care_midpoint_interaction,0.0,45,1,0.022,600,499
structural_maximin,feature_care_midpoint_interaction,0.0,46,1,0.01,600,499
structural_maximin,feature_care_midpoint_interaction,0.0,47,1,0.018,600,499
structural_maximin,feature_care_midpoint_interaction,0.0,48,0,0.07,600,499
structural_maximin,feature_care_midpoint_interaction,0.0,49,1,0.004,600,499
structural_maximin,feature_care_midpoint_interaction,0.0,50,1,0.038,600,499
structural_maximin,feature_care_midpoint_interaction,0.0,51,1,0.014,600,499
structural_maximin,feature_care_midpoint_interaction,0.0,52,0,0.438,600,499
structural_maximin,feature_care_midpoint_interaction,0.0,53,1,0.01,600,499
structural_maximin,feature_care_midpoint_interaction,0.0,54,1,0.006,600,499
structural_maximin,feature_care_midpoint_interaction,0.0,55,0,0.076,600,499
structural_maximin,feature_care_midpoint_interaction,0.0,56,1,0.006,600,499
structural_maximin,feature_care_midpoint_interaction,0.0,57,0,0.124,600,499
structural_maximin,feature_care_midpoint_interaction,0.0,58,1,0.004,600,499
structural_maximin,feature_care_midpoint_interaction,0.0,59,1,0.004,600,499
structural_maximin,feature_care_midpoint_interaction,0.0,60,0,0.442,600,499
structural_maximin,feature_care_midpoint_interaction,0.0,61,1,0.048,600,499
structural_maximin,feature_care_midpoint_interaction,0.0,62,1,0.006,600,499
structural_maximin,feature_care_midpoint_interaction,0.0,63,1,0.002,600,499
structural_maximin,feature_care_midpoint_interaction,0.0,64,0,0.07,600,499
structural_maximin,feature_care_midpoint_interaction,0.0,65,1,0.002,600,499
structural_maximin,feature_care_midpoint_interaction,0.0,66,0,0.498,600,499
structural_maximin,feature_care_midpoint_interaction,0.0,67,1,0.022,600,499
structural_maximin,feature_care_midpoint_interaction,0.0,68,1,0.002,600,499
structural_maximin,feature_care_midpoint_interaction,0.0,69,1,0.016,600,499
structural_maximin,feature_care_midpoint_interaction,0.0,70,0,0.29,600,499
structural_maximin,feature_care_midpoint_interaction,0.0,71,0,0.122,600,499
structural_maximin,feature_care_midpoint_interaction,0.0,72,0,0.076,600,499
structural_maximin,feature_care_midpoint_interaction,0.0,73,1,0.026,600,499
structural_maximin,feature_care_midpoint_interaction,0.0,74,1,0.014,600,499
structural_maximin,feature_care_midpoint_interaction,0.0,75,1,0.004,600,499
structural_maximin,feature_care_midpoint_interaction,0.0,76,0,0.296,600,499
structural_maximin,feature_care_midpoint_interaction,0.0,77,1,0.006,600,499
structural_maximin,feature_care_midpoint_interaction,0.0,78,1,0.002,600,499
structural_maximin,feature_care_midpoint_interaction,0.0,79,1,0.028,600,499
structural_maximin,feature_care_midpoint_interaction,0.0,80,0,0.174,600,499
structural_maximin,feature_care_midpoint_interaction,0.0,81,0,0.074,600,499
structural_maximin,feature_care_midpoint_interaction,0.0,82,1,0.002,600,499
structural_maximin,feature_care_midpoint_interaction,0.0,83,1,0.028,600,499
structural_maximin,feature_care_midpoint_interaction,0.0,84,1,0.042,600,499
structural_maximin,feature_care_midpoint_interaction,0.0,85,1,0.004,600,499
structural_maximin,feature_care_midpoint_interaction,0.0,86,0,0.128,600,499
structural_maximin,feature_care_midpoint_interaction,0.0,87,1,0.018,600,499
structural_maximin,feature_care_midpoint_interaction,0.0,88,1,0.01,600,499
structural_maximin,feature_care_midpoint_interaction,0.0,89,1,0.006,600,499
structural_maximin,feature_care_midpoint_interaction,0.0,90,0,0.196,600,499
structural_maximin,feature_care_midpoint_interaction,0.0,91,0,0.058,600,499
structural_maximin,feature_care_midpoint_interaction,0.0,92,1,0.026,600,499
structural_maximin,feature_care_midpoint_interaction,0.0,93,1,0.004,600,499
structural_maximin,feature_care_midpoint_interaction,0.0,94,0,0.116,600,499
structural_maximin,feature_care_midpoint_interaction,0.0,95,1,0.004,600,499
structural_maximin,feature_care_midpoint_interaction,0.0,96,0,0.122,600,499
structural_maximin,feature_care_midpoint_interaction,0.0,97,0,0.416,600,499
structural_maximin,feature_care_midpoint_interaction,0.0,98,1,0.008,600,499
structural_maximin,feature_care_midpoint_interaction,0.0,99,1,0.008,600,499
structural_maximin,feature_care_midpoint_interaction,0.0,100,0,0.144,600,499
structural_maximin,feature_care_midpoint_interaction,0.0,101,1,0.046,600,499
structural_maximin,feature_care_midpoint_interaction,0.0,102,1,0.048,600,499
structural_maximin,feature_care_midpoint_interaction,0.0,103,0,0.062,600,499
structural_maximin,feature_care_midpoint_interaction,0.0,104,1,0.028,600,499
structural_maximin,feature_care_midpoint_interaction,0.0,105,0,0.064,600,499
structural_maximin,feature_care_midpoint_interaction,0.0,106,1,0.008,600,499
structural_maximin,feature_care_midpoint_interaction,0.0,107,1,0.012,600,499
structural_maximin,feature_care_midpoint_interaction,0.0,108,1,0.008,600,499
structural_maximin,feature_care_midpoint_interaction,0.0,109,1,0.02,600,499
structural_maximin,feature_care_midpoint_interaction,0.0,110,1,0.014,600,499
structural_maximin,feature_care_midpoint_interaction,0.0,111,1,0.002,600,499
structural_maximin,feature_care_midpoint_interaction,0.0,112,1,0.002,600,499
structural_maximin,feature_care_midpoint_interaction,0.0,113,0,0.238,600,499
structural_maximin,feature_care_midpoint_interaction,0.0,114,1,0.002,600,499
structural_maximin,feature_care_midpoint_interaction,0.0,115,0,0.088,600,499
structural_maximin,feature_care_midpoint_interaction,0.0,116,1,0.006,600,499
structural_maximin,feature_care_midpoint_interaction,0.0,117,0,0.338,600,499
structural_maximin,feature_care_midpoint_interaction,0.0,118,1,0.04,600,499
structural_maximin,feature_care_midpoint_interaction,0.0,119,0,0.158,600,499
structural_maximin,feature_care_midpoint_interaction,0.0,120,1,0.004,600,499
structural_maximin,feature_care_midpoint_interaction,0.0,121,1,0.002,600,499
structural_maximin,feature_care_midpoint_interaction,0.0,122,1,0.01,600,499
structural_maximin,feature_care_midpoint_interaction,0.0,123,1,0.02,600,499
structural_maximin,feature_care_midpoint_interaction,0.0,124,1,0.002,600,499
structural_maximin,feature_care_midpoint_interaction,0.0,125,1,0.032,600,499
structural_maximin,feature_care_midpoint_interaction,0.0,126,1,0.002,600,499
structural_maximin,feature_care_midpoint_interaction,0.0,127,1,0.008,600,499
structural_maximin,feature_care_midpoint_interaction,0.0,128,1,0.002,600,499
structural_maximin,feature_care_midpoint_interaction,0.0,129,1,0.042,600,499
structural_maximin,feature_care_midpoint_interaction,0.0,130,1,0.006,600,499
structural_maximin,feature_care_midpoint_interaction,0.0,131,0,0.202,600,499
structural_maximin,feature_care_midpoint_interaction,0.0,132,1,0.02,600,499
structural_maximin,feature_care_midpoint_interaction,0.0,133,0,0.216,600,499
structural_maximin,feature_care_midpoint_interaction,0.0,134,1,0.006,600,499
structural_maximin,feature_care_midpoint_interaction,0.0,135,1,0.002,600,499
structural_maximin,feature_care_midpoint_interaction,0.0,136,1,0.038,600,499
structural_maximin,feature_care_midpoint_interaction,0.0,137,0,0.362,600,499
structural_maximin,feature_care_midpoint_interaction,0.0,138,1,0.004,600,499
structural_maximin,feature_care_midpoint_interaction,0.0,139,0,0.61,600,499
structural_maximin,feature_care_midpoint_interaction,0.0,140,0,0.052,600,499
structural_maximin,feature_care_midpoint_interaction,0.0,141,1,0.014,600,499
structural_maximin,feature_care_midpoint_interaction,0.0,142,1,0.024,600,499
structural_maximin,feature_care_midpoint_interaction,0.0,143,1,0.04,600,499
structural_maximin,feature_care_midpoint_interaction,0.0,144,1,0.022,600,499
structural_maximin,feature_care_midpoint_interaction,0.0,145,1,0.014,600,499
structural_maximin,feature_care_midpoint_interaction,0.0,146,0,0.072,600,499
structural_maximin,feature_care_midpoint_interaction,0.0,147,1,0.044,600,499
structural_maximin,feature_care_midpoint_interaction,0.0,148,0,0.1,600,499
structural_maximin,feature_care_midpoint_interaction,0.0,149,1,0.008,600,499
structural_maximin,feature_care_midpoint_interaction,0.0,150,1,0.006,600,499
structural_maximin,feature_care_midpoint_interaction,0.0,151,0,0.096,600,499
structural_maximin,feature_care_midpoint_interaction,0.0,152,1,0.002,600,499
structural_maximin,feature_care_midpoint_interaction,0.0,153,0,0.914,600,499
structural_maximin,feature_care_midpoint_interaction,0.0,154,0,0.088,600,499
structural_maximin,feature_care_midpoint_interaction,0.0,155,0,0.476,600,499
structural_maximin,feature_care_midpoint_interaction,0.0,156,1,0.03,600,499
structural_maximin,feature_care_midpoint_interaction,0.0,157,1,0.032,600,499
structural_maximin,feature_care_midpoint_interaction,0.0,158,1,0.012,600,499
structural_maximin,feature_care_midpoint_interaction,0.0,159,0,0.208,600,499
structural_maximin,feature_care_midpoint_interaction,0.0,160,1,0.014,600,499
structural_maximin,feature_care_midpoint_interaction,0.0,161,1,0.006,600,499
structural_maximin,feature_care_midpoint_interaction,0.0,162,1,0.002,600,499
structural_maximin,feature_care_midpoint_interaction,0.0,163,0,0.068,600,499
structural_maximin,feature_care_midpoint_interaction,0.0,164,0,0.074,600,499
structural_maximin,feature_care_midpoint_interaction,0.0,165,1,0.004,600,499
structural_maximin,feature_care_midpoint_interaction,0.0,166,1,0.026,600,499
structural_maximin,feature_care_midpoint_interaction,0.0,167,1,0.006,600,499
structural_maximin,feature_care_midpoint_interaction,0.0,168,1,0.018,600,499
structural_maximin,feature_care_midpoint_interaction,0.0,169,0,0.094,600,499
structural_maximin,feature_care_midpoint_interaction,0.0,170,1,0.01,600,499
structural_maximin,feature_care_midpoint_interaction,0.0,171,1,0.002,600,499
structural_maximin,feature_care_midpoint_interaction,0.0,172,1,0.002,600,499
structural_maximin,feature_care_midpoint_interaction,0.0,173,1,0.004,600,499
structural_maximin,feature_care_midpoint_interaction,0.0,174,1,0.002,600,499
structural_maximin,feature_care_midpoint_interaction,0.0,175,1,0.048,600,499
structural_maximin,feature_care_midpoint_interaction,0.0,176,0,0.056,600,499
structural_maximin,feature_care_midpoint_interaction,0.0,177,1,0.002,600,499
structural_maximin,feature_care_midpoint_interaction,0.0,178,1,0.006,600,499
structural_maximin,feature_care_midpoint_interaction,0.0,179,0,0.13,600,499
structural_maximin,feature_care_midpoint_interaction,0.0,180,0,0.094,600,499
structural_maximin,feature_care_midpoint_interaction,0.0,181,1,0.002,600,499
structural_maximin,feature_care_midpoint_interaction,0.0,182,0,0.102,600,499
structural_maximin,feature_care_midpoint_interaction,0.0,183,0,0.09,600,499
structural_maximin,feature_care_midpoint_interaction,0.0,184,1,0.004,600,499
structural_maximin,feature_care_midpoint_interaction,0.0,185,0,0.056,600,499
structural_maximin,feature_care_midpoint_interaction,0.0,186,1,0.022,600,499
structural_maximin,feature_care_midpoint_interaction,0.0,187,1,0.026,600,499
structural_maximin,feature_care_midpoint_interaction,0.0,188,0,0.376,600,499
structural_maximin,feature_care_midpoint_interaction,0.0,189,0,0.164,600,499
structural_maximin,feature_care_midpoint_interaction,0.0,190,1,0.002,600,499
structural_maximin,feature_care_midpoint_interaction,0.0,191,1,0.004,600,499
structural_maximin,feature_care_midpoint_interaction,0.0,192,1,0.014,600,499
structural_maximin,feature_care_midpoint_interaction,0.0,193,1,0.004,600,499
structural_maximin,feature_care_midpoint_interaction,0.0,194,1,0.004,600,499
structural_maximin,feature_care_midpoint_interaction,0.0,195,1,0.038,600,499
structural_maximin,feature_care_midpoint_interaction,0.0,196,1,0.01,600,499
structural_maximin,feature_care_midpoint_interaction,0.0,197,1,0.014,600,499
structural_maximin,feature_care_midpoint_interaction,0.0,198,1,0.002,600,499
structural_maximin,feature_care_midpoint_interaction,0.0,199,1,0.004,600,499
structural_maximin,feature_intelligence_cloud_interaction,0.0,0,1,0.002,600,499
structural_maximin,feature_intelligence_cloud_interaction,0.0,1,1,0.002,600,499
structural_maximin,feature_intelligence_cloud_interaction,0.0,2,1,0.002,600,499
structural_maximin,feature_intelligence_cloud_interaction,0.0,3,1,0.002,600,499
structural_maximin,feature_intelligence_cloud_interaction,0.0,4,1,0.002,600,499
structural_maximin,feature_intelligence_cloud_interaction,0.0,5,1,0.002,600,499
structural_maximin,feature_intelligence_cloud_interaction,0.0,6,1,0.002,600,499
structural_maximin,feature_intelligence_cloud_interaction,0.0,7,1,0.002,600,499
structural_maximin,feature_intelligence_cloud_interaction,0.0,8,1,0.002,600,499
structural_maximin,feature_intelligence_cloud_interaction,0.0,9,1,0.002,600,499
structural_maximin,feature_intelligence_cloud_interaction,0.0,10,1,0.002,600,499
structural_maximin,feature_intelligence_cloud_interaction,0.0,11,1,0.002,600,499
structural_maximin,feature_intelligence_cloud_interaction,0.0,12,1,0.002,600,499
structural_maximin,feature_intelligence_cloud_interaction,0.0,13,1,0.002,600,499
structural_maximin,feature_intelligence_cloud_interaction,0.0,14,1,0.002,600,499
structural_maximin,feature_intelligence_cloud_interaction,0.0,15,1,0.002,600,499
structural_maximin,feature_intelligence_cloud_interaction,0.0,16,1,0.002,600,499
structural_maximin,feature_intelligence_cloud_interaction,0.0,17,1,0.002,600,499
structural_maximin,feature_intelligence_cloud_interaction,0.0,18,1,0.002,600,499
structural_maximin,feature_intelligence_cloud_interaction,0.0,19,1,0.002,600,499
structural_maximin,feature_intelligence_cloud_interaction,0.0,20,1,0.002,600,499
structural_maximin,feature_intelligence_cloud_interaction,0.0,21,1,0.002,600,499
structural_maximin,feature_intelligence_cloud_interaction,0.0,22,1,0.002,600,499
structural_maximin,feature_intelligence_cloud_interaction,0.0,23,1,0.002,600,499
structural_maximin,feature_intelligence_cloud_interaction,0.0,24,1,0.002,600,499
structural_maximin,feature_intelligence_cloud_interaction,0.0,25,1,0.002,600,499
structural_maximin,feature_intelligence_cloud_interaction,0.0,26,1,0.002,600,499
structural_maximin,feature_intelligence_cloud_interaction,0.0,27,1,0.002,600,499
structural_maximin,feature_intelligence_cloud_interaction,0.0,28,1,0.002,600,499
structural_maximin,feature_intelligence_cloud_interaction,0.0,29,1,0.002,600,499
structural_maximin,feature_intelligence_cloud_interaction,0.0,30,1,0.002,600,499
structural_maximin,feature_intelligence_cloud_interaction,0.0,31,1,0.002,600,499
structural_maximin,feature_intelligence_cloud_interaction,0.0,32,1,0.002,600,499
structural_maximin,feature_intelligence_cloud_interaction,0.0,33,1,0.002,600,499
structural_maximin,feature_intelligence_cloud_interaction,0.0,34,1,0.002,600,499
structural_maximin,feature_intelligence_cloud_interaction,0.0,35,1,0.002,600,499
structural_maximin,feature_intelligence_cloud_interaction,0.0,36,1,0.002,600,499
structural_maximin,feature_intelligence_cloud_interaction,0.0,37,1,0.002,600,499
structural_maximin,feature_intelligence_cloud_interaction,0.0,38,1,0.002,600,499
structural_maximin,feature_intelligence_cloud_interaction,0.0,39,1,0.002,600,499
structural_maximin,feature_intelligence_cloud_interaction,0.0,40,1,0.002,600,499
structural_maximin,feature_intelligence_cloud_interaction,0.0,41,1,0.002,600,499
structural_maximin,feature_intelligence_cloud_interaction,0.0,42,1,0.002,600,499
structural_maximin,feature_intelligence_cloud_interaction,0.0,43,1,0.002,600,499
structural_maximin,feature_intelligence_cloud_interaction,0.0,44,1,0.002,600,499
structural_maximin,feature_intelligence_cloud_interaction,0.0,45,1,0.002,600,499
structural_maximin,feature_intelligence_cloud_interaction,0.0,46,1,0.002,600,499
structural_maximin,feature_intelligence_cloud_interaction,0.0,47,1,0.002,600,499
structural_maximin,feature_intelligence_cloud_interaction,0.0,48,1,0.002,600,499
structural_maximin,feature_intelligence_cloud_interaction,0.0,49,1,0.002,600,499
structural_maximin,feature_intelligence_cloud_interaction,0.0,50,1,0.002,600,499
structural_maximin,feature_intelligence_cloud_interaction,0.0,51,1,0.002,600,499
structural_maximin,feature_intelligence_cloud_interaction,0.0,52,1,0.002,600,499
structural_maximin,feature_intelligence_cloud_interaction,0.0,53,1,0.002,600,499
structural_maximin,feature_intelligence_cloud_interaction,0.0,54,1,0.002,600,499
structural_maximin,feature_intelligence_cloud_interaction,0.0,55,1,0.002,600,499
structural_maximin,feature_intelligence_cloud_interaction,0.0,56,1,0.002,600,499
structural_maximin,feature_intelligence_cloud_interaction,0.0,57,1,0.002,600,499
structural_maximin,feature_intelligence_cloud_interaction,0.0,58,1,0.002,600,499
structural_maximin,feature_intelligence_cloud_interaction,0.0,59,1,0.002,600,499
structural_maximin,feature_intelligence_cloud_interaction,0.0,60,1,0.002,600,499
structural_maximin,feature_intelligence_cloud_interaction,0.0,61,1,0.002,600,499
structural_maximin,feature_intelligence_cloud_interaction,0.0,62,1,0.002,600,499
structural_maximin,feature_intelligence_cloud_interaction,0.0,63,1,0.002,600,499
structural_maximin,feature_intelligence_cloud_interaction,0.0,64,1,0.002,600,499
structural_maximin,feature_intelligence_cloud_interaction,0.0,65,1,0.002,600,499
structural_maximin,feature_intelligence_cloud_interaction,0.0,66,1,0.002,600,499
structural_maximin,feature_intelligence_cloud_interaction,0.0,67,1,0.002,600,499
structural_maximin,feature_intelligence_cloud_interaction,0.0,68,1,0.002,600,499
structural_maximin,feature_intelligence_cloud_interaction,0.0,69,1,0.002,600,499
structural_maximin,feature_intelligence_cloud_interaction,0.0,70,1,0.002,600,499
structural_maximin,feature_intelligence_cloud_interaction,0.0,71,1,0.002,600,499
structural_maximin,feature_intelligence_cloud_interaction,0.0,72,1,0.002,600,499
structural_maximin,feature_intelligence_cloud_interaction,0.0,73,1,0.002,600,499
structural_maximin,feature_intelligence_cloud_interaction,0.0,74,1,0.002,600,499
structural_maximin,feature_intelligence_cloud_interaction,0.0,75,1,0.002,600,499
structural_maximin,feature_intelligence_cloud_interaction,0.0,76,1,0.002,600,499
structural_maximin,feature_intelligence_cloud_interaction,0.0,77,1,0.002,600,499
structural_maximin,feature_intelligence_cloud_interaction,0.0,78,1,0.002,600,499
structural_maximin,feature_intelligence_cloud_interaction,0.0,79,1,0.002,600,499
structural_maximin,feature_intelligence_cloud_interaction,0.0,80,1,0.002,600,499
structural_maximin,feature_intelligence_cloud_interaction,0.0,81,1,0.002,600,499
structural_maximin,feature_intelligence_cloud_interaction,0.0,82,1,0.002,600,499
structural_maximin,feature_intelligence_cloud_interaction,0.0,83,1,0.002,600,499
structural_maximin,feature_intelligence_cloud_interaction,0.0,84,1,0.002,600,499
structural_maximin,feature_intelligence_cloud_interaction,0.0,85,1,0.002,600,499
structural_maximin,feature_intelligence_cloud_interaction,0.0,86,1,0.002,600,499
structural_maximin,feature_intelligence_cloud_interaction,0.0,87,1,0.002,600,499
structural_maximin,feature_intelligence_cloud_interaction,0.0,88,1,0.002,600,499
structural_maximin,feature_intelligence_cloud_interaction,0.0,89,1,0.002,600,499
structural_maximin,feature_intelligence_cloud_interaction,0.0,90,1,0.002,600,499
structural_maximin,feature_intelligence_cloud_interaction,0.0,91,1,0.002,600,499
structural_maximin,feature_intelligence_cloud_interaction,0.0,92,1,0.002,600,499
structural_maximin,feature_intelligence_cloud_interaction,0.0,93,1,0.002,600,499
structural_maximin,feature_intelligence_cloud_interaction,0.0,94,1,0.002,600,499
structural_maximin,feature_intelligence_cloud_interaction,0.0,95,1,0.002,600,499
structural_maximin,feature_intelligence_cloud_interaction,0.0,96,1,0.002,600,499
structural_maximin,feature_intelligence_cloud_interaction,0.0,97,1,0.002,600,499
structural_maximin,feature_intelligence_cloud_interaction,0.0,98,1,0.002,600,499
structural_maximin,feature_intelligence_cloud_interaction,0.0,99,1,0.002,600,499
structural_maximin,feature_intelligence_cloud_interaction,0.0,100,1,0.002,600,499
structural_maximin,feature_intelligence_cloud_interaction,0.0,101,1,0.002,600,499
structural_maximin,feature_intelligence_cloud_interaction,0.0,102,1,0.002,600,499
structural_maximin,feature_intelligence_cloud_interaction,0.0,103,1,0.002,600,499
structural_maximin,feature_intelligence_cloud_interaction,0.0,104,1,0.002,600,499
structural_maximin,feature_intelligence_cloud_interaction,0.0,105,1,0.002,600,499
structural_maximin,feature_intelligence_cloud_interaction,0.0,106,1,0.002,600,499
structural_maximin,feature_intelligence_cloud_interaction,0.0,107,1,0.002,600,499
structural_maximin,feature_intelligence_cloud_interaction,0.0,108,1,0.002,600,499
structural_maximin,feature_intelligence_cloud_interaction,0.0,109,1,0.002,600,499
structural_maximin,feature_intelligence_cloud_interaction,0.0,110,1,0.002,600,499
structural_maximin,feature_intelligence_cloud_interaction,0.0,111,1,0.002,600,499
structural_maximin,feature_intelligence_cloud_interaction,0.0,112,1,0.002,600,499
structural_maximin,feature_intelligence_cloud_interaction,0.0,113,1,0.002,600,499
structural_maximin,feature_intelligence_cloud_interaction,0.0,114,1,0.002,600,499
structural_maximin,feature_intelligence_cloud_interaction,0.0,115,1,0.002,600,499
structural_maximin,feature_intelligence_cloud_interaction,0.0,116,1,0.002,600,499
structural_maximin,feature_intelligence_cloud_interaction,0.0,117,1,0.002,600,499
structural_maximin,feature_intelligence_cloud_interaction,0.0,118,1,0.002,600,499
structural_maximin,feature_intelligence_cloud_interaction,0.0,119,1,0.002,600,499
structural_maximin,feature_intelligence_cloud_interaction,0.0,120,1,0.002,600,499
structural_maximin,feature_intelligence_cloud_interaction,0.0,121,1,0.002,600,499
structural_maximin,feature_intelligence_cloud_interaction,0.0,122,1,0.002,600,499
structural_maximin,feature_intelligence_cloud_interaction,0.0,123,1,0.002,600,499
structural_maximin,feature_intelligence_cloud_interaction,0.0,124,1,0.002,600,499
structural_maximin,feature_intelligence_cloud_interaction,0.0,125,1,0.002,600,499
structural_maximin,feature_intelligence_cloud_interaction,0.0,126,1,0.002,600,499
structural_maximin,feature_intelligence_cloud_interaction,0.0,127,1,0.002,600,499
structural_maximin,feature_intelligence_cloud_interaction,0.0,128,1,0.002,600,499
structural_maximin,feature_intelligence_cloud_interaction,0.0,129,1,0.002,600,499
structural_maximin,feature_intelligence_cloud_interaction,0.0,130,1,0.002,600,499
structural_maximin,feature_intelligence_cloud_interaction,0.0,131,1,0.002,600,499
structural_maximin,feature_intelligence_cloud_interaction,0.0,132,1,0.002,600,499
structural_maximin,feature_intelligence_cloud_interaction,0.0,133,1,0.002,600,499
structural_maximin,feature_intelligence_cloud_interaction,0.0,134,1,0.002,600,499
structural_maximin,feature_intelligence_cloud_interaction,0.0,135,1,0.002,600,499
structural_maximin,feature_intelligence_cloud_interaction,0.0,136,1,0.002,600,499
structural_maximin,feature_intelligence_cloud_interaction,0.0,137,1,0.002,600,499
structural_maximin,feature_intelligence_cloud_interaction,0.0,138,1,0.002,600,499
structural_maximin,feature_intelligence_cloud_interaction,0.0,139,1,0.002,600,499
structural_maximin,feature_intelligence_cloud_interaction,0.0,140,1,0.002,600,499
structural_maximin,feature_intelligence_cloud_interaction,0.0,141,1,0.002,600,499
structural_maximin,feature_intelligence_cloud_interaction,0.0,142,1,0.002,600,499
structural_maximin,feature_intelligence_cloud_interaction,0.0,143,1,0.002,600,499
structural_maximin,feature_intelligence_cloud_interaction,0.0,144,1,0.002,600,499
structural_maximin,feature_intelligence_cloud_interaction,0.0,145,1,0.002,600,499
structural_maximin,feature_intelligence_cloud_interaction,0.0,146,1,0.002,600,499
structural_maximin,feature_intelligence_cloud_interaction,0.0,147,1,0.002,600,499
structural_maximin,feature_intelligence_cloud_interaction,0.0,148,1,0.002,600,499
structural_maximin,feature_intelligence_cloud_interaction,0.0,149,1,0.002,600,499
structural_maximin,feature_intelligence_cloud_interaction,0.0,150,1,0.002,600,499
structural_maximin,feature_intelligence_cloud_interaction,0.0,151,1,0.002,600,499
structural_maximin,feature_intelligence_cloud_interaction,0.0,152,1,0.002,600,499
structural_maximin,feature_intelligence_cloud_interaction,0.0,153,1,0.002,600,499
structural_maximin,feature_intelligence_cloud_interaction,0.0,154,1,0.002,600,499
structural_maximin,feature_intelligence_cloud_interaction,0.0,155,1,0.002,600,499
structural_maximin,feature_intelligence_cloud_interaction,0.0,156,1,0.002,600,499
structural_maximin,feature_intelligence_cloud_interaction,0.0,157,1,0.002,600,499
structural_maximin,feature_intelligence_cloud_interaction,0.0,158,1,0.002,600,499
structural_maximin,feature_intelligence_cloud_interaction,0.0,159,1,0.002,600,499
structural_maximin,feature_intelligence_cloud_interaction,0.0,160,1,0.002,600,499
structural_maximin,feature_intelligence_cloud_interaction,0.0,161,1,0.002,600,499
structural_maximin,feature_intelligence_cloud_interaction,0.0,162,1,0.002,600,499
structural_maximin,feature_intelligence_cloud_interaction,0.0,163,1,0.002,600,499
structural_maximin,feature_intelligence_cloud_interaction,0.0,164,1,0.002,600,499
structural_maximin,feature_intelligence_cloud_interaction,0.0,165,1,0.002,600,499
structural_maximin,feature_intelligence_cloud_interaction,0.0,166,1,0.002,600,499
structural_maximin,feature_intelligence_cloud_interaction,0.0,167,1,0.002,600,499
structural_maximin,feature_intelligence_cloud_interaction,0.0,168,1,0.002,600,499
structural_maximin,feature_intelligence_cloud_interaction,0.0,169,1,0.002,600,499
structural_maximin,feature_intelligence_cloud_interaction,0.0,170,1,0.002,600,499
structural_maximin,feature_intelligence_cloud_interaction,0.0,171,1,0.002,600,499
structural_maximin,feature_intelligence_cloud_interaction,0.0,172,1,0.002,600,499
structural_maximin,feature_intelligence_cloud_interaction,0.0,173,1,0.002,600,499
structural_maximin,feature_intelligence_cloud_interaction,0.0,174,1,0.002,600,499
structural_maximin,feature_intelligence_cloud_interaction,0.0,175,1,0.002,600,499
structural_maximin,feature_intelligence_cloud_interaction,0.0,176,1,0.002,600,499
structural_maximin,feature_intelligence_cloud_interaction,0.0,177,1,0.002,600,499
structural_maximin,feature_intelligence_cloud_interaction,0.0,178,1,0.002,600,499
structural_maximin,feature_intelligence_cloud_interaction,0.0,179,1,0.002,600,499
structural_maximin,feature_intelligence_cloud_interaction,0.0,180,1,0.002,600,499
structural_maximin,feature_intelligence_cloud_interaction,0.0,181,1,0.002,600,499
structural_maximin,feature_intelligence_cloud_interaction,0.0,182,1,0.002,600,499
structural_maximin,feature_intelligence_cloud_interaction,0.0,183,1,0.002,600,499
structural_maximin,feature_intelligence_cloud_interaction,0.0,184,1,0.002,600,499
structural_maximin,feature_intelligence_cloud_interaction,0.0,185,1,0.002,600,499
structural_maximin,feature_intelligence_cloud_interaction,0.0,186,1,0.002,600,499
structural_maximin,feature_intelligence_cloud_interaction,0.0,187,1,0.002,600,499
structural_maximin,feature_intelligence_cloud_interaction,0.0,188,1,0.002,600,499
structural_maximin,feature_intelligence_cloud_interaction,0.0,189,1,0.002,600,499
structural_maximin,feature_intelligence_cloud_interaction,0.0,190,1,0.002,600,499
structural_maximin,feature_intelligence_cloud_interaction,0.0,191,1,0.002,600,499
structural_maximin,feature_intelligence_cloud_interaction,0.0,192,1,0.002,600,499
structural_maximin,feature_intelligence_cloud_interaction,0.0,193,1,0.002,600,499
structural_maximin,feature_intelligence_cloud_interaction,0.0,194,1,0.002,600,499
structural_maximin,feature_intelligence_cloud_interaction,0.0,195,1,0.002,600,499
structural_maximin,feature_intelligence_cloud_interaction,0.0,196,1,0.002,600,499
structural_maximin,feature_intelligence_cloud_interaction,0.0,197,1,0.002,600,499
structural_maximin,feature_intelligence_cloud_interaction,0.0,198,1,0.002,600,499
structural_maximin,feature_intelligence_cloud_interaction,0.0,199,1,0.002,600,499
structural_maximin,random_0,0.0,0,1,0.002,600,499
structural_maximin,random_0,0.0,1,1,0.002,600,499
structural_maximin,random_0,0.0,2,1,0.002,600,499
structural_maximin,random_0,0.0,3,1,0.002,600,499
structural_maximin,random_0,0.0,4,1,0.002,600,499
structural_maximin,random_0,0.0,5,1,0.002,600,499
structural_maximin,random_0,0.0,6,1,0.002,600,499
structural_maximin,random_0,0.0,7,1,0.002,600,499
structural_maximin,random_0,0.0,8,1,0.002,600,499
structural_maximin,random_0,0.0,9,1,0.002,600,499
structural_maximin,random_0,0.0,10,1,0.002,600,499
structural_maximin,random_0,0.0,11,1,0.002,600,499
structural_maximin,random_0,0.0,12,1,0.002,600,499
structural_maximin,random_0,0.0,13,1,0.002,600,499
structural_maximin,random_0,0.0,14,1,0.002,600,499
structural_maximin,random_0,0.0,15,1,0.002,600,499
structural_maximin,random_0,0.0,16,1,0.002,600,499
structural_maximin,random_0,0.0,17,1,0.002,600,499
structural_maximin,random_0,0.0,18,1,0.002,600,499
structural_maximin,random_0,0.0,19,1,0.002,600,499
structural_maximin,random_0,0.0,20,1,0.002,600,499
structural_maximin,random_0,0.0,21,1,0.002,600,499
structural_maximin,random_0,0.0,22,1,0.002,600,499
structural_maximin,random_0,0.0,23,1,0.002,600,499
structural_maximin,random_0,0.0,24,1,0.002,600,499
structural_maximin,random_0,0.0,25,1,0.002,600,499
structural_maximin,random_0,0.0,26,1,0.002,600,499
structural_maximin,random_0,0.0,27,1,0.002,600,499
structural_maximin,random_0,0.0,28,1,0.002,600,499
structural_maximin,random_0,0.0,29,1,0.002,600,499
structural_maximin,random_0,0.0,30,1,0.002,600,499
structural_maximin,random_0,0.0,31,1,0.002,600,499
structural_maximin,random_0,0.0,32,1,0.002,600,499
structural_maximin,random_0,0.0,33,1,0.002,600,499
structural_maximin,random_0,0.0,34,1,0.002,600,499
structural_maximin,random_0,0.0,35,1,0.002,600,499
structural_maximin,random_0,0.0,36,1,0.002,600,499
structural_maximin,random_0,0.0,37,1,0.002,600,499
structural_maximin,random_0,0.0,38,1,0.002,600,499
structural_maximin,random_0,0.0,39,1,0.002,600,499
structural_maximin,random_0,0.0,40,1,0.002,600,499
structural_maximin,random_0,0.0,41,1,0.002,600,499
structural_maximin,random_0,0.0,42,1,0.002,600,499
structural_maximin,random_0,0.0,43,1,0.002,600,499
structural_maximin,random_0,0.0,44,1,0.002,600,499
structural_maximin,random_0,0.0,45,1,0.002,600,499
structural_maximin,random_0,0.0,46,1,0.002,600,499
structural_maximin,random_0,0.0,47,1,0.002,600,499
structural_maximin,random_0,0.0,48,1,0.002,600,499
structural_maximin,random_0,0.0,49,1,0.002,600,499
structural_maximin,random_0,0.0,50,1,0.002,600,499
structural_maximin,random_0,0.0,51,1,0.002,600,499
structural_maximin,random_0,0.0,52,1,0.004,600,499
structural_maximin,random_0,0.0,53,1,0.002,600,499
structural_maximin,random_0,0.0,54,1,0.002,600,499
structural_maximin,random_0,0.0,55,1,0.002,600,499
structural_maximin,random_0,0.0,56,1,0.002,600,499
structural_maximin,random_0,0.0,57,1,0.002,600,499
structural_maximin,random_0,0.0,58,1,0.002,600,499
structural_maximin,random_0,0.0,59,1,0.002,600,499
structural_maximin,random_0,0.0,60,1,0.002,600,499
structural_maximin,random_0,0.0,61,1,0.002,600,499
structural_maximin,random_0,0.0,62,1,0.002,600,499
structural_maximin,random_0,0.0,63,1,0.002,600,499
structural_maximin,random_0,0.0,64,1,0.002,600,499
structural_maximin,random_0,0.0,65,1,0.002,600,499
structural_maximin,random_0,0.0,66,1,0.002,600,499
structural_maximin,random_0,0.0,67,1,0.002,600,499
structural_maximin,random_0,0.0,68,1,0.002,600,499
structural_maximin,random_0,0.0,69,1,0.002,600,499
structural_maximin,random_0,0.0,70,1,0.002,600,499
structural_maximin,random_0,0.0,71,1,0.002,600,499
structural_maximin,random_0,0.0,72,1,0.002,600,499
structural_maximin,random_0,0.0,73,1,0.002,600,499
structural_maximin,random_0,0.0,74,1,0.002,600,499
structural_maximin,random_0,0.0,75,1,0.002,600,499
structural_maximin,random_0,0.0,76,1,0.002,600,499
structural_maximin,random_0,0.0,77,1,0.002,600,499
structural_maximin,random_0,0.0,78,1,0.002,600,499
structural_maximin,random_0,0.0,79,1,0.002,600,499
structural_maximin,random_0,0.0,80,1,0.002,600,499
structural_maximin,random_0,0.0,81,1,0.002,600,499
structural_maximin,random_0,0.0,82,1,0.002,600,499
structural_maximin,random_0,0.0,83,1,0.002,600,499
structural_maximin,random_0,0.0,84,1,0.002,600,499
structural_maximin,random_0,0.0,85,1,0.002,600,499
structural_maximin,random_0,0.0,86,1,0.002,600,499
structural_maximin,random_0,0.0,87,1,0.002,600,499
structural_maximin,random_0,0.0,88,1,0.002,600,499
structural_maximin,random_0,0.0,89,1,0.002,600,499
structural_maximin,random_0,0.0,90,1,0.002,600,499
structural_maximin,random_0,0.0,91,1,0.002,600,499
structural_maximin,random_0,0.0,92,1,0.002,600,499
structural_maximin,random_0,0.0,93,1,0.002,600,499
structural_maximin,random_0,0.0,94,1,0.002,600,499
structural_maximin,random_0,0.0,95,1,0.002,600,499
structural_maximin,random_0,0.0,96,1,0.002,600,499
structural_maximin,random_0,0.0,97,1,0.002,600,499
structural_maximin,random_0,0.0,98,1,0.002,600,499
structural_maximin,random_0,0.0,99,1,0.002,600,499
structural_maximin,random_0,0.0,100,1,0.002,600,499
structural_maximin,random_0,0.0,101,1,0.002,600,499
structural_maximin,random_0,0.0,102,1,0.002,600,499
structural_maximin,random_0,0.0,103,1,0.002,600,499
structural_maximin,random_0,0.0,104,1,0.002,600,499
structural_maximin,random_0,0.0,105,1,0.002,600,499
structural_maximin,random_0,0.0,106,1,0.002,600,499
structural_maximin,random_0,0.0,107,1,0.002,600,499
structural_maximin,random_0,0.0,108,1,0.002,600,499
structural_maximin,random_0,0.0,109,1,0.002,600,499
structural_maximin,random_0,0.0,110,1,0.002,600,499
structural_maximin,random_0,0.0,111,1,0.002,600,499
structural_maximin,random_0,0.0,112,1,0.002,600,499
structural_maximin,random_0,0.0,113,1,0.002,600,499
structural_maximin,random_0,0.0,114,1,0.002,600,499
structural_maximin,random_0,0.0,115,1,0.004,600,499
structural_maximin,random_0,0.0,116,1,0.002,600,499
structural_maximin,random_0,0.0,117,1,0.002,600,499
structural_maximin,random_0,0.0,118,1,0.002,600,499
structural_maximin,random_0,0.0,119,1,0.002,600,499
structural_maximin,random_0,0.0,120,1,0.002,600,499
structural_maximin,random_0,0.0,121,1,0.002,600,499
structural_maximin,random_0,0.0,122,1,0.002,600,499
structural_maximin,random_0,0.0,123,1,0.002,600,499
structural_maximin,random_0,0.0,124,1,0.002,600,499
structural_maximin,random_0,0.0,125,1,0.002,600,499
structural_maximin,random_0,0.0,126,1,0.002,600,499
structural_maximin,random_0,0.0,127,1,0.002,600,499
structural_maximin,random_0,0.0,128,1,0.002,600,499
structural_maximin,random_0,0.0,129,1,0.002,600,499
structural_maximin,random_0,0.0,130,1,0.002,600,499
structural_maximin,random_0,0.0,131,1,0.002,600,499
structural_maximin,random_0,0.0,132,1,0.002,600,499
structural_maximin,random_0,0.0,133,1,0.002,600,499
structural_maximin,random_0,0.0,134,1,0.002,600,499
structural_maximin,random_0,0.0,135,1,0.002,600,499
structural_maximin,random_0,0.0,136,1,0.002,600,499
structural_maximin,random_0,0.0,137,1,0.002,600,499
structural_maximin,random_0,0.0,138,1,0.002,600,499
structural_maximin,random_0,0.0,139,1,0.002,600,499
structural_maximin,random_0,0.0,140,1,0.002,600,499
structural_maximin,random_0,0.0,141,1,0.002,600,499
structural_maximin,random_0,0.0,142,1,0.002,600,499
structural_maximin,random_0,0.0,143,1,0.002,600,499
structural_maximin,random_0,0.0,144,1,0.002,600,499
structural_maximin,random_0,0.0,145,1,0.002,600,499
structural_maximin,random_0,0.0,146,1,0.002,600,499
structural_maximin,random_0,0.0,147,1,0.002,600,499
structural_maximin,random_0,0.0,148,1,0.002,600,499
structural_maximin,random_0,0.0,149,1,0.002,600,499
structural_maximin,random_0,0.0,150,1,0.002,600,499
structural_maximin,random_0,0.0,151,1,0.002,600,499
structural_maximin,random_0,0.0,152,1,0.002,600,499
structural_maximin,random_0,0.0,153,1,0.002,600,499
structural_maximin,random_0,0.0,154,1,0.002,600,499
structural_maximin,random_0,0.0,155,1,0.006,600,499
structural_maximin,random_0,0.0,156,1,0.002,600,499
structural_maximin,random_0,0.0,157,1,0.002,600,499
structural_maximin,random_0,0.0,158,1,0.002,600,499
structural_maximin,random_0,0.0,159,1,0.002,600,499
structural_maximin,random_0,0.0,160,1,0.002,600,499
structural_maximin,random_0,0.0,161,1,0.002,600,499
structural_maximin,random_0,0.0,162,1,0.002,600,499
structural_maximin,random_0,0.0,163,1,0.002,600,499
structural_maximin,random_0,0.0,164,1,0.002,600,499
structural_maximin,random_0,0.0,165,1,0.002,600,499
structural_maximin,random_0,0.0,166,1,0.002,600,499
structural_maximin,random_0,0.0,167,1,0.002,600,499
structural_maximin,random_0,0.0,168,1,0.002,600,499
structural_maximin,random_0,0.0,169,1,0.002,600,499
structural_maximin,random_0,0.0,170,1,0.002,600,499
structural_maximin,random_0,0.0,171,1,0.002,600,499
structural_maximin,random_0,0.0,172,1,0.002,600,499
structural_maximin,random_0,0.0,173,1,0.002,600,499
structural_maximin,random_0,0.0,174,1,0.002,600,499
structural_maximin,random_0,0.0,175,1,0.002,600,499
structural_maximin,random_0,0.0,176,1,0.002,600,499
structural_maximin,random_0,0.0,177,1,0.002,600,499
structural_maximin,random_0,0.0,178,1,0.002,600,499
structural_maximin,random_0,0.0,179,1,0.002,600,499
structural_maximin,random_0,0.0,180,1,0.002,600,499
structural_maximin,random_0,0.0,181,1,0.002,600,499
structural_maximin,random_0,0.0,182,1,0.002,600,499
structural_maximin,random_0,0.0,183,1,0.002,600,499
structural_maximin,random_0,0.0,184,1,0.002,600,499
structural_maximin,random_0,0.0,185,1,0.002,600,499
structural_maximin,random_0,0.0,186,1,0.002,600,499
structural_maximin,random_0,0.0,187,1,0.002,600,499
structural_maximin,random_0,0.0,188,1,0.002,600,499
structural_maximin,random_0,0.0,189,1,0.002,600,499
structural_maximin,random_0,0.0,190,1,0.002,600,499
structural_maximin,random_0,0.0,191,1,0.002,600,499
structural_maximin,random_0,0.0,192,1,0.002,600,499
structural_maximin,random_0,0.0,193,1,0.002,600,499
structural_maximin,random_0,0.0,194,1,0.002,600,499
structural_maximin,random_0,0.0,195,1,0.002,600,499
structural_maximin,random_0,0.0,196,1,0.002,600,499
structural_maximin,random_0,0.0,197,1,0.002,600,499
structural_maximin,random_0,0.0,198,1,0.002,600,499
structural_maximin,random_0,0.0,199,1,0.002,600,499
structural_maximin,random_1,0.0,0,1,0.002,600,499
structural_maximin,random_1,0.0,1,1,0.002,600,499
structural_maximin,random_1,0.0,2,1,0.002,600,499
structural_maximin,random_1,0.0,3,1,0.002,600,499
structural_maximin,random_1,0.0,4,1,0.002,600,499
structural_maximin,random_1,0.0,5,1,0.002,600,499
structural_maximin,random_1,0.0,6,1,0.002,600,499
structural_maximin,random_1,0.0,7,1,0.002,600,499
structural_maximin,random_1,0.0,8,1,0.002,600,499
structural_maximin,random_1,0.0,9,1,0.002,600,499
structural_maximin,random_1,0.0,10,1,0.002,600,499
structural_maximin,random_1,0.0,11,1,0.002,600,499
structural_maximin,random_1,0.0,12,1,0.002,600,499
structural_maximin,random_1,0.0,13,1,0.002,600,499
structural_maximin,random_1,0.0,14,1,0.002,600,499
structural_maximin,random_1,0.0,15,1,0.002,600,499
structural_maximin,random_1,0.0,16,1,0.002,600,499
structural_maximin,random_1,0.0,17,1,0.002,600,499
structural_maximin,random_1,0.0,18,1,0.002,600,499
structural_maximin,random_1,0.0,19,1,0.002,600,499
structural_maximin,random_1,0.0,20,1,0.002,600,499
structural_maximin,random_1,0.0,21,1,0.002,600,499
structural_maximin,random_1,0.0,22,1,0.002,600,499
structural_maximin,random_1,0.0,23,1,0.002,600,499
structural_maximin,random_1,0.0,24,1,0.002,600,499
structural_maximin,random_1,0.0,25,1,0.002,600,499
structural_maximin,random_1,0.0,26,1,0.002,600,499
structural_maximin,random_1,0.0,27,1,0.002,600,499
structural_maximin,random_1,0.0,28,1,0.002,600,499
structural_maximin,random_1,0.0,29,1,0.002,600,499
structural_maximin,random_1,0.0,30,1,0.002,600,499
structural_maximin,random_1,0.0,31,1,0.002,600,499
structural_maximin,random_1,0.0,32,1,0.002,600,499
structural_maximin,random_1,0.0,33,1,0.002,600,499
structural_maximin,random_1,0.0,34,1,0.002,600,499
structural_maximin,random_1,0.0,35,1,0.002,600,499
structural_maximin,random_1,0.0,36,1,0.002,600,499
structural_maximin,random_1,0.0,37,1,0.002,600,499
structural_maximin,random_1,0.0,38,1,0.002,600,499
structural_maximin,random_1,0.0,39,1,0.002,600,499
structural_maximin,random_1,0.0,40,1,0.002,600,499
structural_maximin,random_1,0.0,41,1,0.002,600,499
structural_maximin,random_1,0.0,42,1,0.002,600,499
structural_maximin,random_1,0.0,43,1,0.002,600,499
structural_maximin,random_1,0.0,44,1,0.002,600,499
structural_maximin,random_1,0.0,45,1,0.002,600,499
structural_maximin,random_1,0.0,46,1,0.002,600,499
structural_maximin,random_1,0.0,47,1,0.002,600,499
structural_maximin,random_1,0.0,48,1,0.002,600,499
structural_maximin,random_1,0.0,49,1,0.002,600,499
structural_maximin,random_1,0.0,50,1,0.002,600,499
structural_maximin,random_1,0.0,51,1,0.002,600,499
structural_maximin,random_1,0.0,52,1,0.002,600,499
structural_maximin,random_1,0.0,53,1,0.002,600,499
structural_maximin,random_1,0.0,54,1,0.002,600,499
structural_maximin,random_1,0.0,55,1,0.002,600,499
structural_maximin,random_1,0.0,56,1,0.002,600,499
structural_maximin,random_1,0.0,57,1,0.002,600,499
structural_maximin,random_1,0.0,58,1,0.002,600,499
structural_maximin,random_1,0.0,59,1,0.002,600,499
structural_maximin,random_1,0.0,60,1,0.002,600,499
structural_maximin,random_1,0.0,61,1,0.002,600,499
structural_maximin,random_1,0.0,62,1,0.002,600,499
structural_maximin,random_1,0.0,63,1,0.002,600,499
structural_maximin,random_1,0.0,64,1,0.002,600,499
structural_maximin,random_1,0.0,65,1,0.002,600,499
structural_maximin,random_1,0.0,66,1,0.002,600,499
structural_maximin,random_1,0.0,67,1,0.002,600,499
structural_maximin,random_1,0.0,68,1,0.002,600,499
structural_maximin,random_1,0.0,69,1,0.002,600,499
structural_maximin,random_1,0.0,70,1,0.002,600,499
structural_maximin,random_1,0.0,71,1,0.002,600,499
structural_maximin,random_1,0.0,72,1,0.002,600,499
structural_maximin,random_1,0.0,73,1,0.002,600,499
structural_maximin,random_1,0.0,74,1,0.002,600,499
structural_maximin,random_1,0.0,75,1,0.002,600,499
structural_maximin,random_1,0.0,76,1,0.002,600,499
structural_maximin,random_1,0.0,77,1,0.002,600,499
structural_maximin,random_1,0.0,78,1,0.002,600,499
structural_maximin,random_1,0.0,79,1,0.002,600,499
structural_maximin,random_1,0.0,80,1,0.002,600,499
structural_maximin,random_1,0.0,81,1,0.002,600,499
structural_maximin,random_1,0.0,82,1,0.002,600,499
structural_maximin,random_1,0.0,83,1,0.002,600,499
structural_maximin,random_1,0.0,84,1,0.002,600,499
structural_maximin,random_1,0.0,85,1,0.002,600,499
structural_maximin,random_1,0.0,86,1,0.002,600,499
structural_maximin,random_1,0.0,87,1,0.002,600,499
structural_maximin,random_1,0.0,88,1,0.002,600,499
structural_maximin,random_1,0.0,89,1,0.002,600,499
structural_maximin,random_1,0.0,90,1,0.002,600,499
structural_maximin,random_1,0.0,91,1,0.002,600,499
structural_maximin,random_1,0.0,92,1,0.002,600,499
structural_maximin,random_1,0.0,93,1,0.002,600,499
structural_maximin,random_1,0.0,94,1,0.002,600,499
structural_maximin,random_1,0.0,95,1,0.002,600,499
structural_maximin,random_1,0.0,96,1,0.002,600,499
structural_maximin,random_1,0.0,97,1,0.002,600,499
structural_maximin,random_1,0.0,98,1,0.002,600,499
structural_maximin,random_1,0.0,99,1,0.002,600,499
structural_maximin,random_1,0.0,100,1,0.002,600,499
structural_maximin,random_1,0.0,101,1,0.002,600,499
structural_maximin,random_1,0.0,102,1,0.002,600,499
structural_maximin,random_1,0.0,103,1,0.002,600,499
structural_maximin,random_1,0.0,104,1,0.002,600,499
structural_maximin,random_1,0.0,105,1,0.002,600,499
structural_maximin,random_1,0.0,106,1,0.002,600,499
structural_maximin,random_1,0.0,107,1,0.002,600,499
structural_maximin,random_1,0.0,108,1,0.002,600,499
structural_maximin,random_1,0.0,109,1,0.002,600,499
structural_maximin,random_1,0.0,110,1,0.002,600,499
structural_maximin,random_1,0.0,111,1,0.002,600,499
structural_maximin,random_1,0.0,112,1,0.002,600,499
structural_maximin,random_1,0.0,113,1,0.002,600,499
structural_maximin,random_1,0.0,114,1,0.002,600,499
structural_maximin,random_1,0.0,115,1,0.002,600,499
structural_maximin,random_1,0.0,116,1,0.002,600,499
structural_maximin,random_1,0.0,117,1,0.002,600,499
structural_maximin,random_1,0.0,118,1,0.002,600,499
structural_maximin,random_1,0.0,119,1,0.002,600,499
structural_maximin,random_1,0.0,120,1,0.002,600,499
structural_maximin,random_1,0.0,121,1,0.002,600,499
structural_maximin,random_1,0.0,122,1,0.002,600,499
structural_maximin,random_1,0.0,123,1,0.002,600,499
structural_maximin,random_1,0.0,124,1,0.002,600,499
structural_maximin,random_1,0.0,125,1,0.002,600,499
structural_maximin,random_1,0.0,126,1,0.002,600,499
structural_maximin,random_1,0.0,127,1,0.002,600,499
structural_maximin,random_1,0.0,128,1,0.002,600,499
structural_maximin,random_1,0.0,129,1,0.002,600,499
structural_maximin,random_1,0.0,130,1,0.002,600,499
structural_maximin,random_1,0.0,131,1,0.002,600,499
structural_maximin,random_1,0.0,132,1,0.002,600,499
structural_maximin,random_1,0.0,133,1,0.002,600,499
structural_maximin,random_1,0.0,134,1,0.002,600,499
structural_maximin,random_1,0.0,135,1,0.002,600,499
structural_maximin,random_1,0.0,136,1,0.002,600,499
structural_maximin,random_1,0.0,137,1,0.002,600,499
structural_maximin,random_1,0.0,138,1,0.002,600,499
structural_maximin,random_1,0.0,139,1,0.002,600,499
structural_maximin,random_1,0.0,140,1,0.002,600,499
structural_maximin,random_1,0.0,141,1,0.002,600,499
structural_maximin,random_1,0.0,142,1,0.002,600,499
structural_maximin,random_1,0.0,143,1,0.002,600,499
structural_maximin,random_1,0.0,144,1,0.002,600,499
structural_maximin,random_1,0.0,145,1,0.002,600,499
structural_maximin,random_1,0.0,146,1,0.002,600,499
structural_maximin,random_1,0.0,147,1,0.002,600,499
structural_maximin,random_1,0.0,148,1,0.002,600,499
structural_maximin,random_1,0.0,149,1,0.002,600,499
structural_maximin,random_1,0.0,150,1,0.002,600,499
structural_maximin,random_1,0.0,151,1,0.002,600,499
structural_maximin,random_1,0.0,152,1,0.002,600,499
structural_maximin,random_1,0.0,153,1,0.002,600,499
structural_maximin,random_1,0.0,154,1,0.002,600,499
structural_maximin,random_1,0.0,155,1,0.002,600,499
structural_maximin,random_1,0.0,156,1,0.002,600,499
structural_maximin,random_1,0.0,157,1,0.002,600,499
structural_maximin,random_1,0.0,158,1,0.002,600,499
structural_maximin,random_1,0.0,159,1,0.002,600,499
structural_maximin,random_1,0.0,160,1,0.002,600,499
structural_maximin,random_1,0.0,161,1,0.002,600,499
structural_maximin,random_1,0.0,162,1,0.002,600,499
structural_maximin,random_1,0.0,163,1,0.002,600,499
structural_maximin,random_1,0.0,164,1,0.002,600,499
structural_maximin,random_1,0.0,165,1,0.002,600,499
structural_maximin,random_1,0.0,166,1,0.002,600,499
structural_maximin,random_1,0.0,167,1,0.002,600,499
structural_maximin,random_1,0.0,168,1,0.002,600,499
structural_maximin,random_1,0.0,169,1,0.002,600,499
structural_maximin,random_1,0.0,170,1,0.002,600,499
structural_maximin,random_1,0.0,171,1,0.002,600,499
structural_maximin,random_1,0.0,172,1,0.002,600,499
structural_maximin,random_1,0.0,173,1,0.002,600,499
structural_maximin,random_1,0.0,174,1,0.002,600,499
structural_maximin,random_1,0.0,175,1,0.002,600,499
structural_maximin,random_1,0.0,176,1,0.002,600,499
structural_maximin,random_1,0.0,177,1,0.002,600,499
structural_maximin,random_1,0.0,178,1,0.002,600,499
structural_maximin,random_1,0.0,179,1,0.002,600,499
structural_maximin,random_1,0.0,180,1,0.002,600,499
structural_maximin,random_1,0.0,181,1,0.002,600,499
structural_maximin,random_1,0.0,182,1,0.002,600,499
structural_maximin,random_1,0.0,183,1,0.002,600,499
structural_maximin,random_1,0.0,184,1,0.002,600,499
structural_maximin,random_1,0.0,185,1,0.002,600,499
structural_maximin,random_1,0.0,186,1,0.002,600,499
structural_maximin,random_1,0.0,187,1,0.002,600,499
structural_maximin,random_1,0.0,188,1,0.002,600,499
structural_maximin,random_1,0.0,189,1,0.002,600,499
structural_maximin,random_1,0.0,190,1,0.002,600,499
structural_maximin,random_1,0.0,191,1,0.002,600,499
structural_maximin,random_1,0.0,192,1,0.002,600,499
structural_maximin,random_1,0.0,193,1,0.002,600,499
structural_maximin,random_1,0.0,194,1,0.002,600,499
structural_maximin,random_1,0.0,195,1,0.002,600,499
structural_maximin,random_1,0.0,196,1,0.002,600,499
structural_maximin,random_1,0.0,197,1,0.002,600,499
structural_maximin,random_1,0.0,198,1,0.002,600,499
structural_maximin,random_1,0.0,199,1,0.002,600,499
structural_maximin,random_2,0.0,0,1,0.002,600,499
structural_maximin,random_2,0.0,1,1,0.002,600,499
structural_maximin,random_2,0.0,2,1,0.002,600,499
structural_maximin,random_2,0.0,3,1,0.002,600,499
structural_maximin,random_2,0.0,4,1,0.002,600,499
structural_maximin,random_2,0.0,5,1,0.002,600,499
structural_maximin,random_2,0.0,6,1,0.002,600,499
structural_maximin,random_2,0.0,7,1,0.002,600,499
structural_maximin,random_2,0.0,8,1,0.002,600,499
structural_maximin,random_2,0.0,9,1,0.002,600,499
structural_maximin,random_2,0.0,10,1,0.002,600,499
structural_maximin,random_2,0.0,11,1,0.002,600,499
structural_maximin,random_2,0.0,12,1,0.002,600,499
structural_maximin,random_2,0.0,13,1,0.002,600,499
structural_maximin,random_2,0.0,14,1,0.002,600,499
structural_maximin,random_2,0.0,15,1,0.002,600,499
structural_maximin,random_2,0.0,16,1,0.002,600,499
structural_maximin,random_2,0.0,17,1,0.002,600,499
structural_maximin,random_2,0.0,18,1,0.002,600,499
structural_maximin,random_2,0.0,19,1,0.002,600,499
structural_maximin,random_2,0.0,20,1,0.002,600,499
structural_maximin,random_2,0.0,21,1,0.002,600,499
structural_maximin,random_2,0.0,22,1,0.002,600,499
structural_maximin,random_2,0.0,23,1,0.002,600,499
structural_maximin,random_2,0.0,24,1,0.002,600,499
structural_maximin,random_2,0.0,25,1,0.002,600,499
structural_maximin,random_2,0.0,26,1,0.002,600,499
structural_maximin,random_2,0.0,27,1,0.002,600,499
structural_maximin,random_2,0.0,28,1,0.002,600,499
structural_maximin,random_2,0.0,29,1,0.002,600,499
structural_maximin,random_2,0.0,30,1,0.002,600,499
structural_maximin,random_2,0.0,31,1,0.002,600,499
structural_maximin,random_2,0.0,32,1,0.002,600,499
structural_maximin,random_2,0.0,33,1,0.002,600,499
structural_maximin,random_2,0.0,34,1,0.002,600,499
structural_maximin,random_2,0.0,35,1,0.002,600,499
structural_maximin,random_2,0.0,36,1,0.002,600,499
structural_maximin,random_2,0.0,37,1,0.002,600,499
structural_maximin,random_2,0.0,38,1,0.002,600,499
structural_maximin,random_2,0.0,39,1,0.002,600,499
structural_maximin,random_2,0.0,40,1,0.002,600,499
structural_maximin,random_2,0.0,41,1,0.002,600,499
structural_maximin,random_2,0.0,42,1,0.002,600,499
structural_maximin,random_2,0.0,43,1,0.002,600,499
structural_maximin,random_2,0.0,44,1,0.002,600,499
structural_maximin,random_2,0.0,45,1,0.002,600,499
structural_maximin,random_2,0.0,46,1,0.002,600,499
structural_maximin,random_2,0.0,47,1,0.002,600,499
structural_maximin,random_2,0.0,48,1,0.002,600,499
structural_maximin,random_2,0.0,49,1,0.002,600,499
structural_maximin,random_2,0.0,50,1,0.002,600,499
structural_maximin,random_2,0.0,51,1,0.002,600,499
structural_maximin,random_2,0.0,52,1,0.002,600,499
structural_maximin,random_2,0.0,53,1,0.002,600,499
structural_maximin,random_2,0.0,54,1,0.002,600,499
structural_maximin,random_2,0.0,55,1,0.002,600,499
structural_maximin,random_2,0.0,56,1,0.002,600,499
structural_maximin,random_2,0.0,57,1,0.002,600,499
structural_maximin,random_2,0.0,58,1,0.002,600,499
structural_maximin,random_2,0.0,59,1,0.002,600,499
structural_maximin,random_2,0.0,60,1,0.002,600,499
structural_maximin,random_2,0.0,61,1,0.002,600,499
structural_maximin,random_2,0.0,62,1,0.002,600,499
structural_maximin,random_2,0.0,63,1,0.002,600,499
structural_maximin,random_2,0.0,64,1,0.002,600,499
structural_maximin,random_2,0.0,65,1,0.002,600,499
structural_maximin,random_2,0.0,66,1,0.002,600,499
structural_maximin,random_2,0.0,67,1,0.002,600,499
structural_maximin,random_2,0.0,68,1,0.002,600,499
structural_maximin,random_2,0.0,69,1,0.002,600,499
structural_maximin,random_2,0.0,70,1,0.002,600,499
structural_maximin,random_2,0.0,71,1,0.002,600,499
structural_maximin,random_2,0.0,72,1,0.002,600,499
structural_maximin,random_2,0.0,73,1,0.002,600,499
structural_maximin,random_2,0.0,74,1,0.002,600,499
structural_maximin,random_2,0.0,75,1,0.002,600,499
structural_maximin,random_2,0.0,76,1,0.002,600,499
structural_maximin,random_2,0.0,77,1,0.002,600,499
structural_maximin,random_2,0.0,78,1,0.002,600,499
structural_maximin,random_2,0.0,79,1,0.002,600,499
structural_maximin,random_2,0.0,80,1,0.002,600,499
structural_maximin,random_2,0.0,81,1,0.002,600,499
structural_maximin,random_2,0.0,82,1,0.002,600,499
structural_maximin,random_2,0.0,83,1,0.002,600,499
structural_maximin,random_2,0.0,84,1,0.002,600,499
structural_maximin,random_2,0.0,85,1,0.002,600,499
structural_maximin,random_2,0.0,86,1,0.002,600,499
structural_maximin,random_2,0.0,87,1,0.002,600,499
structural_maximin,random_2,0.0,88,1,0.002,600,499
structural_maximin,random_2,0.0,89,1,0.002,600,499
structural_maximin,random_2,0.0,90,1,0.002,600,499
structural_maximin,random_2,0.0,91,1,0.002,600,499
structural_maximin,random_2,0.0,92,1,0.002,600,499
structural_maximin,random_2,0.0,93,1,0.002,600,499
structural_maximin,random_2,0.0,94,1,0.002,600,499
structural_maximin,random_2,0.0,95,1,0.002,600,499
structural_maximin,random_2,0.0,96,1,0.002,600,499
structural_maximin,random_2,0.0,97,1,0.002,600,499
structural_maximin,random_2,0.0,98,1,0.002,600,499
structural_maximin,random_2,0.0,99,1,0.002,600,499
structural_maximin,random_2,0.0,100,1,0.002,600,499
structural_maximin,random_2,0.0,101,1,0.002,600,499
structural_maximin,random_2,0.0,102,1,0.002,600,499
structural_maximin,random_2,0.0,103,1,0.002,600,499
structural_maximin,random_2,0.0,104,1,0.002,600,499
structural_maximin,random_2,0.0,105,1,0.002,600,499
structural_maximin,random_2,0.0,106,1,0.002,600,499
structural_maximin,random_2,0.0,107,1,0.002,600,499
structural_maximin,random_2,0.0,108,1,0.002,600,499
structural_maximin,random_2,0.0,109,1,0.002,600,499
structural_maximin,random_2,0.0,110,1,0.002,600,499
structural_maximin,random_2,0.0,111,1,0.002,600,499
structural_maximin,random_2,0.0,112,1,0.002,600,499
structural_maximin,random_2,0.0,113,1,0.002,600,499
structural_maximin,random_2,0.0,114,1,0.002,600,499
structural_maximin,random_2,0.0,115,1,0.002,600,499
structural_maximin,random_2,0.0,116,1,0.002,600,499
structural_maximin,random_2,0.0,117,1,0.002,600,499
structural_maximin,random_2,0.0,118,1,0.002,600,499
structural_maximin,random_2,0.0,119,1,0.002,600,499
structural_maximin,random_2,0.0,120,1,0.002,600,499
structural_maximin,random_2,0.0,121,1,0.002,600,499
structural_maximin,random_2,0.0,122,1,0.002,600,499
structural_maximin,random_2,0.0,123,1,0.002,600,499
structural_maximin,random_2,0.0,124,1,0.002,600,499
structural_maximin,random_2,0.0,125,1,0.002,600,499
structural_maximin,random_2,0.0,126,1,0.002,600,499
structural_maximin,random_2,0.0,127,1,0.002,600,499
structural_maximin,random_2,0.0,128,1,0.002,600,499
structural_maximin,random_2,0.0,129,1,0.002,600,499
structural_maximin,random_2,0.0,130,1,0.002,600,499
structural_maximin,random_2,0.0,131,1,0.002,600,499
structural_maximin,random_2,0.0,132,1,0.002,600,499
structural_maximin,random_2,0.0,133,1,0.002,600,499
structural_maximin,random_2,0.0,134,1,0.002,600,499
structural_maximin,random_2,0.0,135,1,0.002,600,499
structural_maximin,random_2,0.0,136,1,0.002,600,499
structural_maximin,random_2,0.0,137,1,0.002,600,499
structural_maximin,random_2,0.0,138,1,0.002,600,499
structural_maximin,random_2,0.0,139,1,0.002,600,499
structural_maximin,random_2,0.0,140,1,0.002,600,499
structural_maximin,random_2,0.0,141,1,0.002,600,499
structural_maximin,random_2,0.0,142,1,0.002,600,499
structural_maximin,random_2,0.0,143,1,0.002,600,499
structural_maximin,random_2,0.0,144,1,0.002,600,499
structural_maximin,random_2,0.0,145,1,0.002,600,499
structural_maximin,random_2,0.0,146,1,0.002,600,499
structural_maximin,random_2,0.0,147,1,0.002,600,499
structural_maximin,random_2,0.0,148,1,0.002,600,499
structural_maximin,random_2,0.0,149,1,0.002,600,499
structural_maximin,random_2,0.0,150,1,0.002,600,499
structural_maximin,random_2,0.0,151,1,0.002,600,499
structural_maximin,random_2,0.0,152,1,0.002,600,499
structural_maximin,random_2,0.0,153,1,0.002,600,499
structural_maximin,random_2,0.0,154,1,0.002,600,499
structural_maximin,random_2,0.0,155,1,0.002,600,499
structural_maximin,random_2,0.0,156,1,0.002,600,499
structural_maximin,random_2,0.0,157,1,0.002,600,499
structural_maximin,random_2,0.0,158,1,0.002,600,499
structural_maximin,random_2,0.0,159,1,0.002,600,499
structural_maximin,random_2,0.0,160,1,0.002,600,499
structural_maximin,random_2,0.0,161,1,0.002,600,499
structural_maximin,random_2,0.0,162,1,0.002,600,499
structural_maximin,random_2,0.0,163,1,0.002,600,499
structural_maximin,random_2,0.0,164,1,0.002,600,499
structural_maximin,random_2,0.0,165,1,0.002,600,499
structural_maximin,random_2,0.0,166,1,0.002,600,499
structural_maximin,random_2,0.0,167,1,0.002,600,499
structural_maximin,random_2,0.0,168,1,0.002,600,499
structural_maximin,random_2,0.0,169,1,0.002,600,499
structural_maximin,random_2,0.0,170,1,0.002,600,499
structural_maximin,random_2,0.0,171,1,0.002,600,499
structural_maximin,random_2,0.0,172,1,0.002,600,499
structural_maximin,random_2,0.0,173,1,0.002,600,499
structural_maximin,random_2,0.0,174,1,0.002,600,499
structural_maximin,random_2,0.0,175,1,0.002,600,499
structural_maximin,random_2,0.0,176,1,0.002,600,499
structural_maximin,random_2,0.0,177,1,0.002,600,499
structural_maximin,random_2,0.0,178,1,0.002,600,499
structural_maximin,random_2,0.0,179,1,0.002,600,499
structural_maximin,random_2,0.0,180,1,0.002,600,499
structural_maximin,random_2,0.0,181,1,0.002,600,499
structural_maximin,random_2,0.0,182,1,0.002,600,499
structural_maximin,random_2,0.0,183,1,0.002,600,499
structural_maximin,random_2,0.0,184,1,0.002,600,499
structural_maximin,random_2,0.0,185,1,0.002,600,499
structural_maximin,random_2,0.0,186,1,0.002,600,499
structural_maximin,random_2,0.0,187,1,0.002,600,499
structural_maximin,random_2,0.0,188,1,0.002,600,499
structural_maximin,random_2,0.0,189,1,0.002,600,499
structural_maximin,random_2,0.0,190,1,0.002,600,499
structural_maximin,random_2,0.0,191,1,0.002,600,499
structural_maximin,random_2,0.0,192,1,0.002,600,499
structural_maximin,random_2,0.0,193,1,0.002,600,499
structural_maximin,random_2,0.0,194,1,0.002,600,499
structural_maximin,random_2,0.0,195,1,0.002,600,499
structural_maximin,random_2,0.0,196,1,0.002,600,499
structural_maximin,random_2,0.0,197,1,0.002,600,499
structural_maximin,random_2,0.0,198,1,0.002,600,499
structural_maximin,random_2,0.0,199,1,0.002,600,499
structural_maximin,random_3,0.0,0,1,0.002,600,499
structural_maximin,random_3,0.0,1,1,0.002,600,499
structural_maximin,random_3,0.0,2,1,0.002,600,499
structural_maximin,random_3,0.0,3,1,0.002,600,499
structural_maximin,random_3,0.0,4,1,0.008,600,499
structural_maximin,random_3,0.0,5,1,0.004,600,499
structural_maximin,random_3,0.0,6,1,0.002,600,499
structural_maximin,random_3,0.0,7,1,0.002,600,499
structural_maximin,random_3,0.0,8,1,0.002,600,499
structural_maximin,random_3,0.0,9,1,0.002,600,499
structural_maximin,random_3,0.0,10,1,0.002,600,499
structural_maximin,random_3,0.0,11,1,0.002,600,499
structural_maximin,random_3,0.0,12,1,0.008,600,499
structural_maximin,random_3,0.0,13,1,0.002,600,499
structural_maximin,random_3,0.0,14,1,0.002,600,499
structural_maximin,random_3,0.0,15,1,0.002,600,499
structural_maximin,random_3,0.0,16,1,0.008,600,499
structural_maximin,random_3,0.0,17,1,0.002,600,499
structural_maximin,random_3,0.0,18,1,0.002,600,499
structural_maximin,random_3,0.0,19,1,0.002,600,499
structural_maximin,random_3,0.0,20,1,0.002,600,499
structural_maximin,random_3,0.0,21,1,0.002,600,499
structural_maximin,random_3,0.0,22,1,0.002,600,499
structural_maximin,random_3,0.0,23,1,0.002,600,499
structural_maximin,random_3,0.0,24,1,0.002,600,499
structural_maximin,random_3,0.0,25,1,0.008,600,499
structural_maximin,random_3,0.0,26,1,0.002,600,499
structural_maximin,random_3,0.0,27,1,0.002,600,499
structural_maximin,random_3,0.0,28,1,0.002,600,499
structural_maximin,random_3,0.0,29,1,0.002,600,499
structural_maximin,random_3,0.0,30,1,0.002,600,499
structural_maximin,random_3,0.0,31,1,0.002,600,499
structural_maximin,random_3,0.0,32,1,0.002,600,499
structural_maximin,random_3,0.0,33,1,0.002,600,499
structural_maximin,random_3,0.0,34,1,0.002,600,499
structural_maximin,random_3,0.0,35,1,0.002,600,499
structural_maximin,random_3,0.0,36,1,0.002,600,499
structural_maximin,random_3,0.0,37,1,0.02,600,499
structural_maximin,random_3,0.0,38,1,0.002,600,499
structural_maximin,random_3,0.0,39,1,0.002,600,499
structural_maximin,random_3,0.0,40,1,0.002,600,499
structural_maximin,random_3,0.0,41,1,0.002,600,499
structural_maximin,random_3,0.0,42,1,0.002,600,499
structural_maximin,random_3,0.0,43,1,0.002,600,499
structural_maximin,random_3,0.0,44,1,0.002,600,499
structural_maximin,random_3,0.0,45,1,0.004,600,499
structural_maximin,random_3,0.0,46,1,0.002,600,499
structural_maximin,random_3,0.0,47,1,0.002,600,499
structural_maximin,random_3,0.0,48,1,0.002,600,499
structural_maximin,random_3,0.0,49,1,0.002,600,499
structural_maximin,random_3,0.0,50,1,0.002,600,499
structural_maximin,random_3,0.0,51,1,0.002,600,499
structural_maximin,random_3,0.0,52,1,0.002,600,499
structural_maximin,random_3,0.0,53,1,0.002,600,499
structural_maximin,random_3,0.0,54,1,0.002,600,499
structural_maximin,random_3,0.0,55,1,0.002,600,499
structural_maximin,random_3,0.0,56,1,0.002,600,499
structural_maximin,random_3,0.0,57,1,0.002,600,499
structural_maximin,random_3,0.0,58,1,0.002,600,499
structural_maximin,random_3,0.0,59,1,0.002,600,499
structural_maximin,random_3,0.0,60,1,0.018,600,499
structural_maximin,random_3,0.0,61,1,0.002,600,499
structural_maximin,random_3,0.0,62,1,0.002,600,499
structural_maximin,random_3,0.0,63,1,0.002,600,499
structural_maximin,random_3,0.0,64,1,0.002,600,499
structural_maximin,random_3,0.0,65,1,0.002,600,499
structural_maximin,random_3,0.0,66,0,0.07,600,499
structural_maximin,random_3,0.0,67,1,0.002,600,499
structural_maximin,random_3,0.0,68,1,0.002,600,499
structural_maximin,random_3,0.0,69,1,0.002,600,499
structural_maximin,random_3,0.0,70,1,0.002,600,499
structural_maximin,random_3,0.0,71,1,0.002,600,499
structural_maximin,random_3,0.0,72,1,0.002,600,499
structural_maximin,random_3,0.0,73,1,0.002,600,499
structural_maximin,random_3,0.0,74,1,0.002,600,499
structural_maximin,random_3,0.0,75,1,0.002,600,499
structural_maximin,random_3,0.0,76,1,0.002,600,499
structural_maximin,random_3,0.0,77,1,0.002,600,499
structural_maximin,random_3,0.0,78,1,0.002,600,499
structural_maximin,random_3,0.0,79,1,0.002,600,499
structural_maximin,random_3,0.0,80,1,0.002,600,499
structural_maximin,random_3,0.0,81,1,0.002,600,499
structural_maximin,random_3,0.0,82,1,0.002,600,499
structural_maximin,random_3,0.0,83,1,0.002,600,499
structural_maximin,random_3,0.0,84,1,0.002,600,499
structural_maximin,random_3,0.0,85,1,0.002,600,499
structural_maximin,random_3,0.0,86,1,0.002,600,499
structural_maximin,random_3,0.0,87,1,0.002,600,499
structural_maximin,random_3,0.0,88,1,0.002,600,499
structural_maximin,random_3,0.0,89,1,0.002,600,499
structural_maximin,random_3,0.0,90,1,0.002,600,499
structural_maximin,random_3,0.0,91,1,0.002,600,499
structural_maximin,random_3,0.0,92,1,0.002,600,499
structural_maximin,random_3,0.0,93,1,0.006,600,499
structural_maximin,random_3,0.0,94,1,0.002,600,499
structural_maximin,random_3,0.0,95,1,0.014,600,499
structural_maximin,random_3,0.0,96,1,0.002,600,499
structural_maximin,random_3,0.0,97,1,0.002,600,499
structural_maximin,random_3,0.0,98,1,0.002,600,499
structural_maximin,random_3,0.0,99,1,0.002,600,499
structural_maximin,random_3,0.0,100,1,0.002,600,499
structural_maximin,random_3,0.0,101,1,0.002,600,499
structural_maximin,random_3,0.0,102,1,0.002,600,499
structural_maximin,random_3,0.0,103,1,0.002,600,499
structural_maximin,random_3,0.0,104,1,0.002,600,499
structural_maximin,random_3,0.0,105,1,0.002,600,499
structural_maximin,random_3,0.0,106,1,0.002,600,499
structural_maximin,random_3,0.0,107,1,0.002,600,499
structural_maximin,random_3,0.0,108,1,0.002,600,499
structural_maximin,random_3,0.0,109,1,0.002,600,499
structural_maximin,random_3,0.0,110,1,0.002,600,499
structural_maximin,random_3,0.0,111,1,0.002,600,499
structural_maximin,random_3,0.0,112,1,0.002,600,499
structural_maximin,random_3,0.0,113,1,0.002,600,499
structural_maximin,random_3,0.0,114,1,0.002,600,499
structural_maximin,random_3,0.0,115,1,0.016,600,499
structural_maximin,random_3,0.0,116,1,0.002,600,499
structural_maximin,random_3,0.0,117,1,0.002,600,499
structural_maximin,random_3,0.0,118,1,0.002,600,499
structural_maximin,random_3,0.0,119,1,0.002,600,499
structural_maximin,random_3,0.0,120,1,0.002,600,499
structural_maximin,random_3,0.0,121,1,0.002,600,499
structural_maximin,random_3,0.0,122,1,0.002,600,499
structural_maximin,random_3,0.0,123,1,0.002,600,499
structural_maximin,random_3,0.0,124,1,0.002,600,499
structural_maximin,random_3,0.0,125,1,0.008,600,499
structural_maximin,random_3,0.0,126,1,0.002,600,499
structural_maximin,random_3,0.0,127,1,0.002,600,499
structural_maximin,random_3,0.0,128,1,0.002,600,499
structural_maximin,random_3,0.0,129,1,0.002,600,499
structural_maximin,random_3,0.0,130,1,0.002,600,499
structural_maximin,random_3,0.0,131,1,0.002,600,499
structural_maximin,random_3,0.0,132,1,0.002,600,499
structural_maximin,random_3,0.0,133,1,0.002,600,499
structural_maximin,random_3,0.0,134,1,0.002,600,499
structural_maximin,random_3,0.0,135,1,0.002,600,499
structural_maximin,random_3,0.0,136,1,0.002,600,499
structural_maximin,random_3,0.0,137,1,0.006,600,499
structural_maximin,random_3,0.0,138,1,0.002,600,499
structural_maximin,random_3,0.0,139,1,0.002,600,499
structural_maximin,random_3,0.0,140,1,0.002,600,499
structural_maximin,random_3,0.0,141,1,0.002,600,499
structural_maximin,random_3,0.0,142,1,0.002,600,499
structural_maximin,random_3,0.0,143,1,0.002,600,499
structural_maximin,random_3,0.0,144,1,0.002,600,499
structural_maximin,random_3,0.0,145,1,0.002,600,499
structural_maximin,random_3,0.0,146,1,0.002,600,499
structural_maximin,random_3,0.0,147,1,0.002,600,499
structural_maximin,random_3,0.0,148,1,0.002,600,499
structural_maximin,random_3,0.0,149,1,0.002,600,499
structural_maximin,random_3,0.0,150,1,0.002,600,499
structural_maximin,random_3,0.0,151,1,0.002,600,499
structural_maximin,random_3,0.0,152,1,0.002,600,499
structural_maximin,random_3,0.0,153,1,0.002,600,499
structural_maximin,random_3,0.0,154,1,0.002,600,499
structural_maximin,random_3,0.0,155,1,0.002,600,499
structural_maximin,random_3,0.0,156,1,0.002,600,499
structural_maximin,random_3,0.0,157,1,0.002,600,499
structural_maximin,random_3,0.0,158,1,0.002,600,499
structural_maximin,random_3,0.0,159,1,0.002,600,499
structural_maximin,random_3,0.0,160,1,0.002,600,499
structural_maximin,random_3,0.0,161,1,0.01,600,499
structural_maximin,random_3,0.0,162,1,0.002,600,499
structural_maximin,random_3,0.0,163,1,0.002,600,499
structural_maximin,random_3,0.0,164,1,0.002,600,499
structural_maximin,random_3,0.0,165,1,0.002,600,499
structural_maximin,random_3,0.0,166,1,0.002,600,499
structural_maximin,random_3,0.0,167,1,0.002,600,499
structural_maximin,random_3,0.0,168,1,0.002,600,499
structural_maximin,random_3,0.0,169,1,0.002,600,499
structural_maximin,random_3,0.0,170,0,0.274,600,499
structural_maximin,random_3,0.0,171,1,0.002,600,499
structural_maximin,random_3,0.0,172,1,0.002,600,499
structural_maximin,random_3,0.0,173,1,0.002,600,499
structural_maximin,random_3,0.0,174,1,0.002,600,499
structural_maximin,random_3,0.0,175,1,0.002,600,499
structural_maximin,random_3,0.0,176,1,0.002,600,499
structural_maximin,random_3,0.0,177,1,0.002,600,499
structural_maximin,random_3,0.0,178,1,0.002,600,499
structural_maximin,random_3,0.0,179,1,0.002,600,499
structural_maximin,random_3,0.0,180,1,0.006,600,499
structural_maximin,random_3,0.0,181,1,0.002,600,499
structural_maximin,random_3,0.0,182,1,0.002,600,499
structural_maximin,random_3,0.0,183,1,0.004,600,499
structural_maximin,random_3,0.0,184,1,0.002,600,499
structural_maximin,random_3,0.0,185,1,0.002,600,499
structural_maximin,random_3,0.0,186,1,0.002,600,499
structural_maximin,random_3,0.0,187,1,0.002,600,499
structural_maximin,random_3,0.0,188,1,0.002,600,499
structural_maximin,random_3,0.0,189,1,0.014,600,499
structural_maximin,random_3,0.0,190,1,0.002,600,499
structural_maximin,random_3,0.0,191,1,0.002,600,499
structural_maximin,random_3,0.0,192,1,0.002,600,499
structural_maximin,random_3,0.0,193,1,0.002,600,499
structural_maximin,random_3,0.0,194,1,0.002,600,499
structural_maximin,random_3,0.0,195,1,0.002,600,499
structural_maximin,random_3,0.0,196,1,0.002,600,499
structural_maximin,random_3,0.0,197,1,0.01,600,499
structural_maximin,random_3,0.0,198,1,0.002,600,499
structural_maximin,random_3,0.0,199,1,0.002,600,499
structural_maximin,random_4,0.0,0,0,0.102,600,499
structural_maximin,random_4,0.0,1,1,0.006,600,499
structural_maximin,random_4,0.0,2,1,0.012,600,499
structural_maximin,random_4,0.0,3,1,0.01,600,499
structural_maximin,random_4,0.0,4,1,0.018,600,499
structural_maximin,random_4,0.0,5,1,0.028,600,499
structural_maximin,random_4,0.0,6,1,0.02,600,499
structural_maximin,random_4,0.0,7,0,0.14,600,499
structural_maximin,random_4,0.0,8,1,0.006,600,499
structural_maximin,random_4,0.0,9,1,0.028,600,499
structural_maximin,random_4,0.0,10,0,0.31,600,499
structural_maximin,random_4,0.0,11,1,0.01,600,499
structural_maximin,random_4,0.0,12,0,0.182,600,499
structural_maximin,random_4,0.0,13,1,0.004,600,499
structural_maximin,random_4,0.0,14,1,0.034,600,499
structural_maximin,random_4,0.0,15,0,0.314,600,499
structural_maximin,random_4,0.0,16,1,0.002,600,499
structural_maximin,random_4,0.0,17,1,0.002,600,499
structural_maximin,random_4,0.0,18,1,0.002,600,499
structural_maximin,random_4,0.0,19,0,0.57,600,499
structural_maximin,random_4,0.0,20,0,0.17,600,499
structural_maximin,random_4,0.0,21,0,0.14,600,499
structural_maximin,random_4,0.0,22,1,0.01,600,499
structural_maximin,random_4,0.0,23,1,0.004,600,499
structural_maximin,random_4,0.0,24,1,0.002,600,499
structural_maximin,random_4,0.0,25,1,0.002,600,499
structural_maximin,random_4,0.0,26,1,0.002,600,499
structural_maximin,random_4,0.0,27,0,0.14,600,499
structural_maximin,random_4,0.0,28,0,0.19,600,499
structural_maximin,random_4,0.0,29,1,0.02,600,499
structural_maximin,random_4,0.0,30,1,0.006,600,499
structural_maximin,random_4,0.0,31,0,0.264,600,499
structural_maximin,random_4,0.0,32,0,0.28,600,499
structural_maximin,random_4,0.0,33,1,0.04,600,499
structural_maximin,random_4,0.0,34,1,0.004,600,499
structural_maximin,random_4,0.0,35,1,0.004,600,499
structural_maximin,random_4,0.0,36,0,0.634,600,499
structural_maximin,random_4,0.0,37,1,0.002,600,499
structural_maximin,random_4,0.0,38,1,0.01,600,499
structural_maximin,random_4,0.0,39,1,0.012,600,499
structural_maximin,random_4,0.0,40,0,0.578,600,499
structural_maximin,random_4,0.0,41,0,0.184,600,499
structural_maximin,random_4,0.0,42,1,0.008,600,499
structural_maximin,random_4,0.0,43,1,0.012,600,499
structural_maximin,random_4,0.0,44,0,0.39,600,499
structural_maximin,random_4,0.0,45,0,0.05,600,499
structural_maximin,random_4,0.0,46,1,0.04,600,499
structural_maximin,random_4,0.0,47,0,0.15,600,499
structural_maximin,random_4,0.0,48,1,0.046,600,499
structural_maximin,random_4,0.0,49,1,0.01,600,499
structural_maximin,random_4,0.0,50,1,0.022,600,499
structural_maximin,random_4,0.0,51,1,0.024,600,499
structural_maximin,random_4,0.0,52,1,0.002,600,499
structural_maximin,random_4,0.0,53,1,0.022,600,499
structural_maximin,random_4,0.0,54,1,0.044,600,499
structural_maximin,random_4,0.0,55,0,0.052,600,499
structural_maximin,random_4,0.0,56,1,0.002,600,499
structural_maximin,random_4,0.0,57,0,0.072,600,499
structural_maximin,random_4,0.0,58,0,0.064,600,499
structural_maximin,random_4,0.0,59,1,0.026,600,499
structural_maximin,random_4,0.0,60,1,0.002,600,499
structural_maximin,random_4,0.0,61,1,0.014,600,499
structural_maximin,random_4,0.0,62,1,0.004,600,499
structural_maximin,random_4,0.0,63,1,0.01,600,499
structural_maximin,random_4,0.0,64,1,0.002,600,499
structural_maximin,random_4,0.0,65,0,0.836,600,499
structural_maximin,random_4,0.0,66,1,0.004,600,499
structural_maximin,random_4,0.0,67,1,0.012,600,499
structural_maximin,random_4,0.0,68,1,0.014,600,499
structural_maximin,random_4,0.0,69,0,0.244,600,499
structural_maximin,random_4,0.0,70,1,0.03,600,499
structural_maximin,random_4,0.0,71,1,0.002,600,499
structural_maximin,random_4,0.0,72,1,0.002,600,499
structural_maximin,random_4,0.0,73,1,0.028,600,499
structural_maximin,random_4,0.0,74,1,0.002,600,499
structural_maximin,random_4,0.0,75,0,0.166,600,499
structural_maximin,random_4,0.0,76,1,0.002,600,499
structural_maximin,random_4,0.0,77,1,0.002,600,499
structural_maximin,random_4,0.0,78,0,0.088,600,499
structural_maximin,random_4,0.0,79,1,0.002,600,499
structural_maximin,random_4,0.0,80,1,0.002,600,499
structural_maximin,random_4,0.0,81,0,0.066,600,499
structural_maximin,random_4,0.0,82,0,0.146,600,499
structural_maximin,random_4,0.0,83,1,0.008,600,499
structural_maximin,random_4,0.0,84,1,0.044,600,499
structural_maximin,random_4,0.0,85,1,0.032,600,499
structural_maximin,random_4,0.0,86,1,0.004,600,499
structural_maximin,random_4,0.0,87,1,0.002,600,499
structural_maximin,random_4,0.0,88,1,0.004,600,499
structural_maximin,random_4,0.0,89,1,0.032,600,499
structural_maximin,random_4,0.0,90,1,0.018,600,499
structural_maximin,random_4,0.0,91,1,0.002,600,499
structural_maximin,random_4,0.0,92,0,0.05,600,499
structural_maximin,random_4,0.0,93,0,0.054,600,499
structural_maximin,random_4,0.0,94,0,0.062,600,499
structural_maximin,random_4,0.0,95,0,0.53,600,499
structural_maximin,random_4,0.0,96,1,0.016,600,499
structural_maximin,random_4,0.0,97,1,0.004,600,499
structural_maximin,random_4,0.0,98,1,0.014,600,499
structural_maximin,random_4,0.0,99,1,0.022,600,499
structural_maximin,random_4,0.0,100,1,0.002,600,499
structural_maximin,random_4,0.0,101,0,0.068,600,499
structural_maximin,random_4,0.0,102,1,0.002,600,499
structural_maximin,random_4,0.0,103,0,0.268,600,499
structural_maximin,random_4,0.0,104,1,0.018,600,499
structural_maximin,random_4,0.0,105,1,0.022,600,499
structural_maximin,random_4,0.0,106,1,0.01,600,499
structural_maximin,random_4,0.0,107,1,0.016,600,499
structural_maximin,random_4,0.0,108,0,0.884,600,499
structural_maximin,random_4,0.0,109,1,0.002,600,499
structural_maximin,random_4,0.0,110,1,0.032,600,499
structural_maximin,random_4,0.0,111,1,0.026,600,499
structural_maximin,random_4,0.0,112,0,0.144,600,499
structural_maximin,random_4,0.0,113,1,0.002,600,499
structural_maximin,random_4,0.0,114,1,0.002,600,499
structural_maximin,random_4,0.0,115,1,0.006,600,499
structural_maximin,random_4,0.0,116,1,0.002,600,499
structural_maximin,random_4,0.0,117,1,0.04,600,499
structural_maximin,random_4,0.0,118,1,0.016,600,499
structural_maximin,random_4,0.0,119,1,0.024,600,499
structural_maximin,random_4,0.0,120,0,0.066,600,499
structural_maximin,random_4,0.0,121,0,0.076,600,499
structural_maximin,random_4,0.0,122,0,0.148,600,499
structural_maximin,random_4,0.0,123,0,0.194,600,499
structural_maximin,random_4,0.0,124,1,0.04,600,499
structural_maximin,random_4,0.0,125,0,0.094,600,499
structural_maximin,random_4,0.0,126,0,0.216,600,499
structural_maximin,random_4,0.0,127,0,0.156,600,499
structural_maximin,random_4,0.0,128,1,0.004,600,499
structural_maximin,random_4,0.0,129,0,0.188,600,499
structural_maximin,random_4,0.0,130,1,0.04,600,499
structural_maximin,random_4,0.0,131,1,0.004,600,499
structural_maximin,random_4,0.0,132,1,0.002,600,499
structural_maximin,random_4,0.0,133,1,0.002,600,499
structural_maximin,random_4,0.0,134,1,0.004,600,499
structural_maximin,random_4,0.0,135,1,0.008,600,499
structural_maximin,random_4,0.0,136,0,0.082,600,499
structural_maximin,random_4,0.0,137,1,0.048,600,499
structural_maximin,random_4,0.0,138,1,0.022,600,499
structural_maximin,random_4,0.0,139,1,0.002,600,499
structural_maximin,random_4,0.0,140,1,0.024,600,499
structural_maximin,random_4,0.0,141,0,0.072,600,499
structural_maximin,random_4,0.0,142,1,0.014,600,499
structural_maximin,random_4,0.0,143,0,0.108,600,499
structural_maximin,random_4,0.0,144,1,0.034,600,499
structural_maximin,random_4,0.0,145,1,0.01,600,499
structural_maximin,random_4,0.0,146,0,0.058,600,499
structural_maximin,random_4,0.0,147,1,0.002,600,499
structural_maximin,random_4,0.0,148,1,0.016,600,499
structural_maximin,random_4,0.0,149,1,0.01,600,499
structural_maximin,random_4,0.0,150,0,0.21,600,499
structural_maximin,random_4,0.0,151,1,0.01,600,499
structural_maximin,random_4,0.0,152,0,0.174,600,499
structural_maximin,random_4,0.0,153,1,0.002,600,499
structural_maximin,random_4,0.0,154,1,0.002,600,499
structural_maximin,random_4,0.0,155,1,0.002,600,499
structural_maximin,random_4,0.0,156,1,0.006,600,499
structural_maximin,random_4,0.0,157,1,0.022,600,499
structural_maximin,random_4,0.0,158,1,0.008,600,499
structural_maximin,random_4,0.0,159,1,0.04,600,499
structural_maximin,random_4,0.0,160,0,0.146,600,499
structural_maximin,random_4,0.0,161,1,0.03,600,499
structural_maximin,random_4,0.0,162,1,0.038,600,499
structural_maximin,random_4,0.0,163,0,0.064,600,499
structural_maximin,random_4,0.0,164,1,0.016,600,499
structural_maximin,random_4,0.0,165,1,0.014,600,499
structural_maximin,random_4,0.0,166,0,0.202,600,499
structural_maximin,random_4,0.0,167,1,0.006,600,499
structural_maximin,random_4,0.0,168,1,0.022,600,499
structural_maximin,random_4,0.0,169,0,0.29,600,499
structural_maximin,random_4,0.0,170,0,0.14,600,499
structural_maximin,random_4,0.0,171,0,0.154,600,499
structural_maximin,random_4,0.0,172,0,0.244,600,499
structural_maximin,random_4,0.0,173,1,0.002,600,499
structural_maximin,random_4,0.0,174,1,0.012,600,499
structural_maximin,random_4,0.0,175,0,0.194,600,499
structural_maximin,random_4,0.0,176,1,0.002,600,499
structural_maximin,random_4,0.0,177,1,0.002,600,499
structural_maximin,random_4,0.0,178,1,0.028,600,499
structural_maximin,random_4,0.0,179,1,0.024,600,499
structural_maximin,random_4,0.0,180,0,0.082,600,499
structural_maximin,random_4,0.0,181,0,0.738,600,499
structural_maximin,random_4,0.0,182,1,0.002,600,499
structural_maximin,random_4,0.0,183,0,0.53,600,499
structural_maximin,random_4,0.0,184,1,0.034,600,499
structural_maximin,random_4,0.0,185,1,0.006,600,499
structural_maximin,random_4,0.0,186,0,0.304,600,499
structural_maximin,random_4,0.0,187,1,0.03,600,499
structural_maximin,random_4,0.0,188,1,0.002,600,499
structural_maximin,random_4,0.0,189,1,0.008,600,499
structural_maximin,random_4,0.0,190,1,0.046,600,499
structural_maximin,random_4,0.0,191,0,0.44,600,499
structural_maximin,random_4,0.0,192,1,0.03,600,499
structural_maximin,random_4,0.0,193,1,0.018,600,499
structural_maximin,random_4,0.0,194,0,0.136,600,499
structural_maximin,random_4,0.0,195,1,0.004,600,499
structural_maximin,random_4,0.0,196,0,0.146,600,499
structural_maximin,random_4,0.0,197,1,0.006,600,499
structural_maximin,random_4,0.0,198,0,0.432,600,499
structural_maximin,random_4,0.0,199,0,0.276,600,499
structural_maximin,random_5,0.0,0,1,0.002,600,499
structural_maximin,random_5,0.0,1,1,0.002,600,499
structural_maximin,random_5,0.0,2,1,0.002,600,499
structural_maximin,random_5,0.0,3,1,0.002,600,499
structural_maximin,random_5,0.0,4,1,0.004,600,499
structural_maximin,random_5,0.0,5,1,0.002,600,499
structural_maximin,random_5,0.0,6,1,0.002,600,499
structural_maximin,random_5,0.0,7,0,0.194,600,499
structural_maximin,random_5,0.0,8,1,0.008,600,499
structural_maximin,random_5,0.0,9,1,0.002,600,499
structural_maximin,random_5,0.0,10,1,0.002,600,499
structural_maximin,random_5,0.0,11,1,0.002,600,499
structural_maximin,random_5,0.0,12,1,0.008,600,499
structural_maximin,random_5,0.0,13,1,0.004,600,499
structural_maximin,random_5,0.0,14,1,0.002,600,499
structural_maximin,random_5,0.0,15,1,0.026,600,499
structural_maximin,random_5,0.0,16,1,0.002,600,499
structural_maximin,random_5,0.0,17,0,0.248,600,499
structural_maximin,random_5,0.0,18,1,0.004,600,499
structural_maximin,random_5,0.0,19,1,0.004,600,499
structural_maximin,random_5,0.0,20,1,0.006,600,499
structural_maximin,random_5,0.0,21,1,0.002,600,499
structural_maximin,random_5,0.0,22,0,0.08,600,499
structural_maximin,random_5,0.0,23,1,0.002,600,499
structural_maximin,random_5,0.0,24,1,0.004,600,499
structural_maximin,random_5,0.0,25,1,0.002,600,499
structural_maximin,random_5,0.0,26,1,0.002,600,499
structural_maximin,random_5,0.0,27,1,0.022,600,499
structural_maximin,random_5,0.0,28,1,0.002,600,499
structural_maximin,random_5,0.0,29,1,0.024,600,499
structural_maximin,random_5,0.0,30,1,0.002,600,499
structural_maximin,random_5,0.0,31,1,0.002,600,499
structural_maximin,random_5,0.0,32,1,0.002,600,499
structural_maximin,random_5,0.0,33,0,0.086,600,499
structural_maximin,random_5,0.0,34,1,0.002,600,499
structural_maximin,random_5,0.0,35,1,0.004,600,499
structural_maximin,random_5,0.0,36,1,0.002,600,499
structural_maximin,random_5,0.0,37,1,0.002,600,499
structural_maximin,random_5,0.0,38,1,0.004,600,499
structural_maximin,random_5,0.0,39,1,0.012,600,499
structural_maximin,random_5,0.0,40,1,0.034,600,499
structural_maximin,random_5,0.0,41,1,0.002,600,499
structural_maximin,random_5,0.0,42,1,0.002,600,499
structural_maximin,random_5,0.0,43,1,0.002,600,499
structural_maximin,random_5,0.0,44,1,0.002,600,499
structural_maximin,random_5,0.0,45,1,0.002,600,499
structural_maximin,random_5,0.0,46,1,0.002,600,499
structural_maximin,random_5,0.0,47,1,0.03,600,499
structural_maximin,random_5,0.0,48,1,0.02,600,499
structural_maximin,random_5,0.0,49,1,0.002,600,499
structural_maximin,random_5,0.0,50,1,0.002,600,499
structural_maximin,random_5,0.0,51,1,0.01,600,499
structural_maximin,random_5,0.0,52,1,0.004,600,499
structural_maximin,random_5,0.0,53,1,0.002,600,499
structural_maximin,random_5,0.0,54,1,0.006,600,499
structural_maximin,random_5,0.0,55,1,0.012,600,499
structural_maximin,random_5,0.0,56,1,0.002,600,499
structural_maximin,random_5,0.0,57,1,0.042,600,499
structural_maximin,random_5,0.0,58,0,0.082,600,499
structural_maximin,random_5,0.0,59,1,0.004,600,499
structural_maximin,random_5,0.0,60,1,0.002,600,499
structural_maximin,random_5,0.0,61,1,0.008,600,499
structural_maximin,random_5,0.0,62,1,0.002,600,499
structural_maximin,random_5,0.0,63,1,0.002,600,499
structural_maximin,random_5,0.0,64,1,0.002,600,499
structural_maximin,random_5,0.0,65,1,0.002,600,499
structural_maximin,random_5,0.0,66,1,0.014,600,499
structural_maximin,random_5,0.0,67,1,0.002,600,499
structural_maximin,random_5,0.0,68,1,0.004,600,499
structural_maximin,random_5,0.0,69,1,0.004,600,499
structural_maximin,random_5,0.0,70,1,0.024,600,499
structural_maximin,random_5,0.0,71,1,0.002,600,499
structural_maximin,random_5,0.0,72,1,0.002,600,499
structural_maximin,random_5,0.0,73,1,0.002,600,499
structural_maximin,random_5,0.0,74,1,0.004,600,499
structural_maximin,random_5,0.0,75,1,0.016,600,499
structural_maximin,random_5,0.0,76,0,0.126,600,499
structural_maximin,random_5,0.0,77,1,0.002,600,499
structural_maximin,random_5,0.0,78,1,0.002,600,499
structural_maximin,random_5,0.0,79,1,0.004,600,499
structural_maximin,random_5,0.0,80,1,0.002,600,499
structural_maximin,random_5,0.0,81,0,0.204,600,499
structural_maximin,random_5,0.0,82,1,0.002,600,499
structural_maximin,random_5,0.0,83,1,0.008,600,499
structural_maximin,random_5,0.0,84,0,0.132,600,499
structural_maximin,random_5,0.0,85,1,0.002,600,499
structural_maximin,random_5,0.0,86,1,0.002,600,499
structural_maximin,random_5,0.0,87,1,0.008,600,499
structural_maximin,random_5,0.0,88,1,0.004,600,499
structural_maximin,random_5,0.0,89,1,0.01,600,499
structural_maximin,random_5,0.0,90,1,0.008,600,499
structural_maximin,random_5,0.0,91,1,0.044,600,499
structural_maximin,random_5,0.0,92,0,0.21,600,499
structural_maximin,random_5,0.0,93,1,0.04,600,499
structural_maximin,random_5,0.0,94,1,0.01,600,499
structural_maximin,random_5,0.0,95,1,0.02,600,499
structural_maximin,random_5,0.0,96,1,0.002,600,499
structural_maximin,random_5,0.0,97,1,0.004,600,499
structural_maximin,random_5,0.0,98,1,0.042,600,499
structural_maximin,random_5,0.0,99,1,0.002,600,499
structural_maximin,random_5,0.0,100,1,0.004,600,499
structural_maximin,random_5,0.0,101,1,0.002,600,499
structural_maximin,random_5,0.0,102,0,0.088,600,499
structural_maximin,random_5,0.0,103,1,0.004,600,499
structural_maximin,random_5,0.0,104,1,0.002,600,499
structural_maximin,random_5,0.0,105,1,0.002,600,499
structural_maximin,random_5,0.0,106,1,0.002,600,499
structural_maximin,random_5,0.0,107,1,0.002,600,499
structural_maximin,random_5,0.0,108,1,0.034,600,499
structural_maximin,random_5,0.0,109,0,0.058,600,499
structural_maximin,random_5,0.0,110,0,0.074,600,499
structural_maximin,random_5,0.0,111,1,0.002,600,499
structural_maximin,random_5,0.0,112,1,0.014,600,499
structural_maximin,random_5,0.0,113,1,0.002,600,499
structural_maximin,random_5,0.0,114,1,0.002,600,499
structural_maximin,random_5,0.0,115,1,0.002,600,499
structural_maximin,random_5,0.0,116,1,0.028,600,499
structural_maximin,random_5,0.0,117,1,0.044,600,499
structural_maximin,random_5,0.0,118,0,0.088,600,499
structural_maximin,random_5,0.0,119,0,0.076,600,499
structural_maximin,random_5,0.0,120,0,0.178,600,499
structural_maximin,random_5,0.0,121,1,0.006,600,499
structural_maximin,random_5,0.0,122,1,0.008,600,499
structural_maximin,random_5,0.0,123,0,0.106,600,499
structural_maximin,random_5,0.0,124,1,0.002,600,499
structural_maximin,random_5,0.0,125,1,0.002,600,499
structural_maximin,random_5,0.0,126,1,0.002,600,499
structural_maximin,random_5,0.0,127,1,0.002,600,499
structural_maximin,random_5,0.0,128,1,0.002,600,499
structural_maximin,random_5,0.0,129,1,0.006,600,499
structural_maximin,random_5,0.0,130,0,0.066,600,499
structural_maximin,random_5,0.0,131,1,0.004,600,499
structural_maximin,random_5,0.0,132,0,0.13,600,499
structural_maximin,random_5,0.0,133,1,0.012,600,499
structural_maximin,random_5,0.0,134,1,0.002,600,499
structural_maximin,random_5,0.0,135,1,0.002,600,499
structural_maximin,random_5,0.0,136,1,0.044,600,499
structural_maximin,random_5,0.0,137,1,0.01,600,499
structural_maximin,random_5,0.0,138,1,0.002,600,499
structural_maximin,random_5,0.0,139,1,0.002,600,499
structural_maximin,random_5,0.0,140,1,0.002,600,499
structural_maximin,random_5,0.0,141,1,0.002,600,499
structural_maximin,random_5,0.0,142,0,0.134,600,499
structural_maximin,random_5,0.0,143,1,0.006,600,499
structural_maximin,random_5,0.0,144,1,0.044,600,499
structural_maximin,random_5,0.0,145,1,0.002,600,499
structural_maximin,random_5,0.0,146,1,0.006,600,499
structural_maximin,random_5,0.0,147,1,0.002,600,499
structural_maximin,random_5,0.0,148,1,0.002,600,499
structural_maximin,random_5,0.0,149,1,0.008,600,499
structural_maximin,random_5,0.0,150,0,0.292,600,499
structural_maximin,random_5,0.0,151,1,0.002,600,499
structural_maximin,random_5,0.0,152,1,0.002,600,499
structural_maximin,random_5,0.0,153,1,0.002,600,499
structural_maximin,random_5,0.0,154,1,0.002,600,499
structural_maximin,random_5,0.0,155,1,0.002,600,499
structural_maximin,random_5,0.0,156,0,0.12,600,499
structural_maximin,random_5,0.0,157,1,0.002,600,499
structural_maximin,random_5,0.0,158,1,0.002,600,499
structural_maximin,random_5,0.0,159,1,0.004,600,499
structural_maximin,random_5,0.0,160,1,0.002,600,499
structural_maximin,random_5,0.0,161,1,0.002,600,499
structural_maximin,random_5,0.0,162,1,0.008,600,499
structural_maximin,random_5,0.0,163,1,0.008,600,499
structural_maximin,random_5,0.0,164,1,0.038,600,499
structural_maximin,random_5,0.0,165,1,0.002,600,499
structural_maximin,random_5,0.0,166,1,0.002,600,499
structural_maximin,random_5,0.0,167,1,0.002,600,499
structural_maximin,random_5,0.0,168,1,0.03,600,499
structural_maximin,random_5,0.0,169,1,0.038,600,499
structural_maximin,random_5,0.0,170,1,0.002,600,499
structural_maximin,random_5,0.0,171,1,0.006,600,499
structural_maximin,random_5,0.0,172,0,0.378,600,499
structural_maximin,random_5,0.0,173,1,0.002,600,499
structural_maximin,random_5,0.0,174,1,0.002,600,499
structural_maximin,random_5,0.0,175,1,0.036,600,499
structural_maximin,random_5,0.0,176,1,0.002,600,499
structural_maximin,random_5,0.0,177,1,0.004,600,499
structural_maximin,random_5,0.0,178,1,0.004,600,499
structural_maximin,random_5,0.0,179,1,0.006,600,499
structural_maximin,random_5,0.0,180,1,0.002,600,499
structural_maximin,random_5,0.0,181,1,0.002,600,499
structural_maximin,random_5,0.0,182,1,0.002,600,499
structural_maximin,random_5,0.0,183,1,0.004,600,499
structural_maximin,random_5,0.0,184,1,0.002,600,499
structural_maximin,random_5,0.0,185,1,0.016,600,499
structural_maximin,random_5,0.0,186,0,0.062,600,499
structural_maximin,random_5,0.0,187,0,0.072,600,499
structural_maximin,random_5,0.0,188,1,0.004,600,499
structural_maximin,random_5,0.0,189,1,0.002,600,499
structural_maximin,random_5,0.0,190,0,0.524,600,499
structural_maximin,random_5,0.0,191,1,0.002,600,499
structural_maximin,random_5,0.0,192,1,0.002,600,499
structural_maximin,random_5,0.0,193,1,0.002,600,499
structural_maximin,random_5,0.0,194,1,0.048,600,499
structural_maximin,random_5,0.0,195,1,0.002,600,499
structural_maximin,random_5,0.0,196,0,0.06,600,499
structural_maximin,random_5,0.0,197,1,0.002,600,499
structural_maximin,random_5,0.0,198,1,0.024,600,499
structural_maximin,random_5,0.0,199,1,0.002,600,499
structural_maximin,random_6,0.0,0,1,0.002,600,499
structural_maximin,random_6,0.0,1,1,0.002,600,499
structural_maximin,random_6,0.0,2,1,0.002,600,499
structural_maximin,random_6,0.0,3,1,0.002,600,499
structural_maximin,random_6,0.0,4,1,0.002,600,499
structural_maximin,random_6,0.0,5,1,0.002,600,499
structural_maximin,random_6,0.0,6,1,0.002,600,499
structural_maximin,random_6,0.0,7,1,0.002,600,499
structural_maximin,random_6,0.0,8,1,0.002,600,499
structural_maximin,random_6,0.0,9,1,0.002,600,499
structural_maximin,random_6,0.0,10,1,0.002,600,499
structural_maximin,random_6,0.0,11,1,0.002,600,499
structural_maximin,random_6,0.0,12,1,0.002,600,499
structural_maximin,random_6,0.0,13,1,0.002,600,499
structural_maximin,random_6,0.0,14,1,0.002,600,499
structural_maximin,random_6,0.0,15,1,0.002,600,499
structural_maximin,random_6,0.0,16,1,0.002,600,499
structural_maximin,random_6,0.0,17,1,0.002,600,499
structural_maximin,random_6,0.0,18,1,0.002,600,499
structural_maximin,random_6,0.0,19,1,0.002,600,499
structural_maximin,random_6,0.0,20,1,0.002,600,499
structural_maximin,random_6,0.0,21,1,0.002,600,499
structural_maximin,random_6,0.0,22,1,0.002,600,499
structural_maximin,random_6,0.0,23,1,0.002,600,499
structural_maximin,random_6,0.0,24,1,0.002,600,499
structural_maximin,random_6,0.0,25,1,0.002,600,499
structural_maximin,random_6,0.0,26,1,0.002,600,499
structural_maximin,random_6,0.0,27,1,0.002,600,499
structural_maximin,random_6,0.0,28,1,0.002,600,499
structural_maximin,random_6,0.0,29,1,0.002,600,499
structural_maximin,random_6,0.0,30,1,0.002,600,499
structural_maximin,random_6,0.0,31,1,0.002,600,499
structural_maximin,random_6,0.0,32,1,0.002,600,499
structural_maximin,random_6,0.0,33,1,0.002,600,499
structural_maximin,random_6,0.0,34,1,0.002,600,499
structural_maximin,random_6,0.0,35,1,0.002,600,499
structural_maximin,random_6,0.0,36,1,0.002,600,499
structural_maximin,random_6,0.0,37,1,0.002,600,499
structural_maximin,random_6,0.0,38,1,0.002,600,499
structural_maximin,random_6,0.0,39,1,0.002,600,499
structural_maximin,random_6,0.0,40,1,0.002,600,499
structural_maximin,random_6,0.0,41,1,0.002,600,499
structural_maximin,random_6,0.0,42,1,0.002,600,499
structural_maximin,random_6,0.0,43,1,0.002,600,499
structural_maximin,random_6,0.0,44,1,0.002,600,499
structural_maximin,random_6,0.0,45,1,0.002,600,499
structural_maximin,random_6,0.0,46,1,0.002,600,499
structural_maximin,random_6,0.0,47,1,0.002,600,499
structural_maximin,random_6,0.0,48,1,0.002,600,499
structural_maximin,random_6,0.0,49,1,0.002,600,499
structural_maximin,random_6,0.0,50,1,0.002,600,499
structural_maximin,random_6,0.0,51,1,0.002,600,499
structural_maximin,random_6,0.0,52,1,0.002,600,499
structural_maximin,random_6,0.0,53,1,0.002,600,499
structural_maximin,random_6,0.0,54,1,0.002,600,499
structural_maximin,random_6,0.0,55,1,0.002,600,499
structural_maximin,random_6,0.0,56,1,0.002,600,499
structural_maximin,random_6,0.0,57,1,0.002,600,499
structural_maximin,random_6,0.0,58,1,0.002,600,499
structural_maximin,random_6,0.0,59,1,0.002,600,499
structural_maximin,random_6,0.0,60,1,0.002,600,499
structural_maximin,random_6,0.0,61,1,0.002,600,499
structural_maximin,random_6,0.0,62,1,0.002,600,499
structural_maximin,random_6,0.0,63,1,0.002,600,499
structural_maximin,random_6,0.0,64,1,0.002,600,499
structural_maximin,random_6,0.0,65,1,0.002,600,499
structural_maximin,random_6,0.0,66,1,0.002,600,499
structural_maximin,random_6,0.0,67,1,0.002,600,499
structural_maximin,random_6,0.0,68,1,0.002,600,499
structural_maximin,random_6,0.0,69,1,0.002,600,499
structural_maximin,random_6,0.0,70,1,0.002,600,499
structural_maximin,random_6,0.0,71,1,0.002,600,499
structural_maximin,random_6,0.0,72,1,0.002,600,499
structural_maximin,random_6,0.0,73,1,0.002,600,499
structural_maximin,random_6,0.0,74,1,0.002,600,499
structural_maximin,random_6,0.0,75,1,0.002,600,499
structural_maximin,random_6,0.0,76,1,0.002,600,499
structural_maximin,random_6,0.0,77,1,0.002,600,499
structural_maximin,random_6,0.0,78,1,0.002,600,499
structural_maximin,random_6,0.0,79,1,0.002,600,499
structural_maximin,random_6,0.0,80,1,0.002,600,499
structural_maximin,random_6,0.0,81,1,0.002,600,499
structural_maximin,random_6,0.0,82,1,0.002,600,499
structural_maximin,random_6,0.0,83,1,0.002,600,499
structural_maximin,random_6,0.0,84,1,0.002,600,499
structural_maximin,random_6,0.0,85,1,0.002,600,499
structural_maximin,random_6,0.0,86,1,0.002,600,499
structural_maximin,random_6,0.0,87,1,0.002,600,499
structural_maximin,random_6,0.0,88,1,0.002,600,499
structural_maximin,random_6,0.0,89,1,0.002,600,499
structural_maximin,random_6,0.0,90,1,0.002,600,499
structural_maximin,random_6,0.0,91,1,0.002,600,499
structural_maximin,random_6,0.0,92,1,0.002,600,499
structural_maximin,random_6,0.0,93,1,0.002,600,499
structural_maximin,random_6,0.0,94,1,0.002,600,499
structural_maximin,random_6,0.0,95,1,0.002,600,499
structural_maximin,random_6,0.0,96,1,0.002,600,499
structural_maximin,random_6,0.0,97,1,0.002,600,499
structural_maximin,random_6,0.0,98,1,0.002,600,499
structural_maximin,random_6,0.0,99,1,0.002,600,499
structural_maximin,random_6,0.0,100,1,0.002,600,499
structural_maximin,random_6,0.0,101,1,0.002,600,499
structural_maximin,random_6,0.0,102,1,0.002,600,499
structural_maximin,random_6,0.0,103,1,0.002,600,499
structural_maximin,random_6,0.0,104,1,0.002,600,499
structural_maximin,random_6,0.0,105,1,0.002,600,499
structural_maximin,random_6,0.0,106,1,0.002,600,499
structural_maximin,random_6,0.0,107,1,0.002,600,499
structural_maximin,random_6,0.0,108,1,0.002,600,499
structural_maximin,random_6,0.0,109,1,0.002,600,499
structural_maximin,random_6,0.0,110,1,0.002,600,499
structural_maximin,random_6,0.0,111,1,0.002,600,499
structural_maximin,random_6,0.0,112,1,0.002,600,499
structural_maximin,random_6,0.0,113,1,0.002,600,499
structural_maximin,random_6,0.0,114,1,0.002,600,499
structural_maximin,random_6,0.0,115,1,0.002,600,499
structural_maximin,random_6,0.0,116,1,0.002,600,499
structural_maximin,random_6,0.0,117,1,0.002,600,499
structural_maximin,random_6,0.0,118,1,0.002,600,499
structural_maximin,random_6,0.0,119,1,0.002,600,499
structural_maximin,random_6,0.0,120,1,0.002,600,499
structural_maximin,random_6,0.0,121,1,0.002,600,499
structural_maximin,random_6,0.0,122,1,0.002,600,499
structural_maximin,random_6,0.0,123,1,0.002,600,499
structural_maximin,random_6,0.0,124,1,0.002,600,499
structural_maximin,random_6,0.0,125,1,0.002,600,499
structural_maximin,random_6,0.0,126,1,0.002,600,499
structural_maximin,random_6,0.0,127,1,0.002,600,499
structural_maximin,random_6,0.0,128,1,0.002,600,499
structural_maximin,random_6,0.0,129,1,0.002,600,499
structural_maximin,random_6,0.0,130,1,0.002,600,499
structural_maximin,random_6,0.0,131,1,0.002,600,499
structural_maximin,random_6,0.0,132,1,0.002,600,499
structural_maximin,random_6,0.0,133,1,0.002,600,499
structural_maximin,random_6,0.0,134,1,0.002,600,499
structural_maximin,random_6,0.0,135,1,0.002,600,499
structural_maximin,random_6,0.0,136,1,0.002,600,499
structural_maximin,random_6,0.0,137,1,0.002,600,499
structural_maximin,random_6,0.0,138,1,0.002,600,499
structural_maximin,random_6,0.0,139,1,0.002,600,499
structural_maximin,random_6,0.0,140,1,0.002,600,499
structural_maximin,random_6,0.0,141,1,0.002,600,499
structural_maximin,random_6,0.0,142,1,0.002,600,499
structural_maximin,random_6,0.0,143,1,0.002,600,499
structural_maximin,random_6,0.0,144,1,0.002,600,499
structural_maximin,random_6,0.0,145,1,0.002,600,499
structural_maximin,random_6,0.0,146,1,0.002,600,499
structural_maximin,random_6,0.0,147,1,0.002,600,499
structural_maximin,random_6,0.0,148,1,0.002,600,499
structural_maximin,random_6,0.0,149,1,0.002,600,499
structural_maximin,random_6,0.0,150,1,0.002,600,499
structural_maximin,random_6,0.0,151,1,0.002,600,499
structural_maximin,random_6,0.0,152,1,0.002,600,499
structural_maximin,random_6,0.0,153,1,0.002,600,499
structural_maximin,random_6,0.0,154,1,0.002,600,499
structural_maximin,random_6,0.0,155,1,0.002,600,499
structural_maximin,random_6,0.0,156,1,0.002,600,499
structural_maximin,random_6,0.0,157,1,0.002,600,499
structural_maximin,random_6,0.0,158,1,0.002,600,499
structural_maximin,random_6,0.0,159,1,0.002,600,499
structural_maximin,random_6,0.0,160,1,0.002,600,499
structural_maximin,random_6,0.0,161,1,0.002,600,499
structural_maximin,random_6,0.0,162,1,0.002,600,499
structural_maximin,random_6,0.0,163,1,0.002,600,499
structural_maximin,random_6,0.0,164,1,0.002,600,499
structural_maximin,random_6,0.0,165,1,0.002,600,499
structural_maximin,random_6,0.0,166,1,0.002,600,499
structural_maximin,random_6,0.0,167,1,0.002,600,499
structural_maximin,random_6,0.0,168,1,0.002,600,499
structural_maximin,random_6,0.0,169,1,0.002,600,499
structural_maximin,random_6,0.0,170,1,0.002,600,499
structural_maximin,random_6,0.0,171,1,0.002,600,499
structural_maximin,random_6,0.0,172,1,0.002,600,499
structural_maximin,random_6,0.0,173,1,0.002,600,499
structural_maximin,random_6,0.0,174,1,0.002,600,499
structural_maximin,random_6,0.0,175,1,0.002,600,499
structural_maximin,random_6,0.0,176,1,0.002,600,499
structural_maximin,random_6,0.0,177,1,0.002,600,499
structural_maximin,random_6,0.0,178,1,0.002,600,499
structural_maximin,random_6,0.0,179,1,0.002,600,499
structural_maximin,random_6,0.0,180,1,0.002,600,499
structural_maximin,random_6,0.0,181,1,0.002,600,499
structural_maximin,random_6,0.0,182,1,0.002,600,499
structural_maximin,random_6,0.0,183,1,0.002,600,499
structural_maximin,random_6,0.0,184,1,0.002,600,499
structural_maximin,random_6,0.0,185,1,0.002,600,499
structural_maximin,random_6,0.0,186,1,0.002,600,499
structural_maximin,random_6,0.0,187,1,0.002,600,499
structural_maximin,random_6,0.0,188,1,0.002,600,499
structural_maximin,random_6,0.0,189,1,0.002,600,499
structural_maximin,random_6,0.0,190,1,0.002,600,499
structural_maximin,random_6,0.0,191,1,0.002,600,499
structural_maximin,random_6,0.0,192,1,0.002,600,499
structural_maximin,random_6,0.0,193,1,0.002,600,499
structural_maximin,random_6,0.0,194,1,0.002,600,499
structural_maximin,random_6,0.0,195,1,0.002,600,499
structural_maximin,random_6,0.0,196,1,0.002,600,499
structural_maximin,random_6,0.0,197,1,0.002,600,499
structural_maximin,random_6,0.0,198,1,0.002,600,499
structural_maximin,random_6,0.0,199,1,0.002,600,499
structural_maximin,random_7,0.0,0,1,0.002,600,499
structural_maximin,random_7,0.0,1,1,0.002,600,499
structural_maximin,random_7,0.0,2,1,0.002,600,499
structural_maximin,random_7,0.0,3,1,0.002,600,499
structural_maximin,random_7,0.0,4,1,0.002,600,499
structural_maximin,random_7,0.0,5,1,0.002,600,499
structural_maximin,random_7,0.0,6,1,0.002,600,499
structural_maximin,random_7,0.0,7,1,0.002,600,499
structural_maximin,random_7,0.0,8,1,0.002,600,499
structural_maximin,random_7,0.0,9,1,0.002,600,499
structural_maximin,random_7,0.0,10,1,0.002,600,499
structural_maximin,random_7,0.0,11,1,0.002,600,499
structural_maximin,random_7,0.0,12,1,0.002,600,499
structural_maximin,random_7,0.0,13,1,0.002,600,499
structural_maximin,random_7,0.0,14,1,0.002,600,499
structural_maximin,random_7,0.0,15,1,0.002,600,499
structural_maximin,random_7,0.0,16,1,0.002,600,499
structural_maximin,random_7,0.0,17,1,0.002,600,499
structural_maximin,random_7,0.0,18,1,0.002,600,499
structural_maximin,random_7,0.0,19,1,0.002,600,499
structural_maximin,random_7,0.0,20,1,0.002,600,499
structural_maximin,random_7,0.0,21,1,0.002,600,499
structural_maximin,random_7,0.0,22,1,0.002,600,499
structural_maximin,random_7,0.0,23,1,0.002,600,499
structural_maximin,random_7,0.0,24,1,0.002,600,499
structural_maximin,random_7,0.0,25,1,0.002,600,499
structural_maximin,random_7,0.0,26,1,0.002,600,499
structural_maximin,random_7,0.0,27,1,0.002,600,499
structural_maximin,random_7,0.0,28,1,0.002,600,499
structural_maximin,random_7,0.0,29,1,0.002,600,499
structural_maximin,random_7,0.0,30,1,0.002,600,499
structural_maximin,random_7,0.0,31,1,0.002,600,499
structural_maximin,random_7,0.0,32,1,0.002,600,499
structural_maximin,random_7,0.0,33,1,0.002,600,499
structural_maximin,random_7,0.0,34,1,0.002,600,499
structural_maximin,random_7,0.0,35,1,0.002,600,499
structural_maximin,random_7,0.0,36,1,0.002,600,499
structural_maximin,random_7,0.0,37,1,0.002,600,499
structural_maximin,random_7,0.0,38,1,0.002,600,499
structural_maximin,random_7,0.0,39,1,0.002,600,499
structural_maximin,random_7,0.0,40,1,0.002,600,499
structural_maximin,random_7,0.0,41,1,0.002,600,499
structural_maximin,random_7,0.0,42,1,0.002,600,499
structural_maximin,random_7,0.0,43,1,0.002,600,499
structural_maximin,random_7,0.0,44,1,0.002,600,499
structural_maximin,random_7,0.0,45,1,0.002,600,499
structural_maximin,random_7,0.0,46,1,0.002,600,499
structural_maximin,random_7,0.0,47,1,0.002,600,499
structural_maximin,random_7,0.0,48,1,0.002,600,499
structural_maximin,random_7,0.0,49,1,0.002,600,499
structural_maximin,random_7,0.0,50,1,0.002,600,499
structural_maximin,random_7,0.0,51,1,0.002,600,499
structural_maximin,random_7,0.0,52,1,0.002,600,499
structural_maximin,random_7,0.0,53,1,0.002,600,499
structural_maximin,random_7,0.0,54,1,0.002,600,499
structural_maximin,random_7,0.0,55,1,0.002,600,499
structural_maximin,random_7,0.0,56,1,0.002,600,499
structural_maximin,random_7,0.0,57,1,0.002,600,499
structural_maximin,random_7,0.0,58,1,0.002,600,499
structural_maximin,random_7,0.0,59,1,0.002,600,499
structural_maximin,random_7,0.0,60,1,0.002,600,499
structural_maximin,random_7,0.0,61,1,0.002,600,499
structural_maximin,random_7,0.0,62,1,0.002,600,499
structural_maximin,random_7,0.0,63,1,0.002,600,499
structural_maximin,random_7,0.0,64,1,0.002,600,499
structural_maximin,random_7,0.0,65,1,0.002,600,499
structural_maximin,random_7,0.0,66,1,0.002,600,499
structural_maximin,random_7,0.0,67,1,0.002,600,499
structural_maximin,random_7,0.0,68,1,0.002,600,499
structural_maximin,random_7,0.0,69,1,0.002,600,499
structural_maximin,random_7,0.0,70,1,0.002,600,499
structural_maximin,random_7,0.0,71,1,0.002,600,499
structural_maximin,random_7,0.0,72,1,0.002,600,499
structural_maximin,random_7,0.0,73,1,0.002,600,499
structural_maximin,random_7,0.0,74,1,0.002,600,499
structural_maximin,random_7,0.0,75,1,0.002,600,499
structural_maximin,random_7,0.0,76,1,0.002,600,499
structural_maximin,random_7,0.0,77,1,0.002,600,499
structural_maximin,random_7,0.0,78,1,0.002,600,499
structural_maximin,random_7,0.0,79,1,0.002,600,499
structural_maximin,random_7,0.0,80,1,0.002,600,499
structural_maximin,random_7,0.0,81,1,0.002,600,499
structural_maximin,random_7,0.0,82,1,0.002,600,499
structural_maximin,random_7,0.0,83,1,0.002,600,499
structural_maximin,random_7,0.0,84,1,0.002,600,499
structural_maximin,random_7,0.0,85,1,0.002,600,499
structural_maximin,random_7,0.0,86,1,0.002,600,499
structural_maximin,random_7,0.0,87,1,0.002,600,499
structural_maximin,random_7,0.0,88,1,0.002,600,499
structural_maximin,random_7,0.0,89,1,0.002,600,499
structural_maximin,random_7,0.0,90,1,0.002,600,499
structural_maximin,random_7,0.0,91,1,0.002,600,499
structural_maximin,random_7,0.0,92,1,0.002,600,499
structural_maximin,random_7,0.0,93,1,0.002,600,499
structural_maximin,random_7,0.0,94,1,0.002,600,499
structural_maximin,random_7,0.0,95,1,0.002,600,499
structural_maximin,random_7,0.0,96,1,0.002,600,499
structural_maximin,random_7,0.0,97,1,0.002,600,499
structural_maximin,random_7,0.0,98,1,0.002,600,499
structural_maximin,random_7,0.0,99,1,0.002,600,499
structural_maximin,random_7,0.0,100,1,0.002,600,499
structural_maximin,random_7,0.0,101,1,0.002,600,499
structural_maximin,random_7,0.0,102,1,0.002,600,499
structural_maximin,random_7,0.0,103,1,0.002,600,499
structural_maximin,random_7,0.0,104,1,0.002,600,499
structural_maximin,random_7,0.0,105,1,0.002,600,499
structural_maximin,random_7,0.0,106,1,0.002,600,499
structural_maximin,random_7,0.0,107,1,0.002,600,499
structural_maximin,random_7,0.0,108,1,0.002,600,499
structural_maximin,random_7,0.0,109,1,0.002,600,499
structural_maximin,random_7,0.0,110,1,0.002,600,499
structural_maximin,random_7,0.0,111,1,0.002,600,499
structural_maximin,random_7,0.0,112,1,0.002,600,499
structural_maximin,random_7,0.0,113,1,0.002,600,499
structural_maximin,random_7,0.0,114,1,0.002,600,499
structural_maximin,random_7,0.0,115,1,0.002,600,499
structural_maximin,random_7,0.0,116,1,0.002,600,499
structural_maximin,random_7,0.0,117,1,0.002,600,499
structural_maximin,random_7,0.0,118,1,0.002,600,499
structural_maximin,random_7,0.0,119,1,0.002,600,499
structural_maximin,random_7,0.0,120,1,0.002,600,499
structural_maximin,random_7,0.0,121,1,0.002,600,499
structural_maximin,random_7,0.0,122,1,0.002,600,499
structural_maximin,random_7,0.0,123,1,0.002,600,499
structural_maximin,random_7,0.0,124,1,0.002,600,499
structural_maximin,random_7,0.0,125,1,0.002,600,499
structural_maximin,random_7,0.0,126,1,0.002,600,499
structural_maximin,random_7,0.0,127,1,0.002,600,499
structural_maximin,random_7,0.0,128,1,0.002,600,499
structural_maximin,random_7,0.0,129,1,0.002,600,499
structural_maximin,random_7,0.0,130,1,0.002,600,499
structural_maximin,random_7,0.0,131,1,0.002,600,499
structural_maximin,random_7,0.0,132,1,0.002,600,499
structural_maximin,random_7,0.0,133,1,0.002,600,499
structural_maximin,random_7,0.0,134,1,0.002,600,499
structural_maximin,random_7,0.0,135,1,0.002,600,499
structural_maximin,random_7,0.0,136,1,0.002,600,499
structural_maximin,random_7,0.0,137,1,0.002,600,499
structural_maximin,random_7,0.0,138,1,0.002,600,499
structural_maximin,random_7,0.0,139,1,0.002,600,499
structural_maximin,random_7,0.0,140,1,0.002,600,499
structural_maximin,random_7,0.0,141,1,0.002,600,499
structural_maximin,random_7,0.0,142,1,0.002,600,499
structural_maximin,random_7,0.0,143,1,0.002,600,499
structural_maximin,random_7,0.0,144,1,0.002,600,499
structural_maximin,random_7,0.0,145,1,0.002,600,499
structural_maximin,random_7,0.0,146,1,0.002,600,499
structural_maximin,random_7,0.0,147,1,0.002,600,499
structural_maximin,random_7,0.0,148,1,0.002,600,499
structural_maximin,random_7,0.0,149,1,0.002,600,499
structural_maximin,random_7,0.0,150,1,0.002,600,499
structural_maximin,random_7,0.0,151,1,0.002,600,499
structural_maximin,random_7,0.0,152,1,0.002,600,499
structural_maximin,random_7,0.0,153,1,0.002,600,499
structural_maximin,random_7,0.0,154,1,0.002,600,499
structural_maximin,random_7,0.0,155,1,0.002,600,499
structural_maximin,random_7,0.0,156,1,0.002,600,499
structural_maximin,random_7,0.0,157,1,0.002,600,499
structural_maximin,random_7,0.0,158,1,0.002,600,499
structural_maximin,random_7,0.0,159,1,0.002,600,499
structural_maximin,random_7,0.0,160,1,0.002,600,499
structural_maximin,random_7,0.0,161,1,0.002,600,499
structural_maximin,random_7,0.0,162,1,0.002,600,499
structural_maximin,random_7,0.0,163,1,0.002,600,499
structural_maximin,random_7,0.0,164,1,0.002,600,499
structural_maximin,random_7,0.0,165,1,0.002,600,499
structural_maximin,random_7,0.0,166,1,0.002,600,499
structural_maximin,random_7,0.0,167,1,0.002,600,499
structural_maximin,random_7,0.0,168,1,0.002,600,499
structural_maximin,random_7,0.0,169,1,0.002,600,499
structural_maximin,random_7,0.0,170,1,0.002,600,499
structural_maximin,random_7,0.0,171,1,0.002,600,499
structural_maximin,random_7,0.0,172,1,0.002,600,499
structural_maximin,random_7,0.0,173,1,0.002,600,499
structural_maximin,random_7,0.0,174,1,0.002,600,499
structural_maximin,random_7,0.0,175,1,0.002,600,499
structural_maximin,random_7,0.0,176,1,0.002,600,499
structural_maximin,random_7,0.0,177,1,0.002,600,499
structural_maximin,random_7,0.0,178,1,0.002,600,499
structural_maximin,random_7,0.0,179,1,0.002,600,499
structural_maximin,random_7,0.0,180,1,0.002,600,499
structural_maximin,random_7,0.0,181,1,0.002,600,499
structural_maximin,random_7,0.0,182,1,0.002,600,499
structural_maximin,random_7,0.0,183,1,0.002,600,499
structural_maximin,random_7,0.0,184,1,0.002,600,499
structural_maximin,random_7,0.0,185,1,0.002,600,499
structural_maximin,random_7,0.0,186,1,0.002,600,499
structural_maximin,random_7,0.0,187,1,0.002,600,499
structural_maximin,random_7,0.0,188,1,0.002,600,499
structural_maximin,random_7,0.0,189,1,0.002,600,499
structural_maximin,random_7,0.0,190,1,0.002,600,499
structural_maximin,random_7,0.0,191,1,0.002,600,499
structural_maximin,random_7,0.0,192,1,0.002,600,499
structural_maximin,random_7,0.0,193,1,0.002,600,499
structural_maximin,random_7,0.0,194,1,0.002,600,499
structural_maximin,random_7,0.0,195,1,0.002,600,499
structural_maximin,random_7,0.0,196,1,0.002,600,499
structural_maximin,random_7,0.0,197,1,0.002,600,499
structural_maximin,random_7,0.0,198,1,0.002,600,499
structural_maximin,random_7,0.0,199,1,0.002,600,499
structural_maximin,random_8,0.0,0,1,0.002,600,499
structural_maximin,random_8,0.0,1,1,0.002,600,499
structural_maximin,random_8,0.0,2,1,0.002,600,499
structural_maximin,random_8,0.0,3,1,0.002,600,499
structural_maximin,random_8,0.0,4,1,0.002,600,499
structural_maximin,random_8,0.0,5,1,0.002,600,499
structural_maximin,random_8,0.0,6,1,0.002,600,499
structural_maximin,random_8,0.0,7,1,0.002,600,499
structural_maximin,random_8,0.0,8,1,0.002,600,499
structural_maximin,random_8,0.0,9,1,0.002,600,499
structural_maximin,random_8,0.0,10,1,0.002,600,499
structural_maximin,random_8,0.0,11,1,0.002,600,499
structural_maximin,random_8,0.0,12,1,0.002,600,499
structural_maximin,random_8,0.0,13,1,0.002,600,499
structural_maximin,random_8,0.0,14,1,0.002,600,499
structural_maximin,random_8,0.0,15,1,0.002,600,499
structural_maximin,random_8,0.0,16,1,0.002,600,499
structural_maximin,random_8,0.0,17,1,0.002,600,499
structural_maximin,random_8,0.0,18,1,0.002,600,499
structural_maximin,random_8,0.0,19,1,0.002,600,499
structural_maximin,random_8,0.0,20,1,0.002,600,499
structural_maximin,random_8,0.0,21,1,0.002,600,499
structural_maximin,random_8,0.0,22,1,0.002,600,499
structural_maximin,random_8,0.0,23,1,0.002,600,499
structural_maximin,random_8,0.0,24,1,0.002,600,499
structural_maximin,random_8,0.0,25,1,0.002,600,499
structural_maximin,random_8,0.0,26,1,0.002,600,499
structural_maximin,random_8,0.0,27,1,0.002,600,499
structural_maximin,random_8,0.0,28,1,0.002,600,499
structural_maximin,random_8,0.0,29,1,0.004,600,499
structural_maximin,random_8,0.0,30,1,0.002,600,499
structural_maximin,random_8,0.0,31,1,0.002,600,499
structural_maximin,random_8,0.0,32,1,0.002,600,499
structural_maximin,random_8,0.0,33,1,0.002,600,499
structural_maximin,random_8,0.0,34,1,0.002,600,499
structural_maximin,random_8,0.0,35,1,0.002,600,499
structural_maximin,random_8,0.0,36,1,0.002,600,499
structural_maximin,random_8,0.0,37,1,0.002,600,499
structural_maximin,random_8,0.0,38,1,0.002,600,499
structural_maximin,random_8,0.0,39,1,0.002,600,499
structural_maximin,random_8,0.0,40,1,0.002,600,499
structural_maximin,random_8,0.0,41,1,0.002,600,499
structural_maximin,random_8,0.0,42,1,0.002,600,499
structural_maximin,random_8,0.0,43,1,0.002,600,499
structural_maximin,random_8,0.0,44,1,0.002,600,499
structural_maximin,random_8,0.0,45,1,0.002,600,499
structural_maximin,random_8,0.0,46,1,0.002,600,499
structural_maximin,random_8,0.0,47,1,0.002,600,499
structural_maximin,random_8,0.0,48,1,0.002,600,499
structural_maximin,random_8,0.0,49,1,0.002,600,499
structural_maximin,random_8,0.0,50,1,0.002,600,499
structural_maximin,random_8,0.0,51,1,0.002,600,499
structural_maximin,random_8,0.0,52,1,0.002,600,499
structural_maximin,random_8,0.0,53,1,0.002,600,499
structural_maximin,random_8,0.0,54,1,0.002,600,499
structural_maximin,random_8,0.0,55,1,0.002,600,499
structural_maximin,random_8,0.0,56,1,0.002,600,499
structural_maximin,random_8,0.0,57,1,0.002,600,499
structural_maximin,random_8,0.0,58,1,0.002,600,499
structural_maximin,random_8,0.0,59,1,0.002,600,499
structural_maximin,random_8,0.0,60,1,0.002,600,499
structural_maximin,random_8,0.0,61,1,0.002,600,499
structural_maximin,random_8,0.0,62,1,0.002,600,499
structural_maximin,random_8,0.0,63,1,0.002,600,499
structural_maximin,random_8,0.0,64,1,0.002,600,499
structural_maximin,random_8,0.0,65,1,0.002,600,499
structural_maximin,random_8,0.0,66,1,0.002,600,499
structural_maximin,random_8,0.0,67,1,0.002,600,499
structural_maximin,random_8,0.0,68,1,0.002,600,499
structural_maximin,random_8,0.0,69,1,0.002,600,499
structural_maximin,random_8,0.0,70,1,0.002,600,499
structural_maximin,random_8,0.0,71,1,0.002,600,499
structural_maximin,random_8,0.0,72,1,0.002,600,499
structural_maximin,random_8,0.0,73,1,0.002,600,499
structural_maximin,random_8,0.0,74,1,0.002,600,499
structural_maximin,random_8,0.0,75,1,0.002,600,499
structural_maximin,random_8,0.0,76,1,0.004,600,499
structural_maximin,random_8,0.0,77,1,0.002,600,499
structural_maximin,random_8,0.0,78,1,0.002,600,499
structural_maximin,random_8,0.0,79,1,0.002,600,499
structural_maximin,random_8,0.0,80,1,0.002,600,499
structural_maximin,random_8,0.0,81,1,0.002,600,499
structural_maximin,random_8,0.0,82,1,0.002,600,499
structural_maximin,random_8,0.0,83,1,0.002,600,499
structural_maximin,random_8,0.0,84,1,0.002,600,499
structural_maximin,random_8,0.0,85,1,0.002,600,499
structural_maximin,random_8,0.0,86,1,0.002,600,499
structural_maximin,random_8,0.0,87,1,0.002,600,499
structural_maximin,random_8,0.0,88,1,0.002,600,499
structural_maximin,random_8,0.0,89,1,0.002,600,499
structural_maximin,random_8,0.0,90,1,0.002,600,499
structural_maximin,random_8,0.0,91,1,0.002,600,499
structural_maximin,random_8,0.0,92,1,0.002,600,499
structural_maximin,random_8,0.0,93,1,0.002,600,499
structural_maximin,random_8,0.0,94,1,0.002,600,499
structural_maximin,random_8,0.0,95,1,0.002,600,499
structural_maximin,random_8,0.0,96,1,0.002,600,499
structural_maximin,random_8,0.0,97,1,0.002,600,499
structural_maximin,random_8,0.0,98,1,0.002,600,499
structural_maximin,random_8,0.0,99,1,0.002,600,499
structural_maximin,random_8,0.0,100,1,0.002,600,499
structural_maximin,random_8,0.0,101,1,0.002,600,499
structural_maximin,random_8,0.0,102,1,0.002,600,499
structural_maximin,random_8,0.0,103,1,0.002,600,499
structural_maximin,random_8,0.0,104,1,0.002,600,499
structural_maximin,random_8,0.0,105,1,0.002,600,499
structural_maximin,random_8,0.0,106,1,0.002,600,499
structural_maximin,random_8,0.0,107,1,0.002,600,499
structural_maximin,random_8,0.0,108,1,0.002,600,499
structural_maximin,random_8,0.0,109,1,0.002,600,499
structural_maximin,random_8,0.0,110,1,0.002,600,499
structural_maximin,random_8,0.0,111,1,0.002,600,499
structural_maximin,random_8,0.0,112,1,0.002,600,499
structural_maximin,random_8,0.0,113,1,0.002,600,499
structural_maximin,random_8,0.0,114,1,0.002,600,499
structural_maximin,random_8,0.0,115,1,0.002,600,499
structural_maximin,random_8,0.0,116,1,0.002,600,499
structural_maximin,random_8,0.0,117,1,0.002,600,499
structural_maximin,random_8,0.0,118,1,0.002,600,499
structural_maximin,random_8,0.0,119,1,0.002,600,499
structural_maximin,random_8,0.0,120,1,0.002,600,499
structural_maximin,random_8,0.0,121,1,0.002,600,499
structural_maximin,random_8,0.0,122,1,0.002,600,499
structural_maximin,random_8,0.0,123,1,0.002,600,499
structural_maximin,random_8,0.0,124,1,0.002,600,499
structural_maximin,random_8,0.0,125,1,0.002,600,499
structural_maximin,random_8,0.0,126,1,0.002,600,499
structural_maximin,random_8,0.0,127,1,0.002,600,499
structural_maximin,random_8,0.0,128,1,0.002,600,499
structural_maximin,random_8,0.0,129,1,0.002,600,499
structural_maximin,random_8,0.0,130,1,0.002,600,499
structural_maximin,random_8,0.0,131,1,0.002,600,499
structural_maximin,random_8,0.0,132,1,0.002,600,499
structural_maximin,random_8,0.0,133,1,0.002,600,499
structural_maximin,random_8,0.0,134,1,0.002,600,499
structural_maximin,random_8,0.0,135,1,0.002,600,499
structural_maximin,random_8,0.0,136,1,0.002,600,499
structural_maximin,random_8,0.0,137,1,0.002,600,499
structural_maximin,random_8,0.0,138,1,0.002,600,499
structural_maximin,random_8,0.0,139,1,0.002,600,499
structural_maximin,random_8,0.0,140,1,0.002,600,499
structural_maximin,random_8,0.0,141,1,0.002,600,499
structural_maximin,random_8,0.0,142,1,0.002,600,499
structural_maximin,random_8,0.0,143,1,0.002,600,499
structural_maximin,random_8,0.0,144,1,0.002,600,499
structural_maximin,random_8,0.0,145,1,0.002,600,499
structural_maximin,random_8,0.0,146,1,0.002,600,499
structural_maximin,random_8,0.0,147,1,0.002,600,499
structural_maximin,random_8,0.0,148,1,0.002,600,499
structural_maximin,random_8,0.0,149,1,0.002,600,499
structural_maximin,random_8,0.0,150,1,0.002,600,499
structural_maximin,random_8,0.0,151,1,0.002,600,499
structural_maximin,random_8,0.0,152,1,0.002,600,499
structural_maximin,random_8,0.0,153,1,0.002,600,499
structural_maximin,random_8,0.0,154,1,0.002,600,499
structural_maximin,random_8,0.0,155,1,0.006,600,499
structural_maximin,random_8,0.0,156,1,0.002,600,499
structural_maximin,random_8,0.0,157,1,0.002,600,499
structural_maximin,random_8,0.0,158,1,0.002,600,499
structural_maximin,random_8,0.0,159,1,0.002,600,499
structural_maximin,random_8,0.0,160,1,0.002,600,499
structural_maximin,random_8,0.0,161,1,0.002,600,499
structural_maximin,random_8,0.0,162,1,0.002,600,499
structural_maximin,random_8,0.0,163,1,0.002,600,499
structural_maximin,random_8,0.0,164,1,0.002,600,499
structural_maximin,random_8,0.0,165,1,0.002,600,499
structural_maximin,random_8,0.0,166,1,0.002,600,499
structural_maximin,random_8,0.0,167,1,0.002,600,499
structural_maximin,random_8,0.0,168,1,0.002,600,499
structural_maximin,random_8,0.0,169,1,0.002,600,499
structural_maximin,random_8,0.0,170,1,0.002,600,499
structural_maximin,random_8,0.0,171,1,0.002,600,499
structural_maximin,random_8,0.0,172,1,0.002,600,499
structural_maximin,random_8,0.0,173,1,0.002,600,499
structural_maximin,random_8,0.0,174,1,0.002,600,499
structural_maximin,random_8,0.0,175,1,0.002,600,499
structural_maximin,random_8,0.0,176,1,0.002,600,499
structural_maximin,random_8,0.0,177,1,0.002,600,499
structural_maximin,random_8,0.0,178,1,0.002,600,499
structural_maximin,random_8,0.0,179,1,0.002,600,499
structural_maximin,random_8,0.0,180,1,0.002,600,499
structural_maximin,random_8,0.0,181,1,0.002,600,499
structural_maximin,random_8,0.0,182,1,0.002,600,499
structural_maximin,random_8,0.0,183,1,0.002,600,499
structural_maximin,random_8,0.0,184,1,0.002,600,499
structural_maximin,random_8,0.0,185,1,0.002,600,499
structural_maximin,random_8,0.0,186,1,0.002,600,499
structural_maximin,random_8,0.0,187,1,0.002,600,499
structural_maximin,random_8,0.0,188,1,0.002,600,499
structural_maximin,random_8,0.0,189,1,0.002,600,499
structural_maximin,random_8,0.0,190,1,0.002,600,499
structural_maximin,random_8,0.0,191,1,0.002,600,499
structural_maximin,random_8,0.0,192,1,0.002,600,499
structural_maximin,random_8,0.0,193,1,0.002,600,499
structural_maximin,random_8,0.0,194,1,0.002,600,499
structural_maximin,random_8,0.0,195,1,0.002,600,499
structural_maximin,random_8,0.0,196,1,0.002,600,499
structural_maximin,random_8,0.0,197,1,0.002,600,499
structural_maximin,random_8,0.0,198,1,0.002,600,499
structural_maximin,random_8,0.0,199,1,0.002,600,499
structural_maximin,random_9,0.0,0,1,0.002,600,499
structural_maximin,random_9,0.0,1,1,0.002,600,499
structural_maximin,random_9,0.0,2,1,0.002,600,499
structural_maximin,random_9,0.0,3,1,0.002,600,499
structural_maximin,random_9,0.0,4,1,0.002,600,499
structural_maximin,random_9,0.0,5,1,0.002,600,499
structural_maximin,random_9,0.0,6,1,0.002,600,499
structural_maximin,random_9,0.0,7,1,0.002,600,499
structural_maximin,random_9,0.0,8,1,0.002,600,499
structural_maximin,random_9,0.0,9,1,0.002,600,499
structural_maximin,random_9,0.0,10,1,0.002,600,499
structural_maximin,random_9,0.0,11,1,0.002,600,499
structural_maximin,random_9,0.0,12,1,0.002,600,499
structural_maximin,random_9,0.0,13,1,0.002,600,499
structural_maximin,random_9,0.0,14,1,0.002,600,499
structural_maximin,random_9,0.0,15,1,0.002,600,499
structural_maximin,random_9,0.0,16,1,0.002,600,499
structural_maximin,random_9,0.0,17,1,0.002,600,499
structural_maximin,random_9,0.0,18,1,0.002,600,499
structural_maximin,random_9,0.0,19,1,0.002,600,499
structural_maximin,random_9,0.0,20,1,0.002,600,499
structural_maximin,random_9,0.0,21,1,0.002,600,499
structural_maximin,random_9,0.0,22,1,0.002,600,499
structural_maximin,random_9,0.0,23,1,0.002,600,499
structural_maximin,random_9,0.0,24,1,0.002,600,499
structural_maximin,random_9,0.0,25,1,0.002,600,499
structural_maximin,random_9,0.0,26,1,0.002,600,499
structural_maximin,random_9,0.0,27,1,0.002,600,499
structural_maximin,random_9,0.0,28,1,0.002,600,499
structural_maximin,random_9,0.0,29,1,0.002,600,499
structural_maximin,random_9,0.0,30,1,0.002,600,499
structural_maximin,random_9,0.0,31,1,0.002,600,499
structural_maximin,random_9,0.0,32,1,0.002,600,499
structural_maximin,random_9,0.0,33,1,0.002,600,499
structural_maximin,random_9,0.0,34,1,0.002,600,499
structural_maximin,random_9,0.0,35,1,0.002,600,499
structural_maximin,random_9,0.0,36,1,0.002,600,499
structural_maximin,random_9,0.0,37,1,0.002,600,499
structural_maximin,random_9,0.0,38,1,0.002,600,499
structural_maximin,random_9,0.0,39,1,0.002,600,499
structural_maximin,random_9,0.0,40,1,0.002,600,499
structural_maximin,random_9,0.0,41,1,0.002,600,499
structural_maximin,random_9,0.0,42,1,0.002,600,499
structural_maximin,random_9,0.0,43,1,0.002,600,499
structural_maximin,random_9,0.0,44,1,0.002,600,499
structural_maximin,random_9,0.0,45,1,0.002,600,499
structural_maximin,random_9,0.0,46,1,0.002,600,499
structural_maximin,random_9,0.0,47,1,0.002,600,499
structural_maximin,random_9,0.0,48,1,0.002,600,499
structural_maximin,random_9,0.0,49,1,0.002,600,499
structural_maximin,random_9,0.0,50,1,0.002,600,499
structural_maximin,random_9,0.0,51,1,0.002,600,499
structural_maximin,random_9,0.0,52,1,0.002,600,499
structural_maximin,random_9,0.0,53,1,0.002,600,499
structural_maximin,random_9,0.0,54,1,0.002,600,499
structural_maximin,random_9,0.0,55,1,0.002,600,499
structural_maximin,random_9,0.0,56,1,0.002,600,499
structural_maximin,random_9,0.0,57,1,0.002,600,499
structural_maximin,random_9,0.0,58,1,0.002,600,499
structural_maximin,random_9,0.0,59,1,0.002,600,499
structural_maximin,random_9,0.0,60,1,0.002,600,499
structural_maximin,random_9,0.0,61,1,0.002,600,499
structural_maximin,random_9,0.0,62,1,0.002,600,499
structural_maximin,random_9,0.0,63,1,0.002,600,499
structural_maximin,random_9,0.0,64,1,0.002,600,499
structural_maximin,random_9,0.0,65,1,0.002,600,499
structural_maximin,random_9,0.0,66,1,0.002,600,499
structural_maximin,random_9,0.0,67,1,0.002,600,499
structural_maximin,random_9,0.0,68,1,0.002,600,499
structural_maximin,random_9,0.0,69,1,0.002,600,499
structural_maximin,random_9,0.0,70,1,0.002,600,499
structural_maximin,random_9,0.0,71,1,0.002,600,499
structural_maximin,random_9,0.0,72,1,0.002,600,499
structural_maximin,random_9,0.0,73,1,0.002,600,499
structural_maximin,random_9,0.0,74,1,0.002,600,499
structural_maximin,random_9,0.0,75,1,0.002,600,499
structural_maximin,random_9,0.0,76,1,0.002,600,499
structural_maximin,random_9,0.0,77,1,0.002,600,499
structural_maximin,random_9,0.0,78,1,0.002,600,499
structural_maximin,random_9,0.0,79,1,0.002,600,499
structural_maximin,random_9,0.0,80,1,0.002,600,499
structural_maximin,random_9,0.0,81,1,0.002,600,499
structural_maximin,random_9,0.0,82,1,0.002,600,499
structural_maximin,random_9,0.0,83,1,0.002,600,499
structural_maximin,random_9,0.0,84,1,0.002,600,499
structural_maximin,random_9,0.0,85,1,0.002,600,499
structural_maximin,random_9,0.0,86,1,0.002,600,499
structural_maximin,random_9,0.0,87,1,0.002,600,499
structural_maximin,random_9,0.0,88,1,0.002,600,499
structural_maximin,random_9,0.0,89,1,0.002,600,499
structural_maximin,random_9,0.0,90,1,0.002,600,499
structural_maximin,random_9,0.0,91,1,0.002,600,499
structural_maximin,random_9,0.0,92,1,0.002,600,499
structural_maximin,random_9,0.0,93,1,0.002,600,499
structural_maximin,random_9,0.0,94,1,0.002,600,499
structural_maximin,random_9,0.0,95,1,0.002,600,499
structural_maximin,random_9,0.0,96,1,0.002,600,499
structural_maximin,random_9,0.0,97,1,0.002,600,499
structural_maximin,random_9,0.0,98,1,0.002,600,499
structural_maximin,random_9,0.0,99,1,0.002,600,499
structural_maximin,random_9,0.0,100,1,0.002,600,499
structural_maximin,random_9,0.0,101,1,0.002,600,499
structural_maximin,random_9,0.0,102,1,0.002,600,499
structural_maximin,random_9,0.0,103,1,0.002,600,499
structural_maximin,random_9,0.0,104,1,0.002,600,499
structural_maximin,random_9,0.0,105,1,0.002,600,499
structural_maximin,random_9,0.0,106,1,0.002,600,499
structural_maximin,random_9,0.0,107,1,0.002,600,499
structural_maximin,random_9,0.0,108,1,0.002,600,499
structural_maximin,random_9,0.0,109,1,0.002,600,499
structural_maximin,random_9,0.0,110,1,0.002,600,499
structural_maximin,random_9,0.0,111,1,0.002,600,499
structural_maximin,random_9,0.0,112,1,0.002,600,499
structural_maximin,random_9,0.0,113,1,0.002,600,499
structural_maximin,random_9,0.0,114,1,0.002,600,499
structural_maximin,random_9,0.0,115,1,0.002,600,499
structural_maximin,random_9,0.0,116,1,0.002,600,499
structural_maximin,random_9,0.0,117,1,0.002,600,499
structural_maximin,random_9,0.0,118,1,0.002,600,499
structural_maximin,random_9,0.0,119,1,0.002,600,499
structural_maximin,random_9,0.0,120,1,0.002,600,499
structural_maximin,random_9,0.0,121,1,0.002,600,499
structural_maximin,random_9,0.0,122,1,0.002,600,499
structural_maximin,random_9,0.0,123,1,0.002,600,499
structural_maximin,random_9,0.0,124,1,0.002,600,499
structural_maximin,random_9,0.0,125,1,0.002,600,499
structural_maximin,random_9,0.0,126,1,0.002,600,499
structural_maximin,random_9,0.0,127,1,0.002,600,499
structural_maximin,random_9,0.0,128,1,0.002,600,499
structural_maximin,random_9,0.0,129,1,0.002,600,499
structural_maximin,random_9,0.0,130,1,0.002,600,499
structural_maximin,random_9,0.0,131,1,0.002,600,499
structural_maximin,random_9,0.0,132,1,0.002,600,499
structural_maximin,random_9,0.0,133,1,0.002,600,499
structural_maximin,random_9,0.0,134,1,0.002,600,499
structural_maximin,random_9,0.0,135,1,0.002,600,499
structural_maximin,random_9,0.0,136,1,0.002,600,499
structural_maximin,random_9,0.0,137,1,0.002,600,499
structural_maximin,random_9,0.0,138,1,0.002,600,499
structural_maximin,random_9,0.0,139,1,0.002,600,499
structural_maximin,random_9,0.0,140,1,0.002,600,499
structural_maximin,random_9,0.0,141,1,0.002,600,499
structural_maximin,random_9,0.0,142,1,0.002,600,499
structural_maximin,random_9,0.0,143,1,0.002,600,499
structural_maximin,random_9,0.0,144,1,0.002,600,499
structural_maximin,random_9,0.0,145,1,0.002,600,499
structural_maximin,random_9,0.0,146,1,0.002,600,499
structural_maximin,random_9,0.0,147,1,0.002,600,499
structural_maximin,random_9,0.0,148,1,0.002,600,499
structural_maximin,random_9,0.0,149,1,0.002,600,499
structural_maximin,random_9,0.0,150,1,0.002,600,499
structural_maximin,random_9,0.0,151,1,0.002,600,499
structural_maximin,random_9,0.0,152,1,0.002,600,499
structural_maximin,random_9,0.0,153,1,0.002,600,499
structural_maximin,random_9,0.0,154,1,0.002,600,499
structural_maximin,random_9,0.0,155,1,0.002,600,499
structural_maximin,random_9,0.0,156,1,0.002,600,499
structural_maximin,random_9,0.0,157,1,0.002,600,499
structural_maximin,random_9,0.0,158,1,0.002,600,499
structural_maximin,random_9,0.0,159,1,0.002,600,499
structural_maximin,random_9,0.0,160,1,0.002,600,499
structural_maximin,random_9,0.0,161,1,0.002,600,499
structural_maximin,random_9,0.0,162,1,0.002,600,499
structural_maximin,random_9,0.0,163,1,0.002,600,499
structural_maximin,random_9,0.0,164,1,0.002,600,499
structural_maximin,random_9,0.0,165,1,0.002,600,499
structural_maximin,random_9,0.0,166,1,0.002,600,499
structural_maximin,random_9,0.0,167,1,0.002,600,499
structural_maximin,random_9,0.0,168,1,0.002,600,499
structural_maximin,random_9,0.0,169,1,0.002,600,499
structural_maximin,random_9,0.0,170,1,0.002,600,499
structural_maximin,random_9,0.0,171,1,0.002,600,499
structural_maximin,random_9,0.0,172,1,0.002,600,499
structural_maximin,random_9,0.0,173,1,0.002,600,499
structural_maximin,random_9,0.0,174,1,0.002,600,499
structural_maximin,random_9,0.0,175,1,0.002,600,499
structural_maximin,random_9,0.0,176,1,0.002,600,499
structural_maximin,random_9,0.0,177,1,0.002,600,499
structural_maximin,random_9,0.0,178,1,0.002,600,499
structural_maximin,random_9,0.0,179,1,0.002,600,499
structural_maximin,random_9,0.0,180,1,0.002,600,499
structural_maximin,random_9,0.0,181,1,0.002,600,499
structural_maximin,random_9,0.0,182,1,0.002,600,499
structural_maximin,random_9,0.0,183,1,0.002,600,499
structural_maximin,random_9,0.0,184,1,0.002,600,499
structural_maximin,random_9,0.0,185,1,0.002,600,499
structural_maximin,random_9,0.0,186,1,0.002,600,499
structural_maximin,random_9,0.0,187,1,0.002,600,499
structural_maximin,random_9,0.0,188,1,0.002,600,499
structural_maximin,random_9,0.0,189,1,0.002,600,499
structural_maximin,random_9,0.0,190,1,0.002,600,499
structural_maximin,random_9,0.0,191,1,0.002,600,499
structural_maximin,random_9,0.0,192,1,0.002,600,499
structural_maximin,random_9,0.0,193,1,0.002,600,499
structural_maximin,random_9,0.0,194,1,0.002,600,499
structural_maximin,random_9,0.0,195,1,0.002,600,499
structural_maximin,random_9,0.0,196,1,0.002,600,499
structural_maximin,random_9,0.0,197,1,0.002,600,499
structural_maximin,random_9,0.0,198,1,0.002,600,499
structural_maximin,random_9,0.0,199,1,0.002,600,499
structural_maximin,feature_quadratic_total,0.05,0,1,0.002,600,499
structural_maximin,feature_quadratic_total,0.05,1,1,0.002,600,499
structural_maximin,feature_quadratic_total,0.05,2,1,0.002,600,499
structural_maximin,feature_quadratic_total,0.05,3,1,0.002,600,499
structural_maximin,feature_quadratic_total,0.05,4,1,0.002,600,499
structural_maximin,feature_quadratic_total,0.05,5,1,0.002,600,499
structural_maximin,feature_quadratic_total,0.05,6,1,0.002,600,499
structural_maximin,feature_quadratic_total,0.05,7,1,0.002,600,499
structural_maximin,feature_quadratic_total,0.05,8,1,0.002,600,499
structural_maximin,feature_quadratic_total,0.05,9,1,0.002,600,499
structural_maximin,feature_quadratic_total,0.05,10,1,0.002,600,499
structural_maximin,feature_quadratic_total,0.05,11,1,0.002,600,499
structural_maximin,feature_quadratic_total,0.05,12,1,0.002,600,499
structural_maximin,feature_quadratic_total,0.05,13,1,0.002,600,499
structural_maximin,feature_quadratic_total,0.05,14,1,0.002,600,499
structural_maximin,feature_quadratic_total,0.05,15,1,0.002,600,499
structural_maximin,feature_quadratic_total,0.05,16,1,0.002,600,499
structural_maximin,feature_quadratic_total,0.05,17,1,0.002,600,499
structural_maximin,feature_quadratic_total,0.05,18,1,0.002,600,499
structural_maximin,feature_quadratic_total,0.05,19,1,0.002,600,499
structural_maximin,feature_quadratic_total,0.05,20,1,0.002,600,499
structural_maximin,feature_quadratic_total,0.05,21,1,0.002,600,499
structural_maximin,feature_quadratic_total,0.05,22,1,0.002,600,499
structural_maximin,feature_quadratic_total,0.05,23,1,0.002,600,499
structural_maximin,feature_quadratic_total,0.05,24,1,0.002,600,499
structural_maximin,feature_quadratic_total,0.05,25,1,0.002,600,499
structural_maximin,feature_quadratic_total,0.05,26,1,0.002,600,499
structural_maximin,feature_quadratic_total,0.05,27,1,0.002,600,499
structural_maximin,feature_quadratic_total,0.05,28,1,0.002,600,499
structural_maximin,feature_quadratic_total,0.05,29,1,0.002,600,499
structural_maximin,feature_quadratic_total,0.05,30,1,0.002,600,499
structural_maximin,feature_quadratic_total,0.05,31,1,0.002,600,499
structural_maximin,feature_quadratic_total,0.05,32,1,0.002,600,499
structural_maximin,feature_quadratic_total,0.05,33,1,0.002,600,499
structural_maximin,feature_quadratic_total,0.05,34,1,0.002,600,499
structural_maximin,feature_quadratic_total,0.05,35,1,0.002,600,499
structural_maximin,feature_quadratic_total,0.05,36,1,0.002,600,499
structural_maximin,feature_quadratic_total,0.05,37,1,0.002,600,499
structural_maximin,feature_quadratic_total,0.05,38,1,0.002,600,499
structural_maximin,feature_quadratic_total,0.05,39,1,0.002,600,499
structural_maximin,feature_quadratic_total,0.05,40,1,0.002,600,499
structural_maximin,feature_quadratic_total,0.05,41,1,0.002,600,499
structural_maximin,feature_quadratic_total,0.05,42,1,0.002,600,499
structural_maximin,feature_quadratic_total,0.05,43,1,0.002,600,499
structural_maximin,feature_quadratic_total,0.05,44,1,0.002,600,499
structural_maximin,feature_quadratic_total,0.05,45,1,0.002,600,499
structural_maximin,feature_quadratic_total,0.05,46,1,0.002,600,499
structural_maximin,feature_quadratic_total,0.05,47,1,0.002,600,499
structural_maximin,feature_quadratic_total,0.05,48,1,0.002,600,499
structural_maximin,feature_quadratic_total,0.05,49,1,0.002,600,499
structural_maximin,feature_quadratic_total,0.05,50,1,0.002,600,499
structural_maximin,feature_quadratic_total,0.05,51,1,0.002,600,499
structural_maximin,feature_quadratic_total,0.05,52,1,0.002,600,499
structural_maximin,feature_quadratic_total,0.05,53,1,0.002,600,499
structural_maximin,feature_quadratic_total,0.05,54,1,0.002,600,499
structural_maximin,feature_quadratic_total,0.05,55,1,0.002,600,499
structural_maximin,feature_quadratic_total,0.05,56,1,0.002,600,499
structural_maximin,feature_quadratic_total,0.05,57,1,0.002,600,499
structural_maximin,feature_quadratic_total,0.05,58,1,0.002,600,499
structural_maximin,feature_quadratic_total,0.05,59,1,0.002,600,499
structural_maximin,feature_quadratic_total,0.05,60,1,0.002,600,499
structural_maximin,feature_quadratic_total,0.05,61,1,0.002,600,499
structural_maximin,feature_quadratic_total,0.05,62,1,0.002,600,499
structural_maximin,feature_quadratic_total,0.05,63,1,0.002,600,499
structural_maximin,feature_quadratic_total,0.05,64,1,0.002,600,499
structural_maximin,feature_quadratic_total,0.05,65,1,0.002,600,499
structural_maximin,feature_quadratic_total,0.05,66,1,0.002,600,499
structural_maximin,feature_quadratic_total,0.05,67,1,0.002,600,499
structural_maximin,feature_quadratic_total,0.05,68,1,0.002,600,499
structural_maximin,feature_quadratic_total,0.05,69,1,0.002,600,499
structural_maximin,feature_quadratic_total,0.05,70,1,0.002,600,499
structural_maximin,feature_quadratic_total,0.05,71,1,0.002,600,499
structural_maximin,feature_quadratic_total,0.05,72,1,0.002,600,499
structural_maximin,feature_quadratic_total,0.05,73,1,0.002,600,499
structural_maximin,feature_quadratic_total,0.05,74,1,0.002,600,499
structural_maximin,feature_quadratic_total,0.05,75,1,0.002,600,499
structural_maximin,feature_quadratic_total,0.05,76,1,0.002,600,499
structural_maximin,feature_quadratic_total,0.05,77,1,0.002,600,499
structural_maximin,feature_quadratic_total,0.05,78,1,0.002,600,499
structural_maximin,feature_quadratic_total,0.05,79,1,0.002,600,499
structural_maximin,feature_quadratic_total,0.05,80,1,0.002,600,499
structural_maximin,feature_quadratic_total,0.05,81,1,0.002,600,499
structural_maximin,feature_quadratic_total,0.05,82,1,0.002,600,499
structural_maximin,feature_quadratic_total,0.05,83,1,0.002,600,499
structural_maximin,feature_quadratic_total,0.05,84,1,0.002,600,499
structural_maximin,feature_quadratic_total,0.05,85,1,0.002,600,499
structural_maximin,feature_quadratic_total,0.05,86,1,0.002,600,499
structural_maximin,feature_quadratic_total,0.05,87,1,0.002,600,499
structural_maximin,feature_quadratic_total,0.05,88,1,0.002,600,499
structural_maximin,feature_quadratic_total,0.05,89,1,0.002,600,499
structural_maximin,feature_quadratic_total,0.05,90,1,0.002,600,499
structural_maximin,feature_quadratic_total,0.05,91,1,0.002,600,499
structural_maximin,feature_quadratic_total,0.05,92,1,0.002,600,499
structural_maximin,feature_quadratic_total,0.05,93,1,0.002,600,499
structural_maximin,feature_quadratic_total,0.05,94,1,0.002,600,499
structural_maximin,feature_quadratic_total,0.05,95,1,0.002,600,499
structural_maximin,feature_quadratic_total,0.05,96,1,0.002,600,499
structural_maximin,feature_quadratic_total,0.05,97,1,0.002,600,499
structural_maximin,feature_quadratic_total,0.05,98,1,0.002,600,499
structural_maximin,feature_quadratic_total,0.05,99,1,0.002,600,499
structural_maximin,feature_quadratic_total,0.05,100,1,0.002,600,499
structural_maximin,feature_quadratic_total,0.05,101,1,0.002,600,499
structural_maximin,feature_quadratic_total,0.05,102,1,0.002,600,499
structural_maximin,feature_quadratic_total,0.05,103,1,0.002,600,499
structural_maximin,feature_quadratic_total,0.05,104,1,0.002,600,499
structural_maximin,feature_quadratic_total,0.05,105,1,0.002,600,499
structural_maximin,feature_quadratic_total,0.05,106,1,0.002,600,499
structural_maximin,feature_quadratic_total,0.05,107,1,0.002,600,499
structural_maximin,feature_quadratic_total,0.05,108,1,0.002,600,499
structural_maximin,feature_quadratic_total,0.05,109,1,0.002,600,499
structural_maximin,feature_quadratic_total,0.05,110,1,0.002,600,499
structural_maximin,feature_quadratic_total,0.05,111,1,0.002,600,499
structural_maximin,feature_quadratic_total,0.05,112,1,0.002,600,499
structural_maximin,feature_quadratic_total,0.05,113,1,0.002,600,499
structural_maximin,feature_quadratic_total,0.05,114,1,0.002,600,499
structural_maximin,feature_quadratic_total,0.05,115,1,0.002,600,499
structural_maximin,feature_quadratic_total,0.05,116,1,0.002,600,499
structural_maximin,feature_quadratic_total,0.05,117,1,0.002,600,499
structural_maximin,feature_quadratic_total,0.05,118,1,0.002,600,499
structural_maximin,feature_quadratic_total,0.05,119,1,0.002,600,499
structural_maximin,feature_quadratic_total,0.05,120,1,0.002,600,499
structural_maximin,feature_quadratic_total,0.05,121,1,0.002,600,499
structural_maximin,feature_quadratic_total,0.05,122,1,0.002,600,499
structural_maximin,feature_quadratic_total,0.05,123,1,0.002,600,499
structural_maximin,feature_quadratic_total,0.05,124,1,0.002,600,499
structural_maximin,feature_quadratic_total,0.05,125,1,0.002,600,499
structural_maximin,feature_quadratic_total,0.05,126,1,0.002,600,499
structural_maximin,feature_quadratic_total,0.05,127,1,0.002,600,499
structural_maximin,feature_quadratic_total,0.05,128,1,0.002,600,499
structural_maximin,feature_quadratic_total,0.05,129,1,0.002,600,499
structural_maximin,feature_quadratic_total,0.05,130,1,0.002,600,499
structural_maximin,feature_quadratic_total,0.05,131,1,0.002,600,499
structural_maximin,feature_quadratic_total,0.05,132,1,0.002,600,499
structural_maximin,feature_quadratic_total,0.05,133,1,0.002,600,499
structural_maximin,feature_quadratic_total,0.05,134,1,0.002,600,499
structural_maximin,feature_quadratic_total,0.05,135,1,0.002,600,499
structural_maximin,feature_quadratic_total,0.05,136,1,0.002,600,499
structural_maximin,feature_quadratic_total,0.05,137,1,0.002,600,499
structural_maximin,feature_quadratic_total,0.05,138,1,0.002,600,499
structural_maximin,feature_quadratic_total,0.05,139,1,0.002,600,499
structural_maximin,feature_quadratic_total,0.05,140,1,0.002,600,499
structural_maximin,feature_quadratic_total,0.05,141,1,0.002,600,499
structural_maximin,feature_quadratic_total,0.05,142,1,0.002,600,499
structural_maximin,feature_quadratic_total,0.05,143,1,0.002,600,499
structural_maximin,feature_quadratic_total,0.05,144,1,0.002,600,499
structural_maximin,feature_quadratic_total,0.05,145,1,0.002,600,499
structural_maximin,feature_quadratic_total,0.05,146,1,0.002,600,499
structural_maximin,feature_quadratic_total,0.05,147,1,0.002,600,499
structural_maximin,feature_quadratic_total,0.05,148,1,0.002,600,499
structural_maximin,feature_quadratic_total,0.05,149,1,0.002,600,499
structural_maximin,feature_quadratic_total,0.05,150,1,0.002,600,499
structural_maximin,feature_quadratic_total,0.05,151,1,0.002,600,499
structural_maximin,feature_quadratic_total,0.05,152,1,0.002,600,499
structural_maximin,feature_quadratic_total,0.05,153,1,0.002,600,499
structural_maximin,feature_quadratic_total,0.05,154,1,0.002,600,499
structural_maximin,feature_quadratic_total,0.05,155,1,0.002,600,499
structural_maximin,feature_quadratic_total,0.05,156,1,0.002,600,499
structural_maximin,feature_quadratic_total,0.05,157,1,0.002,600,499
structural_maximin,feature_quadratic_total,0.05,158,1,0.002,600,499
structural_maximin,feature_quadratic_total,0.05,159,1,0.002,600,499
structural_maximin,feature_quadratic_total,0.05,160,1,0.002,600,499
structural_maximin,feature_quadratic_total,0.05,161,1,0.002,600,499
structural_maximin,feature_quadratic_total,0.05,162,1,0.002,600,499
structural_maximin,feature_quadratic_total,0.05,163,1,0.002,600,499
structural_maximin,feature_quadratic_total,0.05,164,1,0.002,600,499
structural_maximin,feature_quadratic_total,0.05,165,1,0.002,600,499
structural_maximin,feature_quadratic_total,0.05,166,1,0.002,600,499
structural_maximin,feature_quadratic_total,0.05,167,1,0.002,600,499
structural_maximin,feature_quadratic_total,0.05,168,1,0.002,600,499
structural_maximin,feature_quadratic_total,0.05,169,1,0.002,600,499
structural_maximin,feature_quadratic_total,0.05,170,1,0.002,600,499
structural_maximin,feature_quadratic_total,0.05,171,1,0.002,600,499
structural_maximin,feature_quadratic_total,0.05,172,1,0.002,600,499
structural_maximin,feature_quadratic_total,0.05,173,1,0.002,600,499
structural_maximin,feature_quadratic_total,0.05,174,1,0.002,600,499
structural_maximin,feature_quadratic_total,0.05,175,1,0.002,600,499
structural_maximin,feature_quadratic_total,0.05,176,1,0.002,600,499
structural_maximin,feature_quadratic_total,0.05,177,1,0.002,600,499
structural_maximin,feature_quadratic_total,0.05,178,1,0.002,600,499
structural_maximin,feature_quadratic_total,0.05,179,1,0.002,600,499
structural_maximin,feature_quadratic_total,0.05,180,1,0.002,600,499
structural_maximin,feature_quadratic_total,0.05,181,1,0.002,600,499
structural_maximin,feature_quadratic_total,0.05,182,1,0.002,600,499
structural_maximin,feature_quadratic_total,0.05,183,1,0.002,600,499
structural_maximin,feature_quadratic_total,0.05,184,1,0.002,600,499
structural_maximin,feature_quadratic_total,0.05,185,1,0.002,600,499
structural_maximin,feature_quadratic_total,0.05,186,1,0.002,600,499
structural_maximin,feature_quadratic_total,0.05,187,1,0.002,600,499
structural_maximin,feature_quadratic_total,0.05,188,1,0.002,600,499
structural_maximin,feature_quadratic_total,0.05,189,1,0.002,600,499
structural_maximin,feature_quadratic_total,0.05,190,1,0.002,600,499
structural_maximin,feature_quadratic_total,0.05,191,1,0.002,600,499
structural_maximin,feature_quadratic_total,0.05,192,1,0.002,600,499
structural_maximin,feature_quadratic_total,0.05,193,1,0.002,600,499
structural_maximin,feature_quadratic_total,0.05,194,1,0.002,600,499
structural_maximin,feature_quadratic_total,0.05,195,1,0.002,600,499
structural_maximin,feature_quadratic_total,0.05,196,1,0.002,600,499
structural_maximin,feature_quadratic_total,0.05,197,1,0.002,600,499
structural_maximin,feature_quadratic_total,0.05,198,1,0.002,600,499
structural_maximin,feature_quadratic_total,0.05,199,1,0.002,600,499
structural_maximin,feature_care_midpoint_interaction,0.05,0,0,0.734,600,499
structural_maximin,feature_care_midpoint_interaction,0.05,1,1,0.002,600,499
structural_maximin,feature_care_midpoint_interaction,0.05,2,1,0.038,600,499
structural_maximin,feature_care_midpoint_interaction,0.05,3,1,0.024,600,499
structural_maximin,feature_care_midpoint_interaction,0.05,4,1,0.002,600,499
structural_maximin,feature_care_midpoint_interaction,0.05,5,1,0.004,600,499
structural_maximin,feature_care_midpoint_interaction,0.05,6,1,0.002,600,499
structural_maximin,feature_care_midpoint_interaction,0.05,7,1,0.002,600,499
structural_maximin,feature_care_midpoint_interaction,0.05,8,0,0.086,600,499
structural_maximin,feature_care_midpoint_interaction,0.05,9,1,0.038,600,499
structural_maximin,feature_care_midpoint_interaction,0.05,10,0,0.568,600,499
structural_maximin,feature_care_midpoint_interaction,0.05,11,0,0.102,600,499
structural_maximin,feature_care_midpoint_interaction,0.05,12,0,0.28,600,499
structural_maximin,feature_care_midpoint_interaction,0.05,13,1,0.002,600,499
structural_maximin,feature_care_midpoint_interaction,0.05,14,1,0.018,600,499
structural_maximin,feature_care_midpoint_interaction,0.05,15,1,0.002,600,499
structural_maximin,feature_care_midpoint_interaction,0.05,16,1,0.012,600,499
structural_maximin,feature_care_midpoint_interaction,0.05,17,1,0.018,600,499
structural_maximin,feature_care_midpoint_interaction,0.05,18,0,0.158,600,499
structural_maximin,feature_care_midpoint_interaction,0.05,19,0,0.064,600,499
structural_maximin,feature_care_midpoint_interaction,0.05,20,1,0.002,600,499
structural_maximin,feature_care_midpoint_interaction,0.05,21,1,0.002,600,499
structural_maximin,feature_care_midpoint_interaction,0.05,22,1,0.002,600,499
structural_maximin,feature_care_midpoint_interaction,0.05,23,0,0.058,600,499
structural_maximin,feature_care_midpoint_interaction,0.05,24,1,0.024,600,499
structural_maximin,feature_care_midpoint_interaction,0.05,25,1,0.004,600,499
structural_maximin,feature_care_midpoint_interaction,0.05,26,0,0.312,600,499
structural_maximin,feature_care_midpoint_interaction,0.05,27,1,0.01,600,499
structural_maximin,feature_care_midpoint_interaction,0.05,28,1,0.006,600,499
structural_maximin,feature_care_midpoint_interaction,0.05,29,0,0.062,600,499
structural_maximin,feature_care_midpoint_interaction,0.05,30,1,0.046,600,499
structural_maximin,feature_care_midpoint_interaction,0.05,31,1,0.008,600,499
structural_maximin,feature_care_midpoint_interaction,0.05,32,0,0.074,600,499
structural_maximin,feature_care_midpoint_interaction,0.05,33,0,0.092,600,499
structural_maximin,feature_care_midpoint_interaction,0.05,34,1,0.022,600,499
structural_maximin,feature_care_midpoint_interaction,0.05,35,1,0.034,600,499
structural_maximin,feature_care_midpoint_interaction,0.05,36,1,0.042,600,499
structural_maximin,feature_care_midpoint_interaction,0.05,37,1,0.006,600,499
structural_maximin,feature_care_midpoint_interaction,0.05,38,0,0.094,600,499
structural_maximin,feature_care_midpoint_interaction,0.05,39,1,0.022,600,499
structural_maximin,feature_care_midpoint_interaction,0.05,40,1,0.012,600,499
structural_maximin,feature_care_midpoint_interaction,0.05,41,1,0.008,600,499
structural_maximin,feature_care_midpoint_interaction,0.05,42,1,0.006,600,499
structural_maximin,feature_care_midpoint_interaction,0.05,43,1,0.006,600,499
structural_maximin,feature_care_midpoint_interaction,0.05,44,1,0.002,600,499
structural_maximin,feature_care_midpoint_interaction,0.05,45,1,0.028,600,499
structural_maximin,feature_care_midpoint_interaction,0.05,46,1,0.016,600,499
structural_maximin,feature_care_midpoint_interaction,0.05,47,0,0.33,600,499
structural_maximin,feature_care_midpoint_interaction,0.05,48,1,0.026,600,499
structural_maximin,feature_care_midpoint_interaction,0.05,49,0,0.476,600,499
structural_maximin,feature_care_midpoint_interaction,0.05,50,1,0.046,600,499
structural_maximin,feature_care_midpoint_interaction,0.05,51,0,0.054,600,499
structural_maximin,feature_care_midpoint_interaction,0.05,52,1,0.006,600,499
structural_maximin,feature_care_midpoint_interaction,0.05,53,1,0.002,600,499
structural_maximin,feature_care_midpoint_interaction,0.05,54,1,0.008,600,499
structural_maximin,feature_care_midpoint_interaction,0.05,55,0,0.098,600,499
structural_maximin,feature_care_midpoint_interaction,0.05,56,0,0.332,600,499
structural_maximin,feature_care_midpoint_interaction,0.05,57,1,0.002,600,499
structural_maximin,feature_care_midpoint_interaction,0.05,58,0,0.08,600,499
structural_maximin,feature_care_midpoint_interaction,0.05,59,0,0.078,600,499
structural_maximin,feature_care_midpoint_interaction,0.05,60,1,0.016,600,499
structural_maximin,feature_care_midpoint_interaction,0.05,61,1,0.048,600,499
structural_maximin,feature_care_midpoint_interaction,0.05,62,0,0.054,600,499
structural_maximin,feature_care_midpoint_interaction,0.05,63,0,0.3,600,499
structural_maximin,feature_care_midpoint_interaction,0.05,64,1,0.004,600,499
structural_maximin,feature_care_midpoint_interaction,0.05,65,1,0.002,600,499
structural_maximin,feature_care_midpoint_interaction,0.05,66,1,0.002,600,499
structural_maximin,feature_care_midpoint_interaction,0.05,67,1,0.016,600,499
structural_maximin,feature_care_midpoint_interaction,0.05,68,0,0.076,600,499
structural_maximin,feature_care_midpoint_interaction,0.05,69,1,0.014,600,499
structural_maximin,feature_care_midpoint_interaction,0.05,70,1,0.002,600,499
structural_maximin,feature_care_midpoint_interaction,0.05,71,0,0.122,600,499
structural_maximin,feature_care_midpoint_interaction,0.05,72,0,0.086,600,499
structural_maximin,feature_care_midpoint_interaction,0.05,73,0,0.064,600,499
structural_maximin,feature_care_midpoint_interaction,0.05,74,1,0.004,600,499
structural_maximin,feature_care_midpoint_interaction,0.05,75,0,0.068,600,499
structural_maximin,feature_care_midpoint_interaction,0.05,76,1,0.002,600,499
structural_maximin,feature_care_midpoint_interaction,0.05,77,0,0.116,600,499
structural_maximin,feature_care_midpoint_interaction,0.05,78,1,0.03,600,499
structural_maximin,feature_care_midpoint_interaction,0.05,79,0,0.456,600,499
structural_maximin,feature_care_midpoint_interaction,0.05,80,0,0.534,600,499
structural_maximin,feature_care_midpoint_interaction,0.05,81,1,0.006,600,499
structural_maximin,feature_care_midpoint_interaction,0.05,82,1,0.006,600,499
structural_maximin,feature_care_midpoint_interaction,0.05,83,1,0.008,600,499
structural_maximin,feature_care_midpoint_interaction,0.05,84,1,0.004,600,499
structural_maximin,feature_care_midpoint_interaction,0.05,85,0,0.06,600,499
structural_maximin,feature_care_midpoint_interaction,0.05,86,1,0.002,600,499
structural_maximin,feature_care_midpoint_interaction,0.05,87,0,0.176,600,499
structural_maximin,feature_care_midpoint_interaction,0.05,88,1,0.01,600,499
structural_maximin,feature_care_midpoint_interaction,0.05,89,1,0.006,600,499
structural_maximin,feature_care_midpoint_interaction,0.05,90,1,0.048,600,499
structural_maximin,feature_care_midpoint_interaction,0.05,91,1,0.046,600,499
structural_maximin,feature_care_midpoint_interaction,0.05,92,1,0.028,600,499
structural_maximin,feature_care_midpoint_interaction,0.05,93,0,0.276,600,499
structural_maximin,feature_care_midpoint_interaction,0.05,94,1,0.002,600,499
structural_maximin,feature_care_midpoint_interaction,0.05,95,1,0.016,600,499
structural_maximin,feature_care_midpoint_interaction,0.05,96,0,0.146,600,499
structural_maximin,feature_care_midpoint_interaction,0.05,97,1,0.002,600,499
structural_maximin,feature_care_midpoint_interaction,0.05,98,1,0.022,600,499
structural_maximin,feature_care_midpoint_interaction,0.05,99,1,0.012,600,499
structural_maximin,feature_care_midpoint_interaction,0.05,100,1,0.01,600,499
structural_maximin,feature_care_midpoint_interaction,0.05,101,1,0.002,600,499
structural_maximin,feature_care_midpoint_interaction,0.05,102,1,0.002,600,499
structural_maximin,feature_care_midpoint_interaction,0.05,103,1,0.046,600,499
structural_maximin,feature_care_midpoint_interaction,0.05,104,0,0.516,600,499
structural_maximin,feature_care_midpoint_interaction,0.05,105,1,0.006,600,499
structural_maximin,feature_care_midpoint_interaction,0.05,106,1,0.006,600,499
structural_maximin,feature_care_midpoint_interaction,0.05,107,1,0.024,600,499
structural_maximin,feature_care_midpoint_interaction,0.05,108,0,0.074,600,499
structural_maximin,feature_care_midpoint_interaction,0.05,109,1,0.022,600,499
structural_maximin,feature_care_midpoint_interaction,0.05,110,1,0.044,600,499
structural_maximin,feature_care_midpoint_interaction,0.05,111,1,0.006,600,499
structural_maximin,feature_care_midpoint_interaction,0.05,112,1,0.034,600,499
structural_maximin,feature_care_midpoint_interaction,0.05,113,1,0.008,600,499
structural_maximin,feature_care_midpoint_interaction,0.05,114,1,0.002,600,499
structural_maximin,feature_care_midpoint_interaction,0.05,115,1,0.006,600,499
structural_maximin,feature_care_midpoint_interaction,0.05,116,0,0.17,600,499
structural_maximin,feature_care_midpoint_interaction,0.05,117,0,0.434,600,499
structural_maximin,feature_care_midpoint_interaction,0.05,118,0,0.138,600,499
structural_maximin,feature_care_midpoint_interaction,0.05,119,1,0.004,600,499
structural_maximin,feature_care_midpoint_interaction,0.05,120,0,0.404,600,499
structural_maximin,feature_care_midpoint_interaction,0.05,121,1,0.044,600,499
structural_maximin,feature_care_midpoint_interaction,0.05,122,0,0.244,600,499
structural_maximin,feature_care_midpoint_interaction,0.05,123,0,0.084,600,499
structural_maximin,feature_care_midpoint_interaction,0.05,124,1,0.002,600,499
structural_maximin,feature_care_midpoint_interaction,0.05,125,0,0.248,600,499
structural_maximin,feature_care_midpoint_interaction,0.05,126,0,0.054,600,499
structural_maximin,feature_care_midpoint_interaction,0.05,127,0,0.176,600,499
structural_maximin,feature_care_midpoint_interaction,0.05,128,0,0.104,600,499
structural_maximin,feature_care_midpoint_interaction,0.05,129,1,0.022,600,499
structural_maximin,feature_care_midpoint_interaction,0.05,130,0,0.832,600,499
structural_maximin,feature_care_midpoint_interaction,0.05,131,0,0.294,600,499
structural_maximin,feature_care_midpoint_interaction,0.05,132,0,0.208,600,499
structural_maximin,feature_care_midpoint_interaction,0.05,133,1,0.01,600,499
structural_maximin,feature_care_midpoint_interaction,0.05,134,0,0.084,600,499
structural_maximin,feature_care_midpoint_interaction,0.05,135,1,0.034,600,499
structural_maximin,feature_care_midpoint_interaction,0.05,136,0,0.06,600,499
structural_maximin,feature_care_midpoint_interaction,0.05,137,1,0.006,600,499
structural_maximin,feature_care_midpoint_interaction,0.05,138,1,0.002,600,499
structural_maximin,feature_care_midpoint_interaction,0.05,139,0,0.62,600,499
structural_maximin,feature_care_midpoint_interaction,0.05,140,1,0.014,600,499
structural_maximin,feature_care_midpoint_interaction,0.05,141,1,0.002,600,499
structural_maximin,feature_care_midpoint_interaction,0.05,142,0,0.172,600,499
structural_maximin,feature_care_midpoint_interaction,0.05,143,1,0.002,600,499
structural_maximin,feature_care_midpoint_interaction,0.05,144,1,0.036,600,499
structural_maximin,feature_care_midpoint_interaction,0.05,145,1,0.01,600,499
structural_maximin,feature_care_midpoint_interaction,0.05,146,1,0.042,600,499
structural_maximin,feature_care_midpoint_interaction,0.05,147,1,0.004,600,499
structural_maximin,feature_care_midpoint_interaction,0.05,148,1,0.008,600,499
structural_maximin,feature_care_midpoint_interaction,0.05,149,1,0.048,600,499
structural_maximin,feature_care_midpoint_interaction,0.05,150,1,0.004,600,499
structural_maximin,feature_care_midpoint_interaction,0.05,151,1,0.002,600,499
structural_maximin,feature_care_midpoint_interaction,0.05,152,1,0.01,600,499
structural_maximin,feature_care_midpoint_interaction,0.05,153,1,0.002,600,499
structural_maximin,feature_care_midpoint_interaction,0.05,154,1,0.002,600,499
structural_maximin,feature_care_midpoint_interaction,0.05,155,0,0.268,600,499
structural_maximin,feature_care_midpoint_interaction,0.05,156,1,0.01,600,499
structural_maximin,feature_care_midpoint_interaction,0.05,157,1,0.002,600,499
structural_maximin,feature_care_midpoint_interaction,0.05,158,1,0.006,600,499
structural_maximin,feature_care_midpoint_interaction,0.05,159,0,0.292,600,499
structural_maximin,feature_care_midpoint_interaction,0.05,160,1,0.002,600,499
structural_maximin,feature_care_midpoint_interaction,0.05,161,0,0.056,600,499
structural_maximin,feature_care_midpoint_interaction,0.05,162,0,0.088,600,499
structural_maximin,feature_care_midpoint_interaction,0.05,163,0,0.492,600,499
structural_maximin,feature_care_midpoint_interaction,0.05,164,1,0.024,600,499
structural_maximin,feature_care_midpoint_interaction,0.05,165,1,0.004,600,499
structural_maximin,feature_care_midpoint_interaction,0.05,166,1,0.022,600,499
structural_maximin,feature_care_midpoint_interaction,0.05,167,0,0.104,600,499
structural_maximin,feature_care_midpoint_interaction,0.05,168,0,0.494,600,499
structural_maximin,feature_care_midpoint_interaction,0.05,169,1,0.012,600,499
structural_maximin,feature_care_midpoint_interaction,0.05,170,1,0.01,600,499
structural_maximin,feature_care_midpoint_interaction,0.05,171,1,0.002,600,499
structural_maximin,feature_care_midpoint_interaction,0.05,172,1,0.008,600,499
structural_maximin,feature_care_midpoint_interaction,0.05,173,1,0.002,600,499
structural_maximin,feature_care_midpoint_interaction,0.05,174,1,0.036,600,499
structural_maximin,feature_care_midpoint_interaction,0.05,175,0,0.058,600,499
structural_maximin,feature_care_midpoint_interaction,0.05,176,0,0.38,600,499
structural_maximin,feature_care_midpoint_interaction,0.05,177,1,0.004,600,499
structural_maximin,feature_care_midpoint_interaction,0.05,178,0,0.214,600,499
structural_maximin,feature_care_midpoint_interaction,0.05,179,1,0.016,600,499
structural_maximin,feature_care_midpoint_interaction,0.05,180,0,0.158,600,499
structural_maximin,feature_care_midpoint_interaction,0.05,181,1,0.048,600,499
structural_maximin,feature_care_midpoint_interaction,0.05,182,1,0.024,600,499
structural_maximin,feature_care_midpoint_interaction,0.05,183,1,0.002,600,499
structural_maximin,feature_care_midpoint_interaction,0.05,184,1,0.016,600,499
structural_maximin,feature_care_midpoint_interaction,0.05,185,1,0.004,600,499
structural_maximin,feature_care_midpoint_interaction,0.05,186,1,0.008,600,499
structural_maximin,feature_care_midpoint_interaction,0.05,187,0,0.314,600,499
structural_maximin,feature_care_midpoint_interaction,0.05,188,0,0.054,600,499
structural_maximin,feature_care_midpoint_interaction,0.05,189,1,0.002,600,499
structural_maximin,feature_care_midpoint_interaction,0.05,190,1,0.002,600,499
structural_maximin,feature_care_midpoint_interaction,0.05,191,0,0.408,600,499
structural_maximin,feature_care_midpoint_interaction,0.05,192,0,0.082,600,499
structural_maximin,feature_care_midpoint_interaction,0.05,193,0,0.16,600,499
structural_maximin,feature_care_midpoint_interaction,0.05,194,1,0.002,600,499
structural_maximin,feature_care_midpoint_interaction,0.05,195,1,0.004,600,499
structural_maximin,feature_care_midpoint_interaction,0.05,196,1,0.002,600,499
structural_maximin,feature_care_midpoint_interaction,0.05,197,1,0.02,600,499
structural_maximin,feature_care_midpoint_interaction,0.05,198,1,0.002,600,499
structural_maximin,feature_care_midpoint_interaction,0.05,199,0,0.548,600,499
structural_maximin,feature_intelligence_cloud_interaction,0.05,0,1,0.002,600,499
structural_maximin,feature_intelligence_cloud_interaction,0.05,1,1,0.002,600,499
structural_maximin,feature_intelligence_cloud_interaction,0.05,2,1,0.002,600,499
structural_maximin,feature_intelligence_cloud_interaction,0.05,3,1,0.002,600,499
structural_maximin,feature_intelligence_cloud_interaction,0.05,4,1,0.002,600,499
structural_maximin,feature_intelligence_cloud_interaction,0.05,5,1,0.002,600,499
structural_maximin,feature_intelligence_cloud_interaction,0.05,6,1,0.002,600,499
structural_maximin,feature_intelligence_cloud_interaction,0.05,7,1,0.002,600,499
structural_maximin,feature_intelligence_cloud_interaction,0.05,8,1,0.002,600,499
structural_maximin,feature_intelligence_cloud_interaction,0.05,9,1,0.002,600,499
structural_maximin,feature_intelligence_cloud_interaction,0.05,10,1,0.002,600,499
structural_maximin,feature_intelligence_cloud_interaction,0.05,11,1,0.002,600,499
structural_maximin,feature_intelligence_cloud_interaction,0.05,12,1,0.002,600,499
structural_maximin,feature_intelligence_cloud_interaction,0.05,13,1,0.002,600,499
structural_maximin,feature_intelligence_cloud_interaction,0.05,14,1,0.002,600,499
structural_maximin,feature_intelligence_cloud_interaction,0.05,15,1,0.002,600,499
structural_maximin,feature_intelligence_cloud_interaction,0.05,16,1,0.002,600,499
structural_maximin,feature_intelligence_cloud_interaction,0.05,17,1,0.002,600,499
structural_maximin,feature_intelligence_cloud_interaction,0.05,18,1,0.002,600,499
structural_maximin,feature_intelligence_cloud_interaction,0.05,19,1,0.002,600,499
structural_maximin,feature_intelligence_cloud_interaction,0.05,20,1,0.002,600,499
structural_maximin,feature_intelligence_cloud_interaction,0.05,21,1,0.002,600,499
structural_maximin,feature_intelligence_cloud_interaction,0.05,22,1,0.002,600,499
structural_maximin,feature_intelligence_cloud_interaction,0.05,23,1,0.002,600,499
structural_maximin,feature_intelligence_cloud_interaction,0.05,24,1,0.002,600,499
structural_maximin,feature_intelligence_cloud_interaction,0.05,25,1,0.002,600,499
structural_maximin,feature_intelligence_cloud_interaction,0.05,26,1,0.002,600,499
structural_maximin,feature_intelligence_cloud_interaction,0.05,27,1,0.002,600,499
structural_maximin,feature_intelligence_cloud_interaction,0.05,28,1,0.002,600,499
structural_maximin,feature_intelligence_cloud_interaction,0.05,29,1,0.002,600,499
structural_maximin,feature_intelligence_cloud_interaction,0.05,30,1,0.002,600,499
structural_maximin,feature_intelligence_cloud_interaction,0.05,31,1,0.002,600,499
structural_maximin,feature_intelligence_cloud_interaction,0.05,32,1,0.002,600,499
structural_maximin,feature_intelligence_cloud_interaction,0.05,33,1,0.002,600,499
structural_maximin,feature_intelligence_cloud_interaction,0.05,34,1,0.002,600,499
structural_maximin,feature_intelligence_cloud_interaction,0.05,35,1,0.002,600,499
structural_maximin,feature_intelligence_cloud_interaction,0.05,36,1,0.002,600,499
structural_maximin,feature_intelligence_cloud_interaction,0.05,37,1,0.002,600,499
structural_maximin,feature_intelligence_cloud_interaction,0.05,38,1,0.002,600,499
structural_maximin,feature_intelligence_cloud_interaction,0.05,39,1,0.002,600,499
structural_maximin,feature_intelligence_cloud_interaction,0.05,40,1,0.002,600,499
structural_maximin,feature_intelligence_cloud_interaction,0.05,41,1,0.002,600,499
structural_maximin,feature_intelligence_cloud_interaction,0.05,42,1,0.002,600,499
structural_maximin,feature_intelligence_cloud_interaction,0.05,43,1,0.002,600,499
structural_maximin,feature_intelligence_cloud_interaction,0.05,44,1,0.002,600,499
structural_maximin,feature_intelligence_cloud_interaction,0.05,45,1,0.002,600,499
structural_maximin,feature_intelligence_cloud_interaction,0.05,46,1,0.002,600,499
structural_maximin,feature_intelligence_cloud_interaction,0.05,47,1,0.002,600,499
structural_maximin,feature_intelligence_cloud_interaction,0.05,48,1,0.002,600,499
structural_maximin,feature_intelligence_cloud_interaction,0.05,49,1,0.002,600,499
structural_maximin,feature_intelligence_cloud_interaction,0.05,50,1,0.002,600,499
structural_maximin,feature_intelligence_cloud_interaction,0.05,51,1,0.002,600,499
structural_maximin,feature_intelligence_cloud_interaction,0.05,52,1,0.002,600,499
structural_maximin,feature_intelligence_cloud_interaction,0.05,53,1,0.002,600,499
structural_maximin,feature_intelligence_cloud_interaction,0.05,54,1,0.002,600,499
structural_maximin,feature_intelligence_cloud_interaction,0.05,55,1,0.002,600,499
structural_maximin,feature_intelligence_cloud_interaction,0.05,56,1,0.002,600,499
structural_maximin,feature_intelligence_cloud_interaction,0.05,57,1,0.002,600,499
structural_maximin,feature_intelligence_cloud_interaction,0.05,58,1,0.002,600,499
structural_maximin,feature_intelligence_cloud_interaction,0.05,59,1,0.002,600,499
structural_maximin,feature_intelligence_cloud_interaction,0.05,60,1,0.002,600,499
structural_maximin,feature_intelligence_cloud_interaction,0.05,61,1,0.002,600,499
structural_maximin,feature_intelligence_cloud_interaction,0.05,62,1,0.002,600,499
structural_maximin,feature_intelligence_cloud_interaction,0.05,63,1,0.002,600,499
structural_maximin,feature_intelligence_cloud_interaction,0.05,64,1,0.002,600,499
structural_maximin,feature_intelligence_cloud_interaction,0.05,65,1,0.002,600,499
structural_maximin,feature_intelligence_cloud_interaction,0.05,66,1,0.002,600,499
structural_maximin,feature_intelligence_cloud_interaction,0.05,67,1,0.002,600,499
structural_maximin,feature_intelligence_cloud_interaction,0.05,68,1,0.002,600,499
structural_maximin,feature_intelligence_cloud_interaction,0.05,69,1,0.002,600,499
structural_maximin,feature_intelligence_cloud_interaction,0.05,70,1,0.002,600,499
structural_maximin,feature_intelligence_cloud_interaction,0.05,71,1,0.002,600,499
structural_maximin,feature_intelligence_cloud_interaction,0.05,72,1,0.002,600,499
structural_maximin,feature_intelligence_cloud_interaction,0.05,73,1,0.002,600,499
structural_maximin,feature_intelligence_cloud_interaction,0.05,74,1,0.002,600,499
structural_maximin,feature_intelligence_cloud_interaction,0.05,75,1,0.002,600,499
structural_maximin,feature_intelligence_cloud_interaction,0.05,76,1,0.002,600,499
structural_maximin,feature_intelligence_cloud_interaction,0.05,77,1,0.002,600,499
structural_maximin,feature_intelligence_cloud_interaction,0.05,78,1,0.002,600,499
structural_maximin,feature_intelligence_cloud_interaction,0.05,79,1,0.002,600,499
structural_maximin,feature_intelligence_cloud_interaction,0.05,80,1,0.002,600,499
structural_maximin,feature_intelligence_cloud_interaction,0.05,81,1,0.002,600,499
structural_maximin,feature_intelligence_cloud_interaction,0.05,82,1,0.002,600,499
structural_maximin,feature_intelligence_cloud_interaction,0.05,83,1,0.002,600,499
structural_maximin,feature_intelligence_cloud_interaction,0.05,84,1,0.002,600,499
structural_maximin,feature_intelligence_cloud_interaction,0.05,85,1,0.002,600,499
structural_maximin,feature_intelligence_cloud_interaction,0.05,86,1,0.002,600,499
structural_maximin,feature_intelligence_cloud_interaction,0.05,87,1,0.002,600,499
structural_maximin,feature_intelligence_cloud_interaction,0.05,88,1,0.002,600,499
structural_maximin,feature_intelligence_cloud_interaction,0.05,89,1,0.002,600,499
structural_maximin,feature_intelligence_cloud_interaction,0.05,90,1,0.002,600,499
structural_maximin,feature_intelligence_cloud_interaction,0.05,91,1,0.002,600,499
structural_maximin,feature_intelligence_cloud_interaction,0.05,92,1,0.002,600,499
structural_maximin,feature_intelligence_cloud_interaction,0.05,93,1,0.002,600,499
structural_maximin,feature_intelligence_cloud_interaction,0.05,94,1,0.002,600,499
structural_maximin,feature_intelligence_cloud_interaction,0.05,95,1,0.002,600,499
structural_maximin,feature_intelligence_cloud_interaction,0.05,96,1,0.002,600,499
structural_maximin,feature_intelligence_cloud_interaction,0.05,97,1,0.002,600,499
structural_maximin,feature_intelligence_cloud_interaction,0.05,98,1,0.002,600,499
structural_maximin,feature_intelligence_cloud_interaction,0.05,99,1,0.002,600,499
structural_maximin,feature_intelligence_cloud_interaction,0.05,100,1,0.002,600,499
structural_maximin,feature_intelligence_cloud_interaction,0.05,101,1,0.002,600,499
structural_maximin,feature_intelligence_cloud_interaction,0.05,102,1,0.002,600,499
structural_maximin,feature_intelligence_cloud_interaction,0.05,103,1,0.002,600,499
structural_maximin,feature_intelligence_cloud_interaction,0.05,104,1,0.002,600,499
structural_maximin,feature_intelligence_cloud_interaction,0.05,105,1,0.002,600,499
structural_maximin,feature_intelligence_cloud_interaction,0.05,106,1,0.002,600,499
structural_maximin,feature_intelligence_cloud_interaction,0.05,107,1,0.002,600,499
structural_maximin,feature_intelligence_cloud_interaction,0.05,108,1,0.002,600,499
structural_maximin,feature_intelligence_cloud_interaction,0.05,109,1,0.002,600,499
structural_maximin,feature_intelligence_cloud_interaction,0.05,110,1,0.002,600,499
structural_maximin,feature_intelligence_cloud_interaction,0.05,111,1,0.002,600,499
structural_maximin,feature_intelligence_cloud_interaction,0.05,112,1,0.002,600,499
structural_maximin,feature_intelligence_cloud_interaction,0.05,113,1,0.002,600,499
structural_maximin,feature_intelligence_cloud_interaction,0.05,114,1,0.002,600,499
structural_maximin,feature_intelligence_cloud_interaction,0.05,115,1,0.002,600,499
structural_maximin,feature_intelligence_cloud_interaction,0.05,116,1,0.002,600,499
structural_maximin,feature_intelligence_cloud_interaction,0.05,117,1,0.002,600,499
structural_maximin,feature_intelligence_cloud_interaction,0.05,118,1,0.002,600,499
structural_maximin,feature_intelligence_cloud_interaction,0.05,119,1,0.002,600,499
structural_maximin,feature_intelligence_cloud_interaction,0.05,120,1,0.002,600,499
structural_maximin,feature_intelligence_cloud_interaction,0.05,121,1,0.002,600,499
structural_maximin,feature_intelligence_cloud_interaction,0.05,122,1,0.002,600,499
structural_maximin,feature_intelligence_cloud_interaction,0.05,123,1,0.002,600,499
structural_maximin,feature_intelligence_cloud_interaction,0.05,124,1,0.002,600,499
structural_maximin,feature_intelligence_cloud_interaction,0.05,125,1,0.002,600,499
structural_maximin,feature_intelligence_cloud_interaction,0.05,126,1,0.002,600,499
structural_maximin,feature_intelligence_cloud_interaction,0.05,127,1,0.002,600,499
structural_maximin,feature_intelligence_cloud_interaction,0.05,128,1,0.002,600,499
structural_maximin,feature_intelligence_cloud_interaction,0.05,129,1,0.002,600,499
structural_maximin,feature_intelligence_cloud_interaction,0.05,130,1,0.002,600,499
structural_maximin,feature_intelligence_cloud_interaction,0.05,131,1,0.002,600,499
structural_maximin,feature_intelligence_cloud_interaction,0.05,132,1,0.002,600,499
structural_maximin,feature_intelligence_cloud_interaction,0.05,133,1,0.002,600,499
structural_maximin,feature_intelligence_cloud_interaction,0.05,134,1,0.002,600,499
structural_maximin,feature_intelligence_cloud_interaction,0.05,135,1,0.002,600,499
structural_maximin,feature_intelligence_cloud_interaction,0.05,136,1,0.002,600,499
structural_maximin,feature_intelligence_cloud_interaction,0.05,137,1,0.002,600,499
structural_maximin,feature_intelligence_cloud_interaction,0.05,138,1,0.002,600,499
structural_maximin,feature_intelligence_cloud_interaction,0.05,139,1,0.002,600,499
structural_maximin,feature_intelligence_cloud_interaction,0.05,140,1,0.002,600,499
structural_maximin,feature_intelligence_cloud_interaction,0.05,141,1,0.002,600,499
structural_maximin,feature_intelligence_cloud_interaction,0.05,142,1,0.002,600,499
structural_maximin,feature_intelligence_cloud_interaction,0.05,143,1,0.002,600,499
structural_maximin,feature_intelligence_cloud_interaction,0.05,144,1,0.002,600,499
structural_maximin,feature_intelligence_cloud_interaction,0.05,145,1,0.002,600,499
structural_maximin,feature_intelligence_cloud_interaction,0.05,146,1,0.002,600,499
structural_maximin,feature_intelligence_cloud_interaction,0.05,147,1,0.002,600,499
structural_maximin,feature_intelligence_cloud_interaction,0.05,148,1,0.002,600,499
structural_maximin,feature_intelligence_cloud_interaction,0.05,149,1,0.002,600,499
structural_maximin,feature_intelligence_cloud_interaction,0.05,150,1,0.002,600,499
structural_maximin,feature_intelligence_cloud_interaction,0.05,151,1,0.002,600,499
structural_maximin,feature_intelligence_cloud_interaction,0.05,152,1,0.002,600,499
structural_maximin,feature_intelligence_cloud_interaction,0.05,153,1,0.002,600,499
structural_maximin,feature_intelligence_cloud_interaction,0.05,154,1,0.002,600,499
structural_maximin,feature_intelligence_cloud_interaction,0.05,155,1,0.002,600,499
structural_maximin,feature_intelligence_cloud_interaction,0.05,156,1,0.002,600,499
structural_maximin,feature_intelligence_cloud_interaction,0.05,157,1,0.002,600,499
structural_maximin,feature_intelligence_cloud_interaction,0.05,158,1,0.002,600,499
structural_maximin,feature_intelligence_cloud_interaction,0.05,159,1,0.002,600,499
structural_maximin,feature_intelligence_cloud_interaction,0.05,160,1,0.002,600,499
structural_maximin,feature_intelligence_cloud_interaction,0.05,161,1,0.002,600,499
structural_maximin,feature_intelligence_cloud_interaction,0.05,162,1,0.002,600,499
structural_maximin,feature_intelligence_cloud_interaction,0.05,163,1,0.002,600,499
structural_maximin,feature_intelligence_cloud_interaction,0.05,164,1,0.002,600,499
structural_maximin,feature_intelligence_cloud_interaction,0.05,165,1,0.002,600,499
structural_maximin,feature_intelligence_cloud_interaction,0.05,166,1,0.002,600,499
structural_maximin,feature_intelligence_cloud_interaction,0.05,167,1,0.002,600,499
structural_maximin,feature_intelligence_cloud_interaction,0.05,168,1,0.002,600,499
structural_maximin,feature_intelligence_cloud_interaction,0.05,169,1,0.002,600,499
structural_maximin,feature_intelligence_cloud_interaction,0.05,170,1,0.002,600,499
structural_maximin,feature_intelligence_cloud_interaction,0.05,171,1,0.002,600,499
structural_maximin,feature_intelligence_cloud_interaction,0.05,172,1,0.002,600,499
structural_maximin,feature_intelligence_cloud_interaction,0.05,173,1,0.002,600,499
structural_maximin,feature_intelligence_cloud_interaction,0.05,174,1,0.002,600,499
structural_maximin,feature_intelligence_cloud_interaction,0.05,175,1,0.002,600,499
structural_maximin,feature_intelligence_cloud_interaction,0.05,176,1,0.002,600,499
structural_maximin,feature_intelligence_cloud_interaction,0.05,177,1,0.002,600,499
structural_maximin,feature_intelligence_cloud_interaction,0.05,178,1,0.002,600,499
structural_maximin,feature_intelligence_cloud_interaction,0.05,179,1,0.002,600,499
structural_maximin,feature_intelligence_cloud_interaction,0.05,180,1,0.002,600,499
structural_maximin,feature_intelligence_cloud_interaction,0.05,181,1,0.002,600,499
structural_maximin,feature_intelligence_cloud_interaction,0.05,182,1,0.002,600,499
structural_maximin,feature_intelligence_cloud_interaction,0.05,183,1,0.002,600,499
structural_maximin,feature_intelligence_cloud_interaction,0.05,184,1,0.002,600,499
structural_maximin,feature_intelligence_cloud_interaction,0.05,185,1,0.002,600,499
structural_maximin,feature_intelligence_cloud_interaction,0.05,186,1,0.002,600,499
structural_maximin,feature_intelligence_cloud_interaction,0.05,187,1,0.002,600,499
structural_maximin,feature_intelligence_cloud_interaction,0.05,188,1,0.002,600,499
structural_maximin,feature_intelligence_cloud_interaction,0.05,189,1,0.002,600,499
structural_maximin,feature_intelligence_cloud_interaction,0.05,190,1,0.002,600,499
structural_maximin,feature_intelligence_cloud_interaction,0.05,191,1,0.002,600,499
structural_maximin,feature_intelligence_cloud_interaction,0.05,192,1,0.002,600,499
structural_maximin,feature_intelligence_cloud_interaction,0.05,193,1,0.002,600,499
structural_maximin,feature_intelligence_cloud_interaction,0.05,194,1,0.002,600,499
structural_maximin,feature_intelligence_cloud_interaction,0.05,195,1,0.002,600,499
structural_maximin,feature_intelligence_cloud_interaction,0.05,196,1,0.002,600,499
structural_maximin,feature_intelligence_cloud_interaction,0.05,197,1,0.002,600,499
structural_maximin,feature_intelligence_cloud_interaction,0.05,198,1,0.002,600,499
structural_maximin,feature_intelligence_cloud_interaction,0.05,199,1,0.002,600,499
structural_maximin,random_0,0.05,0,1,0.002,600,499
structural_maximin,random_0,0.05,1,1,0.002,600,499
structural_maximin,random_0,0.05,2,1,0.002,600,499
structural_maximin,random_0,0.05,3,1,0.002,600,499
structural_maximin,random_0,0.05,4,1,0.002,600,499
structural_maximin,random_0,0.05,5,1,0.002,600,499
structural_maximin,random_0,0.05,6,1,0.002,600,499
structural_maximin,random_0,0.05,7,1,0.002,600,499
structural_maximin,random_0,0.05,8,1,0.002,600,499
structural_maximin,random_0,0.05,9,1,0.002,600,499
structural_maximin,random_0,0.05,10,1,0.002,600,499
structural_maximin,random_0,0.05,11,1,0.002,600,499
structural_maximin,random_0,0.05,12,1,0.002,600,499
structural_maximin,random_0,0.05,13,1,0.002,600,499
structural_maximin,random_0,0.05,14,1,0.002,600,499
structural_maximin,random_0,0.05,15,1,0.002,600,499
structural_maximin,random_0,0.05,16,1,0.002,600,499
structural_maximin,random_0,0.05,17,1,0.002,600,499
structural_maximin,random_0,0.05,18,1,0.002,600,499
structural_maximin,random_0,0.05,19,1,0.002,600,499
structural_maximin,random_0,0.05,20,1,0.002,600,499
structural_maximin,random_0,0.05,21,1,0.002,600,499
structural_maximin,random_0,0.05,22,1,0.002,600,499
structural_maximin,random_0,0.05,23,1,0.002,600,499
structural_maximin,random_0,0.05,24,1,0.002,600,499
structural_maximin,random_0,0.05,25,1,0.002,600,499
structural_maximin,random_0,0.05,26,1,0.002,600,499
structural_maximin,random_0,0.05,27,1,0.002,600,499
structural_maximin,random_0,0.05,28,1,0.002,600,499
structural_maximin,random_0,0.05,29,1,0.002,600,499
structural_maximin,random_0,0.05,30,1,0.002,600,499
structural_maximin,random_0,0.05,31,1,0.002,600,499
structural_maximin,random_0,0.05,32,1,0.002,600,499
structural_maximin,random_0,0.05,33,1,0.002,600,499
structural_maximin,random_0,0.05,34,1,0.002,600,499
structural_maximin,random_0,0.05,35,1,0.002,600,499
structural_maximin,random_0,0.05,36,1,0.002,600,499
structural_maximin,random_0,0.05,37,1,0.002,600,499
structural_maximin,random_0,0.05,38,1,0.002,600,499
structural_maximin,random_0,0.05,39,1,0.002,600,499
structural_maximin,random_0,0.05,40,1,0.002,600,499
structural_maximin,random_0,0.05,41,1,0.002,600,499
structural_maximin,random_0,0.05,42,1,0.002,600,499
structural_maximin,random_0,0.05,43,1,0.002,600,499
structural_maximin,random_0,0.05,44,1,0.002,600,499
structural_maximin,random_0,0.05,45,1,0.002,600,499
structural_maximin,random_0,0.05,46,1,0.002,600,499
structural_maximin,random_0,0.05,47,1,0.002,600,499
structural_maximin,random_0,0.05,48,1,0.002,600,499
structural_maximin,random_0,0.05,49,1,0.002,600,499
structural_maximin,random_0,0.05,50,1,0.002,600,499
structural_maximin,random_0,0.05,51,1,0.002,600,499
structural_maximin,random_0,0.05,52,1,0.002,600,499
structural_maximin,random_0,0.05,53,1,0.002,600,499
structural_maximin,random_0,0.05,54,1,0.002,600,499
structural_maximin,random_0,0.05,55,1,0.002,600,499
structural_maximin,random_0,0.05,56,1,0.002,600,499
structural_maximin,random_0,0.05,57,1,0.002,600,499
structural_maximin,random_0,0.05,58,1,0.002,600,499
structural_maximin,random_0,0.05,59,1,0.002,600,499
structural_maximin,random_0,0.05,60,1,0.002,600,499
structural_maximin,random_0,0.05,61,1,0.002,600,499
structural_maximin,random_0,0.05,62,1,0.002,600,499
structural_maximin,random_0,0.05,63,1,0.002,600,499
structural_maximin,random_0,0.05,64,1,0.002,600,499
structural_maximin,random_0,0.05,65,1,0.002,600,499
structural_maximin,random_0,0.05,66,1,0.002,600,499
structural_maximin,random_0,0.05,67,1,0.002,600,499
structural_maximin,random_0,0.05,68,1,0.002,600,499
structural_maximin,random_0,0.05,69,1,0.002,600,499
structural_maximin,random_0,0.05,70,1,0.002,600,499
structural_maximin,random_0,0.05,71,1,0.002,600,499
structural_maximin,random_0,0.05,72,1,0.002,600,499
structural_maximin,random_0,0.05,73,1,0.002,600,499
structural_maximin,random_0,0.05,74,1,0.002,600,499
structural_maximin,random_0,0.05,75,1,0.002,600,499
structural_maximin,random_0,0.05,76,1,0.002,600,499
structural_maximin,random_0,0.05,77,1,0.002,600,499
structural_maximin,random_0,0.05,78,1,0.002,600,499
structural_maximin,random_0,0.05,79,1,0.002,600,499
structural_maximin,random_0,0.05,80,1,0.002,600,499
structural_maximin,random_0,0.05,81,1,0.002,600,499
structural_maximin,random_0,0.05,82,1,0.002,600,499
structural_maximin,random_0,0.05,83,1,0.002,600,499
structural_maximin,random_0,0.05,84,1,0.002,600,499
structural_maximin,random_0,0.05,85,1,0.002,600,499
structural_maximin,random_0,0.05,86,1,0.002,600,499
structural_maximin,random_0,0.05,87,1,0.002,600,499
structural_maximin,random_0,0.05,88,1,0.002,600,499
structural_maximin,random_0,0.05,89,1,0.002,600,499
structural_maximin,random_0,0.05,90,1,0.002,600,499
structural_maximin,random_0,0.05,91,1,0.002,600,499
structural_maximin,random_0,0.05,92,1,0.002,600,499
structural_maximin,random_0,0.05,93,1,0.002,600,499
structural_maximin,random_0,0.05,94,1,0.002,600,499
structural_maximin,random_0,0.05,95,1,0.002,600,499
structural_maximin,random_0,0.05,96,1,0.002,600,499
structural_maximin,random_0,0.05,97,1,0.002,600,499
structural_maximin,random_0,0.05,98,1,0.002,600,499
structural_maximin,random_0,0.05,99,1,0.002,600,499
structural_maximin,random_0,0.05,100,1,0.002,600,499
structural_maximin,random_0,0.05,101,1,0.002,600,499
structural_maximin,random_0,0.05,102,1,0.002,600,499
structural_maximin,random_0,0.05,103,1,0.002,600,499
structural_maximin,random_0,0.05,104,1,0.002,600,499
structural_maximin,random_0,0.05,105,1,0.002,600,499
structural_maximin,random_0,0.05,106,1,0.002,600,499
structural_maximin,random_0,0.05,107,1,0.002,600,499
structural_maximin,random_0,0.05,108,1,0.002,600,499
structural_maximin,random_0,0.05,109,1,0.002,600,499
structural_maximin,random_0,0.05,110,1,0.002,600,499
structural_maximin,random_0,0.05,111,1,0.002,600,499
structural_maximin,random_0,0.05,112,1,0.002,600,499
structural_maximin,random_0,0.05,113,1,0.002,600,499
structural_maximin,random_0,0.05,114,1,0.002,600,499
structural_maximin,random_0,0.05,115,1,0.002,600,499
structural_maximin,random_0,0.05,116,1,0.002,600,499
structural_maximin,random_0,0.05,117,1,0.002,600,499
structural_maximin,random_0,0.05,118,1,0.002,600,499
structural_maximin,random_0,0.05,119,1,0.002,600,499
structural_maximin,random_0,0.05,120,1,0.002,600,499
structural_maximin,random_0,0.05,121,1,0.002,600,499
structural_maximin,random_0,0.05,122,1,0.002,600,499
structural_maximin,random_0,0.05,123,1,0.002,600,499
structural_maximin,random_0,0.05,124,1,0.002,600,499
structural_maximin,random_0,0.05,125,1,0.002,600,499
structural_maximin,random_0,0.05,126,1,0.002,600,499
structural_maximin,random_0,0.05,127,1,0.002,600,499
structural_maximin,random_0,0.05,128,1,0.002,600,499
structural_maximin,random_0,0.05,129,1,0.002,600,499
structural_maximin,random_0,0.05,130,1,0.002,600,499
structural_maximin,random_0,0.05,131,1,0.002,600,499
structural_maximin,random_0,0.05,132,1,0.002,600,499
structural_maximin,random_0,0.05,133,1,0.002,600,499
structural_maximin,random_0,0.05,134,1,0.002,600,499
structural_maximin,random_0,0.05,135,1,0.002,600,499
structural_maximin,random_0,0.05,136,1,0.002,600,499
structural_maximin,random_0,0.05,137,1,0.002,600,499
structural_maximin,random_0,0.05,138,1,0.002,600,499
structural_maximin,random_0,0.05,139,1,0.002,600,499
structural_maximin,random_0,0.05,140,1,0.002,600,499
structural_maximin,random_0,0.05,141,1,0.002,600,499
structural_maximin,random_0,0.05,142,1,0.002,600,499
structural_maximin,random_0,0.05,143,1,0.002,600,499
structural_maximin,random_0,0.05,144,1,0.002,600,499
structural_maximin,random_0,0.05,145,1,0.002,600,499
structural_maximin,random_0,0.05,146,1,0.002,600,499
structural_maximin,random_0,0.05,147,1,0.002,600,499
structural_maximin,random_0,0.05,148,1,0.002,600,499
structural_maximin,random_0,0.05,149,1,0.002,600,499
structural_maximin,random_0,0.05,150,1,0.002,600,499
structural_maximin,random_0,0.05,151,1,0.002,600,499
structural_maximin,random_0,0.05,152,1,0.002,600,499
structural_maximin,random_0,0.05,153,1,0.002,600,499
structural_maximin,random_0,0.05,154,1,0.002,600,499
structural_maximin,random_0,0.05,155,1,0.002,600,499
structural_maximin,random_0,0.05,156,1,0.002,600,499
structural_maximin,random_0,0.05,157,1,0.002,600,499
structural_maximin,random_0,0.05,158,1,0.002,600,499
structural_maximin,random_0,0.05,159,1,0.002,600,499
structural_maximin,random_0,0.05,160,1,0.002,600,499
structural_maximin,random_0,0.05,161,1,0.002,600,499
structural_maximin,random_0,0.05,162,1,0.002,600,499
structural_maximin,random_0,0.05,163,1,0.002,600,499
structural_maximin,random_0,0.05,164,1,0.002,600,499
structural_maximin,random_0,0.05,165,1,0.002,600,499
structural_maximin,random_0,0.05,166,1,0.002,600,499
structural_maximin,random_0,0.05,167,1,0.002,600,499
structural_maximin,random_0,0.05,168,1,0.002,600,499
structural_maximin,random_0,0.05,169,1,0.002,600,499
structural_maximin,random_0,0.05,170,1,0.002,600,499
structural_maximin,random_0,0.05,171,1,0.002,600,499
structural_maximin,random_0,0.05,172,1,0.002,600,499
structural_maximin,random_0,0.05,173,1,0.002,600,499
structural_maximin,random_0,0.05,174,1,0.002,600,499
structural_maximin,random_0,0.05,175,1,0.002,600,499
structural_maximin,random_0,0.05,176,1,0.008,600,499
structural_maximin,random_0,0.05,177,1,0.002,600,499
structural_maximin,random_0,0.05,178,1,0.002,600,499
structural_maximin,random_0,0.05,179,1,0.002,600,499
structural_maximin,random_0,0.05,180,1,0.002,600,499
structural_maximin,random_0,0.05,181,1,0.002,600,499
structural_maximin,random_0,0.05,182,1,0.002,600,499
structural_maximin,random_0,0.05,183,1,0.002,600,499
structural_maximin,random_0,0.05,184,1,0.002,600,499
structural_maximin,random_0,0.05,185,1,0.002,600,499
structural_maximin,random_0,0.05,186,1,0.002,600,499
structural_maximin,random_0,0.05,187,1,0.002,600,499
structural_maximin,random_0,0.05,188,1,0.002,600,499
structural_maximin,random_0,0.05,189,1,0.002,600,499
structural_maximin,random_0,0.05,190,1,0.002,600,499
structural_maximin,random_0,0.05,191,1,0.002,600,499
structural_maximin,random_0,0.05,192,1,0.002,600,499
structural_maximin,random_0,0.05,193,1,0.002,600,499
structural_maximin,random_0,0.05,194,1,0.002,600,499
structural_maximin,random_0,0.05,195,1,0.002,600,499
structural_maximin,random_0,0.05,196,1,0.002,600,499
structural_maximin,random_0,0.05,197,1,0.002,600,499
structural_maximin,random_0,0.05,198,1,0.002,600,499
structural_maximin,random_0,0.05,199,1,0.002,600,499
structural_maximin,random_1,0.05,0,1,0.002,600,499
structural_maximin,random_1,0.05,1,1,0.002,600,499
structural_maximin,random_1,0.05,2,1,0.002,600,499
structural_maximin,random_1,0.05,3,1,0.002,600,499
structural_maximin,random_1,0.05,4,1,0.002,600,499
structural_maximin,random_1,0.05,5,1,0.002,600,499
structural_maximin,random_1,0.05,6,1,0.002,600,499
structural_maximin,random_1,0.05,7,1,0.002,600,499
structural_maximin,random_1,0.05,8,1,0.002,600,499
structural_maximin,random_1,0.05,9,1,0.002,600,499
structural_maximin,random_1,0.05,10,1,0.002,600,499
structural_maximin,random_1,0.05,11,1,0.002,600,499
structural_maximin,random_1,0.05,12,1,0.002,600,499
structural_maximin,random_1,0.05,13,1,0.002,600,499
structural_maximin,random_1,0.05,14,1,0.002,600,499
structural_maximin,random_1,0.05,15,1,0.002,600,499
structural_maximin,random_1,0.05,16,1,0.002,600,499
structural_maximin,random_1,0.05,17,1,0.002,600,499
structural_maximin,random_1,0.05,18,1,0.002,600,499
structural_maximin,random_1,0.05,19,1,0.002,600,499
structural_maximin,random_1,0.05,20,1,0.002,600,499
structural_maximin,random_1,0.05,21,1,0.002,600,499
structural_maximin,random_1,0.05,22,1,0.002,600,499
structural_maximin,random_1,0.05,23,1,0.002,600,499
structural_maximin,random_1,0.05,24,1,0.002,600,499
structural_maximin,random_1,0.05,25,1,0.002,600,499
structural_maximin,random_1,0.05,26,1,0.002,600,499
structural_maximin,random_1,0.05,27,1,0.002,600,499
structural_maximin,random_1,0.05,28,1,0.002,600,499
structural_maximin,random_1,0.05,29,1,0.002,600,499
structural_maximin,random_1,0.05,30,1,0.002,600,499
structural_maximin,random_1,0.05,31,1,0.002,600,499
structural_maximin,random_1,0.05,32,1,0.002,600,499
structural_maximin,random_1,0.05,33,1,0.002,600,499
structural_maximin,random_1,0.05,34,1,0.002,600,499
structural_maximin,random_1,0.05,35,1,0.002,600,499
structural_maximin,random_1,0.05,36,1,0.002,600,499
structural_maximin,random_1,0.05,37,1,0.002,600,499
structural_maximin,random_1,0.05,38,1,0.002,600,499
structural_maximin,random_1,0.05,39,1,0.002,600,499
structural_maximin,random_1,0.05,40,1,0.002,600,499
structural_maximin,random_1,0.05,41,1,0.002,600,499
structural_maximin,random_1,0.05,42,1,0.002,600,499
structural_maximin,random_1,0.05,43,1,0.002,600,499
structural_maximin,random_1,0.05,44,1,0.002,600,499
structural_maximin,random_1,0.05,45,1,0.002,600,499
structural_maximin,random_1,0.05,46,1,0.002,600,499
structural_maximin,random_1,0.05,47,1,0.002,600,499
structural_maximin,random_1,0.05,48,1,0.002,600,499
structural_maximin,random_1,0.05,49,1,0.002,600,499
structural_maximin,random_1,0.05,50,1,0.002,600,499
structural_maximin,random_1,0.05,51,1,0.002,600,499
structural_maximin,random_1,0.05,52,1,0.002,600,499
structural_maximin,random_1,0.05,53,1,0.002,600,499
structural_maximin,random_1,0.05,54,1,0.002,600,499
structural_maximin,random_1,0.05,55,1,0.002,600,499
structural_maximin,random_1,0.05,56,1,0.002,600,499
structural_maximin,random_1,0.05,57,1,0.002,600,499
structural_maximin,random_1,0.05,58,1,0.002,600,499
structural_maximin,random_1,0.05,59,1,0.002,600,499
structural_maximin,random_1,0.05,60,1,0.002,600,499
structural_maximin,random_1,0.05,61,1,0.002,600,499
structural_maximin,random_1,0.05,62,1,0.002,600,499
structural_maximin,random_1,0.05,63,1,0.002,600,499
structural_maximin,random_1,0.05,64,1,0.002,600,499
structural_maximin,random_1,0.05,65,1,0.002,600,499
structural_maximin,random_1,0.05,66,1,0.002,600,499
structural_maximin,random_1,0.05,67,1,0.002,600,499
structural_maximin,random_1,0.05,68,1,0.002,600,499
structural_maximin,random_1,0.05,69,1,0.002,600,499
structural_maximin,random_1,0.05,70,1,0.002,600,499
structural_maximin,random_1,0.05,71,1,0.002,600,499
structural_maximin,random_1,0.05,72,1,0.002,600,499
structural_maximin,random_1,0.05,73,1,0.002,600,499
structural_maximin,random_1,0.05,74,1,0.002,600,499
structural_maximin,random_1,0.05,75,1,0.002,600,499
structural_maximin,random_1,0.05,76,1,0.002,600,499
structural_maximin,random_1,0.05,77,1,0.002,600,499
structural_maximin,random_1,0.05,78,1,0.002,600,499
structural_maximin,random_1,0.05,79,1,0.002,600,499
structural_maximin,random_1,0.05,80,1,0.002,600,499
structural_maximin,random_1,0.05,81,1,0.002,600,499
structural_maximin,random_1,0.05,82,1,0.002,600,499
structural_maximin,random_1,0.05,83,1,0.002,600,499
structural_maximin,random_1,0.05,84,1,0.002,600,499
structural_maximin,random_1,0.05,85,1,0.002,600,499
structural_maximin,random_1,0.05,86,1,0.002,600,499
structural_maximin,random_1,0.05,87,1,0.002,600,499
structural_maximin,random_1,0.05,88,1,0.002,600,499
structural_maximin,random_1,0.05,89,1,0.002,600,499
structural_maximin,random_1,0.05,90,1,0.002,600,499
structural_maximin,random_1,0.05,91,1,0.002,600,499
structural_maximin,random_1,0.05,92,1,0.002,600,499
structural_maximin,random_1,0.05,93,1,0.002,600,499
structural_maximin,random_1,0.05,94,1,0.002,600,499
structural_maximin,random_1,0.05,95,1,0.002,600,499
structural_maximin,random_1,0.05,96,1,0.002,600,499
structural_maximin,random_1,0.05,97,1,0.002,600,499
structural_maximin,random_1,0.05,98,1,0.002,600,499
structural_maximin,random_1,0.05,99,1,0.002,600,499
structural_maximin,random_1,0.05,100,1,0.002,600,499
structural_maximin,random_1,0.05,101,1,0.002,600,499
structural_maximin,random_1,0.05,102,1,0.002,600,499
structural_maximin,random_1,0.05,103,1,0.002,600,499
structural_maximin,random_1,0.05,104,1,0.002,600,499
structural_maximin,random_1,0.05,105,1,0.002,600,499
structural_maximin,random_1,0.05,106,1,0.002,600,499
structural_maximin,random_1,0.05,107,1,0.002,600,499
structural_maximin,random_1,0.05,108,1,0.002,600,499
structural_maximin,random_1,0.05,109,1,0.002,600,499
structural_maximin,random_1,0.05,110,1,0.002,600,499
structural_maximin,random_1,0.05,111,1,0.002,600,499
structural_maximin,random_1,0.05,112,1,0.002,600,499
structural_maximin,random_1,0.05,113,1,0.002,600,499
structural_maximin,random_1,0.05,114,1,0.002,600,499
structural_maximin,random_1,0.05,115,1,0.002,600,499
structural_maximin,random_1,0.05,116,1,0.002,600,499
structural_maximin,random_1,0.05,117,1,0.002,600,499
structural_maximin,random_1,0.05,118,1,0.002,600,499
structural_maximin,random_1,0.05,119,1,0.002,600,499
structural_maximin,random_1,0.05,120,1,0.002,600,499
structural_maximin,random_1,0.05,121,1,0.002,600,499
structural_maximin,random_1,0.05,122,1,0.002,600,499
structural_maximin,random_1,0.05,123,1,0.002,600,499
structural_maximin,random_1,0.05,124,1,0.002,600,499
structural_maximin,random_1,0.05,125,1,0.002,600,499
structural_maximin,random_1,0.05,126,1,0.002,600,499
structural_maximin,random_1,0.05,127,1,0.002,600,499
structural_maximin,random_1,0.05,128,1,0.002,600,499
structural_maximin,random_1,0.05,129,1,0.002,600,499
structural_maximin,random_1,0.05,130,1,0.002,600,499
structural_maximin,random_1,0.05,131,1,0.002,600,499
structural_maximin,random_1,0.05,132,1,0.002,600,499
structural_maximin,random_1,0.05,133,1,0.002,600,499
structural_maximin,random_1,0.05,134,1,0.002,600,499
structural_maximin,random_1,0.05,135,1,0.002,600,499
structural_maximin,random_1,0.05,136,1,0.002,600,499
structural_maximin,random_1,0.05,137,1,0.002,600,499
structural_maximin,random_1,0.05,138,1,0.002,600,499
structural_maximin,random_1,0.05,139,1,0.002,600,499
structural_maximin,random_1,0.05,140,1,0.002,600,499
structural_maximin,random_1,0.05,141,1,0.002,600,499
structural_maximin,random_1,0.05,142,1,0.002,600,499
structural_maximin,random_1,0.05,143,1,0.002,600,499
structural_maximin,random_1,0.05,144,1,0.002,600,499
structural_maximin,random_1,0.05,145,1,0.002,600,499
structural_maximin,random_1,0.05,146,1,0.002,600,499
structural_maximin,random_1,0.05,147,1,0.002,600,499
structural_maximin,random_1,0.05,148,1,0.002,600,499
structural_maximin,random_1,0.05,149,1,0.002,600,499
structural_maximin,random_1,0.05,150,1,0.002,600,499
structural_maximin,random_1,0.05,151,1,0.002,600,499
structural_maximin,random_1,0.05,152,1,0.002,600,499
structural_maximin,random_1,0.05,153,1,0.002,600,499
structural_maximin,random_1,0.05,154,1,0.002,600,499
structural_maximin,random_1,0.05,155,1,0.002,600,499
structural_maximin,random_1,0.05,156,1,0.002,600,499
structural_maximin,random_1,0.05,157,1,0.002,600,499
structural_maximin,random_1,0.05,158,1,0.002,600,499
structural_maximin,random_1,0.05,159,1,0.002,600,499
structural_maximin,random_1,0.05,160,1,0.002,600,499
structural_maximin,random_1,0.05,161,1,0.002,600,499
structural_maximin,random_1,0.05,162,1,0.002,600,499
structural_maximin,random_1,0.05,163,1,0.002,600,499
structural_maximin,random_1,0.05,164,1,0.002,600,499
structural_maximin,random_1,0.05,165,1,0.002,600,499
structural_maximin,random_1,0.05,166,1,0.002,600,499
structural_maximin,random_1,0.05,167,1,0.002,600,499
structural_maximin,random_1,0.05,168,1,0.002,600,499
structural_maximin,random_1,0.05,169,1,0.002,600,499
structural_maximin,random_1,0.05,170,1,0.002,600,499
structural_maximin,random_1,0.05,171,1,0.002,600,499
structural_maximin,random_1,0.05,172,1,0.002,600,499
structural_maximin,random_1,0.05,173,1,0.002,600,499
structural_maximin,random_1,0.05,174,1,0.002,600,499
structural_maximin,random_1,0.05,175,1,0.002,600,499
structural_maximin,random_1,0.05,176,1,0.002,600,499
structural_maximin,random_1,0.05,177,1,0.002,600,499
structural_maximin,random_1,0.05,178,1,0.002,600,499
structural_maximin,random_1,0.05,179,1,0.002,600,499
structural_maximin,random_1,0.05,180,1,0.002,600,499
structural_maximin,random_1,0.05,181,1,0.002,600,499
structural_maximin,random_1,0.05,182,1,0.002,600,499
structural_maximin,random_1,0.05,183,1,0.002,600,499
structural_maximin,random_1,0.05,184,1,0.002,600,499
structural_maximin,random_1,0.05,185,1,0.002,600,499
structural_maximin,random_1,0.05,186,1,0.002,600,499
structural_maximin,random_1,0.05,187,1,0.002,600,499
structural_maximin,random_1,0.05,188,1,0.002,600,499
structural_maximin,random_1,0.05,189,1,0.002,600,499
structural_maximin,random_1,0.05,190,1,0.002,600,499
structural_maximin,random_1,0.05,191,1,0.002,600,499
structural_maximin,random_1,0.05,192,1,0.002,600,499
structural_maximin,random_1,0.05,193,1,0.002,600,499
structural_maximin,random_1,0.05,194,1,0.002,600,499
structural_maximin,random_1,0.05,195,1,0.002,600,499
structural_maximin,random_1,0.05,196,1,0.002,600,499
structural_maximin,random_1,0.05,197,1,0.002,600,499
structural_maximin,random_1,0.05,198,1,0.002,600,499
structural_maximin,random_1,0.05,199,1,0.002,600,499
structural_maximin,random_2,0.05,0,1,0.002,600,499
structural_maximin,random_2,0.05,1,1,0.002,600,499
structural_maximin,random_2,0.05,2,1,0.002,600,499
structural_maximin,random_2,0.05,3,1,0.002,600,499
structural_maximin,random_2,0.05,4,1,0.002,600,499
structural_maximin,random_2,0.05,5,1,0.002,600,499
structural_maximin,random_2,0.05,6,1,0.002,600,499
structural_maximin,random_2,0.05,7,1,0.002,600,499
structural_maximin,random_2,0.05,8,1,0.002,600,499
structural_maximin,random_2,0.05,9,1,0.002,600,499
structural_maximin,random_2,0.05,10,1,0.002,600,499
structural_maximin,random_2,0.05,11,1,0.002,600,499
structural_maximin,random_2,0.05,12,1,0.002,600,499
structural_maximin,random_2,0.05,13,1,0.002,600,499
structural_maximin,random_2,0.05,14,1,0.002,600,499
structural_maximin,random_2,0.05,15,1,0.002,600,499
structural_maximin,random_2,0.05,16,1,0.002,600,499
structural_maximin,random_2,0.05,17,1,0.002,600,499
structural_maximin,random_2,0.05,18,1,0.002,600,499
structural_maximin,random_2,0.05,19,1,0.002,600,499
structural_maximin,random_2,0.05,20,1,0.002,600,499
structural_maximin,random_2,0.05,21,1,0.002,600,499
structural_maximin,random_2,0.05,22,1,0.002,600,499
structural_maximin,random_2,0.05,23,1,0.002,600,499
structural_maximin,random_2,0.05,24,1,0.002,600,499
structural_maximin,random_2,0.05,25,1,0.002,600,499
structural_maximin,random_2,0.05,26,1,0.002,600,499
structural_maximin,random_2,0.05,27,1,0.002,600,499
structural_maximin,random_2,0.05,28,1,0.002,600,499
structural_maximin,random_2,0.05,29,1,0.002,600,499
structural_maximin,random_2,0.05,30,1,0.002,600,499
structural_maximin,random_2,0.05,31,1,0.002,600,499
structural_maximin,random_2,0.05,32,1,0.002,600,499
structural_maximin,random_2,0.05,33,1,0.002,600,499
structural_maximin,random_2,0.05,34,1,0.002,600,499
structural_maximin,random_2,0.05,35,1,0.002,600,499
structural_maximin,random_2,0.05,36,1,0.002,600,499
structural_maximin,random_2,0.05,37,1,0.002,600,499
structural_maximin,random_2,0.05,38,1,0.002,600,499
structural_maximin,random_2,0.05,39,1,0.002,600,499
structural_maximin,random_2,0.05,40,1,0.002,600,499
structural_maximin,random_2,0.05,41,1,0.002,600,499
structural_maximin,random_2,0.05,42,1,0.002,600,499
structural_maximin,random_2,0.05,43,1,0.002,600,499
structural_maximin,random_2,0.05,44,1,0.002,600,499
structural_maximin,random_2,0.05,45,1,0.002,600,499
structural_maximin,random_2,0.05,46,1,0.002,600,499
structural_maximin,random_2,0.05,47,1,0.002,600,499
structural_maximin,random_2,0.05,48,1,0.002,600,499
structural_maximin,random_2,0.05,49,1,0.002,600,499
structural_maximin,random_2,0.05,50,1,0.002,600,499
structural_maximin,random_2,0.05,51,1,0.002,600,499
structural_maximin,random_2,0.05,52,1,0.002,600,499
structural_maximin,random_2,0.05,53,1,0.002,600,499
structural_maximin,random_2,0.05,54,1,0.002,600,499
structural_maximin,random_2,0.05,55,1,0.002,600,499
structural_maximin,random_2,0.05,56,1,0.002,600,499
structural_maximin,random_2,0.05,57,1,0.002,600,499
structural_maximin,random_2,0.05,58,1,0.002,600,499
structural_maximin,random_2,0.05,59,1,0.002,600,499
structural_maximin,random_2,0.05,60,1,0.002,600,499
structural_maximin,random_2,0.05,61,1,0.002,600,499
structural_maximin,random_2,0.05,62,1,0.002,600,499
structural_maximin,random_2,0.05,63,1,0.002,600,499
structural_maximin,random_2,0.05,64,1,0.002,600,499
structural_maximin,random_2,0.05,65,1,0.002,600,499
structural_maximin,random_2,0.05,66,1,0.002,600,499
structural_maximin,random_2,0.05,67,1,0.002,600,499
structural_maximin,random_2,0.05,68,1,0.002,600,499
structural_maximin,random_2,0.05,69,1,0.002,600,499
structural_maximin,random_2,0.05,70,1,0.002,600,499
structural_maximin,random_2,0.05,71,1,0.002,600,499
structural_maximin,random_2,0.05,72,1,0.002,600,499
structural_maximin,random_2,0.05,73,1,0.002,600,499
structural_maximin,random_2,0.05,74,1,0.002,600,499
structural_maximin,random_2,0.05,75,1,0.002,600,499
structural_maximin,random_2,0.05,76,1,0.002,600,499
structural_maximin,random_2,0.05,77,1,0.002,600,499
structural_maximin,random_2,0.05,78,1,0.002,600,499
structural_maximin,random_2,0.05,79,1,0.002,600,499
structural_maximin,random_2,0.05,80,1,0.002,600,499
structural_maximin,random_2,0.05,81,1,0.002,600,499
structural_maximin,random_2,0.05,82,1,0.002,600,499
structural_maximin,random_2,0.05,83,1,0.002,600,499
structural_maximin,random_2,0.05,84,1,0.002,600,499
structural_maximin,random_2,0.05,85,1,0.002,600,499
structural_maximin,random_2,0.05,86,1,0.002,600,499
structural_maximin,random_2,0.05,87,1,0.002,600,499
structural_maximin,random_2,0.05,88,1,0.002,600,499
structural_maximin,random_2,0.05,89,1,0.002,600,499
structural_maximin,random_2,0.05,90,1,0.002,600,499
structural_maximin,random_2,0.05,91,1,0.002,600,499
structural_maximin,random_2,0.05,92,1,0.002,600,499
structural_maximin,random_2,0.05,93,1,0.002,600,499
structural_maximin,random_2,0.05,94,1,0.002,600,499
structural_maximin,random_2,0.05,95,1,0.002,600,499
structural_maximin,random_2,0.05,96,1,0.002,600,499
structural_maximin,random_2,0.05,97,1,0.002,600,499
structural_maximin,random_2,0.05,98,1,0.002,600,499
structural_maximin,random_2,0.05,99,1,0.002,600,499
structural_maximin,random_2,0.05,100,1,0.002,600,499
structural_maximin,random_2,0.05,101,1,0.002,600,499
structural_maximin,random_2,0.05,102,1,0.002,600,499
structural_maximin,random_2,0.05,103,1,0.002,600,499
structural_maximin,random_2,0.05,104,1,0.002,600,499
structural_maximin,random_2,0.05,105,1,0.002,600,499
structural_maximin,random_2,0.05,106,1,0.002,600,499
structural_maximin,random_2,0.05,107,1,0.002,600,499
structural_maximin,random_2,0.05,108,1,0.002,600,499
structural_maximin,random_2,0.05,109,1,0.002,600,499
structural_maximin,random_2,0.05,110,1,0.002,600,499
structural_maximin,random_2,0.05,111,1,0.002,600,499
structural_maximin,random_2,0.05,112,1,0.002,600,499
structural_maximin,random_2,0.05,113,1,0.002,600,499
structural_maximin,random_2,0.05,114,1,0.002,600,499
structural_maximin,random_2,0.05,115,1,0.002,600,499
structural_maximin,random_2,0.05,116,1,0.002,600,499
structural_maximin,random_2,0.05,117,1,0.002,600,499
structural_maximin,random_2,0.05,118,1,0.002,600,499
structural_maximin,random_2,0.05,119,1,0.002,600,499
structural_maximin,random_2,0.05,120,1,0.002,600,499
structural_maximin,random_2,0.05,121,1,0.002,600,499
structural_maximin,random_2,0.05,122,1,0.002,600,499
structural_maximin,random_2,0.05,123,1,0.002,600,499
structural_maximin,random_2,0.05,124,1,0.002,600,499
structural_maximin,random_2,0.05,125,1,0.002,600,499
structural_maximin,random_2,0.05,126,1,0.002,600,499
structural_maximin,random_2,0.05,127,1,0.002,600,499
structural_maximin,random_2,0.05,128,1,0.002,600,499
structural_maximin,random_2,0.05,129,1,0.002,600,499
structural_maximin,random_2,0.05,130,1,0.002,600,499
structural_maximin,random_2,0.05,131,1,0.002,600,499
structural_maximin,random_2,0.05,132,1,0.002,600,499
structural_maximin,random_2,0.05,133,1,0.002,600,499
structural_maximin,random_2,0.05,134,1,0.002,600,499
structural_maximin,random_2,0.05,135,1,0.002,600,499
structural_maximin,random_2,0.05,136,1,0.002,600,499
structural_maximin,random_2,0.05,137,1,0.002,600,499
structural_maximin,random_2,0.05,138,1,0.002,600,499
structural_maximin,random_2,0.05,139,1,0.002,600,499
structural_maximin,random_2,0.05,140,1,0.002,600,499
structural_maximin,random_2,0.05,141,1,0.002,600,499
structural_maximin,random_2,0.05,142,1,0.002,600,499
structural_maximin,random_2,0.05,143,1,0.002,600,499
structural_maximin,random_2,0.05,144,1,0.002,600,499
structural_maximin,random_2,0.05,145,1,0.002,600,499
structural_maximin,random_2,0.05,146,1,0.002,600,499
structural_maximin,random_2,0.05,147,1,0.002,600,499
structural_maximin,random_2,0.05,148,1,0.002,600,499
structural_maximin,random_2,0.05,149,1,0.002,600,499
structural_maximin,random_2,0.05,150,1,0.002,600,499
structural_maximin,random_2,0.05,151,1,0.002,600,499
structural_maximin,random_2,0.05,152,1,0.002,600,499
structural_maximin,random_2,0.05,153,1,0.002,600,499
structural_maximin,random_2,0.05,154,1,0.002,600,499
structural_maximin,random_2,0.05,155,1,0.002,600,499
structural_maximin,random_2,0.05,156,1,0.002,600,499
structural_maximin,random_2,0.05,157,1,0.002,600,499
structural_maximin,random_2,0.05,158,1,0.002,600,499
structural_maximin,random_2,0.05,159,1,0.002,600,499
structural_maximin,random_2,0.05,160,1,0.002,600,499
structural_maximin,random_2,0.05,161,1,0.002,600,499
structural_maximin,random_2,0.05,162,1,0.002,600,499
structural_maximin,random_2,0.05,163,1,0.002,600,499
structural_maximin,random_2,0.05,164,1,0.002,600,499
structural_maximin,random_2,0.05,165,1,0.002,600,499
structural_maximin,random_2,0.05,166,1,0.002,600,499
structural_maximin,random_2,0.05,167,1,0.002,600,499
structural_maximin,random_2,0.05,168,1,0.002,600,499
structural_maximin,random_2,0.05,169,1,0.002,600,499
structural_maximin,random_2,0.05,170,1,0.002,600,499
structural_maximin,random_2,0.05,171,1,0.002,600,499
structural_maximin,random_2,0.05,172,1,0.002,600,499
structural_maximin,random_2,0.05,173,1,0.002,600,499
structural_maximin,random_2,0.05,174,1,0.002,600,499
structural_maximin,random_2,0.05,175,1,0.002,600,499
structural_maximin,random_2,0.05,176,1,0.002,600,499
structural_maximin,random_2,0.05,177,1,0.002,600,499
structural_maximin,random_2,0.05,178,1,0.002,600,499
structural_maximin,random_2,0.05,179,1,0.002,600,499
structural_maximin,random_2,0.05,180,1,0.002,600,499
structural_maximin,random_2,0.05,181,1,0.002,600,499
structural_maximin,random_2,0.05,182,1,0.002,600,499
structural_maximin,random_2,0.05,183,1,0.002,600,499
structural_maximin,random_2,0.05,184,1,0.002,600,499
structural_maximin,random_2,0.05,185,1,0.002,600,499
structural_maximin,random_2,0.05,186,1,0.002,600,499
structural_maximin,random_2,0.05,187,1,0.002,600,499
structural_maximin,random_2,0.05,188,1,0.002,600,499
structural_maximin,random_2,0.05,189,1,0.002,600,499
structural_maximin,random_2,0.05,190,1,0.002,600,499
structural_maximin,random_2,0.05,191,1,0.002,600,499
structural_maximin,random_2,0.05,192,1,0.002,600,499
structural_maximin,random_2,0.05,193,1,0.002,600,499
structural_maximin,random_2,0.05,194,1,0.002,600,499
structural_maximin,random_2,0.05,195,1,0.002,600,499
structural_maximin,random_2,0.05,196,1,0.002,600,499
structural_maximin,random_2,0.05,197,1,0.002,600,499
structural_maximin,random_2,0.05,198,1,0.002,600,499
structural_maximin,random_2,0.05,199,1,0.002,600,499
structural_maximin,random_3,0.05,0,1,0.002,600,499
structural_maximin,random_3,0.05,1,1,0.002,600,499
structural_maximin,random_3,0.05,2,1,0.002,600,499
structural_maximin,random_3,0.05,3,1,0.002,600,499
structural_maximin,random_3,0.05,4,1,0.002,600,499
structural_maximin,random_3,0.05,5,1,0.002,600,499
structural_maximin,random_3,0.05,6,1,0.002,600,499
structural_maximin,random_3,0.05,7,1,0.002,600,499
structural_maximin,random_3,0.05,8,1,0.002,600,499
structural_maximin,random_3,0.05,9,1,0.016,600,499
structural_maximin,random_3,0.05,10,1,0.002,600,499
structural_maximin,random_3,0.05,11,1,0.002,600,499
structural_maximin,random_3,0.05,12,1,0.004,600,499
structural_maximin,random_3,0.05,13,1,0.002,600,499
structural_maximin,random_3,0.05,14,1,0.002,600,499
structural_maximin,random_3,0.05,15,1,0.002,600,499
structural_maximin,random_3,0.05,16,1,0.002,600,499
structural_maximin,random_3,0.05,17,1,0.002,600,499
structural_maximin,random_3,0.05,18,1,0.002,600,499
structural_maximin,random_3,0.05,19,1,0.002,600,499
structural_maximin,random_3,0.05,20,1,0.002,600,499
structural_maximin,random_3,0.05,21,1,0.002,600,499
structural_maximin,random_3,0.05,22,1,0.002,600,499
structural_maximin,random_3,0.05,23,1,0.006,600,499
structural_maximin,random_3,0.05,24,1,0.002,600,499
structural_maximin,random_3,0.05,25,1,0.002,600,499
structural_maximin,random_3,0.05,26,1,0.002,600,499
structural_maximin,random_3,0.05,27,1,0.002,600,499
structural_maximin,random_3,0.05,28,1,0.002,600,499
structural_maximin,random_3,0.05,29,1,0.002,600,499
structural_maximin,random_3,0.05,30,1,0.002,600,499
structural_maximin,random_3,0.05,31,1,0.002,600,499
structural_maximin,random_3,0.05,32,1,0.002,600,499
structural_maximin,random_3,0.05,33,1,0.002,600,499
structural_maximin,random_3,0.05,34,1,0.01,600,499
structural_maximin,random_3,0.05,35,1,0.002,600,499
structural_maximin,random_3,0.05,36,1,0.002,600,499
structural_maximin,random_3,0.05,37,1,0.002,600,499
structural_maximin,random_3,0.05,38,1,0.002,600,499
structural_maximin,random_3,0.05,39,1,0.002,600,499
structural_maximin,random_3,0.05,40,0,0.09,600,499
structural_maximin,random_3,0.05,41,1,0.002,600,499
structural_maximin,random_3,0.05,42,1,0.002,600,499
structural_maximin,random_3,0.05,43,1,0.002,600,499
structural_maximin,random_3,0.05,44,1,0.002,600,499
structural_maximin,random_3,0.05,45,1,0.002,600,499
structural_maximin,random_3,0.05,46,1,0.002,600,499
structural_maximin,random_3,0.05,47,1,0.002,600,499
structural_maximin,random_3,0.05,48,1,0.002,600,499
structural_maximin,random_3,0.05,49,1,0.002,600,499
structural_maximin,random_3,0.05,50,1,0.002,600,499
structural_maximin,random_3,0.05,51,1,0.002,600,499
structural_maximin,random_3,0.05,52,1,0.002,600,499
structural_maximin,random_3,0.05,53,1,0.002,600,499
structural_maximin,random_3,0.05,54,1,0.002,600,499
structural_maximin,random_3,0.05,55,1,0.004,600,499
structural_maximin,random_3,0.05,56,1,0.002,600,499
structural_maximin,random_3,0.05,57,1,0.002,600,499
structural_maximin,random_3,0.05,58,1,0.002,600,499
structural_maximin,random_3,0.05,59,1,0.002,600,499
structural_maximin,random_3,0.05,60,1,0.002,600,499
structural_maximin,random_3,0.05,61,1,0.006,600,499
structural_maximin,random_3,0.05,62,1,0.002,600,499
structural_maximin,random_3,0.05,63,1,0.002,600,499
structural_maximin,random_3,0.05,64,1,0.002,600,499
structural_maximin,random_3,0.05,65,1,0.002,600,499
structural_maximin,random_3,0.05,66,1,0.002,600,499
structural_maximin,random_3,0.05,67,1,0.002,600,499
structural_maximin,random_3,0.05,68,1,0.002,600,499
structural_maximin,random_3,0.05,69,1,0.002,600,499
structural_maximin,random_3,0.05,70,1,0.002,600,499
structural_maximin,random_3,0.05,71,1,0.002,600,499
structural_maximin,random_3,0.05,72,1,0.002,600,499
structural_maximin,random_3,0.05,73,1,0.002,600,499
structural_maximin,random_3,0.05,74,1,0.002,600,499
structural_maximin,random_3,0.05,75,1,0.002,600,499
structural_maximin,random_3,0.05,76,1,0.002,600,499
structural_maximin,random_3,0.05,77,1,0.002,600,499
structural_maximin,random_3,0.05,78,1,0.002,600,499
structural_maximin,random_3,0.05,79,1,0.002,600,499
structural_maximin,random_3,0.05,80,1,0.002,600,499
structural_maximin,random_3,0.05,81,1,0.002,600,499
structural_maximin,random_3,0.05,82,1,0.002,600,499
structural_maximin,random_3,0.05,83,1,0.002,600,499
structural_maximin,random_3,0.05,84,1,0.002,600,499
structural_maximin,random_3,0.05,85,1,0.002,600,499
structural_maximin,random_3,0.05,86,1,0.002,600,499
structural_maximin,random_3,0.05,87,1,0.002,600,499
structural_maximin,random_3,0.05,88,1,0.002,600,499
structural_maximin,random_3,0.05,89,1,0.002,600,499
structural_maximin,random_3,0.05,90,1,0.002,600,499
structural_maximin,random_3,0.05,91,1,0.002,600,499
structural_maximin,random_3,0.05,92,1,0.002,600,499
structural_maximin,random_3,0.05,93,1,0.002,600,499
structural_maximin,random_3,0.05,94,1,0.002,600,499
structural_maximin,random_3,0.05,95,1,0.002,600,499
structural_maximin,random_3,0.05,96,1,0.002,600,499
structural_maximin,random_3,0.05,97,1,0.002,600,499
structural_maximin,random_3,0.05,98,1,0.002,600,499
structural_maximin,random_3,0.05,99,1,0.002,600,499
structural_maximin,random_3,0.05,100,1,0.002,600,499
structural_maximin,random_3,0.05,101,1,0.002,600,499
structural_maximin,random_3,0.05,102,1,0.002,600,499
structural_maximin,random_3,0.05,103,1,0.002,600,499
structural_maximin,random_3,0.05,104,1,0.002,600,499
structural_maximin,random_3,0.05,105,1,0.002,600,499
structural_maximin,random_3,0.05,106,1,0.002,600,499
structural_maximin,random_3,0.05,107,1,0.002,600,499
structural_maximin,random_3,0.05,108,1,0.002,600,499
structural_maximin,random_3,0.05,109,1,0.002,600,499
structural_maximin,random_3,0.05,110,1,0.002,600,499
structural_maximin,random_3,0.05,111,1,0.002,600,499
structural_maximin,random_3,0.05,112,1,0.002,600,499
structural_maximin,random_3,0.05,113,1,0.002,600,499
structural_maximin,random_3,0.05,114,1,0.002,600,499
structural_maximin,random_3,0.05,115,1,0.008,600,499
structural_maximin,random_3,0.05,116,1,0.002,600,499
structural_maximin,random_3,0.05,117,1,0.002,600,499
structural_maximin,random_3,0.05,118,1,0.002,600,499
structural_maximin,random_3,0.05,119,1,0.002,600,499
structural_maximin,random_3,0.05,120,1,0.002,600,499
structural_maximin,random_3,0.05,121,1,0.002,600,499
structural_maximin,random_3,0.05,122,1,0.002,600,499
structural_maximin,random_3,0.05,123,1,0.002,600,499
structural_maximin,random_3,0.05,124,1,0.002,600,499
structural_maximin,random_3,0.05,125,1,0.002,600,499
structural_maximin,random_3,0.05,126,1,0.002,600,499
structural_maximin,random_3,0.05,127,1,0.002,600,499
structural_maximin,random_3,0.05,128,1,0.002,600,499
structural_maximin,random_3,0.05,129,1,0.002,600,499
structural_maximin,random_3,0.05,130,1,0.002,600,499
structural_maximin,random_3,0.05,131,1,0.002,600,499
structural_maximin,random_3,0.05,132,1,0.002,600,499
structural_maximin,random_3,0.05,133,1,0.004,600,499
structural_maximin,random_3,0.05,134,1,0.002,600,499
structural_maximin,random_3,0.05,135,1,0.002,600,499
structural_maximin,random_3,0.05,136,1,0.002,600,499
structural_maximin,random_3,0.05,137,1,0.004,600,499
structural_maximin,random_3,0.05,138,1,0.004,600,499
structural_maximin,random_3,0.05,139,1,0.004,600,499
structural_maximin,random_3,0.05,140,1,0.002,600,499
structural_maximin,random_3,0.05,141,1,0.002,600,499
structural_maximin,random_3,0.05,142,1,0.002,600,499
structural_maximin,random_3,0.05,143,1,0.002,600,499
structural_maximin,random_3,0.05,144,1,0.002,600,499
structural_maximin,random_3,0.05,145,1,0.002,600,499
structural_maximin,random_3,0.05,146,1,0.002,600,499
structural_maximin,random_3,0.05,147,1,0.002,600,499
structural_maximin,random_3,0.05,148,1,0.004,600,499
structural_maximin,random_3,0.05,149,1,0.002,600,499
structural_maximin,random_3,0.05,150,1,0.002,600,499
structural_maximin,random_3,0.05,151,1,0.002,600,499
structural_maximin,random_3,0.05,152,1,0.002,600,499
structural_maximin,random_3,0.05,153,1,0.002,600,499
structural_maximin,random_3,0.05,154,1,0.002,600,499
structural_maximin,random_3,0.05,155,1,0.002,600,499
structural_maximin,random_3,0.05,156,1,0.002,600,499
structural_maximin,random_3,0.05,157,1,0.002,600,499
structural_maximin,random_3,0.05,158,1,0.004,600,499
structural_maximin,random_3,0.05,159,1,0.002,600,499
structural_maximin,random_3,0.05,160,1,0.002,600,499
structural_maximin,random_3,0.05,161,1,0.002,600,499
structural_maximin,random_3,0.05,162,0,0.05,600,499
structural_maximin,random_3,0.05,163,1,0.006,600,499
structural_maximin,random_3,0.05,164,1,0.002,600,499
structural_maximin,random_3,0.05,165,1,0.002,600,499
structural_maximin,random_3,0.05,166,1,0.002,600,499
structural_maximin,random_3,0.05,167,1,0.002,600,499
structural_maximin,random_3,0.05,168,1,0.006,600,499
structural_maximin,random_3,0.05,169,1,0.002,600,499
structural_maximin,random_3,0.05,170,1,0.002,600,499
structural_maximin,random_3,0.05,171,1,0.002,600,499
structural_maximin,random_3,0.05,172,1,0.002,600,499
structural_maximin,random_3,0.05,173,1,0.002,600,499
structural_maximin,random_3,0.05,174,1,0.006,600,499
structural_maximin,random_3,0.05,175,1,0.002,600,499
structural_maximin,random_3,0.05,176,1,0.002,600,499
structural_maximin,random_3,0.05,177,1,0.002,600,499
structural_maximin,random_3,0.05,178,1,0.002,600,499
structural_maximin,random_3,0.05,179,1,0.004,600,499
structural_maximin,random_3,0.05,180,1,0.002,600,499
structural_maximin,random_3,0.05,181,1,0.002,600,499
structural_maximin,random_3,0.05,182,1,0.002,600,499
structural_maximin,random_3,0.05,183,1,0.002,600,499
structural_maximin,random_3,0.05,184,1,0.002,600,499
structural_maximin,random_3,0.05,185,1,0.002,600,499
structural_maximin,random_3,0.05,186,1,0.002,600,499
structural_maximin,random_3,0.05,187,1,0.002,600,499
structural_maximin,random_3,0.05,188,1,0.002,600,499
structural_maximin,random_3,0.05,189,1,0.002,600,499
structural_maximin,random_3,0.05,190,1,0.002,600,499
structural_maximin,random_3,0.05,191,1,0.002,600,499
structural_maximin,random_3,0.05,192,1,0.002,600,499
structural_maximin,random_3,0.05,193,1,0.002,600,499
structural_maximin,random_3,0.05,194,1,0.002,600,499
structural_maximin,random_3,0.05,195,1,0.002,600,499
structural_maximin,random_3,0.05,196,1,0.002,600,499
structural_maximin,random_3,0.05,197,1,0.002,600,499
structural_maximin,random_3,0.05,198,1,0.002,600,499
structural_maximin,random_3,0.05,199,1,0.002,600,499
structural_maximin,random_4,0.05,0,1,0.004,600,499
structural_maximin,random_4,0.05,1,0,0.324,600,499
structural_maximin,random_4,0.05,2,0,0.05,600,499
structural_maximin,random_4,0.05,3,1,0.002,600,499
structural_maximin,random_4,0.05,4,0,0.436,600,499
structural_maximin,random_4,0.05,5,0,0.738,600,499
structural_maximin,random_4,0.05,6,1,0.002,600,499
structural_maximin,random_4,0.05,7,0,0.86,600,499
structural_maximin,random_4,0.05,8,0,0.41,600,499
structural_maximin,random_4,0.05,9,0,0.2,600,499
structural_maximin,random_4,0.05,10,0,0.29,600,499
structural_maximin,random_4,0.05,11,1,0.02,600,499
structural_maximin,random_4,0.05,12,1,0.004,600,499
structural_maximin,random_4,0.05,13,1,0.01,600,499
structural_maximin,random_4,0.05,14,1,0.006,600,499
structural_maximin,random_4,0.05,15,1,0.02,600,499
structural_maximin,random_4,0.05,16,0,0.278,600,499
structural_maximin,random_4,0.05,17,1,0.002,600,499
structural_maximin,random_4,0.05,18,1,0.026,600,499
structural_maximin,random_4,0.05,19,1,0.04,600,499
structural_maximin,random_4,0.05,20,0,0.34,600,499
structural_maximin,random_4,0.05,21,0,0.594,600,499
structural_maximin,random_4,0.05,22,1,0.022,600,499
structural_maximin,random_4,0.05,23,1,0.002,600,499
structural_maximin,random_4,0.05,24,0,0.168,600,499
structural_maximin,random_4,0.05,25,0,0.074,600,499
structural_maximin,random_4,0.05,26,0,0.176,600,499
structural_maximin,random_4,0.05,27,1,0.006,600,499
structural_maximin,random_4,0.05,28,0,0.768,600,499
structural_maximin,random_4,0.05,29,1,0.016,600,499
structural_maximin,random_4,0.05,30,1,0.002,600,499
structural_maximin,random_4,0.05,31,0,0.136,600,499
structural_maximin,random_4,0.05,32,0,0.224,600,499
structural_maximin,random_4,0.05,33,1,0.002,600,499
structural_maximin,random_4,0.05,34,1,0.012,600,499
structural_maximin,random_4,0.05,35,1,0.018,600,499
structural_maximin,random_4,0.05,36,1,0.002,600,499
structural_maximin,random_4,0.05,37,0,0.446,600,499
structural_maximin,random_4,0.05,38,1,0.004,600,499
structural_maximin,random_4,0.05,39,1,0.002,600,499
structural_maximin,random_4,0.05,40,0,0.05,600,499
structural_maximin,random_4,0.05,41,0,0.194,600,499
structural_maximin,random_4,0.05,42,0,0.276,600,499
structural_maximin,random_4,0.05,43,0,0.798,600,499
structural_maximin,random_4,0.05,44,0,0.858,600,499
structural_maximin,random_4,0.05,45,0,0.084,600,499
structural_maximin,random_4,0.05,46,0,0.192,600,499
structural_maximin,random_4,0.05,47,1,0.002,600,499
structural_maximin,random_4,0.05,48,1,0.024,600,499
structural_maximin,random_4,0.05,49,1,0.002,600,499
structural_maximin,random_4,0.05,50,1,0.008,600,499
structural_maximin,random_4,0.05,51,1,0.01,600,499
structural_maximin,random_4,0.05,52,1,0.022,600,499
structural_maximin,random_4,0.05,53,0,0.79,600,499
structural_maximin,random_4,0.05,54,0,0.096,600,499
structural_maximin,random_4,0.05,55,1,0.002,600,499
structural_maximin,random_4,0.05,56,1,0.002,600,499
structural_maximin,random_4,0.05,57,0,0.054,600,499
structural_maximin,random_4,0.05,58,1,0.002,600,499
structural_maximin,random_4,0.05,59,1,0.006,600,499
structural_maximin,random_4,0.05,60,1,0.002,600,499
structural_maximin,random_4,0.05,61,1,0.034,600,499
structural_maximin,random_4,0.05,62,1,0.032,600,499
structural_maximin,random_4,0.05,63,1,0.002,600,499
structural_maximin,random_4,0.05,64,1,0.002,600,499
structural_maximin,random_4,0.05,65,1,0.002,600,499
structural_maximin,random_4,0.05,66,1,0.002,600,499
structural_maximin,random_4,0.05,67,0,0.55,600,499
structural_maximin,random_4,0.05,68,0,0.156,600,499
structural_maximin,random_4,0.05,69,0,0.054,600,499
structural_maximin,random_4,0.05,70,0,0.32,600,499
structural_maximin,random_4,0.05,71,1,0.042,600,499
structural_maximin,random_4,0.05,72,1,0.024,600,499
structural_maximin,random_4,0.05,73,1,0.038,600,499
structural_maximin,random_4,0.05,74,1,0.03,600,499
structural_maximin,random_4,0.05,75,0,0.174,600,499
structural_maximin,random_4,0.05,76,0,0.59,600,499
structural_maximin,random_4,0.05,77,0,0.068,600,499
structural_maximin,random_4,0.05,78,0,0.496,600,499
structural_maximin,random_4,0.05,79,1,0.002,600,499
structural_maximin,random_4,0.05,80,1,0.004,600,499
structural_maximin,random_4,0.05,81,1,0.002,600,499
structural_maximin,random_4,0.05,82,0,0.066,600,499
structural_maximin,random_4,0.05,83,0,0.094,600,499
structural_maximin,random_4,0.05,84,0,0.114,600,499
structural_maximin,random_4,0.05,85,1,0.01,600,499
structural_maximin,random_4,0.05,86,0,0.09,600,499
structural_maximin,random_4,0.05,87,1,0.006,600,499
structural_maximin,random_4,0.05,88,0,0.11,600,499
structural_maximin,random_4,0.05,89,1,0.002,600,499
structural_maximin,random_4,0.05,90,0,0.37,600,499
structural_maximin,random_4,0.05,91,1,0.01,600,499
structural_maximin,random_4,0.05,92,0,0.268,600,499
structural_maximin,random_4,0.05,93,1,0.012,600,499
structural_maximin,random_4,0.05,94,1,0.03,600,499
structural_maximin,random_4,0.05,95,0,0.326,600,499
structural_maximin,random_4,0.05,96,0,0.99,600,499
structural_maximin,random_4,0.05,97,0,0.108,600,499
structural_maximin,random_4,0.05,98,0,0.086,600,499
structural_maximin,random_4,0.05,99,0,0.062,600,499
structural_maximin,random_4,0.05,100,0,0.07,600,499
structural_maximin,random_4,0.05,101,1,0.02,600,499
structural_maximin,random_4,0.05,102,1,0.046,600,499
structural_maximin,random_4,0.05,103,1,0.004,600,499
structural_maximin,random_4,0.05,104,0,0.094,600,499
structural_maximin,random_4,0.05,105,1,0.028,600,499
structural_maximin,random_4,0.05,106,0,0.11,600,499
structural_maximin,random_4,0.05,107,0,0.084,600,499
structural_maximin,random_4,0.05,108,1,0.008,600,499
structural_maximin,random_4,0.05,109,0,0.228,600,499
structural_maximin,random_4,0.05,110,0,0.114,600,499
structural_maximin,random_4,0.05,111,1,0.034,600,499
structural_maximin,random_4,0.05,112,0,0.08,600,499
structural_maximin,random_4,0.05,113,1,0.002,600,499
structural_maximin,random_4,0.05,114,1,0.03,600,499
structural_maximin,random_4,0.05,115,0,0.112,600,499
structural_maximin,random_4,0.05,116,0,0.074,600,499
structural_maximin,random_4,0.05,117,0,0.064,600,499
structural_maximin,random_4,0.05,118,1,0.006,600,499
structural_maximin,random_4,0.05,119,1,0.028,600,499
structural_maximin,random_4,0.05,120,0,0.058,600,499
structural_maximin,random_4,0.05,121,1,0.012,600,499
structural_maximin,random_4,0.05,122,1,0.01,600,499
structural_maximin,random_4,0.05,123,0,0.134,600,499
structural_maximin,random_4,0.05,124,1,0.022,600,499
structural_maximin,random_4,0.05,125,1,0.002,600,499
structural_maximin,random_4,0.05,126,1,0.006,600,499
structural_maximin,random_4,0.05,127,1,0.002,600,499
structural_maximin,random_4,0.05,128,1,0.006,600,499
structural_maximin,random_4,0.05,129,0,0.562,600,499
structural_maximin,random_4,0.05,130,1,0.004,600,499
structural_maximin,random_4,0.05,131,1,0.002,600,499
structural_maximin,random_4,0.05,132,1,0.036,600,499
structural_maximin,random_4,0.05,133,0,0.064,600,499
structural_maximin,random_4,0.05,134,1,0.004,600,499
structural_maximin,random_4,0.05,135,1,0.016,600,499
structural_maximin,random_4,0.05,136,1,0.008,600,499
structural_maximin,random_4,0.05,137,0,0.34,600,499
structural_maximin,random_4,0.05,138,1,0.044,600,499
structural_maximin,random_4,0.05,139,1,0.042,600,499
structural_maximin,random_4,0.05,140,0,0.372,600,499
structural_maximin,random_4,0.05,141,0,0.088,600,499
structural_maximin,random_4,0.05,142,0,0.154,600,499
structural_maximin,random_4,0.05,143,1,0.026,600,499
structural_maximin,random_4,0.05,144,0,0.092,600,499
structural_maximin,random_4,0.05,145,1,0.018,600,499
structural_maximin,random_4,0.05,146,1,0.004,600,499
structural_maximin,random_4,0.05,147,0,0.494,600,499
structural_maximin,random_4,0.05,148,1,0.002,600,499
structural_maximin,random_4,0.05,149,0,0.152,600,499
structural_maximin,random_4,0.05,150,0,0.452,600,499
structural_maximin,random_4,0.05,151,0,0.778,600,499
structural_maximin,random_4,0.05,152,0,0.864,600,499
structural_maximin,random_4,0.05,153,1,0.048,600,499
structural_maximin,random_4,0.05,154,1,0.006,600,499
structural_maximin,random_4,0.05,155,1,0.034,600,499
structural_maximin,random_4,0.05,156,1,0.002,600,499
structural_maximin,random_4,0.05,157,1,0.002,600,499
structural_maximin,random_4,0.05,158,0,0.096,600,499
structural_maximin,random_4,0.05,159,1,0.004,600,499
structural_maximin,random_4,0.05,160,0,0.08,600,499
structural_maximin,random_4,0.05,161,1,0.002,600,499
structural_maximin,random_4,0.05,162,1,0.002,600,499
structural_maximin,random_4,0.05,163,0,0.134,600,499
structural_maximin,random_4,0.05,164,1,0.002,600,499
structural_maximin,random_4,0.05,165,1,0.004,600,499
structural_maximin,random_4,0.05,166,0,0.09,600,499
structural_maximin,random_4,0.05,167,0,0.512,600,499
structural_maximin,random_4,0.05,168,0,0.1,600,499
structural_maximin,random_4,0.05,169,0,0.236,600,499
structural_maximin,random_4,0.05,170,1,0.002,600,499
structural_maximin,random_4,0.05,171,0,0.634,600,499
structural_maximin,random_4,0.05,172,1,0.032,600,499
structural_maximin,random_4,0.05,173,0,0.13,600,499
structural_maximin,random_4,0.05,174,1,0.002,600,499
structural_maximin,random_4,0.05,175,1,0.006,600,499
structural_maximin,random_4,0.05,176,0,0.628,600,499
structural_maximin,random_4,0.05,177,1,0.004,600,499
structural_maximin,random_4,0.05,178,0,0.34,600,499
structural_maximin,random_4,0.05,179,1,0.02,600,499
structural_maximin,random_4,0.05,180,1,0.002,600,499
structural_maximin,random_4,0.05,181,1,0.026,600,499
structural_maximin,random_4,0.05,182,0,0.144,600,499
structural_maximin,random_4,0.05,183,1,0.002,600,499
structural_maximin,random_4,0.05,184,1,0.004,600,499
structural_maximin,random_4,0.05,185,0,0.228,600,499
structural_maximin,random_4,0.05,186,0,0.448,600,499
structural_maximin,random_4,0.05,187,1,0.002,600,499
structural_maximin,random_4,0.05,188,0,0.26,600,499
structural_maximin,random_4,0.05,189,0,0.146,600,499
structural_maximin,random_4,0.05,190,0,0.6,600,499
structural_maximin,random_4,0.05,191,1,0.004,600,499
structural_maximin,random_4,0.05,192,1,0.002,600,499
structural_maximin,random_4,0.05,193,1,0.024,600,499
structural_maximin,random_4,0.05,194,0,0.368,600,499
structural_maximin,random_4,0.05,195,1,0.036,600,499
structural_maximin,random_4,0.05,196,1,0.002,600,499
structural_maximin,random_4,0.05,197,1,0.002,600,499
structural_maximin,random_4,0.05,198,0,0.56,600,499
structural_maximin,random_4,0.05,199,1,0.01,600,499
structural_maximin,random_5,0.05,0,1,0.01,600,499
structural_maximin,random_5,0.05,1,1,0.004,600,499
structural_maximin,random_5,0.05,2,1,0.006,600,499
structural_maximin,random_5,0.05,3,1,0.002,600,499
structural_maximin,random_5,0.05,4,1,0.002,600,499
structural_maximin,random_5,0.05,5,1,0.002,600,499
structural_maximin,random_5,0.05,6,1,0.002,600,499
structural_maximin,random_5,0.05,7,1,0.014,600,499
structural_maximin,random_5,0.05,8,1,0.002,600,499
structural_maximin,random_5,0.05,9,1,0.004,600,499
structural_maximin,random_5,0.05,10,1,0.002,600,499
structural_maximin,random_5,0.05,11,1,0.002,600,499
structural_maximin,random_5,0.05,12,1,0.012,600,499
structural_maximin,random_5,0.05,13,1,0.004,600,499
structural_maximin,random_5,0.05,14,1,0.002,600,499
structural_maximin,random_5,0.05,15,1,0.002,600,499
structural_maximin,random_5,0.05,16,1,0.002,600,499
structural_maximin,random_5,0.05,17,0,0.384,600,499
structural_maximin,random_5,0.05,18,1,0.002,600,499
structural_maximin,random_5,0.05,19,1,0.01,600,499
structural_maximin,random_5,0.05,20,1,0.002,600,499
structural_maximin,random_5,0.05,21,1,0.002,600,499
structural_maximin,random_5,0.05,22,1,0.034,600,499
structural_maximin,random_5,0.05,23,1,0.002,600,499
structural_maximin,random_5,0.05,24,1,0.002,600,499
structural_maximin,random_5,0.05,25,1,0.002,600,499
structural_maximin,random_5,0.05,26,0,0.092,600,499
structural_maximin,random_5,0.05,27,1,0.02,600,499
structural_maximin,random_5,0.05,28,1,0.004,600,499
structural_maximin,random_5,0.05,29,1,0.034,600,499
structural_maximin,random_5,0.05,30,1,0.01,600,499
structural_maximin,random_5,0.05,31,1,0.002,600,499
structural_maximin,random_5,0.05,32,0,0.114,600,499
structural_maximin,random_5,0.05,33,1,0.002,600,499
structural_maximin,random_5,0.05,34,1,0.002,600,499
structural_maximin,random_5,0.05,35,1,0.002,600,499
structural_maximin,random_5,0.05,36,1,0.004,600,499
structural_maximin,random_5,0.05,37,1,0.002,600,499
structural_maximin,random_5,0.05,38,1,0.002,600,499
structural_maximin,random_5,0.05,39,1,0.002,600,499
structural_maximin,random_5,0.05,40,1,0.002,600,499
structural_maximin,random_5,0.05,41,1,0.004,600,499
structural_maximin,random_5,0.05,42,1,0.002,600,499
structural_maximin,random_5,0.05,43,1,0.002,600,499
structural_maximin,random_5,0.05,44,1,0.002,600,499
structural_maximin,random_5,0.05,45,1,0.004,600,499
structural_maximin,random_5,0.05,46,1,0.012,600,499
structural_maximin,random_5,0.05,47,1,0.004,600,499
structural_maximin,random_5,0.05,48,1,0.002,600,499
structural_maximin,random_5,0.05,49,1,0.002,600,499
structural_maximin,random_5,0.05,50,1,0.006,600,499
structural_maximin,random_5,0.05,51,1,0.008,600,499
structural_maximin,random_5,0.05,52,0,0.124,600,499
structural_maximin,random_5,0.05,53,1,0.028,600,499
structural_maximin,random_5,0.05,54,1,0.002,600,499
structural_maximin,random_5,0.05,55,1,0.002,600,499
structural_maximin,random_5,0.05,56,0,0.086,600,499
structural_maximin,random_5,0.05,57,1,0.002,600,499
structural_maximin,random_5,0.05,58,1,0.002,600,499
structural_maximin,random_5,0.05,59,1,0.002,600,499
structural_maximin,random_5,0.05,60,1,0.038,600,499
structural_maximin,random_5,0.05,61,1,0.008,600,499
structural_maximin,random_5,0.05,62,1,0.006,600,499
structural_maximin,random_5,0.05,63,1,0.004,600,499
structural_maximin,random_5,0.05,64,1,0.002,600,499
structural_maximin,random_5,0.05,65,1,0.002,600,499
structural_maximin,random_5,0.05,66,1,0.002,600,499
structural_maximin,random_5,0.05,67,0,0.056,600,499
structural_maximin,random_5,0.05,68,0,0.166,600,499
structural_maximin,random_5,0.05,69,1,0.002,600,499
structural_maximin,random_5,0.05,70,1,0.002,600,499
structural_maximin,random_5,0.05,71,1,0.02,600,499
structural_maximin,random_5,0.05,72,1,0.006,600,499
structural_maximin,random_5,0.05,73,1,0.002,600,499
structural_maximin,random_5,0.05,74,1,0.03,600,499
structural_maximin,random_5,0.05,75,1,0.006,600,499
structural_maximin,random_5,0.05,76,1,0.006,600,499
structural_maximin,random_5,0.05,77,1,0.006,600,499
structural_maximin,random_5,0.05,78,1,0.014,600,499
structural_maximin,random_5,0.05,79,1,0.002,600,499
structural_maximin,random_5,0.05,80,1,0.002,600,499
structural_maximin,random_5,0.05,81,1,0.002,600,499
structural_maximin,random_5,0.05,82,1,0.006,600,499
structural_maximin,random_5,0.05,83,1,0.004,600,499
structural_maximin,random_5,0.05,84,1,0.002,600,499
structural_maximin,random_5,0.05,85,1,0.002,600,499
structural_maximin,random_5,0.05,86,1,0.002,600,499
structural_maximin,random_5,0.05,87,1,0.002,600,499
structural_maximin,random_5,0.05,88,1,0.012,600,499
structural_maximin,random_5,0.05,89,1,0.002,600,499
structural_maximin,random_5,0.05,90,1,0.026,600,499
structural_maximin,random_5,0.05,91,1,0.036,600,499
structural_maximin,random_5,0.05,92,1,0.006,600,499
structural_maximin,random_5,0.05,93,1,0.002,600,499
structural_maximin,random_5,0.05,94,1,0.002,600,499
structural_maximin,random_5,0.05,95,1,0.002,600,499
structural_maximin,random_5,0.05,96,1,0.002,600,499
structural_maximin,random_5,0.05,97,1,0.002,600,499
structural_maximin,random_5,0.05,98,1,0.018,600,499
structural_maximin,random_5,0.05,99,1,0.008,600,499
structural_maximin,random_5,0.05,100,1,0.002,600,499
structural_maximin,random_5,0.05,101,1,0.002,600,499
structural_maximin,random_5,0.05,102,0,0.426,600,499
structural_maximin,random_5,0.05,103,1,0.002,600,499
structural_maximin,random_5,0.05,104,1,0.004,600,499
structural_maximin,random_5,0.05,105,0,0.066,600,499
structural_maximin,random_5,0.05,106,1,0.018,600,499
structural_maximin,random_5,0.05,107,1,0.008,600,499
structural_maximin,random_5,0.05,108,1,0.004,600,499
structural_maximin,random_5,0.05,109,1,0.004,600,499
structural_maximin,random_5,0.05,110,1,0.002,600,499
structural_maximin,random_5,0.05,111,0,0.066,600,499
structural_maximin,random_5,0.05,112,0,0.05,600,499
structural_maximin,random_5,0.05,113,1,0.002,600,499
structural_maximin,random_5,0.05,114,1,0.002,600,499
structural_maximin,random_5,0.05,115,1,0.002,600,499
structural_maximin,random_5,0.05,116,1,0.01,600,499
structural_maximin,random_5,0.05,117,1,0.004,600,499
structural_maximin,random_5,0.05,118,1,0.002,600,499
structural_maximin,random_5,0.05,119,1,0.004,600,499
structural_maximin,random_5,0.05,120,1,0.038,600,499
structural_maximin,random_5,0.05,121,1,0.002,600,499
structural_maximin,random_5,0.05,122,1,0.018,600,499
structural_maximin,random_5,0.05,123,1,0.026,600,499
structural_maximin,random_5,0.05,124,1,0.002,600,499
structural_maximin,random_5,0.05,125,1,0.002,600,499
structural_maximin,random_5,0.05,126,1,0.002,600,499
structural_maximin,random_5,0.05,127,1,0.002,600,499
structural_maximin,random_5,0.05,128,1,0.004,600,499
structural_maximin,random_5,0.05,129,0,0.092,600,499
structural_maximin,random_5,0.05,130,1,0.002,600,499
structural_maximin,random_5,0.05,131,0,0.062,600,499
structural_maximin,random_5,0.05,132,1,0.024,600,499
structural_maximin,random_5,0.05,133,1,0.006,600,499
structural_maximin,random_5,0.05,134,1,0.002,600,499
structural_maximin,random_5,0.05,135,0,0.142,600,499
structural_maximin,random_5,0.05,136,1,0.002,600,499
structural_maximin,random_5,0.05,137,1,0.002,600,499
structural_maximin,random_5,0.05,138,1,0.002,600,499
structural_maximin,random_5,0.05,139,1,0.002,600,499
structural_maximin,random_5,0.05,140,1,0.032,600,499
structural_maximin,random_5,0.05,141,1,0.002,600,499
structural_maximin,random_5,0.05,142,0,0.102,600,499
structural_maximin,random_5,0.05,143,1,0.002,600,499
structural_maximin,random_5,0.05,144,1,0.002,600,499
structural_maximin,random_5,0.05,145,1,0.002,600,499
structural_maximin,random_5,0.05,146,1,0.03,600,499
structural_maximin,random_5,0.05,147,0,0.13,600,499
structural_maximin,random_5,0.05,148,1,0.002,600,499
structural_maximin,random_5,0.05,149,1,0.014,600,499
structural_maximin,random_5,0.05,150,1,0.034,600,499
structural_maximin,random_5,0.05,151,1,0.032,600,499
structural_maximin,random_5,0.05,152,1,0.004,600,499
structural_maximin,random_5,0.05,153,1,0.002,600,499
structural_maximin,random_5,0.05,154,1,0.008,600,499
structural_maximin,random_5,0.05,155,1,0.03,600,499
structural_maximin,random_5,0.05,156,1,0.002,600,499
structural_maximin,random_5,0.05,157,1,0.008,600,499
structural_maximin,random_5,0.05,158,1,0.004,600,499
structural_maximin,random_5,0.05,159,0,0.062,600,499
structural_maximin,random_5,0.05,160,1,0.028,600,499
structural_maximin,random_5,0.05,161,1,0.002,600,499
structural_maximin,random_5,0.05,162,1,0.002,600,499
structural_maximin,random_5,0.05,163,1,0.004,600,499
structural_maximin,random_5,0.05,164,1,0.024,600,499
structural_maximin,random_5,0.05,165,1,0.002,600,499
structural_maximin,random_5,0.05,166,1,0.006,600,499
structural_maximin,random_5,0.05,167,1,0.004,600,499
structural_maximin,random_5,0.05,168,1,0.002,600,499
structural_maximin,random_5,0.05,169,1,0.046,600,499
structural_maximin,random_5,0.05,170,1,0.002,600,499
structural_maximin,random_5,0.05,171,1,0.002,600,499
structural_maximin,random_5,0.05,172,1,0.002,600,499
structural_maximin,random_5,0.05,173,1,0.028,600,499
structural_maximin,random_5,0.05,174,1,0.002,600,499
structural_maximin,random_5,0.05,175,1,0.002,600,499
structural_maximin,random_5,0.05,176,1,0.002,600,499
structural_maximin,random_5,0.05,177,0,0.07,600,499
structural_maximin,random_5,0.05,178,1,0.01,600,499
structural_maximin,random_5,0.05,179,1,0.008,600,499
structural_maximin,random_5,0.05,180,1,0.04,600,499
structural_maximin,random_5,0.05,181,1,0.002,600,499
structural_maximin,random_5,0.05,182,1,0.002,600,499
structural_maximin,random_5,0.05,183,1,0.002,600,499
structural_maximin,random_5,0.05,184,1,0.002,600,499
structural_maximin,random_5,0.05,185,1,0.002,600,499
structural_maximin,random_5,0.05,186,1,0.002,600,499
structural_maximin,random_5,0.05,187,1,0.002,600,499
structural_maximin,random_5,0.05,188,1,0.002,600,499
structural_maximin,random_5,0.05,189,1,0.002,600,499
structural_maximin,random_5,0.05,190,1,0.004,600,499
structural_maximin,random_5,0.05,191,1,0.002,600,499
structural_maximin,random_5,0.05,192,1,0.006,600,499
structural_maximin,random_5,0.05,193,1,0.026,600,499
structural_maximin,random_5,0.05,194,1,0.04,600,499
structural_maximin,random_5,0.05,195,1,0.014,600,499
structural_maximin,random_5,0.05,196,0,0.072,600,499
structural_maximin,random_5,0.05,197,1,0.002,600,499
structural_maximin,random_5,0.05,198,1,0.002,600,499
structural_maximin,random_5,0.05,199,1,0.002,600,499
structural_maximin,random_6,0.05,0,1,0.002,600,499
structural_maximin,random_6,0.05,1,1,0.002,600,499
structural_maximin,random_6,0.05,2,1,0.002,600,499
structural_maximin,random_6,0.05,3,1,0.002,600,499
structural_maximin,random_6,0.05,4,1,0.002,600,499
structural_maximin,random_6,0.05,5,1,0.002,600,499
structural_maximin,random_6,0.05,6,1,0.002,600,499
structural_maximin,random_6,0.05,7,1,0.002,600,499
structural_maximin,random_6,0.05,8,1,0.002,600,499
structural_maximin,random_6,0.05,9,1,0.002,600,499
structural_maximin,random_6,0.05,10,1,0.002,600,499
structural_maximin,random_6,0.05,11,1,0.002,600,499
structural_maximin,random_6,0.05,12,1,0.002,600,499
structural_maximin,random_6,0.05,13,1,0.002,600,499
structural_maximin,random_6,0.05,14,1,0.002,600,499
structural_maximin,random_6,0.05,15,1,0.002,600,499
structural_maximin,random_6,0.05,16,1,0.002,600,499
structural_maximin,random_6,0.05,17,1,0.002,600,499
structural_maximin,random_6,0.05,18,1,0.002,600,499
structural_maximin,random_6,0.05,19,1,0.002,600,499
structural_maximin,random_6,0.05,20,1,0.002,600,499
structural_maximin,random_6,0.05,21,1,0.002,600,499
structural_maximin,random_6,0.05,22,1,0.002,600,499
structural_maximin,random_6,0.05,23,1,0.002,600,499
structural_maximin,random_6,0.05,24,1,0.002,600,499
structural_maximin,random_6,0.05,25,1,0.002,600,499
structural_maximin,random_6,0.05,26,1,0.002,600,499
structural_maximin,random_6,0.05,27,1,0.002,600,499
structural_maximin,random_6,0.05,28,1,0.002,600,499
structural_maximin,random_6,0.05,29,1,0.002,600,499
structural_maximin,random_6,0.05,30,1,0.002,600,499
structural_maximin,random_6,0.05,31,1,0.002,600,499
structural_maximin,random_6,0.05,32,1,0.002,600,499
structural_maximin,random_6,0.05,33,1,0.002,600,499
structural_maximin,random_6,0.05,34,1,0.002,600,499
structural_maximin,random_6,0.05,35,1,0.002,600,499
structural_maximin,random_6,0.05,36,1,0.002,600,499
structural_maximin,random_6,0.05,37,1,0.002,600,499
structural_maximin,random_6,0.05,38,1,0.002,600,499
structural_maximin,random_6,0.05,39,1,0.002,600,499
structural_maximin,random_6,0.05,40,1,0.002,600,499
structural_maximin,random_6,0.05,41,1,0.002,600,499
structural_maximin,random_6,0.05,42,1,0.002,600,499
structural_maximin,random_6,0.05,43,1,0.002,600,499
structural_maximin,random_6,0.05,44,1,0.002,600,499
structural_maximin,random_6,0.05,45,1,0.002,600,499
structural_maximin,random_6,0.05,46,1,0.002,600,499
structural_maximin,random_6,0.05,47,1,0.002,600,499
structural_maximin,random_6,0.05,48,1,0.002,600,499
structural_maximin,random_6,0.05,49,1,0.002,600,499
structural_maximin,random_6,0.05,50,1,0.002,600,499
structural_maximin,random_6,0.05,51,1,0.002,600,499
structural_maximin,random_6,0.05,52,1,0.002,600,499
structural_maximin,random_6,0.05,53,1,0.002,600,499
structural_maximin,random_6,0.05,54,1,0.002,600,499
structural_maximin,random_6,0.05,55,1,0.002,600,499
structural_maximin,random_6,0.05,56,1,0.002,600,499
structural_maximin,random_6,0.05,57,1,0.002,600,499
structural_maximin,random_6,0.05,58,1,0.002,600,499
structural_maximin,random_6,0.05,59,1,0.002,600,499
structural_maximin,random_6,0.05,60,1,0.002,600,499
structural_maximin,random_6,0.05,61,1,0.002,600,499
structural_maximin,random_6,0.05,62,1,0.002,600,499
structural_maximin,random_6,0.05,63,1,0.002,600,499
structural_maximin,random_6,0.05,64,1,0.002,600,499
structural_maximin,random_6,0.05,65,1,0.002,600,499
structural_maximin,random_6,0.05,66,1,0.002,600,499
structural_maximin,random_6,0.05,67,1,0.002,600,499
structural_maximin,random_6,0.05,68,1,0.002,600,499
structural_maximin,random_6,0.05,69,1,0.002,600,499
structural_maximin,random_6,0.05,70,1,0.002,600,499
structural_maximin,random_6,0.05,71,1,0.002,600,499
structural_maximin,random_6,0.05,72,1,0.002,600,499
structural_maximin,random_6,0.05,73,1,0.002,600,499
structural_maximin,random_6,0.05,74,1,0.002,600,499
structural_maximin,random_6,0.05,75,1,0.002,600,499
structural_maximin,random_6,0.05,76,1,0.002,600,499
structural_maximin,random_6,0.05,77,1,0.002,600,499
structural_maximin,random_6,0.05,78,1,0.002,600,499
structural_maximin,random_6,0.05,79,1,0.002,600,499
structural_maximin,random_6,0.05,80,1,0.002,600,499
structural_maximin,random_6,0.05,81,1,0.002,600,499
structural_maximin,random_6,0.05,82,1,0.002,600,499
structural_maximin,random_6,0.05,83,1,0.002,600,499
structural_maximin,random_6,0.05,84,1,0.002,600,499
structural_maximin,random_6,0.05,85,1,0.002,600,499
structural_maximin,random_6,0.05,86,1,0.002,600,499
structural_maximin,random_6,0.05,87,1,0.002,600,499
structural_maximin,random_6,0.05,88,1,0.002,600,499
structural_maximin,random_6,0.05,89,1,0.002,600,499
structural_maximin,random_6,0.05,90,1,0.002,600,499
structural_maximin,random_6,0.05,91,1,0.002,600,499
structural_maximin,random_6,0.05,92,1,0.002,600,499
structural_maximin,random_6,0.05,93,1,0.002,600,499
structural_maximin,random_6,0.05,94,1,0.002,600,499
structural_maximin,random_6,0.05,95,1,0.002,600,499
structural_maximin,random_6,0.05,96,1,0.002,600,499
structural_maximin,random_6,0.05,97,1,0.002,600,499
structural_maximin,random_6,0.05,98,1,0.002,600,499
structural_maximin,random_6,0.05,99,1,0.002,600,499
structural_maximin,random_6,0.05,100,1,0.002,600,499
structural_maximin,random_6,0.05,101,1,0.002,600,499
structural_maximin,random_6,0.05,102,1,0.002,600,499
structural_maximin,random_6,0.05,103,1,0.002,600,499
structural_maximin,random_6,0.05,104,1,0.002,600,499
structural_maximin,random_6,0.05,105,1,0.002,600,499
structural_maximin,random_6,0.05,106,1,0.002,600,499
structural_maximin,random_6,0.05,107,1,0.002,600,499
structural_maximin,random_6,0.05,108,1,0.002,600,499
structural_maximin,random_6,0.05,109,1,0.002,600,499
structural_maximin,random_6,0.05,110,1,0.002,600,499
structural_maximin,random_6,0.05,111,1,0.002,600,499
structural_maximin,random_6,0.05,112,1,0.002,600,499
structural_maximin,random_6,0.05,113,1,0.002,600,499
structural_maximin,random_6,0.05,114,1,0.002,600,499
structural_maximin,random_6,0.05,115,1,0.002,600,499
structural_maximin,random_6,0.05,116,1,0.002,600,499
structural_maximin,random_6,0.05,117,1,0.002,600,499
structural_maximin,random_6,0.05,118,1,0.002,600,499
structural_maximin,random_6,0.05,119,1,0.002,600,499
structural_maximin,random_6,0.05,120,1,0.002,600,499
structural_maximin,random_6,0.05,121,1,0.002,600,499
structural_maximin,random_6,0.05,122,1,0.002,600,499
structural_maximin,random_6,0.05,123,1,0.002,600,499
structural_maximin,random_6,0.05,124,1,0.002,600,499
structural_maximin,random_6,0.05,125,1,0.002,600,499
structural_maximin,random_6,0.05,126,1,0.002,600,499
structural_maximin,random_6,0.05,127,1,0.002,600,499
structural_maximin,random_6,0.05,128,1,0.002,600,499
structural_maximin,random_6,0.05,129,1,0.002,600,499
structural_maximin,random_6,0.05,130,1,0.002,600,499
structural_maximin,random_6,0.05,131,1,0.002,600,499
structural_maximin,random_6,0.05,132,1,0.002,600,499
structural_maximin,random_6,0.05,133,1,0.002,600,499
structural_maximin,random_6,0.05,134,1,0.002,600,499
structural_maximin,random_6,0.05,135,1,0.002,600,499
structural_maximin,random_6,0.05,136,1,0.002,600,499
structural_maximin,random_6,0.05,137,1,0.002,600,499
structural_maximin,random_6,0.05,138,1,0.002,600,499
structural_maximin,random_6,0.05,139,1,0.002,600,499
structural_maximin,random_6,0.05,140,1,0.002,600,499
structural_maximin,random_6,0.05,141,1,0.002,600,499
structural_maximin,random_6,0.05,142,1,0.002,600,499
structural_maximin,random_6,0.05,143,1,0.002,600,499
structural_maximin,random_6,0.05,144,1,0.002,600,499
structural_maximin,random_6,0.05,145,1,0.002,600,499
structural_maximin,random_6,0.05,146,1,0.002,600,499
structural_maximin,random_6,0.05,147,1,0.002,600,499
structural_maximin,random_6,0.05,148,1,0.002,600,499
structural_maximin,random_6,0.05,149,1,0.002,600,499
structural_maximin,random_6,0.05,150,1,0.002,600,499
structural_maximin,random_6,0.05,151,1,0.002,600,499
structural_maximin,random_6,0.05,152,1,0.002,600,499
structural_maximin,random_6,0.05,153,1,0.002,600,499
structural_maximin,random_6,0.05,154,1,0.002,600,499
structural_maximin,random_6,0.05,155,1,0.002,600,499
structural_maximin,random_6,0.05,156,1,0.002,600,499
structural_maximin,random_6,0.05,157,1,0.002,600,499
structural_maximin,random_6,0.05,158,1,0.002,600,499
structural_maximin,random_6,0.05,159,1,0.002,600,499
structural_maximin,random_6,0.05,160,1,0.002,600,499
structural_maximin,random_6,0.05,161,1,0.002,600,499
structural_maximin,random_6,0.05,162,1,0.002,600,499
structural_maximin,random_6,0.05,163,1,0.002,600,499
structural_maximin,random_6,0.05,164,1,0.002,600,499
structural_maximin,random_6,0.05,165,1,0.002,600,499
structural_maximin,random_6,0.05,166,1,0.002,600,499
structural_maximin,random_6,0.05,167,1,0.002,600,499
structural_maximin,random_6,0.05,168,1,0.002,600,499
structural_maximin,random_6,0.05,169,1,0.002,600,499
structural_maximin,random_6,0.05,170,1,0.002,600,499
structural_maximin,random_6,0.05,171,1,0.002,600,499
structural_maximin,random_6,0.05,172,1,0.002,600,499
structural_maximin,random_6,0.05,173,1,0.002,600,499
structural_maximin,random_6,0.05,174,1,0.002,600,499
structural_maximin,random_6,0.05,175,1,0.002,600,499
structural_maximin,random_6,0.05,176,1,0.002,600,499
structural_maximin,random_6,0.05,177,1,0.002,600,499
structural_maximin,random_6,0.05,178,1,0.002,600,499
structural_maximin,random_6,0.05,179,1,0.002,600,499
structural_maximin,random_6,0.05,180,1,0.002,600,499
structural_maximin,random_6,0.05,181,1,0.002,600,499
structural_maximin,random_6,0.05,182,1,0.002,600,499
structural_maximin,random_6,0.05,183,1,0.002,600,499
structural_maximin,random_6,0.05,184,1,0.002,600,499
structural_maximin,random_6,0.05,185,1,0.002,600,499
structural_maximin,random_6,0.05,186,1,0.002,600,499
structural_maximin,random_6,0.05,187,1,0.002,600,499
structural_maximin,random_6,0.05,188,1,0.002,600,499
structural_maximin,random_6,0.05,189,1,0.002,600,499
structural_maximin,random_6,0.05,190,1,0.002,600,499
structural_maximin,random_6,0.05,191,1,0.002,600,499
structural_maximin,random_6,0.05,192,1,0.002,600,499
structural_maximin,random_6,0.05,193,1,0.002,600,499
structural_maximin,random_6,0.05,194,1,0.002,600,499
structural_maximin,random_6,0.05,195,1,0.002,600,499
structural_maximin,random_6,0.05,196,1,0.002,600,499
structural_maximin,random_6,0.05,197,1,0.002,600,499
structural_maximin,random_6,0.05,198,1,0.002,600,499
structural_maximin,random_6,0.05,199,1,0.002,600,499
structural_maximin,random_7,0.05,0,1,0.002,600,499
structural_maximin,random_7,0.05,1,1,0.002,600,499
structural_maximin,random_7,0.05,2,1,0.002,600,499
structural_maximin,random_7,0.05,3,1,0.002,600,499
structural_maximin,random_7,0.05,4,1,0.002,600,499
structural_maximin,random_7,0.05,5,1,0.002,600,499
structural_maximin,random_7,0.05,6,1,0.002,600,499
structural_maximin,random_7,0.05,7,1,0.002,600,499
structural_maximin,random_7,0.05,8,1,0.002,600,499
structural_maximin,random_7,0.05,9,1,0.002,600,499
structural_maximin,random_7,0.05,10,1,0.002,600,499
structural_maximin,random_7,0.05,11,1,0.002,600,499
structural_maximin,random_7,0.05,12,1,0.002,600,499
structural_maximin,random_7,0.05,13,1,0.002,600,499
structural_maximin,random_7,0.05,14,1,0.002,600,499
structural_maximin,random_7,0.05,15,1,0.002,600,499
structural_maximin,random_7,0.05,16,1,0.002,600,499
structural_maximin,random_7,0.05,17,1,0.002,600,499
structural_maximin,random_7,0.05,18,1,0.002,600,499
structural_maximin,random_7,0.05,19,1,0.002,600,499
structural_maximin,random_7,0.05,20,1,0.002,600,499
structural_maximin,random_7,0.05,21,1,0.002,600,499
structural_maximin,random_7,0.05,22,1,0.002,600,499
structural_maximin,random_7,0.05,23,1,0.002,600,499
structural_maximin,random_7,0.05,24,1,0.002,600,499
structural_maximin,random_7,0.05,25,1,0.002,600,499
structural_maximin,random_7,0.05,26,1,0.002,600,499
structural_maximin,random_7,0.05,27,1,0.002,600,499
structural_maximin,random_7,0.05,28,1,0.002,600,499
structural_maximin,random_7,0.05,29,1,0.002,600,499
structural_maximin,random_7,0.05,30,1,0.002,600,499
structural_maximin,random_7,0.05,31,1,0.002,600,499
structural_maximin,random_7,0.05,32,1,0.002,600,499
structural_maximin,random_7,0.05,33,1,0.002,600,499
structural_maximin,random_7,0.05,34,1,0.002,600,499
structural_maximin,random_7,0.05,35,1,0.002,600,499
structural_maximin,random_7,0.05,36,1,0.002,600,499
structural_maximin,random_7,0.05,37,1,0.002,600,499
structural_maximin,random_7,0.05,38,1,0.002,600,499
structural_maximin,random_7,0.05,39,1,0.002,600,499
structural_maximin,random_7,0.05,40,1,0.002,600,499
structural_maximin,random_7,0.05,41,1,0.002,600,499
structural_maximin,random_7,0.05,42,1,0.002,600,499
structural_maximin,random_7,0.05,43,1,0.002,600,499
structural_maximin,random_7,0.05,44,1,0.002,600,499
structural_maximin,random_7,0.05,45,1,0.002,600,499
structural_maximin,random_7,0.05,46,1,0.002,600,499
structural_maximin,random_7,0.05,47,1,0.002,600,499
structural_maximin,random_7,0.05,48,1,0.002,600,499
structural_maximin,random_7,0.05,49,1,0.002,600,499
structural_maximin,random_7,0.05,50,1,0.002,600,499
structural_maximin,random_7,0.05,51,1,0.002,600,499
structural_maximin,random_7,0.05,52,1,0.002,600,499
structural_maximin,random_7,0.05,53,1,0.002,600,499
structural_maximin,random_7,0.05,54,1,0.002,600,499
structural_maximin,random_7,0.05,55,1,0.002,600,499
structural_maximin,random_7,0.05,56,1,0.002,600,499
structural_maximin,random_7,0.05,57,1,0.002,600,499
structural_maximin,random_7,0.05,58,1,0.002,600,499
structural_maximin,random_7,0.05,59,1,0.002,600,499
structural_maximin,random_7,0.05,60,1,0.002,600,499
structural_maximin,random_7,0.05,61,1,0.002,600,499
structural_maximin,random_7,0.05,62,1,0.002,600,499
structural_maximin,random_7,0.05,63,1,0.002,600,499
structural_maximin,random_7,0.05,64,1,0.002,600,499
structural_maximin,random_7,0.05,65,1,0.002,600,499
structural_maximin,random_7,0.05,66,1,0.002,600,499
structural_maximin,random_7,0.05,67,1,0.002,600,499
structural_maximin,random_7,0.05,68,1,0.002,600,499
structural_maximin,random_7,0.05,69,1,0.002,600,499
structural_maximin,random_7,0.05,70,1,0.002,600,499
structural_maximin,random_7,0.05,71,1,0.002,600,499
structural_maximin,random_7,0.05,72,1,0.002,600,499
structural_maximin,random_7,0.05,73,1,0.002,600,499
structural_maximin,random_7,0.05,74,1,0.002,600,499
structural_maximin,random_7,0.05,75,1,0.002,600,499
structural_maximin,random_7,0.05,76,1,0.002,600,499
structural_maximin,random_7,0.05,77,1,0.002,600,499
structural_maximin,random_7,0.05,78,1,0.002,600,499
structural_maximin,random_7,0.05,79,1,0.002,600,499
structural_maximin,random_7,0.05,80,1,0.002,600,499
structural_maximin,random_7,0.05,81,1,0.002,600,499
structural_maximin,random_7,0.05,82,1,0.002,600,499
structural_maximin,random_7,0.05,83,1,0.002,600,499
structural_maximin,random_7,0.05,84,1,0.002,600,499
structural_maximin,random_7,0.05,85,1,0.002,600,499
structural_maximin,random_7,0.05,86,1,0.002,600,499
structural_maximin,random_7,0.05,87,1,0.002,600,499
structural_maximin,random_7,0.05,88,1,0.002,600,499
structural_maximin,random_7,0.05,89,1,0.002,600,499
structural_maximin,random_7,0.05,90,1,0.002,600,499
structural_maximin,random_7,0.05,91,1,0.002,600,499
structural_maximin,random_7,0.05,92,1,0.002,600,499
structural_maximin,random_7,0.05,93,1,0.002,600,499
structural_maximin,random_7,0.05,94,1,0.002,600,499
structural_maximin,random_7,0.05,95,1,0.002,600,499
structural_maximin,random_7,0.05,96,1,0.002,600,499
structural_maximin,random_7,0.05,97,1,0.002,600,499
structural_maximin,random_7,0.05,98,1,0.002,600,499
structural_maximin,random_7,0.05,99,1,0.002,600,499
structural_maximin,random_7,0.05,100,1,0.002,600,499
structural_maximin,random_7,0.05,101,1,0.002,600,499
structural_maximin,random_7,0.05,102,1,0.002,600,499
structural_maximin,random_7,0.05,103,1,0.002,600,499
structural_maximin,random_7,0.05,104,1,0.002,600,499
structural_maximin,random_7,0.05,105,1,0.002,600,499
structural_maximin,random_7,0.05,106,1,0.002,600,499
structural_maximin,random_7,0.05,107,1,0.002,600,499
structural_maximin,random_7,0.05,108,1,0.002,600,499
structural_maximin,random_7,0.05,109,1,0.002,600,499
structural_maximin,random_7,0.05,110,1,0.002,600,499
structural_maximin,random_7,0.05,111,1,0.002,600,499
structural_maximin,random_7,0.05,112,1,0.002,600,499
structural_maximin,random_7,0.05,113,1,0.002,600,499
structural_maximin,random_7,0.05,114,1,0.002,600,499
structural_maximin,random_7,0.05,115,1,0.002,600,499
structural_maximin,random_7,0.05,116,1,0.002,600,499
structural_maximin,random_7,0.05,117,1,0.002,600,499
structural_maximin,random_7,0.05,118,1,0.002,600,499
structural_maximin,random_7,0.05,119,1,0.002,600,499
structural_maximin,random_7,0.05,120,1,0.002,600,499
structural_maximin,random_7,0.05,121,1,0.002,600,499
structural_maximin,random_7,0.05,122,1,0.002,600,499
structural_maximin,random_7,0.05,123,1,0.002,600,499
structural_maximin,random_7,0.05,124,1,0.002,600,499
structural_maximin,random_7,0.05,125,1,0.002,600,499
structural_maximin,random_7,0.05,126,1,0.002,600,499
structural_maximin,random_7,0.05,127,1,0.002,600,499
structural_maximin,random_7,0.05,128,1,0.002,600,499
structural_maximin,random_7,0.05,129,1,0.002,600,499
structural_maximin,random_7,0.05,130,1,0.002,600,499
structural_maximin,random_7,0.05,131,1,0.002,600,499
structural_maximin,random_7,0.05,132,1,0.002,600,499
structural_maximin,random_7,0.05,133,1,0.002,600,499
structural_maximin,random_7,0.05,134,1,0.002,600,499
structural_maximin,random_7,0.05,135,1,0.002,600,499
structural_maximin,random_7,0.05,136,1,0.002,600,499
structural_maximin,random_7,0.05,137,1,0.002,600,499
structural_maximin,random_7,0.05,138,1,0.002,600,499
structural_maximin,random_7,0.05,139,1,0.002,600,499
structural_maximin,random_7,0.05,140,1,0.002,600,499
structural_maximin,random_7,0.05,141,1,0.002,600,499
structural_maximin,random_7,0.05,142,1,0.002,600,499
structural_maximin,random_7,0.05,143,1,0.002,600,499
structural_maximin,random_7,0.05,144,1,0.002,600,499
structural_maximin,random_7,0.05,145,1,0.002,600,499
structural_maximin,random_7,0.05,146,1,0.002,600,499
structural_maximin,random_7,0.05,147,1,0.002,600,499
structural_maximin,random_7,0.05,148,1,0.002,600,499
structural_maximin,random_7,0.05,149,1,0.002,600,499
structural_maximin,random_7,0.05,150,1,0.002,600,499
structural_maximin,random_7,0.05,151,1,0.002,600,499
structural_maximin,random_7,0.05,152,1,0.002,600,499
structural_maximin,random_7,0.05,153,1,0.002,600,499
structural_maximin,random_7,0.05,154,1,0.002,600,499
structural_maximin,random_7,0.05,155,1,0.002,600,499
structural_maximin,random_7,0.05,156,1,0.002,600,499
structural_maximin,random_7,0.05,157,1,0.002,600,499
structural_maximin,random_7,0.05,158,1,0.002,600,499
structural_maximin,random_7,0.05,159,1,0.002,600,499
structural_maximin,random_7,0.05,160,1,0.002,600,499
structural_maximin,random_7,0.05,161,1,0.002,600,499
structural_maximin,random_7,0.05,162,1,0.002,600,499
structural_maximin,random_7,0.05,163,1,0.002,600,499
structural_maximin,random_7,0.05,164,1,0.002,600,499
structural_maximin,random_7,0.05,165,1,0.002,600,499
structural_maximin,random_7,0.05,166,1,0.002,600,499
structural_maximin,random_7,0.05,167,1,0.002,600,499
structural_maximin,random_7,0.05,168,1,0.002,600,499
structural_maximin,random_7,0.05,169,1,0.002,600,499
structural_maximin,random_7,0.05,170,1,0.002,600,499
structural_maximin,random_7,0.05,171,1,0.002,600,499
structural_maximin,random_7,0.05,172,1,0.002,600,499
structural_maximin,random_7,0.05,173,1,0.002,600,499
structural_maximin,random_7,0.05,174,1,0.002,600,499
structural_maximin,random_7,0.05,175,1,0.002,600,499
structural_maximin,random_7,0.05,176,1,0.002,600,499
structural_maximin,random_7,0.05,177,1,0.002,600,499
structural_maximin,random_7,0.05,178,1,0.002,600,499
structural_maximin,random_7,0.05,179,1,0.002,600,499
structural_maximin,random_7,0.05,180,1,0.002,600,499
structural_maximin,random_7,0.05,181,1,0.002,600,499
structural_maximin,random_7,0.05,182,1,0.002,600,499
structural_maximin,random_7,0.05,183,1,0.002,600,499
structural_maximin,random_7,0.05,184,1,0.002,600,499
structural_maximin,random_7,0.05,185,1,0.002,600,499
structural_maximin,random_7,0.05,186,1,0.002,600,499
structural_maximin,random_7,0.05,187,1,0.002,600,499
structural_maximin,random_7,0.05,188,1,0.002,600,499
structural_maximin,random_7,0.05,189,1,0.002,600,499
structural_maximin,random_7,0.05,190,1,0.002,600,499
structural_maximin,random_7,0.05,191,1,0.002,600,499
structural_maximin,random_7,0.05,192,1,0.002,600,499
structural_maximin,random_7,0.05,193,1,0.002,600,499
structural_maximin,random_7,0.05,194,1,0.002,600,499
structural_maximin,random_7,0.05,195,1,0.002,600,499
structural_maximin,random_7,0.05,196,1,0.002,600,499
structural_maximin,random_7,0.05,197,1,0.002,600,499
structural_maximin,random_7,0.05,198,1,0.002,600,499
structural_maximin,random_7,0.05,199,1,0.002,600,499
structural_maximin,random_8,0.05,0,1,0.002,600,499
structural_maximin,random_8,0.05,1,1,0.002,600,499
structural_maximin,random_8,0.05,2,1,0.002,600,499
structural_maximin,random_8,0.05,3,1,0.002,600,499
structural_maximin,random_8,0.05,4,1,0.002,600,499
structural_maximin,random_8,0.05,5,1,0.002,600,499
structural_maximin,random_8,0.05,6,1,0.002,600,499
structural_maximin,random_8,0.05,7,1,0.002,600,499
structural_maximin,random_8,0.05,8,1,0.002,600,499
structural_maximin,random_8,0.05,9,1,0.002,600,499
structural_maximin,random_8,0.05,10,1,0.004,600,499
structural_maximin,random_8,0.05,11,1,0.002,600,499
structural_maximin,random_8,0.05,12,1,0.002,600,499
structural_maximin,random_8,0.05,13,1,0.002,600,499
structural_maximin,random_8,0.05,14,1,0.002,600,499
structural_maximin,random_8,0.05,15,1,0.002,600,499
structural_maximin,random_8,0.05,16,1,0.002,600,499
structural_maximin,random_8,0.05,17,1,0.002,600,499
structural_maximin,random_8,0.05,18,1,0.002,600,499
structural_maximin,random_8,0.05,19,1,0.002,600,499
structural_maximin,random_8,0.05,20,1,0.002,600,499
structural_maximin,random_8,0.05,21,1,0.002,600,499
structural_maximin,random_8,0.05,22,1,0.002,600,499
structural_maximin,random_8,0.05,23,1,0.002,600,499
structural_maximin,random_8,0.05,24,1,0.002,600,499
structural_maximin,random_8,0.05,25,1,0.002,600,499
structural_maximin,random_8,0.05,26,1,0.002,600,499
structural_maximin,random_8,0.05,27,1,0.002,600,499
structural_maximin,random_8,0.05,28,1,0.002,600,499
structural_maximin,random_8,0.05,29,1,0.002,600,499
structural_maximin,random_8,0.05,30,1,0.002,600,499
structural_maximin,random_8,0.05,31,1,0.002,600,499
structural_maximin,random_8,0.05,32,1,0.002,600,499
structural_maximin,random_8,0.05,33,1,0.002,600,499
structural_maximin,random_8,0.05,34,1,0.002,600,499
structural_maximin,random_8,0.05,35,1,0.002,600,499
structural_maximin,random_8,0.05,36,1,0.002,600,499
structural_maximin,random_8,0.05,37,1,0.002,600,499
structural_maximin,random_8,0.05,38,1,0.002,600,499
structural_maximin,random_8,0.05,39,1,0.002,600,499
structural_maximin,random_8,0.05,40,1,0.002,600,499
structural_maximin,random_8,0.05,41,1,0.002,600,499
structural_maximin,random_8,0.05,42,1,0.002,600,499
structural_maximin,random_8,0.05,43,1,0.002,600,499
structural_maximin,random_8,0.05,44,1,0.002,600,499
structural_maximin,random_8,0.05,45,1,0.002,600,499
structural_maximin,random_8,0.05,46,1,0.002,600,499
structural_maximin,random_8,0.05,47,1,0.002,600,499
structural_maximin,random_8,0.05,48,1,0.002,600,499
structural_maximin,random_8,0.05,49,1,0.002,600,499
structural_maximin,random_8,0.05,50,1,0.002,600,499
structural_maximin,random_8,0.05,51,1,0.002,600,499
structural_maximin,random_8,0.05,52,1,0.002,600,499
structural_maximin,random_8,0.05,53,1,0.002,600,499
structural_maximin,random_8,0.05,54,1,0.002,600,499
structural_maximin,random_8,0.05,55,1,0.002,600,499
structural_maximin,random_8,0.05,56,1,0.002,600,499
structural_maximin,random_8,0.05,57,1,0.002,600,499
structural_maximin,random_8,0.05,58,1,0.002,600,499
structural_maximin,random_8,0.05,59,1,0.002,600,499
structural_maximin,random_8,0.05,60,1,0.004,600,499
structural_maximin,random_8,0.05,61,1,0.002,600,499
structural_maximin,random_8,0.05,62,1,0.002,600,499
structural_maximin,random_8,0.05,63,1,0.002,600,499
structural_maximin,random_8,0.05,64,1,0.002,600,499
structural_maximin,random_8,0.05,65,1,0.002,600,499
structural_maximin,random_8,0.05,66,1,0.002,600,499
structural_maximin,random_8,0.05,67,1,0.002,600,499
structural_maximin,random_8,0.05,68,1,0.002,600,499
structural_maximin,random_8,0.05,69,1,0.002,600,499
structural_maximin,random_8,0.05,70,1,0.002,600,499
structural_maximin,random_8,0.05,71,1,0.002,600,499
structural_maximin,random_8,0.05,72,1,0.002,600,499
structural_maximin,random_8,0.05,73,1,0.002,600,499
structural_maximin,random_8,0.05,74,1,0.002,600,499
structural_maximin,random_8,0.05,75,1,0.002,600,499
structural_maximin,random_8,0.05,76,1,0.002,600,499
structural_maximin,random_8,0.05,77,1,0.002,600,499
structural_maximin,random_8,0.05,78,1,0.002,600,499
structural_maximin,random_8,0.05,79,1,0.002,600,499
structural_maximin,random_8,0.05,80,1,0.002,600,499
structural_maximin,random_8,0.05,81,1,0.002,600,499
structural_maximin,random_8,0.05,82,1,0.002,600,499
structural_maximin,random_8,0.05,83,1,0.002,600,499
structural_maximin,random_8,0.05,84,1,0.002,600,499
structural_maximin,random_8,0.05,85,1,0.002,600,499
structural_maximin,random_8,0.05,86,1,0.002,600,499
structural_maximin,random_8,0.05,87,1,0.002,600,499
structural_maximin,random_8,0.05,88,1,0.002,600,499
structural_maximin,random_8,0.05,89,1,0.002,600,499
structural_maximin,random_8,0.05,90,1,0.002,600,499
structural_maximin,random_8,0.05,91,1,0.002,600,499
structural_maximin,random_8,0.05,92,1,0.002,600,499
structural_maximin,random_8,0.05,93,1,0.002,600,499
structural_maximin,random_8,0.05,94,1,0.002,600,499
structural_maximin,random_8,0.05,95,1,0.002,600,499
structural_maximin,random_8,0.05,96,1,0.002,600,499
structural_maximin,random_8,0.05,97,1,0.002,600,499
structural_maximin,random_8,0.05,98,1,0.002,600,499
structural_maximin,random_8,0.05,99,1,0.002,600,499
structural_maximin,random_8,0.05,100,1,0.002,600,499
structural_maximin,random_8,0.05,101,1,0.002,600,499
structural_maximin,random_8,0.05,102,1,0.002,600,499
structural_maximin,random_8,0.05,103,1,0.002,600,499
structural_maximin,random_8,0.05,104,1,0.002,600,499
structural_maximin,random_8,0.05,105,1,0.004,600,499
structural_maximin,random_8,0.05,106,1,0.002,600,499
structural_maximin,random_8,0.05,107,1,0.002,600,499
structural_maximin,random_8,0.05,108,1,0.002,600,499
structural_maximin,random_8,0.05,109,1,0.002,600,499
structural_maximin,random_8,0.05,110,1,0.002,600,499
structural_maximin,random_8,0.05,111,1,0.002,600,499
structural_maximin,random_8,0.05,112,1,0.002,600,499
structural_maximin,random_8,0.05,113,1,0.002,600,499
structural_maximin,random_8,0.05,114,1,0.002,600,499
structural_maximin,random_8,0.05,115,1,0.002,600,499
structural_maximin,random_8,0.05,116,1,0.002,600,499
structural_maximin,random_8,0.05,117,1,0.002,600,499
structural_maximin,random_8,0.05,118,1,0.002,600,499
structural_maximin,random_8,0.05,119,1,0.002,600,499
structural_maximin,random_8,0.05,120,1,0.002,600,499
structural_maximin,random_8,0.05,121,1,0.002,600,499
structural_maximin,random_8,0.05,122,1,0.002,600,499
structural_maximin,random_8,0.05,123,1,0.002,600,499
structural_maximin,random_8,0.05,124,1,0.002,600,499
structural_maximin,random_8,0.05,125,1,0.002,600,499
structural_maximin,random_8,0.05,126,1,0.002,600,499
structural_maximin,random_8,0.05,127,1,0.002,600,499
structural_maximin,random_8,0.05,128,1,0.002,600,499
structural_maximin,random_8,0.05,129,1,0.002,600,499
structural_maximin,random_8,0.05,130,1,0.002,600,499
structural_maximin,random_8,0.05,131,1,0.032,600,499
structural_maximin,random_8,0.05,132,1,0.002,600,499
structural_maximin,random_8,0.05,133,1,0.002,600,499
structural_maximin,random_8,0.05,134,1,0.002,600,499
structural_maximin,random_8,0.05,135,1,0.002,600,499
structural_maximin,random_8,0.05,136,1,0.002,600,499
structural_maximin,random_8,0.05,137,1,0.002,600,499
structural_maximin,random_8,0.05,138,1,0.002,600,499
structural_maximin,random_8,0.05,139,1,0.002,600,499
structural_maximin,random_8,0.05,140,1,0.002,600,499
structural_maximin,random_8,0.05,141,1,0.002,600,499
structural_maximin,random_8,0.05,142,1,0.002,600,499
structural_maximin,random_8,0.05,143,1,0.002,600,499
structural_maximin,random_8,0.05,144,1,0.002,600,499
structural_maximin,random_8,0.05,145,1,0.002,600,499
structural_maximin,random_8,0.05,146,1,0.002,600,499
structural_maximin,random_8,0.05,147,1,0.002,600,499
structural_maximin,random_8,0.05,148,1,0.002,600,499
structural_maximin,random_8,0.05,149,1,0.002,600,499
structural_maximin,random_8,0.05,150,1,0.002,600,499
structural_maximin,random_8,0.05,151,1,0.002,600,499
structural_maximin,random_8,0.05,152,1,0.002,600,499
structural_maximin,random_8,0.05,153,1,0.002,600,499
structural_maximin,random_8,0.05,154,1,0.002,600,499
structural_maximin,random_8,0.05,155,1,0.002,600,499
structural_maximin,random_8,0.05,156,1,0.002,600,499
structural_maximin,random_8,0.05,157,1,0.002,600,499
structural_maximin,random_8,0.05,158,1,0.002,600,499
structural_maximin,random_8,0.05,159,1,0.002,600,499
structural_maximin,random_8,0.05,160,1,0.002,600,499
structural_maximin,random_8,0.05,161,1,0.002,600,499
structural_maximin,random_8,0.05,162,1,0.008,600,499
structural_maximin,random_8,0.05,163,1,0.002,600,499
structural_maximin,random_8,0.05,164,1,0.002,600,499
structural_maximin,random_8,0.05,165,1,0.002,600,499
structural_maximin,random_8,0.05,166,1,0.002,600,499
structural_maximin,random_8,0.05,167,1,0.002,600,499
structural_maximin,random_8,0.05,168,1,0.002,600,499
structural_maximin,random_8,0.05,169,1,0.002,600,499
structural_maximin,random_8,0.05,170,1,0.002,600,499
structural_maximin,random_8,0.05,171,1,0.002,600,499
structural_maximin,random_8,0.05,172,1,0.002,600,499
structural_maximin,random_8,0.05,173,1,0.002,600,499
structural_maximin,random_8,0.05,174,1,0.002,600,499
structural_maximin,random_8,0.05,175,1,0.002,600,499
structural_maximin,random_8,0.05,176,1,0.002,600,499
structural_maximin,random_8,0.05,177,1,0.002,600,499
structural_maximin,random_8,0.05,178,1,0.002,600,499
structural_maximin,random_8,0.05,179,1,0.002,600,499
structural_maximin,random_8,0.05,180,1,0.002,600,499
structural_maximin,random_8,0.05,181,1,0.002,600,499
structural_maximin,random_8,0.05,182,1,0.002,600,499
structural_maximin,random_8,0.05,183,1,0.002,600,499
structural_maximin,random_8,0.05,184,1,0.002,600,499
structural_maximin,random_8,0.05,185,1,0.002,600,499
structural_maximin,random_8,0.05,186,1,0.002,600,499
structural_maximin,random_8,0.05,187,1,0.002,600,499
structural_maximin,random_8,0.05,188,1,0.002,600,499
structural_maximin,random_8,0.05,189,1,0.002,600,499
structural_maximin,random_8,0.05,190,1,0.002,600,499
structural_maximin,random_8,0.05,191,1,0.002,600,499
structural_maximin,random_8,0.05,192,1,0.002,600,499
structural_maximin,random_8,0.05,193,1,0.002,600,499
structural_maximin,random_8,0.05,194,1,0.002,600,499
structural_maximin,random_8,0.05,195,1,0.002,600,499
structural_maximin,random_8,0.05,196,1,0.002,600,499
structural_maximin,random_8,0.05,197,1,0.002,600,499
structural_maximin,random_8,0.05,198,1,0.002,600,499
structural_maximin,random_8,0.05,199,1,0.002,600,499
structural_maximin,random_9,0.05,0,1,0.002,600,499
structural_maximin,random_9,0.05,1,1,0.002,600,499
structural_maximin,random_9,0.05,2,1,0.002,600,499
structural_maximin,random_9,0.05,3,1,0.002,600,499
structural_maximin,random_9,0.05,4,1,0.002,600,499
structural_maximin,random_9,0.05,5,1,0.002,600,499
structural_maximin,random_9,0.05,6,1,0.002,600,499
structural_maximin,random_9,0.05,7,1,0.002,600,499
structural_maximin,random_9,0.05,8,1,0.002,600,499
structural_maximin,random_9,0.05,9,1,0.002,600,499
structural_maximin,random_9,0.05,10,1,0.002,600,499
structural_maximin,random_9,0.05,11,1,0.002,600,499
structural_maximin,random_9,0.05,12,1,0.002,600,499
structural_maximin,random_9,0.05,13,1,0.002,600,499
structural_maximin,random_9,0.05,14,1,0.002,600,499
structural_maximin,random_9,0.05,15,1,0.002,600,499
structural_maximin,random_9,0.05,16,1,0.002,600,499
structural_maximin,random_9,0.05,17,1,0.002,600,499
structural_maximin,random_9,0.05,18,1,0.002,600,499
structural_maximin,random_9,0.05,19,1,0.002,600,499
structural_maximin,random_9,0.05,20,1,0.002,600,499
structural_maximin,random_9,0.05,21,1,0.002,600,499
structural_maximin,random_9,0.05,22,1,0.002,600,499
structural_maximin,random_9,0.05,23,1,0.002,600,499
structural_maximin,random_9,0.05,24,1,0.002,600,499
structural_maximin,random_9,0.05,25,1,0.002,600,499
structural_maximin,random_9,0.05,26,1,0.002,600,499
structural_maximin,random_9,0.05,27,1,0.002,600,499
structural_maximin,random_9,0.05,28,1,0.002,600,499
structural_maximin,random_9,0.05,29,1,0.002,600,499
structural_maximin,random_9,0.05,30,1,0.002,600,499
structural_maximin,random_9,0.05,31,1,0.002,600,499
structural_maximin,random_9,0.05,32,1,0.002,600,499
structural_maximin,random_9,0.05,33,1,0.002,600,499
structural_maximin,random_9,0.05,34,1,0.002,600,499
structural_maximin,random_9,0.05,35,1,0.002,600,499
structural_maximin,random_9,0.05,36,1,0.002,600,499
structural_maximin,random_9,0.05,37,1,0.002,600,499
structural_maximin,random_9,0.05,38,1,0.002,600,499
structural_maximin,random_9,0.05,39,1,0.002,600,499
structural_maximin,random_9,0.05,40,1,0.002,600,499
structural_maximin,random_9,0.05,41,1,0.002,600,499
structural_maximin,random_9,0.05,42,1,0.002,600,499
structural_maximin,random_9,0.05,43,1,0.002,600,499
structural_maximin,random_9,0.05,44,1,0.002,600,499
structural_maximin,random_9,0.05,45,1,0.002,600,499
structural_maximin,random_9,0.05,46,1,0.002,600,499
structural_maximin,random_9,0.05,47,1,0.002,600,499
structural_maximin,random_9,0.05,48,1,0.002,600,499
structural_maximin,random_9,0.05,49,1,0.002,600,499
structural_maximin,random_9,0.05,50,1,0.002,600,499
structural_maximin,random_9,0.05,51,1,0.002,600,499
structural_maximin,random_9,0.05,52,1,0.002,600,499
structural_maximin,random_9,0.05,53,1,0.002,600,499
structural_maximin,random_9,0.05,54,1,0.002,600,499
structural_maximin,random_9,0.05,55,1,0.002,600,499
structural_maximin,random_9,0.05,56,1,0.002,600,499
structural_maximin,random_9,0.05,57,1,0.002,600,499
structural_maximin,random_9,0.05,58,1,0.002,600,499
structural_maximin,random_9,0.05,59,1,0.002,600,499
structural_maximin,random_9,0.05,60,1,0.002,600,499
structural_maximin,random_9,0.05,61,1,0.002,600,499
structural_maximin,random_9,0.05,62,1,0.002,600,499
structural_maximin,random_9,0.05,63,1,0.002,600,499
structural_maximin,random_9,0.05,64,1,0.002,600,499
structural_maximin,random_9,0.05,65,1,0.002,600,499
structural_maximin,random_9,0.05,66,1,0.002,600,499
structural_maximin,random_9,0.05,67,1,0.002,600,499
structural_maximin,random_9,0.05,68,1,0.002,600,499
structural_maximin,random_9,0.05,69,1,0.002,600,499
structural_maximin,random_9,0.05,70,1,0.002,600,499
structural_maximin,random_9,0.05,71,1,0.002,600,499
structural_maximin,random_9,0.05,72,1,0.002,600,499
structural_maximin,random_9,0.05,73,1,0.002,600,499
structural_maximin,random_9,0.05,74,1,0.002,600,499
structural_maximin,random_9,0.05,75,1,0.002,600,499
structural_maximin,random_9,0.05,76,1,0.002,600,499
structural_maximin,random_9,0.05,77,1,0.002,600,499
structural_maximin,random_9,0.05,78,1,0.002,600,499
structural_maximin,random_9,0.05,79,1,0.002,600,499
structural_maximin,random_9,0.05,80,1,0.002,600,499
structural_maximin,random_9,0.05,81,1,0.002,600,499
structural_maximin,random_9,0.05,82,1,0.002,600,499
structural_maximin,random_9,0.05,83,1,0.002,600,499
structural_maximin,random_9,0.05,84,1,0.002,600,499
structural_maximin,random_9,0.05,85,1,0.002,600,499
structural_maximin,random_9,0.05,86,1,0.002,600,499
structural_maximin,random_9,0.05,87,1,0.002,600,499
structural_maximin,random_9,0.05,88,1,0.002,600,499
structural_maximin,random_9,0.05,89,1,0.002,600,499
structural_maximin,random_9,0.05,90,1,0.002,600,499
structural_maximin,random_9,0.05,91,1,0.002,600,499
structural_maximin,random_9,0.05,92,1,0.002,600,499
structural_maximin,random_9,0.05,93,1,0.002,600,499
structural_maximin,random_9,0.05,94,1,0.002,600,499
structural_maximin,random_9,0.05,95,1,0.002,600,499
structural_maximin,random_9,0.05,96,1,0.002,600,499
structural_maximin,random_9,0.05,97,1,0.002,600,499
structural_maximin,random_9,0.05,98,1,0.002,600,499
structural_maximin,random_9,0.05,99,1,0.002,600,499
structural_maximin,random_9,0.05,100,1,0.002,600,499
structural_maximin,random_9,0.05,101,1,0.002,600,499
structural_maximin,random_9,0.05,102,1,0.002,600,499
structural_maximin,random_9,0.05,103,1,0.002,600,499
structural_maximin,random_9,0.05,104,1,0.002,600,499
structural_maximin,random_9,0.05,105,1,0.002,600,499
structural_maximin,random_9,0.05,106,1,0.002,600,499
structural_maximin,random_9,0.05,107,1,0.002,600,499
structural_maximin,random_9,0.05,108,1,0.002,600,499
structural_maximin,random_9,0.05,109,1,0.002,600,499
structural_maximin,random_9,0.05,110,1,0.002,600,499
structural_maximin,random_9,0.05,111,1,0.002,600,499
structural_maximin,random_9,0.05,112,1,0.002,600,499
structural_maximin,random_9,0.05,113,1,0.002,600,499
structural_maximin,random_9,0.05,114,1,0.002,600,499
structural_maximin,random_9,0.05,115,1,0.002,600,499
structural_maximin,random_9,0.05,116,1,0.002,600,499
structural_maximin,random_9,0.05,117,1,0.002,600,499
structural_maximin,random_9,0.05,118,1,0.002,600,499
structural_maximin,random_9,0.05,119,1,0.002,600,499
structural_maximin,random_9,0.05,120,1,0.002,600,499
structural_maximin,random_9,0.05,121,1,0.002,600,499
structural_maximin,random_9,0.05,122,1,0.002,600,499
structural_maximin,random_9,0.05,123,1,0.002,600,499
structural_maximin,random_9,0.05,124,1,0.002,600,499
structural_maximin,random_9,0.05,125,1,0.002,600,499
structural_maximin,random_9,0.05,126,1,0.002,600,499
structural_maximin,random_9,0.05,127,1,0.002,600,499
structural_maximin,random_9,0.05,128,1,0.002,600,499
structural_maximin,random_9,0.05,129,1,0.002,600,499
structural_maximin,random_9,0.05,130,1,0.002,600,499
structural_maximin,random_9,0.05,131,1,0.002,600,499
structural_maximin,random_9,0.05,132,1,0.002,600,499
structural_maximin,random_9,0.05,133,1,0.002,600,499
structural_maximin,random_9,0.05,134,1,0.002,600,499
structural_maximin,random_9,0.05,135,1,0.002,600,499
structural_maximin,random_9,0.05,136,1,0.002,600,499
structural_maximin,random_9,0.05,137,1,0.002,600,499
structural_maximin,random_9,0.05,138,1,0.002,600,499
structural_maximin,random_9,0.05,139,1,0.002,600,499
structural_maximin,random_9,0.05,140,1,0.002,600,499
structural_maximin,random_9,0.05,141,1,0.002,600,499
structural_maximin,random_9,0.05,142,1,0.002,600,499
structural_maximin,random_9,0.05,143,1,0.002,600,499
structural_maximin,random_9,0.05,144,1,0.002,600,499
structural_maximin,random_9,0.05,145,1,0.002,600,499
structural_maximin,random_9,0.05,146,1,0.002,600,499
structural_maximin,random_9,0.05,147,1,0.002,600,499
structural_maximin,random_9,0.05,148,1,0.002,600,499
structural_maximin,random_9,0.05,149,1,0.002,600,499
structural_maximin,random_9,0.05,150,1,0.002,600,499
structural_maximin,random_9,0.05,151,1,0.002,600,499
structural_maximin,random_9,0.05,152,1,0.002,600,499
structural_maximin,random_9,0.05,153,1,0.002,600,499
structural_maximin,random_9,0.05,154,1,0.002,600,499
structural_maximin,random_9,0.05,155,1,0.002,600,499
structural_maximin,random_9,0.05,156,1,0.002,600,499
structural_maximin,random_9,0.05,157,1,0.002,600,499
structural_maximin,random_9,0.05,158,1,0.002,600,499
structural_maximin,random_9,0.05,159,1,0.002,600,499
structural_maximin,random_9,0.05,160,1,0.002,600,499
structural_maximin,random_9,0.05,161,1,0.002,600,499
structural_maximin,random_9,0.05,162,1,0.002,600,499
structural_maximin,random_9,0.05,163,1,0.002,600,499
structural_maximin,random_9,0.05,164,1,0.002,600,499
structural_maximin,random_9,0.05,165,1,0.002,600,499
structural_maximin,random_9,0.05,166,1,0.002,600,499
structural_maximin,random_9,0.05,167,1,0.002,600,499
structural_maximin,random_9,0.05,168,1,0.002,600,499
structural_maximin,random_9,0.05,169,1,0.002,600,499
structural_maximin,random_9,0.05,170,1,0.002,600,499
structural_maximin,random_9,0.05,171,1,0.002,600,499
structural_maximin,random_9,0.05,172,1,0.002,600,499
structural_maximin,random_9,0.05,173,1,0.002,600,499
structural_maximin,random_9,0.05,174,1,0.002,600,499
structural_maximin,random_9,0.05,175,1,0.002,600,499
structural_maximin,random_9,0.05,176,1,0.002,600,499
structural_maximin,random_9,0.05,177,1,0.002,600,499
structural_maximin,random_9,0.05,178,1,0.002,600,499
structural_maximin,random_9,0.05,179,1,0.002,600,499
structural_maximin,random_9,0.05,180,1,0.002,600,499
structural_maximin,random_9,0.05,181,1,0.002,600,499
structural_maximin,random_9,0.05,182,1,0.002,600,499
structural_maximin,random_9,0.05,183,1,0.002,600,499
structural_maximin,random_9,0.05,184,1,0.002,600,499
structural_maximin,random_9,0.05,185,1,0.002,600,499
structural_maximin,random_9,0.05,186,1,0.002,600,499
structural_maximin,random_9,0.05,187,1,0.002,600,499
structural_maximin,random_9,0.05,188,1,0.002,600,499
structural_maximin,random_9,0.05,189,1,0.002,600,499
structural_maximin,random_9,0.05,190,1,0.002,600,499
structural_maximin,random_9,0.05,191,1,0.002,600,499
structural_maximin,random_9,0.05,192,1,0.002,600,499
structural_maximin,random_9,0.05,193,1,0.002,600,499
structural_maximin,random_9,0.05,194,1,0.002,600,499
structural_maximin,random_9,0.05,195,1,0.002,600,499
structural_maximin,random_9,0.05,196,1,0.002,600,499
structural_maximin,random_9,0.05,197,1,0.002,600,499
structural_maximin,random_9,0.05,198,1,0.002,600,499
structural_maximin,random_9,0.05,199,1,0.002,600,499
structural_random,feature_quadratic_total,0.0,0,1,0.002,600,499
structural_random,feature_quadratic_total,0.0,1,1,0.002,600,499
structural_random,feature_quadratic_total,0.0,2,1,0.002,600,499
structural_random,feature_quadratic_total,0.0,3,1,0.004,600,499
structural_random,feature_quadratic_total,0.0,4,1,0.004,600,499
structural_random,feature_quadratic_total,0.0,5,0,0.13,600,499
structural_random,feature_quadratic_total,0.0,6,1,0.002,600,499
structural_random,feature_quadratic_total,0.0,7,1,0.002,600,499
structural_random,feature_quadratic_total,0.0,8,1,0.002,600,499
structural_random,feature_quadratic_total,0.0,9,1,0.002,600,499
structural_random,feature_quadratic_total,0.0,10,1,0.032,600,499
structural_random,feature_quadratic_total,0.0,11,1,0.002,600,499
structural_random,feature_quadratic_total,0.0,12,1,0.012,600,499
structural_random,feature_quadratic_total,0.0,13,1,0.002,600,499
structural_random,feature_quadratic_total,0.0,14,1,0.002,600,499
structural_random,feature_quadratic_total,0.0,15,1,0.014,600,499
structural_random,feature_quadratic_total,0.0,16,1,0.002,600,499
structural_random,feature_quadratic_total,0.0,17,1,0.002,600,499
structural_random,feature_quadratic_total,0.0,18,1,0.002,600,499
structural_random,feature_quadratic_total,0.0,19,1,0.002,600,499
structural_random,feature_quadratic_total,0.0,20,1,0.002,600,499
structural_random,feature_quadratic_total,0.0,21,1,0.002,600,499
structural_random,feature_quadratic_total,0.0,22,0,0.214,600,499
structural_random,feature_quadratic_total,0.0,23,1,0.002,600,499
structural_random,feature_quadratic_total,0.0,24,1,0.004,600,499
structural_random,feature_quadratic_total,0.0,25,1,0.002,600,499
structural_random,feature_quadratic_total,0.0,26,1,0.002,600,499
structural_random,feature_quadratic_total,0.0,27,1,0.002,600,499
structural_random,feature_quadratic_total,0.0,28,1,0.002,600,499
structural_random,feature_quadratic_total,0.0,29,1,0.006,600,499
structural_random,feature_quadratic_total,0.0,30,1,0.002,600,499
structural_random,feature_quadratic_total,0.0,31,1,0.002,600,499
structural_random,feature_quadratic_total,0.0,32,1,0.002,600,499
structural_random,feature_quadratic_total,0.0,33,1,0.002,600,499
structural_random,feature_quadratic_total,0.0,34,1,0.002,600,499
structural_random,feature_quadratic_total,0.0,35,1,0.002,600,499
structural_random,feature_quadratic_total,0.0,36,1,0.002,600,499
structural_random,feature_quadratic_total,0.0,37,1,0.002,600,499
structural_random,feature_quadratic_total,0.0,38,1,0.002,600,499
structural_random,feature_quadratic_total,0.0,39,1,0.002,600,499
structural_random,feature_quadratic_total,0.0,40,1,0.024,600,499
structural_random,feature_quadratic_total,0.0,41,1,0.002,600,499
structural_random,feature_quadratic_total,0.0,42,1,0.002,600,499
structural_random,feature_quadratic_total,0.0,43,1,0.002,600,499
structural_random,feature_quadratic_total,0.0,44,1,0.004,600,499
structural_random,feature_quadratic_total,0.0,45,1,0.002,600,499
structural_random,feature_quadratic_total,0.0,46,1,0.002,600,499
structural_random,feature_quadratic_total,0.0,47,1,0.002,600,499
structural_random,feature_quadratic_total,0.0,48,1,0.002,600,499
structural_random,feature_quadratic_total,0.0,49,1,0.002,600,499
structural_random,feature_quadratic_total,0.0,50,1,0.002,600,499
structural_random,feature_quadratic_total,0.0,51,1,0.002,600,499
structural_random,feature_quadratic_total,0.0,52,1,0.002,600,499
structural_random,feature_quadratic_total,0.0,53,1,0.002,600,499
structural_random,feature_quadratic_total,0.0,54,1,0.002,600,499
structural_random,feature_quadratic_total,0.0,55,1,0.002,600,499
structural_random,feature_quadratic_total,0.0,56,1,0.002,600,499
structural_random,feature_quadratic_total,0.0,57,1,0.002,600,499
structural_random,feature_quadratic_total,0.0,58,1,0.002,600,499
structural_random,feature_quadratic_total,0.0,59,1,0.008,600,499
structural_random,feature_quadratic_total,0.0,60,1,0.002,600,499
structural_random,feature_quadratic_total,0.0,61,0,0.06,600,499
structural_random,feature_quadratic_total,0.0,62,1,0.014,600,499
structural_random,feature_quadratic_total,0.0,63,1,0.002,600,499
structural_random,feature_quadratic_total,0.0,64,1,0.002,600,499
structural_random,feature_quadratic_total,0.0,65,1,0.024,600,499
structural_random,feature_quadratic_total,0.0,66,1,0.002,600,499
structural_random,feature_quadratic_total,0.0,67,1,0.002,600,499
structural_random,feature_quadratic_total,0.0,68,1,0.002,600,499
structural_random,feature_quadratic_total,0.0,69,1,0.004,600,499
structural_random,feature_quadratic_total,0.0,70,1,0.002,600,499
structural_random,feature_quadratic_total,0.0,71,1,0.002,600,499
structural_random,feature_quadratic_total,0.0,72,1,0.002,600,499
structural_random,feature_quadratic_total,0.0,73,1,0.002,600,499
structural_random,feature_quadratic_total,0.0,74,1,0.002,600,499
structural_random,feature_quadratic_total,0.0,75,1,0.002,600,499
structural_random,feature_quadratic_total,0.0,76,1,0.002,600,499
structural_random,feature_quadratic_total,0.0,77,1,0.008,600,499
structural_random,feature_quadratic_total,0.0,78,1,0.002,600,499
structural_random,feature_quadratic_total,0.0,79,1,0.002,600,499
structural_random,feature_quadratic_total,0.0,80,1,0.002,600,499
structural_random,feature_quadratic_total,0.0,81,1,0.002,600,499
structural_random,feature_quadratic_total,0.0,82,1,0.002,600,499
structural_random,feature_quadratic_total,0.0,83,1,0.002,600,499
structural_random,feature_quadratic_total,0.0,84,1,0.002,600,499
structural_random,feature_quadratic_total,0.0,85,1,0.004,600,499
structural_random,feature_quadratic_total,0.0,86,1,0.012,600,499
structural_random,feature_quadratic_total,0.0,87,1,0.002,600,499
structural_random,feature_quadratic_total,0.0,88,1,0.002,600,499
structural_random,feature_quadratic_total,0.0,89,1,0.002,600,499
structural_random,feature_quadratic_total,0.0,90,1,0.004,600,499
structural_random,feature_quadratic_total,0.0,91,1,0.004,600,499
structural_random,feature_quadratic_total,0.0,92,1,0.002,600,499
structural_random,feature_quadratic_total,0.0,93,1,0.002,600,499
structural_random,feature_quadratic_total,0.0,94,1,0.002,600,499
structural_random,feature_quadratic_total,0.0,95,1,0.002,600,499
structural_random,feature_quadratic_total,0.0,96,1,0.002,600,499
structural_random,feature_quadratic_total,0.0,97,1,0.002,600,499
structural_random,feature_quadratic_total,0.0,98,1,0.002,600,499
structural_random,feature_quadratic_total,0.0,99,1,0.004,600,499
structural_random,feature_quadratic_total,0.0,100,1,0.002,600,499
structural_random,feature_quadratic_total,0.0,101,1,0.002,600,499
structural_random,feature_quadratic_total,0.0,102,0,0.068,600,499
structural_random,feature_quadratic_total,0.0,103,1,0.006,600,499
structural_random,feature_quadratic_total,0.0,104,0,0.492,600,499
structural_random,feature_quadratic_total,0.0,105,1,0.002,600,499
structural_random,feature_quadratic_total,0.0,106,1,0.004,600,499
structural_random,feature_quadratic_total,0.0,107,0,0.072,600,499
structural_random,feature_quadratic_total,0.0,108,1,0.002,600,499
structural_random,feature_quadratic_total,0.0,109,1,0.002,600,499
structural_random,feature_quadratic_total,0.0,110,1,0.002,600,499
structural_random,feature_quadratic_total,0.0,111,1,0.002,600,499
structural_random,feature_quadratic_total,0.0,112,1,0.002,600,499
structural_random,feature_quadratic_total,0.0,113,1,0.004,600,499
structural_random,feature_quadratic_total,0.0,114,1,0.006,600,499
structural_random,feature_quadratic_total,0.0,115,1,0.002,600,499
structural_random,feature_quadratic_total,0.0,116,1,0.002,600,499
structural_random,feature_quadratic_total,0.0,117,1,0.002,600,499
structural_random,feature_quadratic_total,0.0,118,1,0.002,600,499
structural_random,feature_quadratic_total,0.0,119,1,0.002,600,499
structural_random,feature_quadratic_total,0.0,120,1,0.002,600,499
structural_random,feature_quadratic_total,0.0,121,1,0.03,600,499
structural_random,feature_quadratic_total,0.0,122,1,0.002,600,499
structural_random,feature_quadratic_total,0.0,123,1,0.002,600,499
structural_random,feature_quadratic_total,0.0,124,1,0.004,600,499
structural_random,feature_quadratic_total,0.0,125,1,0.002,600,499
structural_random,feature_quadratic_total,0.0,126,1,0.002,600,499
structural_random,feature_quadratic_total,0.0,127,1,0.002,600,499
structural_random,feature_quadratic_total,0.0,128,1,0.002,600,499
structural_random,feature_quadratic_total,0.0,129,1,0.002,600,499
structural_random,feature_quadratic_total,0.0,130,1,0.002,600,499
structural_random,feature_quadratic_total,0.0,131,1,0.008,600,499
structural_random,feature_quadratic_total,0.0,132,1,0.01,600,499
structural_random,feature_quadratic_total,0.0,133,1,0.002,600,499
structural_random,feature_quadratic_total,0.0,134,1,0.002,600,499
structural_random,feature_quadratic_total,0.0,135,1,0.002,600,499
structural_random,feature_quadratic_total,0.0,136,1,0.002,600,499
structural_random,feature_quadratic_total,0.0,137,1,0.002,600,499
structural_random,feature_quadratic_total,0.0,138,1,0.004,600,499
structural_random,feature_quadratic_total,0.0,139,1,0.002,600,499
structural_random,feature_quadratic_total,0.0,140,1,0.002,600,499
structural_random,feature_quadratic_total,0.0,141,1,0.002,600,499
structural_random,feature_quadratic_total,0.0,142,1,0.002,600,499
structural_random,feature_quadratic_total,0.0,143,1,0.002,600,499
structural_random,feature_quadratic_total,0.0,144,1,0.002,600,499
structural_random,feature_quadratic_total,0.0,145,1,0.004,600,499
structural_random,feature_quadratic_total,0.0,146,1,0.002,600,499
structural_random,feature_quadratic_total,0.0,147,1,0.004,600,499
structural_random,feature_quadratic_total,0.0,148,1,0.002,600,499
structural_random,feature_quadratic_total,0.0,149,1,0.002,600,499
structural_random,feature_quadratic_total,0.0,150,1,0.002,600,499
structural_random,feature_quadratic_total,0.0,151,1,0.002,600,499
structural_random,feature_quadratic_total,0.0,152,1,0.002,600,499
structural_random,feature_quadratic_total,0.0,153,1,0.002,600,499
structural_random,feature_quadratic_total,0.0,154,1,0.002,600,499
structural_random,feature_quadratic_total,0.0,155,1,0.002,600,499
structural_random,feature_quadratic_total,0.0,156,1,0.002,600,499
structural_random,feature_quadratic_total,0.0,157,1,0.002,600,499
structural_random,feature_quadratic_total,0.0,158,1,0.002,600,499
structural_random,feature_quadratic_total,0.0,159,1,0.002,600,499
structural_random,feature_quadratic_total,0.0,160,1,0.004,600,499
structural_random,feature_quadratic_total,0.0,161,1,0.002,600,499
structural_random,feature_quadratic_total,0.0,162,1,0.002,600,499
structural_random,feature_quadratic_total,0.0,163,1,0.002,600,499
structural_random,feature_quadratic_total,0.0,164,1,0.002,600,499
structural_random,feature_quadratic_total,0.0,165,1,0.002,600,499
structural_random,feature_quadratic_total,0.0,166,1,0.002,600,499
structural_random,feature_quadratic_total,0.0,167,1,0.002,600,499
structural_random,feature_quadratic_total,0.0,168,1,0.002,600,499
structural_random,feature_quadratic_total,0.0,169,1,0.002,600,499
structural_random,feature_quadratic_total,0.0,170,1,0.002,600,499
structural_random,feature_quadratic_total,0.0,171,1,0.002,600,499
structural_random,feature_quadratic_total,0.0,172,1,0.002,600,499
structural_random,feature_quadratic_total,0.0,173,1,0.002,600,499
structural_random,feature_quadratic_total,0.0,174,1,0.002,600,499
structural_random,feature_quadratic_total,0.0,175,1,0.006,600,499
structural_random,feature_quadratic_total,0.0,176,1,0.002,600,499
structural_random,feature_quadratic_total,0.0,177,1,0.002,600,499
structural_random,feature_quadratic_total,0.0,178,1,0.002,600,499
structural_random,feature_quadratic_total,0.0,179,1,0.002,600,499
structural_random,feature_quadratic_total,0.0,180,0,0.368,600,499
structural_random,feature_quadratic_total,0.0,181,1,0.002,600,499
structural_random,feature_quadratic_total,0.0,182,1,0.002,600,499
structural_random,feature_quadratic_total,0.0,183,1,0.002,600,499
structural_random,feature_quadratic_total,0.0,184,1,0.002,600,499
structural_random,feature_quadratic_total,0.0,185,1,0.002,600,499
structural_random,feature_quadratic_total,0.0,186,1,0.002,600,499
structural_random,feature_quadratic_total,0.0,187,1,0.012,600,499
structural_random,feature_quadratic_total,0.0,188,1,0.004,600,499
structural_random,feature_quadratic_total,0.0,189,1,0.02,600,499
structural_random,feature_quadratic_total,0.0,190,0,0.1,600,499
structural_random,feature_quadratic_total,0.0,191,1,0.002,600,499
structural_random,feature_quadratic_total,0.0,192,1,0.002,600,499
structural_random,feature_quadratic_total,0.0,193,1,0.028,600,499
structural_random,feature_quadratic_total,0.0,194,1,0.002,600,499
structural_random,feature_quadratic_total,0.0,195,1,0.006,600,499
structural_random,feature_quadratic_total,0.0,196,1,0.002,600,499
structural_random,feature_quadratic_total,0.0,197,1,0.002,600,499
structural_random,feature_quadratic_total,0.0,198,1,0.002,600,499
structural_random,feature_quadratic_total,0.0,199,1,0.002,600,499
structural_random,feature_care_midpoint_interaction,0.0,0,1,0.014,600,499
structural_random,feature_care_midpoint_interaction,0.0,1,0,0.242,600,499
structural_random,feature_care_midpoint_interaction,0.0,2,0,0.978,600,499
structural_random,feature_care_midpoint_interaction,0.0,3,1,0.018,600,499
structural_random,feature_care_midpoint_interaction,0.0,4,1,0.01,600,499
structural_random,feature_care_midpoint_interaction,0.0,5,1,0.004,600,499
structural_random,feature_care_midpoint_interaction,0.0,6,0,0.086,600,499
structural_random,feature_care_midpoint_interaction,0.0,7,0,0.606,600,499
structural_random,feature_care_midpoint_interaction,0.0,8,1,0.02,600,499
structural_random,feature_care_midpoint_interaction,0.0,9,0,0.532,600,499
structural_random,feature_care_midpoint_interaction,0.0,10,1,0.004,600,499
structural_random,feature_care_midpoint_interaction,0.0,11,0,0.072,600,499
structural_random,feature_care_midpoint_interaction,0.0,12,1,0.002,600,499
structural_random,feature_care_midpoint_interaction,0.0,13,0,0.326,600,499
structural_random,feature_care_midpoint_interaction,0.0,14,0,0.67,600,499
structural_random,feature_care_midpoint_interaction,0.0,15,1,0.004,600,499
structural_random,feature_care_midpoint_interaction,0.0,16,0,0.258,600,499
structural_random,feature_care_midpoint_interaction,0.0,17,1,0.018,600,499
structural_random,feature_care_midpoint_interaction,0.0,18,1,0.002,600,499
structural_random,feature_care_midpoint_interaction,0.0,19,0,0.434,600,499
structural_random,feature_care_midpoint_interaction,0.0,20,1,0.028,600,499
structural_random,feature_care_midpoint_interaction,0.0,21,1,0.002,600,499
structural_random,feature_care_midpoint_interaction,0.0,22,1,0.002,600,499
structural_random,feature_care_midpoint_interaction,0.0,23,1,0.046,600,499
structural_random,feature_care_midpoint_interaction,0.0,24,0,0.058,600,499
structural_random,feature_care_midpoint_interaction,0.0,25,1,0.01,600,499
structural_random,feature_care_midpoint_interaction,0.0,26,0,0.05,600,499
structural_random,feature_care_midpoint_interaction,0.0,27,0,0.304,600,499
structural_random,feature_care_midpoint_interaction,0.0,28,1,0.002,600,499
structural_random,feature_care_midpoint_interaction,0.0,29,1,0.01,600,499
structural_random,feature_care_midpoint_interaction,0.0,30,1,0.046,600,499
structural_random,feature_care_midpoint_interaction,0.0,31,0,0.558,600,499
structural_random,feature_care_midpoint_interaction,0.0,32,0,0.094,600,499
structural_random,feature_care_midpoint_interaction,0.0,33,1,0.034,600,499
structural_random,feature_care_midpoint_interaction,0.0,34,0,0.284,600,499
structural_random,feature_care_midpoint_interaction,0.0,35,0,0.316,600,499
structural_random,feature_care_midpoint_interaction,0.0,36,0,0.108,600,499
structural_random,feature_care_midpoint_interaction,0.0,37,0,0.194,600,499
structural_random,feature_care_midpoint_interaction,0.0,38,0,0.21,600,499
structural_random,feature_care_midpoint_interaction,0.0,39,0,0.274,600,499
structural_random,feature_care_midpoint_interaction,0.0,40,1,0.002,600,499
structural_random,feature_care_midpoint_interaction,0.0,41,0,0.208,600,499
structural_random,feature_care_midpoint_interaction,0.0,42,0,0.378,600,499
structural_random,feature_care_midpoint_interaction,0.0,43,0,0.696,600,499
structural_random,feature_care_midpoint_interaction,0.0,44,1,0.032,600,499
structural_random,feature_care_midpoint_interaction,0.0,45,1,0.002,600,499
structural_random,feature_care_midpoint_interaction,0.0,46,0,0.214,600,499
structural_random,feature_care_midpoint_interaction,0.0,47,0,0.106,600,499
structural_random,feature_care_midpoint_interaction,0.0,48,1,0.024,600,499
structural_random,feature_care_midpoint_interaction,0.0,49,1,0.036,600,499
structural_random,feature_care_midpoint_interaction,0.0,50,0,0.288,600,499
structural_random,feature_care_midpoint_interaction,0.0,51,0,0.182,600,499
structural_random,feature_care_midpoint_interaction,0.0,52,0,0.244,600,499
structural_random,feature_care_midpoint_interaction,0.0,53,0,0.556,600,499
structural_random,feature_care_midpoint_interaction,0.0,54,0,0.274,600,499
structural_random,feature_care_midpoint_interaction,0.0,55,0,0.104,600,499
structural_random,feature_care_midpoint_interaction,0.0,56,0,0.188,600,499
structural_random,feature_care_midpoint_interaction,0.0,57,0,0.33,600,499
structural_random,feature_care_midpoint_interaction,0.0,58,1,0.006,600,499
structural_random,feature_care_midpoint_interaction,0.0,59,1,0.002,600,499
structural_random,feature_care_midpoint_interaction,0.0,60,0,0.538,600,499
structural_random,feature_care_midpoint_interaction,0.0,61,1,0.004,600,499
structural_random,feature_care_midpoint_interaction,0.0,62,1,0.006,600,499
structural_random,feature_care_midpoint_interaction,0.0,63,1,0.026,600,499
structural_random,feature_care_midpoint_interaction,0.0,64,0,0.08,600,499
structural_random,feature_care_midpoint_interaction,0.0,65,1,0.002,600,499
structural_random,feature_care_midpoint_interaction,0.0,66,1,0.008,600,499
structural_random,feature_care_midpoint_interaction,0.0,67,0,0.326,600,499
structural_random,feature_care_midpoint_interaction,0.0,68,1,0.01,600,499
structural_random,feature_care_midpoint_interaction,0.0,69,0,0.12,600,499
structural_random,feature_care_midpoint_interaction,0.0,70,1,0.02,600,499
structural_random,feature_care_midpoint_interaction,0.0,71,0,0.268,600,499
structural_random,feature_care_midpoint_interaction,0.0,72,0,0.436,600,499
structural_random,feature_care_midpoint_interaction,0.0,73,0,0.352,600,499
structural_random,feature_care_midpoint_interaction,0.0,74,0,0.738,600,499
structural_random,feature_care_midpoint_interaction,0.0,75,0,0.1,600,499
structural_random,feature_care_midpoint_interaction,0.0,76,1,0.014,600,499
structural_random,feature_care_midpoint_interaction,0.0,77,1,0.032,600,499
structural_random,feature_care_midpoint_interaction,0.0,78,0,0.316,600,499
structural_random,feature_care_midpoint_interaction,0.0,79,0,0.168,600,499
structural_random,feature_care_midpoint_interaction,0.0,80,1,0.048,600,499
structural_random,feature_care_midpoint_interaction,0.0,81,0,0.216,600,499
structural_random,feature_care_midpoint_interaction,0.0,82,0,0.084,600,499
structural_random,feature_care_midpoint_interaction,0.0,83,0,0.796,600,499
structural_random,feature_care_midpoint_interaction,0.0,84,0,0.712,600,499
structural_random,feature_care_midpoint_interaction,0.0,85,1,0.03,600,499
structural_random,feature_care_midpoint_interaction,0.0,86,0,0.114,600,499
structural_random,feature_care_midpoint_interaction,0.0,87,0,0.058,600,499
structural_random,feature_care_midpoint_interaction,0.0,88,0,0.928,600,499
structural_random,feature_care_midpoint_interaction,0.0,89,0,0.068,600,499
structural_random,feature_care_midpoint_interaction,0.0,90,0,0.07,600,499
structural_random,feature_care_midpoint_interaction,0.0,91,0,0.214,600,499
structural_random,feature_care_midpoint_interaction,0.0,92,1,0.028,600,499
structural_random,feature_care_midpoint_interaction,0.0,93,0,0.072,600,499
structural_random,feature_care_midpoint_interaction,0.0,94,0,0.236,600,499
structural_random,feature_care_midpoint_interaction,0.0,95,0,0.112,600,499
structural_random,feature_care_midpoint_interaction,0.0,96,0,0.224,600,499
structural_random,feature_care_midpoint_interaction,0.0,97,0,0.114,600,499
structural_random,feature_care_midpoint_interaction,0.0,98,0,0.69,600,499
structural_random,feature_care_midpoint_interaction,0.0,99,1,0.038,600,499
structural_random,feature_care_midpoint_interaction,0.0,100,0,0.224,600,499
structural_random,feature_care_midpoint_interaction,0.0,101,1,0.006,600,499
structural_random,feature_care_midpoint_interaction,0.0,102,1,0.004,600,499
structural_random,feature_care_midpoint_interaction,0.0,103,1,0.014,600,499
structural_random,feature_care_midpoint_interaction,0.0,104,1,0.002,600,499
structural_random,feature_care_midpoint_interaction,0.0,105,0,0.052,600,499
structural_random,feature_care_midpoint_interaction,0.0,106,0,0.052,600,499
structural_random,feature_care_midpoint_interaction,0.0,107,1,0.02,600,499
structural_random,feature_care_midpoint_interaction,0.0,108,0,0.528,600,499
structural_random,feature_care_midpoint_interaction,0.0,109,1,0.038,600,499
structural_random,feature_care_midpoint_interaction,0.0,110,1,0.01,600,499
structural_random,feature_care_midpoint_interaction,0.0,111,1,0.012,600,499
structural_random,feature_care_midpoint_interaction,0.0,112,0,0.824,600,499
structural_random,feature_care_midpoint_interaction,0.0,113,1,0.006,600,499
structural_random,feature_care_midpoint_interaction,0.0,114,1,0.002,600,499
structural_random,feature_care_midpoint_interaction,0.0,115,0,0.626,600,499
structural_random,feature_care_midpoint_interaction,0.0,116,1,0.026,600,499
structural_random,feature_care_midpoint_interaction,0.0,117,0,0.96,600,499
structural_random,feature_care_midpoint_interaction,0.0,118,0,0.336,600,499
structural_random,feature_care_midpoint_interaction,0.0,119,0,0.08,600,499
structural_random,feature_care_midpoint_interaction,0.0,120,1,0.008,600,499
structural_random,feature_care_midpoint_interaction,0.0,121,1,0.006,600,499
structural_random,feature_care_midpoint_interaction,0.0,122,0,0.482,600,499
structural_random,feature_care_midpoint_interaction,0.0,123,0,0.136,600,499
structural_random,feature_care_midpoint_interaction,0.0,124,1,0.002,600,499
structural_random,feature_care_midpoint_interaction,0.0,125,1,0.036,600,499
structural_random,feature_care_midpoint_interaction,0.0,126,0,0.158,600,499
structural_random,feature_care_midpoint_interaction,0.0,127,0,0.156,600,499
structural_random,feature_care_midpoint_interaction,0.0,128,0,0.236,600,499
structural_random,feature_care_midpoint_interaction,0.0,129,0,0.486,600,499
structural_random,feature_care_midpoint_interaction,0.0,130,0,0.392,600,499
structural_random,feature_care_midpoint_interaction,0.0,131,1,0.004,600,499
structural_random,feature_care_midpoint_interaction,0.0,132,1,0.048,600,499
structural_random,feature_care_midpoint_interaction,0.0,133,0,0.172,600,499
structural_random,feature_care_midpoint_interaction,0.0,134,1,0.006,600,499
structural_random,feature_care_midpoint_interaction,0.0,135,1,0.024,600,499
structural_random,feature_care_midpoint_interaction,0.0,136,1,0.006,600,499
structural_random,feature_care_midpoint_interaction,0.0,137,1,0.024,600,499
structural_random,feature_care_midpoint_interaction,0.0,138,0,0.242,600,499
structural_random,feature_care_midpoint_interaction,0.0,139,1,0.006,600,499
structural_random,feature_care_midpoint_interaction,0.0,140,0,0.358,600,499
structural_random,feature_care_midpoint_interaction,0.0,141,0,0.468,600,499
structural_random,feature_care_midpoint_interaction,0.0,142,0,0.244,600,499
structural_random,feature_care_midpoint_interaction,0.0,143,1,0.012,600,499
structural_random,feature_care_midpoint_interaction,0.0,144,0,0.702,600,499
structural_random,feature_care_midpoint_interaction,0.0,145,0,0.078,600,499
structural_random,feature_care_midpoint_interaction,0.0,146,0,0.234,600,499
structural_random,feature_care_midpoint_interaction,0.0,147,0,0.332,600,499
structural_random,feature_care_midpoint_interaction,0.0,148,1,0.038,600,499
structural_random,feature_care_midpoint_interaction,0.0,149,0,0.138,600,499
structural_random,feature_care_midpoint_interaction,0.0,150,0,0.234,600,499
structural_random,feature_care_midpoint_interaction,0.0,151,0,0.064,600,499
structural_random,feature_care_midpoint_interaction,0.0,152,0,0.726,600,499
structural_random,feature_care_midpoint_interaction,0.0,153,0,0.314,600,499
structural_random,feature_care_midpoint_interaction,0.0,154,0,0.176,600,499
structural_random,feature_care_midpoint_interaction,0.0,155,0,0.524,600,499
structural_random,feature_care_midpoint_interaction,0.0,156,1,0.012,600,499
structural_random,feature_care_midpoint_interaction,0.0,157,0,0.184,600,499
structural_random,feature_care_midpoint_interaction,0.0,158,0,0.114,600,499
structural_random,feature_care_midpoint_interaction,0.0,159,0,0.314,600,499
structural_random,feature_care_midpoint_interaction,0.0,160,1,0.01,600,499
structural_random,feature_care_midpoint_interaction,0.0,161,0,0.414,600,499
structural_random,feature_care_midpoint_interaction,0.0,162,1,0.014,600,499
structural_random,feature_care_midpoint_interaction,0.0,163,0,0.66,600,499
structural_random,feature_care_midpoint_interaction,0.0,164,0,0.444,600,499
structural_random,feature_care_midpoint_interaction,0.0,165,0,0.132,600,499
structural_random,feature_care_midpoint_interaction,0.0,166,1,0.026,600,499
structural_random,feature_care_midpoint_interaction,0.0,167,1,0.002,600,499
structural_random,feature_care_midpoint_interaction,0.0,168,0,0.246,600,499
structural_random,feature_care_midpoint_interaction,0.0,169,0,0.888,600,499
structural_random,feature_care_midpoint_interaction,0.0,170,0,0.412,600,499
structural_random,feature_care_midpoint_interaction,0.0,171,0,0.05,600,499
structural_random,feature_care_midpoint_interaction,0.0,172,0,0.562,600,499
structural_random,feature_care_midpoint_interaction,0.0,173,0,0.512,600,499
structural_random,feature_care_midpoint_interaction,0.0,174,0,0.378,600,499
structural_random,feature_care_midpoint_interaction,0.0,175,1,0.006,600,499
structural_random,feature_care_midpoint_interaction,0.0,176,0,0.228,600,499
structural_random,feature_care_midpoint_interaction,0.0,177,0,0.438,600,499
structural_random,feature_care_midpoint_interaction,0.0,178,0,0.186,600,499
structural_random,feature_care_midpoint_interaction,0.0,179,0,0.196,600,499
structural_random,feature_care_midpoint_interaction,0.0,180,1,0.004,600,499
structural_random,feature_care_midpoint_interaction,0.0,181,0,0.536,600,499
structural_random,feature_care_midpoint_interaction,0.0,182,0,0.13,600,499
structural_random,feature_care_midpoint_interaction,0.0,183,0,0.074,600,499
structural_random,feature_care_midpoint_interaction,0.0,184,0,0.096,600,499
structural_random,feature_care_midpoint_interaction,0.0,185,0,0.532,600,499
structural_random,feature_care_midpoint_interaction,0.0,186,0,0.07,600,499
structural_random,feature_care_midpoint_interaction,0.0,187,1,0.018,600,499
structural_random,feature_care_midpoint_interaction,0.0,188,0,0.506,600,499
structural_random,feature_care_midpoint_interaction,0.0,189,1,0.012,600,499
structural_random,feature_care_midpoint_interaction,0.0,190,1,0.002,600,499
structural_random,feature_care_midpoint_interaction,0.0,191,0,0.164,600,499
structural_random,feature_care_midpoint_interaction,0.0,192,1,0.022,600,499
structural_random,feature_care_midpoint_interaction,0.0,193,1,0.002,600,499
structural_random,feature_care_midpoint_interaction,0.0,194,0,0.622,600,499
structural_random,feature_care_midpoint_interaction,0.0,195,1,0.008,600,499
structural_random,feature_care_midpoint_interaction,0.0,196,1,0.026,600,499
structural_random,feature_care_midpoint_interaction,0.0,197,1,0.014,600,499
structural_random,feature_care_midpoint_interaction,0.0,198,1,0.038,600,499
structural_random,feature_care_midpoint_interaction,0.0,199,1,0.038,600,499
structural_random,feature_intelligence_cloud_interaction,0.0,0,1,0.002,600,499
structural_random,feature_intelligence_cloud_interaction,0.0,1,1,0.002,600,499
structural_random,feature_intelligence_cloud_interaction,0.0,2,1,0.002,600,499
structural_random,feature_intelligence_cloud_interaction,0.0,3,1,0.002,600,499
structural_random,feature_intelligence_cloud_interaction,0.0,4,1,0.002,600,499
structural_random,feature_intelligence_cloud_interaction,0.0,5,1,0.002,600,499
structural_random,feature_intelligence_cloud_interaction,0.0,6,1,0.002,600,499
structural_random,feature_intelligence_cloud_interaction,0.0,7,1,0.002,600,499
structural_random,feature_intelligence_cloud_interaction,0.0,8,1,0.002,600,499
structural_random,feature_intelligence_cloud_interaction,0.0,9,1,0.002,600,499
structural_random,feature_intelligence_cloud_interaction,0.0,10,1,0.002,600,499
structural_random,feature_intelligence_cloud_interaction,0.0,11,1,0.002,600,499
structural_random,feature_intelligence_cloud_interaction,0.0,12,1,0.002,600,499
structural_random,feature_intelligence_cloud_interaction,0.0,13,1,0.002,600,499
structural_random,feature_intelligence_cloud_interaction,0.0,14,1,0.002,600,499
structural_random,feature_intelligence_cloud_interaction,0.0,15,1,0.002,600,499
structural_random,feature_intelligence_cloud_interaction,0.0,16,1,0.002,600,499
structural_random,feature_intelligence_cloud_interaction,0.0,17,1,0.002,600,499
structural_random,feature_intelligence_cloud_interaction,0.0,18,1,0.002,600,499
structural_random,feature_intelligence_cloud_interaction,0.0,19,1,0.002,600,499
structural_random,feature_intelligence_cloud_interaction,0.0,20,1,0.002,600,499
structural_random,feature_intelligence_cloud_interaction,0.0,21,1,0.002,600,499
structural_random,feature_intelligence_cloud_interaction,0.0,22,1,0.002,600,499
structural_random,feature_intelligence_cloud_interaction,0.0,23,1,0.002,600,499
structural_random,feature_intelligence_cloud_interaction,0.0,24,1,0.002,600,499
structural_random,feature_intelligence_cloud_interaction,0.0,25,1,0.002,600,499
structural_random,feature_intelligence_cloud_interaction,0.0,26,1,0.002,600,499
structural_random,feature_intelligence_cloud_interaction,0.0,27,1,0.002,600,499
structural_random,feature_intelligence_cloud_interaction,0.0,28,1,0.002,600,499
structural_random,feature_intelligence_cloud_interaction,0.0,29,1,0.002,600,499
structural_random,feature_intelligence_cloud_interaction,0.0,30,1,0.002,600,499
structural_random,feature_intelligence_cloud_interaction,0.0,31,1,0.002,600,499
structural_random,feature_intelligence_cloud_interaction,0.0,32,1,0.002,600,499
structural_random,feature_intelligence_cloud_interaction,0.0,33,1,0.002,600,499
structural_random,feature_intelligence_cloud_interaction,0.0,34,1,0.002,600,499
structural_random,feature_intelligence_cloud_interaction,0.0,35,1,0.002,600,499
structural_random,feature_intelligence_cloud_interaction,0.0,36,1,0.002,600,499
structural_random,feature_intelligence_cloud_interaction,0.0,37,1,0.002,600,499
structural_random,feature_intelligence_cloud_interaction,0.0,38,1,0.002,600,499
structural_random,feature_intelligence_cloud_interaction,0.0,39,1,0.002,600,499
structural_random,feature_intelligence_cloud_interaction,0.0,40,1,0.002,600,499
structural_random,feature_intelligence_cloud_interaction,0.0,41,1,0.002,600,499
structural_random,feature_intelligence_cloud_interaction,0.0,42,1,0.002,600,499
structural_random,feature_intelligence_cloud_interaction,0.0,43,1,0.002,600,499
structural_random,feature_intelligence_cloud_interaction,0.0,44,1,0.002,600,499
structural_random,feature_intelligence_cloud_interaction,0.0,45,1,0.002,600,499
structural_random,feature_intelligence_cloud_interaction,0.0,46,1,0.002,600,499
structural_random,feature_intelligence_cloud_interaction,0.0,47,1,0.002,600,499
structural_random,feature_intelligence_cloud_interaction,0.0,48,1,0.002,600,499
structural_random,feature_intelligence_cloud_interaction,0.0,49,1,0.002,600,499
structural_random,feature_intelligence_cloud_interaction,0.0,50,1,0.002,600,499
structural_random,feature_intelligence_cloud_interaction,0.0,51,1,0.002,600,499
structural_random,feature_intelligence_cloud_interaction,0.0,52,1,0.002,600,499
structural_random,feature_intelligence_cloud_interaction,0.0,53,1,0.002,600,499
structural_random,feature_intelligence_cloud_interaction,0.0,54,1,0.002,600,499
structural_random,feature_intelligence_cloud_interaction,0.0,55,1,0.002,600,499
structural_random,feature_intelligence_cloud_interaction,0.0,56,1,0.002,600,499
structural_random,feature_intelligence_cloud_interaction,0.0,57,1,0.002,600,499
structural_random,feature_intelligence_cloud_interaction,0.0,58,1,0.002,600,499
structural_random,feature_intelligence_cloud_interaction,0.0,59,1,0.002,600,499
structural_random,feature_intelligence_cloud_interaction,0.0,60,1,0.002,600,499
structural_random,feature_intelligence_cloud_interaction,0.0,61,1,0.002,600,499
structural_random,feature_intelligence_cloud_interaction,0.0,62,1,0.002,600,499
structural_random,feature_intelligence_cloud_interaction,0.0,63,1,0.002,600,499
structural_random,feature_intelligence_cloud_interaction,0.0,64,1,0.002,600,499
structural_random,feature_intelligence_cloud_interaction,0.0,65,1,0.002,600,499
structural_random,feature_intelligence_cloud_interaction,0.0,66,1,0.002,600,499
structural_random,feature_intelligence_cloud_interaction,0.0,67,1,0.002,600,499
structural_random,feature_intelligence_cloud_interaction,0.0,68,1,0.002,600,499
structural_random,feature_intelligence_cloud_interaction,0.0,69,1,0.002,600,499
structural_random,feature_intelligence_cloud_interaction,0.0,70,1,0.002,600,499
structural_random,feature_intelligence_cloud_interaction,0.0,71,1,0.002,600,499
structural_random,feature_intelligence_cloud_interaction,0.0,72,1,0.002,600,499
structural_random,feature_intelligence_cloud_interaction,0.0,73,1,0.002,600,499
structural_random,feature_intelligence_cloud_interaction,0.0,74,1,0.002,600,499
structural_random,feature_intelligence_cloud_interaction,0.0,75,1,0.002,600,499
structural_random,feature_intelligence_cloud_interaction,0.0,76,1,0.002,600,499
structural_random,feature_intelligence_cloud_interaction,0.0,77,1,0.002,600,499
structural_random,feature_intelligence_cloud_interaction,0.0,78,1,0.002,600,499
structural_random,feature_intelligence_cloud_interaction,0.0,79,1,0.002,600,499
structural_random,feature_intelligence_cloud_interaction,0.0,80,1,0.002,600,499
structural_random,feature_intelligence_cloud_interaction,0.0,81,1,0.002,600,499
structural_random,feature_intelligence_cloud_interaction,0.0,82,1,0.002,600,499
structural_random,feature_intelligence_cloud_interaction,0.0,83,1,0.002,600,499
structural_random,feature_intelligence_cloud_interaction,0.0,84,1,0.002,600,499
structural_random,feature_intelligence_cloud_interaction,0.0,85,1,0.002,600,499
structural_random,feature_intelligence_cloud_interaction,0.0,86,1,0.002,600,499
structural_random,feature_intelligence_cloud_interaction,0.0,87,1,0.002,600,499
structural_random,feature_intelligence_cloud_interaction,0.0,88,1,0.002,600,499
structural_random,feature_intelligence_cloud_interaction,0.0,89,1,0.002,600,499
structural_random,feature_intelligence_cloud_interaction,0.0,90,1,0.002,600,499
structural_random,feature_intelligence_cloud_interaction,0.0,91,1,0.002,600,499
structural_random,feature_intelligence_cloud_interaction,0.0,92,1,0.002,600,499
structural_random,feature_intelligence_cloud_interaction,0.0,93,1,0.002,600,499
structural_random,feature_intelligence_cloud_interaction,0.0,94,1,0.002,600,499
structural_random,feature_intelligence_cloud_interaction,0.0,95,1,0.002,600,499
structural_random,feature_intelligence_cloud_interaction,0.0,96,1,0.002,600,499
structural_random,feature_intelligence_cloud_interaction,0.0,97,1,0.002,600,499
structural_random,feature_intelligence_cloud_interaction,0.0,98,1,0.002,600,499
structural_random,feature_intelligence_cloud_interaction,0.0,99,1,0.002,600,499
structural_random,feature_intelligence_cloud_interaction,0.0,100,1,0.002,600,499
structural_random,feature_intelligence_cloud_interaction,0.0,101,1,0.002,600,499
structural_random,feature_intelligence_cloud_interaction,0.0,102,1,0.002,600,499
structural_random,feature_intelligence_cloud_interaction,0.0,103,1,0.002,600,499
structural_random,feature_intelligence_cloud_interaction,0.0,104,1,0.002,600,499
structural_random,feature_intelligence_cloud_interaction,0.0,105,1,0.002,600,499
structural_random,feature_intelligence_cloud_interaction,0.0,106,1,0.002,600,499
structural_random,feature_intelligence_cloud_interaction,0.0,107,1,0.002,600,499
structural_random,feature_intelligence_cloud_interaction,0.0,108,1,0.002,600,499
structural_random,feature_intelligence_cloud_interaction,0.0,109,1,0.002,600,499
structural_random,feature_intelligence_cloud_interaction,0.0,110,1,0.002,600,499
structural_random,feature_intelligence_cloud_interaction,0.0,111,1,0.002,600,499
structural_random,feature_intelligence_cloud_interaction,0.0,112,1,0.002,600,499
structural_random,feature_intelligence_cloud_interaction,0.0,113,1,0.002,600,499
structural_random,feature_intelligence_cloud_interaction,0.0,114,1,0.002,600,499
structural_random,feature_intelligence_cloud_interaction,0.0,115,1,0.002,600,499
structural_random,feature_intelligence_cloud_interaction,0.0,116,1,0.002,600,499
structural_random,feature_intelligence_cloud_interaction,0.0,117,1,0.002,600,499
structural_random,feature_intelligence_cloud_interaction,0.0,118,1,0.002,600,499
structural_random,feature_intelligence_cloud_interaction,0.0,119,1,0.002,600,499
structural_random,feature_intelligence_cloud_interaction,0.0,120,1,0.002,600,499
structural_random,feature_intelligence_cloud_interaction,0.0,121,1,0.002,600,499
structural_random,feature_intelligence_cloud_interaction,0.0,122,1,0.002,600,499
structural_random,feature_intelligence_cloud_interaction,0.0,123,1,0.002,600,499
structural_random,feature_intelligence_cloud_interaction,0.0,124,1,0.002,600,499
structural_random,feature_intelligence_cloud_interaction,0.0,125,1,0.002,600,499
structural_random,feature_intelligence_cloud_interaction,0.0,126,1,0.002,600,499
structural_random,feature_intelligence_cloud_interaction,0.0,127,1,0.002,600,499
structural_random,feature_intelligence_cloud_interaction,0.0,128,1,0.002,600,499
structural_random,feature_intelligence_cloud_interaction,0.0,129,1,0.002,600,499
structural_random,feature_intelligence_cloud_interaction,0.0,130,1,0.002,600,499
structural_random,feature_intelligence_cloud_interaction,0.0,131,1,0.002,600,499
structural_random,feature_intelligence_cloud_interaction,0.0,132,1,0.002,600,499
structural_random,feature_intelligence_cloud_interaction,0.0,133,1,0.002,600,499
structural_random,feature_intelligence_cloud_interaction,0.0,134,1,0.002,600,499
structural_random,feature_intelligence_cloud_interaction,0.0,135,1,0.002,600,499
structural_random,feature_intelligence_cloud_interaction,0.0,136,1,0.002,600,499
structural_random,feature_intelligence_cloud_interaction,0.0,137,1,0.002,600,499
structural_random,feature_intelligence_cloud_interaction,0.0,138,1,0.002,600,499
structural_random,feature_intelligence_cloud_interaction,0.0,139,1,0.002,600,499
structural_random,feature_intelligence_cloud_interaction,0.0,140,1,0.002,600,499
structural_random,feature_intelligence_cloud_interaction,0.0,141,1,0.002,600,499
structural_random,feature_intelligence_cloud_interaction,0.0,142,1,0.002,600,499
structural_random,feature_intelligence_cloud_interaction,0.0,143,1,0.002,600,499
structural_random,feature_intelligence_cloud_interaction,0.0,144,1,0.002,600,499
structural_random,feature_intelligence_cloud_interaction,0.0,145,1,0.002,600,499
structural_random,feature_intelligence_cloud_interaction,0.0,146,1,0.002,600,499
structural_random,feature_intelligence_cloud_interaction,0.0,147,1,0.002,600,499
structural_random,feature_intelligence_cloud_interaction,0.0,148,1,0.002,600,499
structural_random,feature_intelligence_cloud_interaction,0.0,149,1,0.002,600,499
structural_random,feature_intelligence_cloud_interaction,0.0,150,1,0.002,600,499
structural_random,feature_intelligence_cloud_interaction,0.0,151,1,0.002,600,499
structural_random,feature_intelligence_cloud_interaction,0.0,152,1,0.002,600,499
structural_random,feature_intelligence_cloud_interaction,0.0,153,1,0.002,600,499
structural_random,feature_intelligence_cloud_interaction,0.0,154,1,0.002,600,499
structural_random,feature_intelligence_cloud_interaction,0.0,155,1,0.002,600,499
structural_random,feature_intelligence_cloud_interaction,0.0,156,1,0.002,600,499
structural_random,feature_intelligence_cloud_interaction,0.0,157,1,0.002,600,499
structural_random,feature_intelligence_cloud_interaction,0.0,158,1,0.002,600,499
structural_random,feature_intelligence_cloud_interaction,0.0,159,1,0.002,600,499
structural_random,feature_intelligence_cloud_interaction,0.0,160,1,0.002,600,499
structural_random,feature_intelligence_cloud_interaction,0.0,161,1,0.002,600,499
structural_random,feature_intelligence_cloud_interaction,0.0,162,1,0.002,600,499
structural_random,feature_intelligence_cloud_interaction,0.0,163,1,0.002,600,499
structural_random,feature_intelligence_cloud_interaction,0.0,164,1,0.002,600,499
structural_random,feature_intelligence_cloud_interaction,0.0,165,1,0.002,600,499
structural_random,feature_intelligence_cloud_interaction,0.0,166,1,0.002,600,499
structural_random,feature_intelligence_cloud_interaction,0.0,167,1,0.002,600,499
structural_random,feature_intelligence_cloud_interaction,0.0,168,1,0.002,600,499
structural_random,feature_intelligence_cloud_interaction,0.0,169,1,0.002,600,499
structural_random,feature_intelligence_cloud_interaction,0.0,170,1,0.002,600,499
structural_random,feature_intelligence_cloud_interaction,0.0,171,1,0.002,600,499
structural_random,feature_intelligence_cloud_interaction,0.0,172,1,0.002,600,499
structural_random,feature_intelligence_cloud_interaction,0.0,173,1,0.002,600,499
structural_random,feature_intelligence_cloud_interaction,0.0,174,1,0.002,600,499
structural_random,feature_intelligence_cloud_interaction,0.0,175,1,0.002,600,499
structural_random,feature_intelligence_cloud_interaction,0.0,176,1,0.002,600,499
structural_random,feature_intelligence_cloud_interaction,0.0,177,1,0.002,600,499
structural_random,feature_intelligence_cloud_interaction,0.0,178,1,0.002,600,499
structural_random,feature_intelligence_cloud_interaction,0.0,179,1,0.002,600,499
structural_random,feature_intelligence_cloud_interaction,0.0,180,1,0.002,600,499
structural_random,feature_intelligence_cloud_interaction,0.0,181,1,0.002,600,499
structural_random,feature_intelligence_cloud_interaction,0.0,182,1,0.002,600,499
structural_random,feature_intelligence_cloud_interaction,0.0,183,1,0.002,600,499
structural_random,feature_intelligence_cloud_interaction,0.0,184,1,0.002,600,499
structural_random,feature_intelligence_cloud_interaction,0.0,185,1,0.002,600,499
structural_random,feature_intelligence_cloud_interaction,0.0,186,1,0.002,600,499
structural_random,feature_intelligence_cloud_interaction,0.0,187,1,0.002,600,499
structural_random,feature_intelligence_cloud_interaction,0.0,188,1,0.002,600,499
structural_random,feature_intelligence_cloud_interaction,0.0,189,1,0.002,600,499
structural_random,feature_intelligence_cloud_interaction,0.0,190,1,0.002,600,499
structural_random,feature_intelligence_cloud_interaction,0.0,191,1,0.002,600,499
structural_random,feature_intelligence_cloud_interaction,0.0,192,1,0.002,600,499
structural_random,feature_intelligence_cloud_interaction,0.0,193,1,0.002,600,499
structural_random,feature_intelligence_cloud_interaction,0.0,194,1,0.002,600,499
structural_random,feature_intelligence_cloud_interaction,0.0,195,1,0.002,600,499
structural_random,feature_intelligence_cloud_interaction,0.0,196,1,0.002,600,499
structural_random,feature_intelligence_cloud_interaction,0.0,197,1,0.002,600,499
structural_random,feature_intelligence_cloud_interaction,0.0,198,1,0.002,600,499
structural_random,feature_intelligence_cloud_interaction,0.0,199,1,0.002,600,499
structural_random,random_0,0.0,0,1,0.002,600,499
structural_random,random_0,0.0,1,1,0.002,600,499
structural_random,random_0,0.0,2,1,0.002,600,499
structural_random,random_0,0.0,3,1,0.002,600,499
structural_random,random_0,0.0,4,1,0.002,600,499
structural_random,random_0,0.0,5,1,0.002,600,499
structural_random,random_0,0.0,6,1,0.002,600,499
structural_random,random_0,0.0,7,1,0.002,600,499
structural_random,random_0,0.0,8,1,0.008,600,499
structural_random,random_0,0.0,9,1,0.002,600,499
structural_random,random_0,0.0,10,1,0.002,600,499
structural_random,random_0,0.0,11,1,0.002,600,499
structural_random,random_0,0.0,12,1,0.002,600,499
structural_random,random_0,0.0,13,1,0.002,600,499
structural_random,random_0,0.0,14,1,0.002,600,499
structural_random,random_0,0.0,15,1,0.002,600,499
structural_random,random_0,0.0,16,1,0.002,600,499
structural_random,random_0,0.0,17,1,0.002,600,499
structural_random,random_0,0.0,18,1,0.002,600,499
structural_random,random_0,0.0,19,1,0.002,600,499
structural_random,random_0,0.0,20,1,0.004,600,499
structural_random,random_0,0.0,21,1,0.002,600,499
structural_random,random_0,0.0,22,1,0.002,600,499
structural_random,random_0,0.0,23,1,0.002,600,499
structural_random,random_0,0.0,24,1,0.002,600,499
structural_random,random_0,0.0,25,1,0.002,600,499
structural_random,random_0,0.0,26,1,0.002,600,499
structural_random,random_0,0.0,27,1,0.002,600,499
structural_random,random_0,0.0,28,1,0.002,600,499
structural_random,random_0,0.0,29,1,0.002,600,499
structural_random,random_0,0.0,30,1,0.002,600,499
structural_random,random_0,0.0,31,1,0.002,600,499
structural_random,random_0,0.0,32,1,0.002,600,499
structural_random,random_0,0.0,33,1,0.002,600,499
structural_random,random_0,0.0,34,1,0.002,600,499
structural_random,random_0,0.0,35,1,0.002,600,499
structural_random,random_0,0.0,36,1,0.002,600,499
structural_random,random_0,0.0,37,1,0.002,600,499
structural_random,random_0,0.0,38,1,0.002,600,499
structural_random,random_0,0.0,39,1,0.002,600,499
structural_random,random_0,0.0,40,1,0.002,600,499
structural_random,random_0,0.0,41,1,0.002,600,499
structural_random,random_0,0.0,42,1,0.002,600,499
structural_random,random_0,0.0,43,1,0.002,600,499
structural_random,random_0,0.0,44,1,0.002,600,499
structural_random,random_0,0.0,45,1,0.002,600,499
structural_random,random_0,0.0,46,1,0.002,600,499
structural_random,random_0,0.0,47,1,0.002,600,499
structural_random,random_0,0.0,48,1,0.002,600,499
structural_random,random_0,0.0,49,1,0.002,600,499
structural_random,random_0,0.0,50,1,0.002,600,499
structural_random,random_0,0.0,51,1,0.002,600,499
structural_random,random_0,0.0,52,1,0.002,600,499
structural_random,random_0,0.0,53,1,0.002,600,499
structural_random,random_0,0.0,54,1,0.002,600,499
structural_random,random_0,0.0,55,1,0.002,600,499
structural_random,random_0,0.0,56,1,0.002,600,499
structural_random,random_0,0.0,57,1,0.002,600,499
structural_random,random_0,0.0,58,1,0.002,600,499
structural_random,random_0,0.0,59,1,0.002,600,499
structural_random,random_0,0.0,60,1,0.002,600,499
structural_random,random_0,0.0,61,1,0.002,600,499
structural_random,random_0,0.0,62,1,0.002,600,499
structural_random,random_0,0.0,63,1,0.002,600,499
structural_random,random_0,0.0,64,1,0.002,600,499
structural_random,random_0,0.0,65,1,0.002,600,499
structural_random,random_0,0.0,66,1,0.002,600,499
structural_random,random_0,0.0,67,1,0.002,600,499
structural_random,random_0,0.0,68,1,0.002,600,499
structural_random,random_0,0.0,69,1,0.002,600,499
structural_random,random_0,0.0,70,1,0.002,600,499
structural_random,random_0,0.0,71,1,0.002,600,499
structural_random,random_0,0.0,72,1,0.002,600,499
structural_random,random_0,0.0,73,1,0.002,600,499
structural_random,random_0,0.0,74,1,0.002,600,499
structural_random,random_0,0.0,75,1,0.002,600,499
structural_random,random_0,0.0,76,1,0.002,600,499
structural_random,random_0,0.0,77,1,0.002,600,499
structural_random,random_0,0.0,78,1,0.002,600,499
structural_random,random_0,0.0,79,1,0.002,600,499
structural_random,random_0,0.0,80,1,0.002,600,499
structural_random,random_0,0.0,81,1,0.002,600,499
structural_random,random_0,0.0,82,1,0.002,600,499
structural_random,random_0,0.0,83,1,0.002,600,499
structural_random,random_0,0.0,84,1,0.002,600,499
structural_random,random_0,0.0,85,1,0.002,600,499
structural_random,random_0,0.0,86,1,0.002,600,499
structural_random,random_0,0.0,87,1,0.002,600,499
structural_random,random_0,0.0,88,1,0.002,600,499
structural_random,random_0,0.0,89,1,0.002,600,499
structural_random,random_0,0.0,90,1,0.002,600,499
structural_random,random_0,0.0,91,1,0.002,600,499
structural_random,random_0,0.0,92,1,0.002,600,499
structural_random,random_0,0.0,93,1,0.002,600,499
structural_random,random_0,0.0,94,1,0.002,600,499
structural_random,random_0,0.0,95,1,0.002,600,499
structural_random,random_0,0.0,96,1,0.002,600,499
structural_random,random_0,0.0,97,1,0.002,600,499
structural_random,random_0,0.0,98,1,0.002,600,499
structural_random,random_0,0.0,99,1,0.002,600,499
structural_random,random_0,0.0,100,1,0.002,600,499
structural_random,random_0,0.0,101,1,0.002,600,499
structural_random,random_0,0.0,102,1,0.002,600,499
structural_random,random_0,0.0,103,1,0.002,600,499
structural_random,random_0,0.0,104,1,0.002,600,499
structural_random,random_0,0.0,105,1,0.002,600,499
structural_random,random_0,0.0,106,1,0.002,600,499
structural_random,random_0,0.0,107,1,0.002,600,499
structural_random,random_0,0.0,108,1,0.002,600,499
structural_random,random_0,0.0,109,1,0.002,600,499
structural_random,random_0,0.0,110,1,0.002,600,499
structural_random,random_0,0.0,111,1,0.002,600,499
structural_random,random_0,0.0,112,1,0.002,600,499
structural_random,random_0,0.0,113,1,0.002,600,499
structural_random,random_0,0.0,114,1,0.002,600,499
structural_random,random_0,0.0,115,1,0.002,600,499
structural_random,random_0,0.0,116,1,0.002,600,499
structural_random,random_0,0.0,117,1,0.002,600,499
structural_random,random_0,0.0,118,1,0.002,600,499
structural_random,random_0,0.0,119,1,0.002,600,499
structural_random,random_0,0.0,120,1,0.002,600,499
structural_random,random_0,0.0,121,1,0.002,600,499
structural_random,random_0,0.0,122,1,0.002,600,499
structural_random,random_0,0.0,123,1,0.002,600,499
structural_random,random_0,0.0,124,1,0.002,600,499
structural_random,random_0,0.0,125,1,0.002,600,499
structural_random,random_0,0.0,126,1,0.002,600,499
structural_random,random_0,0.0,127,1,0.002,600,499
structural_random,random_0,0.0,128,1,0.002,600,499
structural_random,random_0,0.0,129,1,0.002,600,499
structural_random,random_0,0.0,130,1,0.002,600,499
structural_random,random_0,0.0,131,1,0.002,600,499
structural_random,random_0,0.0,132,1,0.002,600,499
structural_random,random_0,0.0,133,1,0.002,600,499
structural_random,random_0,0.0,134,1,0.002,600,499
structural_random,random_0,0.0,135,1,0.002,600,499
structural_random,random_0,0.0,136,1,0.002,600,499
structural_random,random_0,0.0,137,1,0.002,600,499
structural_random,random_0,0.0,138,1,0.002,600,499
structural_random,random_0,0.0,139,1,0.002,600,499
structural_random,random_0,0.0,140,1,0.002,600,499
structural_random,random_0,0.0,141,1,0.002,600,499
structural_random,random_0,0.0,142,1,0.002,600,499
structural_random,random_0,0.0,143,1,0.002,600,499
structural_random,random_0,0.0,144,1,0.002,600,499
structural_random,random_0,0.0,145,1,0.002,600,499
structural_random,random_0,0.0,146,1,0.002,600,499
structural_random,random_0,0.0,147,1,0.002,600,499
structural_random,random_0,0.0,148,1,0.002,600,499
structural_random,random_0,0.0,149,1,0.002,600,499
structural_random,random_0,0.0,150,1,0.002,600,499
structural_random,random_0,0.0,151,1,0.002,600,499
structural_random,random_0,0.0,152,1,0.002,600,499
structural_random,random_0,0.0,153,1,0.002,600,499
structural_random,random_0,0.0,154,1,0.002,600,499
structural_random,random_0,0.0,155,1,0.002,600,499
structural_random,random_0,0.0,156,1,0.002,600,499
structural_random,random_0,0.0,157,1,0.002,600,499
structural_random,random_0,0.0,158,1,0.002,600,499
structural_random,random_0,0.0,159,1,0.002,600,499
structural_random,random_0,0.0,160,1,0.002,600,499
structural_random,random_0,0.0,161,1,0.002,600,499
structural_random,random_0,0.0,162,1,0.002,600,499
structural_random,random_0,0.0,163,1,0.002,600,499
structural_random,random_0,0.0,164,1,0.002,600,499
structural_random,random_0,0.0,165,1,0.002,600,499
structural_random,random_0,0.0,166,1,0.002,600,499
structural_random,random_0,0.0,167,1,0.002,600,499
structural_random,random_0,0.0,168,1,0.002,600,499
structural_random,random_0,0.0,169,1,0.002,600,499
structural_random,random_0,0.0,170,1,0.002,600,499
structural_random,random_0,0.0,171,1,0.002,600,499
structural_random,random_0,0.0,172,1,0.002,600,499
structural_random,random_0,0.0,173,1,0.002,600,499
structural_random,random_0,0.0,174,1,0.002,600,499
structural_random,random_0,0.0,175,1,0.002,600,499
structural_random,random_0,0.0,176,1,0.002,600,499
structural_random,random_0,0.0,177,1,0.002,600,499
structural_random,random_0,0.0,178,1,0.002,600,499
structural_random,random_0,0.0,179,1,0.002,600,499
structural_random,random_0,0.0,180,1,0.002,600,499
structural_random,random_0,0.0,181,1,0.002,600,499
structural_random,random_0,0.0,182,1,0.002,600,499
structural_random,random_0,0.0,183,1,0.002,600,499
structural_random,random_0,0.0,184,1,0.002,600,499
structural_random,random_0,0.0,185,1,0.002,600,499
structural_random,random_0,0.0,186,1,0.002,600,499
structural_random,random_0,0.0,187,1,0.002,600,499
structural_random,random_0,0.0,188,1,0.002,600,499
structural_random,random_0,0.0,189,1,0.002,600,499
structural_random,random_0,0.0,190,1,0.002,600,499
structural_random,random_0,0.0,191,1,0.002,600,499
structural_random,random_0,0.0,192,1,0.002,600,499
structural_random,random_0,0.0,193,1,0.002,600,499
structural_random,random_0,0.0,194,1,0.002,600,499
structural_random,random_0,0.0,195,1,0.002,600,499
structural_random,random_0,0.0,196,1,0.002,600,499
structural_random,random_0,0.0,197,1,0.002,600,499
structural_random,random_0,0.0,198,1,0.002,600,499
structural_random,random_0,0.0,199,1,0.002,600,499
structural_random,random_1,0.0,0,1,0.002,600,499
structural_random,random_1,0.0,1,1,0.002,600,499
structural_random,random_1,0.0,2,1,0.002,600,499
structural_random,random_1,0.0,3,1,0.002,600,499
structural_random,random_1,0.0,4,1,0.002,600,499
structural_random,random_1,0.0,5,1,0.002,600,499
structural_random,random_1,0.0,6,1,0.002,600,499
structural_random,random_1,0.0,7,1,0.002,600,499
structural_random,random_1,0.0,8,1,0.002,600,499
structural_random,random_1,0.0,9,1,0.002,600,499
structural_random,random_1,0.0,10,1,0.002,600,499
structural_random,random_1,0.0,11,1,0.002,600,499
structural_random,random_1,0.0,12,1,0.002,600,499
structural_random,random_1,0.0,13,1,0.002,600,499
structural_random,random_1,0.0,14,1,0.002,600,499
structural_random,random_1,0.0,15,1,0.002,600,499
structural_random,random_1,0.0,16,1,0.002,600,499
structural_random,random_1,0.0,17,1,0.002,600,499
structural_random,random_1,0.0,18,1,0.002,600,499
structural_random,random_1,0.0,19,1,0.002,600,499
structural_random,random_1,0.0,20,1,0.002,600,499
structural_random,random_1,0.0,21,1,0.002,600,499
structural_random,random_1,0.0,22,1,0.002,600,499
structural_random,random_1,0.0,23,1,0.002,600,499
structural_random,random_1,0.0,24,1,0.002,600,499
structural_random,random_1,0.0,25,1,0.002,600,499
structural_random,random_1,0.0,26,1,0.002,600,499
structural_random,random_1,0.0,27,1,0.002,600,499
structural_random,random_1,0.0,28,1,0.002,600,499
structural_random,random_1,0.0,29,1,0.002,600,499
structural_random,random_1,0.0,30,1,0.002,600,499
structural_random,random_1,0.0,31,1,0.002,600,499
structural_random,random_1,0.0,32,1,0.002,600,499
structural_random,random_1,0.0,33,1,0.002,600,499
structural_random,random_1,0.0,34,1,0.002,600,499
structural_random,random_1,0.0,35,1,0.002,600,499
structural_random,random_1,0.0,36,1,0.002,600,499
structural_random,random_1,0.0,37,1,0.002,600,499
structural_random,random_1,0.0,38,1,0.002,600,499
structural_random,random_1,0.0,39,1,0.002,600,499
structural_random,random_1,0.0,40,1,0.002,600,499
structural_random,random_1,0.0,41,1,0.002,600,499
structural_random,random_1,0.0,42,1,0.002,600,499
structural_random,random_1,0.0,43,1,0.002,600,499
structural_random,random_1,0.0,44,1,0.002,600,499
structural_random,random_1,0.0,45,1,0.002,600,499
structural_random,random_1,0.0,46,1,0.002,600,499
structural_random,random_1,0.0,47,1,0.002,600,499
structural_random,random_1,0.0,48,1,0.002,600,499
structural_random,random_1,0.0,49,1,0.002,600,499
structural_random,random_1,0.0,50,1,0.002,600,499
structural_random,random_1,0.0,51,1,0.002,600,499
structural_random,random_1,0.0,52,1,0.002,600,499
structural_random,random_1,0.0,53,1,0.002,600,499
structural_random,random_1,0.0,54,1,0.002,600,499
structural_random,random_1,0.0,55,1,0.002,600,499
structural_random,random_1,0.0,56,1,0.002,600,499
structural_random,random_1,0.0,57,1,0.002,600,499
structural_random,random_1,0.0,58,1,0.002,600,499
structural_random,random_1,0.0,59,1,0.002,600,499
structural_random,random_1,0.0,60,1,0.002,600,499
structural_random,random_1,0.0,61,1,0.002,600,499
structural_random,random_1,0.0,62,1,0.002,600,499
structural_random,random_1,0.0,63,1,0.002,600,499
structural_random,random_1,0.0,64,1,0.002,600,499
structural_random,random_1,0.0,65,1,0.002,600,499
structural_random,random_1,0.0,66,1,0.002,600,499
structural_random,random_1,0.0,67,1,0.002,600,499
structural_random,random_1,0.0,68,1,0.002,600,499
structural_random,random_1,0.0,69,1,0.002,600,499
structural_random,random_1,0.0,70,1,0.002,600,499
structural_random,random_1,0.0,71,1,0.002,600,499
structural_random,random_1,0.0,72,1,0.002,600,499
structural_random,random_1,0.0,73,1,0.002,600,499
structural_random,random_1,0.0,74,1,0.002,600,499
structural_random,random_1,0.0,75,1,0.002,600,499
structural_random,random_1,0.0,76,1,0.002,600,499
structural_random,random_1,0.0,77,1,0.002,600,499
structural_random,random_1,0.0,78,1,0.002,600,499
structural_random,random_1,0.0,79,1,0.002,600,499
structural_random,random_1,0.0,80,1,0.002,600,499
structural_random,random_1,0.0,81,1,0.002,600,499
structural_random,random_1,0.0,82,1,0.002,600,499
structural_random,random_1,0.0,83,1,0.002,600,499
structural_random,random_1,0.0,84,1,0.002,600,499
structural_random,random_1,0.0,85,1,0.002,600,499
structural_random,random_1,0.0,86,1,0.002,600,499
structural_random,random_1,0.0,87,1,0.002,600,499
structural_random,random_1,0.0,88,1,0.002,600,499
structural_random,random_1,0.0,89,1,0.002,600,499
structural_random,random_1,0.0,90,1,0.002,600,499
structural_random,random_1,0.0,91,1,0.002,600,499
structural_random,random_1,0.0,92,1,0.002,600,499
structural_random,random_1,0.0,93,1,0.002,600,499
structural_random,random_1,0.0,94,1,0.002,600,499
structural_random,random_1,0.0,95,1,0.002,600,499
structural_random,random_1,0.0,96,1,0.002,600,499
structural_random,random_1,0.0,97,1,0.002,600,499
structural_random,random_1,0.0,98,1,0.002,600,499
structural_random,random_1,0.0,99,1,0.002,600,499
structural_random,random_1,0.0,100,1,0.002,600,499
structural_random,random_1,0.0,101,1,0.002,600,499
structural_random,random_1,0.0,102,1,0.002,600,499
structural_random,random_1,0.0,103,1,0.002,600,499
structural_random,random_1,0.0,104,1,0.002,600,499
structural_random,random_1,0.0,105,1,0.002,600,499
structural_random,random_1,0.0,106,1,0.002,600,499
structural_random,random_1,0.0,107,1,0.002,600,499
structural_random,random_1,0.0,108,1,0.002,600,499
structural_random,random_1,0.0,109,1,0.002,600,499
structural_random,random_1,0.0,110,1,0.002,600,499
structural_random,random_1,0.0,111,1,0.002,600,499
structural_random,random_1,0.0,112,1,0.002,600,499
structural_random,random_1,0.0,113,1,0.002,600,499
structural_random,random_1,0.0,114,1,0.002,600,499
structural_random,random_1,0.0,115,1,0.002,600,499
structural_random,random_1,0.0,116,1,0.002,600,499
structural_random,random_1,0.0,117,1,0.002,600,499
structural_random,random_1,0.0,118,1,0.002,600,499
structural_random,random_1,0.0,119,1,0.002,600,499
structural_random,random_1,0.0,120,1,0.002,600,499
structural_random,random_1,0.0,121,1,0.002,600,499
structural_random,random_1,0.0,122,1,0.002,600,499
structural_random,random_1,0.0,123,1,0.002,600,499
structural_random,random_1,0.0,124,1,0.002,600,499
structural_random,random_1,0.0,125,1,0.002,600,499
structural_random,random_1,0.0,126,1,0.002,600,499
structural_random,random_1,0.0,127,1,0.002,600,499
structural_random,random_1,0.0,128,1,0.002,600,499
structural_random,random_1,0.0,129,1,0.002,600,499
structural_random,random_1,0.0,130,1,0.002,600,499
structural_random,random_1,0.0,131,1,0.002,600,499
structural_random,random_1,0.0,132,1,0.002,600,499
structural_random,random_1,0.0,133,1,0.002,600,499
structural_random,random_1,0.0,134,1,0.002,600,499
structural_random,random_1,0.0,135,1,0.002,600,499
structural_random,random_1,0.0,136,1,0.002,600,499
structural_random,random_1,0.0,137,1,0.002,600,499
structural_random,random_1,0.0,138,1,0.002,600,499
structural_random,random_1,0.0,139,1,0.002,600,499
structural_random,random_1,0.0,140,1,0.002,600,499
structural_random,random_1,0.0,141,1,0.002,600,499
structural_random,random_1,0.0,142,1,0.002,600,499
structural_random,random_1,0.0,143,1,0.002,600,499
structural_random,random_1,0.0,144,1,0.002,600,499
structural_random,random_1,0.0,145,1,0.002,600,499
structural_random,random_1,0.0,146,1,0.002,600,499
structural_random,random_1,0.0,147,1,0.002,600,499
structural_random,random_1,0.0,148,1,0.002,600,499
structural_random,random_1,0.0,149,1,0.002,600,499
structural_random,random_1,0.0,150,1,0.002,600,499
structural_random,random_1,0.0,151,1,0.002,600,499
structural_random,random_1,0.0,152,1,0.002,600,499
structural_random,random_1,0.0,153,1,0.002,600,499
structural_random,random_1,0.0,154,1,0.002,600,499
structural_random,random_1,0.0,155,1,0.002,600,499
structural_random,random_1,0.0,156,1,0.002,600,499
structural_random,random_1,0.0,157,1,0.002,600,499
structural_random,random_1,0.0,158,1,0.002,600,499
structural_random,random_1,0.0,159,1,0.002,600,499
structural_random,random_1,0.0,160,1,0.002,600,499
structural_random,random_1,0.0,161,1,0.002,600,499
structural_random,random_1,0.0,162,1,0.002,600,499
structural_random,random_1,0.0,163,1,0.002,600,499
structural_random,random_1,0.0,164,1,0.002,600,499
structural_random,random_1,0.0,165,1,0.002,600,499
structural_random,random_1,0.0,166,1,0.002,600,499
structural_random,random_1,0.0,167,1,0.002,600,499
structural_random,random_1,0.0,168,1,0.002,600,499
structural_random,random_1,0.0,169,1,0.002,600,499
structural_random,random_1,0.0,170,1,0.002,600,499
structural_random,random_1,0.0,171,1,0.002,600,499
structural_random,random_1,0.0,172,1,0.002,600,499
structural_random,random_1,0.0,173,1,0.002,600,499
structural_random,random_1,0.0,174,1,0.002,600,499
structural_random,random_1,0.0,175,1,0.002,600,499
structural_random,random_1,0.0,176,1,0.002,600,499
structural_random,random_1,0.0,177,1,0.002,600,499
structural_random,random_1,0.0,178,1,0.002,600,499
structural_random,random_1,0.0,179,1,0.002,600,499
structural_random,random_1,0.0,180,1,0.002,600,499
structural_random,random_1,0.0,181,1,0.002,600,499
structural_random,random_1,0.0,182,1,0.002,600,499
structural_random,random_1,0.0,183,1,0.002,600,499
structural_random,random_1,0.0,184,1,0.002,600,499
structural_random,random_1,0.0,185,1,0.002,600,499
structural_random,random_1,0.0,186,1,0.002,600,499
structural_random,random_1,0.0,187,1,0.002,600,499
structural_random,random_1,0.0,188,1,0.002,600,499
structural_random,random_1,0.0,189,1,0.002,600,499
structural_random,random_1,0.0,190,1,0.002,600,499
structural_random,random_1,0.0,191,1,0.002,600,499
structural_random,random_1,0.0,192,1,0.002,600,499
structural_random,random_1,0.0,193,1,0.002,600,499
structural_random,random_1,0.0,194,1,0.002,600,499
structural_random,random_1,0.0,195,1,0.002,600,499
structural_random,random_1,0.0,196,1,0.002,600,499
structural_random,random_1,0.0,197,1,0.002,600,499
structural_random,random_1,0.0,198,1,0.002,600,499
structural_random,random_1,0.0,199,1,0.002,600,499
structural_random,random_2,0.0,0,1,0.002,600,499
structural_random,random_2,0.0,1,1,0.002,600,499
structural_random,random_2,0.0,2,1,0.002,600,499
structural_random,random_2,0.0,3,1,0.032,600,499
structural_random,random_2,0.0,4,1,0.002,600,499
structural_random,random_2,0.0,5,0,0.092,600,499
structural_random,random_2,0.0,6,1,0.002,600,499
structural_random,random_2,0.0,7,1,0.002,600,499
structural_random,random_2,0.0,8,1,0.022,600,499
structural_random,random_2,0.0,9,1,0.002,600,499
structural_random,random_2,0.0,10,1,0.004,600,499
structural_random,random_2,0.0,11,1,0.002,600,499
structural_random,random_2,0.0,12,1,0.002,600,499
structural_random,random_2,0.0,13,1,0.002,600,499
structural_random,random_2,0.0,14,1,0.002,600,499
structural_random,random_2,0.0,15,1,0.002,600,499
structural_random,random_2,0.0,16,1,0.002,600,499
structural_random,random_2,0.0,17,1,0.002,600,499
structural_random,random_2,0.0,18,1,0.002,600,499
structural_random,random_2,0.0,19,1,0.002,600,499
structural_random,random_2,0.0,20,1,0.004,600,499
structural_random,random_2,0.0,21,1,0.024,600,499
structural_random,random_2,0.0,22,1,0.04,600,499
structural_random,random_2,0.0,23,1,0.002,600,499
structural_random,random_2,0.0,24,1,0.002,600,499
structural_random,random_2,0.0,25,1,0.002,600,499
structural_random,random_2,0.0,26,1,0.002,600,499
structural_random,random_2,0.0,27,1,0.002,600,499
structural_random,random_2,0.0,28,1,0.002,600,499
structural_random,random_2,0.0,29,1,0.008,600,499
structural_random,random_2,0.0,30,1,0.002,600,499
structural_random,random_2,0.0,31,1,0.002,600,499
structural_random,random_2,0.0,32,1,0.006,600,499
structural_random,random_2,0.0,33,1,0.002,600,499
structural_random,random_2,0.0,34,1,0.002,600,499
structural_random,random_2,0.0,35,1,0.002,600,499
structural_random,random_2,0.0,36,1,0.002,600,499
structural_random,random_2,0.0,37,1,0.002,600,499
structural_random,random_2,0.0,38,1,0.004,600,499
structural_random,random_2,0.0,39,1,0.01,600,499
structural_random,random_2,0.0,40,1,0.002,600,499
structural_random,random_2,0.0,41,1,0.002,600,499
structural_random,random_2,0.0,42,1,0.002,600,499
structural_random,random_2,0.0,43,1,0.002,600,499
structural_random,random_2,0.0,44,1,0.002,600,499
structural_random,random_2,0.0,45,1,0.002,600,499
structural_random,random_2,0.0,46,1,0.01,600,499
structural_random,random_2,0.0,47,1,0.002,600,499
structural_random,random_2,0.0,48,1,0.002,600,499
structural_random,random_2,0.0,49,1,0.006,600,499
structural_random,random_2,0.0,50,1,0.004,600,499
structural_random,random_2,0.0,51,1,0.002,600,499
structural_random,random_2,0.0,52,1,0.002,600,499
structural_random,random_2,0.0,53,1,0.002,600,499
structural_random,random_2,0.0,54,1,0.002,600,499
structural_random,random_2,0.0,55,1,0.002,600,499
structural_random,random_2,0.0,56,1,0.002,600,499
structural_random,random_2,0.0,57,1,0.002,600,499
structural_random,random_2,0.0,58,1,0.044,600,499
structural_random,random_2,0.0,59,1,0.002,600,499
structural_random,random_2,0.0,60,1,0.002,600,499
structural_random,random_2,0.0,61,1,0.006,600,499
structural_random,random_2,0.0,62,1,0.004,600,499
structural_random,random_2,0.0,63,1,0.002,600,499
structural_random,random_2,0.0,64,1,0.002,600,499
structural_random,random_2,0.0,65,1,0.002,600,499
structural_random,random_2,0.0,66,1,0.002,600,499
structural_random,random_2,0.0,67,1,0.002,600,499
structural_random,random_2,0.0,68,1,0.004,600,499
structural_random,random_2,0.0,69,1,0.006,600,499
structural_random,random_2,0.0,70,1,0.006,600,499
structural_random,random_2,0.0,71,1,0.008,600,499
structural_random,random_2,0.0,72,1,0.002,600,499
structural_random,random_2,0.0,73,1,0.002,600,499
structural_random,random_2,0.0,74,1,0.002,600,499
structural_random,random_2,0.0,75,1,0.002,600,499
structural_random,random_2,0.0,76,1,0.002,600,499
structural_random,random_2,0.0,77,1,0.002,600,499
structural_random,random_2,0.0,78,1,0.004,600,499
structural_random,random_2,0.0,79,1,0.002,600,499
structural_random,random_2,0.0,80,1,0.002,600,499
structural_random,random_2,0.0,81,1,0.002,600,499
structural_random,random_2,0.0,82,1,0.038,600,499
structural_random,random_2,0.0,83,1,0.002,600,499
structural_random,random_2,0.0,84,1,0.004,600,499
structural_random,random_2,0.0,85,1,0.002,600,499
structural_random,random_2,0.0,86,1,0.002,600,499
structural_random,random_2,0.0,87,1,0.002,600,499
structural_random,random_2,0.0,88,1,0.002,600,499
structural_random,random_2,0.0,89,1,0.002,600,499
structural_random,random_2,0.0,90,1,0.002,600,499
structural_random,random_2,0.0,91,1,0.002,600,499
structural_random,random_2,0.0,92,1,0.002,600,499
structural_random,random_2,0.0,93,1,0.002,600,499
structural_random,random_2,0.0,94,1,0.002,600,499
structural_random,random_2,0.0,95,1,0.002,600,499
structural_random,random_2,0.0,96,1,0.002,600,499
structural_random,random_2,0.0,97,1,0.002,600,499
structural_random,random_2,0.0,98,1,0.002,600,499
structural_random,random_2,0.0,99,1,0.002,600,499
structural_random,random_2,0.0,100,1,0.002,600,499
structural_random,random_2,0.0,101,1,0.002,600,499
structural_random,random_2,0.0,102,1,0.002,600,499
structural_random,random_2,0.0,103,1,0.002,600,499
structural_random,random_2,0.0,104,1,0.002,600,499
structural_random,random_2,0.0,105,1,0.002,600,499
structural_random,random_2,0.0,106,1,0.002,600,499
structural_random,random_2,0.0,107,1,0.004,600,499
structural_random,random_2,0.0,108,1,0.002,600,499
structural_random,random_2,0.0,109,1,0.002,600,499
structural_random,random_2,0.0,110,1,0.002,600,499
structural_random,random_2,0.0,111,1,0.002,600,499
structural_random,random_2,0.0,112,1,0.002,600,499
structural_random,random_2,0.0,113,1,0.002,600,499
structural_random,random_2,0.0,114,1,0.002,600,499
structural_random,random_2,0.0,115,1,0.002,600,499
structural_random,random_2,0.0,116,1,0.002,600,499
structural_random,random_2,0.0,117,1,0.002,600,499
structural_random,random_2,0.0,118,1,0.002,600,499
structural_random,random_2,0.0,119,1,0.002,600,499
structural_random,random_2,0.0,120,1,0.02,600,499
structural_random,random_2,0.0,121,1,0.002,600,499
structural_random,random_2,0.0,122,1,0.002,600,499
structural_random,random_2,0.0,123,1,0.002,600,499
structural_random,random_2,0.0,124,1,0.002,600,499
structural_random,random_2,0.0,125,1,0.002,600,499
structural_random,random_2,0.0,126,1,0.006,600,499
structural_random,random_2,0.0,127,1,0.002,600,499
structural_random,random_2,0.0,128,1,0.002,600,499
structural_random,random_2,0.0,129,1,0.002,600,499
structural_random,random_2,0.0,130,1,0.002,600,499
structural_random,random_2,0.0,131,1,0.002,600,499
structural_random,random_2,0.0,132,1,0.002,600,499
structural_random,random_2,0.0,133,1,0.002,600,499
structural_random,random_2,0.0,134,1,0.002,600,499
structural_random,random_2,0.0,135,1,0.002,600,499
structural_random,random_2,0.0,136,1,0.002,600,499
structural_random,random_2,0.0,137,1,0.002,600,499
structural_random,random_2,0.0,138,1,0.002,600,499
structural_random,random_2,0.0,139,1,0.002,600,499
structural_random,random_2,0.0,140,1,0.002,600,499
structural_random,random_2,0.0,141,1,0.002,600,499
structural_random,random_2,0.0,142,1,0.002,600,499
structural_random,random_2,0.0,143,1,0.012,600,499
structural_random,random_2,0.0,144,1,0.002,600,499
structural_random,random_2,0.0,145,1,0.002,600,499
structural_random,random_2,0.0,146,1,0.002,600,499
structural_random,random_2,0.0,147,1,0.002,600,499
structural_random,random_2,0.0,148,1,0.004,600,499
structural_random,random_2,0.0,149,1,0.002,600,499
structural_random,random_2,0.0,150,1,0.002,600,499
structural_random,random_2,0.0,151,1,0.002,600,499
structural_random,random_2,0.0,152,1,0.002,600,499
structural_random,random_2,0.0,153,1,0.004,600,499
structural_random,random_2,0.0,154,1,0.002,600,499
structural_random,random_2,0.0,155,1,0.002,600,499
structural_random,random_2,0.0,156,1,0.002,600,499
structural_random,random_2,0.0,157,1,0.006,600,499
structural_random,random_2,0.0,158,1,0.002,600,499
structural_random,random_2,0.0,159,1,0.002,600,499
structural_random,random_2,0.0,160,1,0.002,600,499
structural_random,random_2,0.0,161,1,0.002,600,499
structural_random,random_2,0.0,162,1,0.004,600,499
structural_random,random_2,0.0,163,1,0.002,600,499
structural_random,random_2,0.0,164,1,0.002,600,499
structural_random,random_2,0.0,165,1,0.002,600,499
structural_random,random_2,0.0,166,1,0.002,600,499
structural_random,random_2,0.0,167,1,0.002,600,499
structural_random,random_2,0.0,168,1,0.002,600,499
structural_random,random_2,0.0,169,1,0.002,600,499
structural_random,random_2,0.0,170,1,0.002,600,499
structural_random,random_2,0.0,171,1,0.002,600,499
structural_random,random_2,0.0,172,1,0.002,600,499
structural_random,random_2,0.0,173,1,0.002,600,499
structural_random,random_2,0.0,174,1,0.002,600,499
structural_random,random_2,0.0,175,1,0.006,600,499
structural_random,random_2,0.0,176,1,0.004,600,499
structural_random,random_2,0.0,177,1,0.002,600,499
structural_random,random_2,0.0,178,1,0.002,600,499
structural_random,random_2,0.0,179,1,0.002,600,499
structural_random,random_2,0.0,180,1,0.002,600,499
structural_random,random_2,0.0,181,1,0.002,600,499
structural_random,random_2,0.0,182,1,0.002,600,499
structural_random,random_2,0.0,183,1,0.002,600,499
structural_random,random_2,0.0,184,1,0.002,600,499
structural_random,random_2,0.0,185,1,0.002,600,499
structural_random,random_2,0.0,186,1,0.002,600,499
structural_random,random_2,0.0,187,1,0.018,600,499
structural_random,random_2,0.0,188,1,0.002,600,499
structural_random,random_2,0.0,189,1,0.002,600,499
structural_random,random_2,0.0,190,1,0.002,600,499
structural_random,random_2,0.0,191,1,0.002,600,499
structural_random,random_2,0.0,192,1,0.002,600,499
structural_random,random_2,0.0,193,1,0.002,600,499
structural_random,random_2,0.0,194,1,0.002,600,499
structural_random,random_2,0.0,195,1,0.002,600,499
structural_random,random_2,0.0,196,1,0.002,600,499
structural_random,random_2,0.0,197,1,0.002,600,499
structural_random,random_2,0.0,198,1,0.002,600,499
structural_random,random_2,0.0,199,1,0.002,600,499
structural_random,random_3,0.0,0,0,0.198,600,499
structural_random,random_3,0.0,1,0,0.712,600,499
structural_random,random_3,0.0,2,0,0.082,600,499
structural_random,random_3,0.0,3,0,0.652,600,499
structural_random,random_3,0.0,4,1,0.028,600,499
structural_random,random_3,0.0,5,0,0.602,600,499
structural_random,random_3,0.0,6,0,0.316,600,499
structural_random,random_3,0.0,7,0,0.05,600,499
structural_random,random_3,0.0,8,0,0.724,600,499
structural_random,random_3,0.0,9,0,0.25,600,499
structural_random,random_3,0.0,10,0,0.46,600,499
structural_random,random_3,0.0,11,0,0.334,600,499
structural_random,random_3,0.0,12,1,0.026,600,499
structural_random,random_3,0.0,13,0,0.872,600,499
structural_random,random_3,0.0,14,0,0.162,600,499
structural_random,random_3,0.0,15,0,0.102,600,499
structural_random,random_3,0.0,16,0,0.168,600,499
structural_random,random_3,0.0,17,0,0.402,600,499
structural_random,random_3,0.0,18,1,0.012,600,499
structural_random,random_3,0.0,19,0,0.636,600,499
structural_random,random_3,0.0,20,0,0.544,600,499
structural_random,random_3,0.0,21,0,0.772,600,499
structural_random,random_3,0.0,22,1,0.018,600,499
structural_random,random_3,0.0,23,1,0.018,600,499
structural_random,random_3,0.0,24,0,0.388,600,499
structural_random,random_3,0.0,25,0,0.516,600,499
structural_random,random_3,0.0,26,0,0.122,600,499
structural_random,random_3,0.0,27,0,0.398,600,499
structural_random,random_3,0.0,28,1,0.014,600,499
structural_random,random_3,0.0,29,0,0.756,600,499
structural_random,random_3,0.0,30,0,0.072,600,499
structural_random,random_3,0.0,31,0,0.658,600,499
structural_random,random_3,0.0,32,0,0.892,600,499
structural_random,random_3,0.0,33,0,0.574,600,499
structural_random,random_3,0.0,34,0,0.514,600,499
structural_random,random_3,0.0,35,0,0.104,600,499
structural_random,random_3,0.0,36,0,0.616,600,499
structural_random,random_3,0.0,37,0,0.168,600,499
structural_random,random_3,0.0,38,0,0.724,600,499
structural_random,random_3,0.0,39,0,0.804,600,499
structural_random,random_3,0.0,40,0,0.204,600,499
structural_random,random_3,0.0,41,0,0.574,600,499
structural_random,random_3,0.0,42,0,0.684,600,499
structural_random,random_3,0.0,43,0,0.506,600,499
structural_random,random_3,0.0,44,0,0.684,600,499
structural_random,random_3,0.0,45,1,0.016,600,499
structural_random,random_3,0.0,46,0,0.844,600,499
structural_random,random_3,0.0,47,0,0.654,600,499
structural_random,random_3,0.0,48,0,0.12,600,499
structural_random,random_3,0.0,49,0,0.664,600,499
structural_random,random_3,0.0,50,0,0.766,600,499
structural_random,random_3,0.0,51,0,0.29,600,499
structural_random,random_3,0.0,52,0,0.204,600,499
structural_random,random_3,0.0,53,0,0.498,600,499
structural_random,random_3,0.0,54,0,0.722,600,499
structural_random,random_3,0.0,55,0,0.06,600,499
structural_random,random_3,0.0,56,0,0.414,600,499
structural_random,random_3,0.0,57,0,0.13,600,499
structural_random,random_3,0.0,58,0,0.724,600,499
structural_random,random_3,0.0,59,0,0.088,600,499
structural_random,random_3,0.0,60,0,0.514,600,499
structural_random,random_3,0.0,61,0,0.252,600,499
structural_random,random_3,0.0,62,0,0.372,600,499
structural_random,random_3,0.0,63,0,0.706,600,499
structural_random,random_3,0.0,64,0,0.124,600,499
structural_random,random_3,0.0,65,0,0.102,600,499
structural_random,random_3,0.0,66,0,0.12,600,499
structural_random,random_3,0.0,67,0,0.678,600,499
structural_random,random_3,0.0,68,0,0.338,600,499
structural_random,random_3,0.0,69,0,0.612,600,499
structural_random,random_3,0.0,70,0,0.966,600,499
structural_random,random_3,0.0,71,0,0.608,600,499
structural_random,random_3,0.0,72,0,0.368,600,499
structural_random,random_3,0.0,73,0,0.952,600,499
structural_random,random_3,0.0,74,0,0.87,600,499
structural_random,random_3,0.0,75,0,0.366,600,499
structural_random,random_3,0.0,76,0,0.188,600,499
structural_random,random_3,0.0,77,0,0.148,600,499
structural_random,random_3,0.0,78,0,0.836,600,499
structural_random,random_3,0.0,79,0,0.138,600,499
structural_random,random_3,0.0,80,0,0.944,600,499
structural_random,random_3,0.0,81,0,0.358,600,499
structural_random,random_3,0.0,82,0,0.754,600,499
structural_random,random_3,0.0,83,0,0.536,600,499
structural_random,random_3,0.0,84,0,0.902,600,499
structural_random,random_3,0.0,85,0,0.512,600,499
structural_random,random_3,0.0,86,0,0.134,600,499
structural_random,random_3,0.0,87,1,0.026,600,499
structural_random,random_3,0.0,88,1,0.002,600,499
structural_random,random_3,0.0,89,0,0.242,600,499
structural_random,random_3,0.0,90,0,0.406,600,499
structural_random,random_3,0.0,91,0,0.524,600,499
structural_random,random_3,0.0,92,0,0.226,600,499
structural_random,random_3,0.0,93,0,0.142,600,499
structural_random,random_3,0.0,94,0,0.63,600,499
structural_random,random_3,0.0,95,0,0.772,600,499
structural_random,random_3,0.0,96,0,0.572,600,499
structural_random,random_3,0.0,97,0,0.094,600,499
structural_random,random_3,0.0,98,0,0.204,600,499
structural_random,random_3,0.0,99,0,0.154,600,499
structural_random,random_3,0.0,100,0,0.4,600,499
structural_random,random_3,0.0,101,0,0.086,600,499
structural_random,random_3,0.0,102,1,0.032,600,499
structural_random,random_3,0.0,103,0,0.274,600,499
structural_random,random_3,0.0,104,1,0.004,600,499
structural_random,random_3,0.0,105,1,0.036,600,499
structural_random,random_3,0.0,106,0,0.326,600,499
structural_random,random_3,0.0,107,0,0.544,600,499
structural_random,random_3,0.0,108,0,0.726,600,499
structural_random,random_3,0.0,109,0,0.784,600,499
structural_random,random_3,0.0,110,1,0.002,600,499
structural_random,random_3,0.0,111,0,0.558,600,499
structural_random,random_3,0.0,112,0,0.222,600,499
structural_random,random_3,0.0,113,0,0.178,600,499
structural_random,random_3,0.0,114,0,0.198,600,499
structural_random,random_3,0.0,115,0,0.188,600,499
structural_random,random_3,0.0,116,0,0.312,600,499
structural_random,random_3,0.0,117,0,0.25,600,499
structural_random,random_3,0.0,118,0,0.05,600,499
structural_random,random_3,0.0,119,0,0.088,600,499
structural_random,random_3,0.0,120,0,0.686,600,499
structural_random,random_3,0.0,121,0,0.054,600,499
structural_random,random_3,0.0,122,0,0.516,600,499
structural_random,random_3,0.0,123,0,0.15,600,499
structural_random,random_3,0.0,124,0,0.322,600,499
structural_random,random_3,0.0,125,1,0.038,600,499
structural_random,random_3,0.0,126,0,0.936,600,499
structural_random,random_3,0.0,127,0,0.608,600,499
structural_random,random_3,0.0,128,0,0.266,600,499
structural_random,random_3,0.0,129,0,0.596,600,499
structural_random,random_3,0.0,130,0,0.392,600,499
structural_random,random_3,0.0,131,0,0.434,600,499
structural_random,random_3,0.0,132,0,0.17,600,499
structural_random,random_3,0.0,133,0,0.118,600,499
structural_random,random_3,0.0,134,1,0.026,600,499
structural_random,random_3,0.0,135,1,0.01,600,499
structural_random,random_3,0.0,136,1,0.016,600,499
structural_random,random_3,0.0,137,0,0.082,600,499
structural_random,random_3,0.0,138,0,0.128,600,499
structural_random,random_3,0.0,139,1,0.016,600,499
structural_random,random_3,0.0,140,0,0.54,600,499
structural_random,random_3,0.0,141,0,0.478,600,499
structural_random,random_3,0.0,142,1,0.032,600,499
structural_random,random_3,0.0,143,0,0.55,600,499
structural_random,random_3,0.0,144,0,0.208,600,499
structural_random,random_3,0.0,145,0,0.064,600,499
structural_random,random_3,0.0,146,0,0.066,600,499
structural_random,random_3,0.0,147,0,0.488,600,499
structural_random,random_3,0.0,148,0,0.944,600,499
structural_random,random_3,0.0,149,0,0.692,600,499
structural_random,random_3,0.0,150,1,0.042,600,499
structural_random,random_3,0.0,151,0,0.072,600,499
structural_random,random_3,0.0,152,0,0.128,600,499
structural_random,random_3,0.0,153,0,0.832,600,499
structural_random,random_3,0.0,154,0,0.126,600,499
structural_random,random_3,0.0,155,0,0.212,600,499
structural_random,random_3,0.0,156,1,0.016,600,499
structural_random,random_3,0.0,157,0,0.848,600,499
structural_random,random_3,0.0,158,0,0.584,600,499
structural_random,random_3,0.0,159,1,0.004,600,499
structural_random,random_3,0.0,160,0,0.218,600,499
structural_random,random_3,0.0,161,0,0.508,600,499
structural_random,random_3,0.0,162,0,0.146,600,499
structural_random,random_3,0.0,163,0,0.76,600,499
structural_random,random_3,0.0,164,0,0.442,600,499
structural_random,random_3,0.0,165,0,0.386,600,499
structural_random,random_3,0.0,166,0,0.182,600,499
structural_random,random_3,0.0,167,1,0.002,600,499
structural_random,random_3,0.0,168,0,0.51,600,499
structural_random,random_3,0.0,169,0,0.622,600,499
structural_random,random_3,0.0,170,0,0.26,600,499
structural_random,random_3,0.0,171,0,0.102,600,499
structural_random,random_3,0.0,172,0,0.416,600,499
structural_random,random_3,0.0,173,0,0.884,600,499
structural_random,random_3,0.0,174,1,0.012,600,499
structural_random,random_3,0.0,175,0,0.184,600,499
structural_random,random_3,0.0,176,0,0.802,600,499
structural_random,random_3,0.0,177,0,0.342,600,499
structural_random,random_3,0.0,178,0,0.866,600,499
structural_random,random_3,0.0,179,0,0.79,600,499
structural_random,random_3,0.0,180,0,0.05,600,499
structural_random,random_3,0.0,181,0,0.634,600,499
structural_random,random_3,0.0,182,0,0.714,600,499
structural_random,random_3,0.0,183,0,0.604,600,499
structural_random,random_3,0.0,184,0,0.914,600,499
structural_random,random_3,0.0,185,0,0.478,600,499
structural_random,random_3,0.0,186,1,0.03,600,499
structural_random,random_3,0.0,187,0,0.776,600,499
structural_random,random_3,0.0,188,0,0.336,600,499
structural_random,random_3,0.0,189,0,0.22,600,499
structural_random,random_3,0.0,190,1,0.008,600,499
structural_random,random_3,0.0,191,0,0.286,600,499
structural_random,random_3,0.0,192,0,0.084,600,499
structural_random,random_3,0.0,193,1,0.014,600,499
structural_random,random_3,0.0,194,0,0.372,600,499
structural_random,random_3,0.0,195,1,0.036,600,499
structural_random,random_3,0.0,196,0,0.348,600,499
structural_random,random_3,0.0,197,1,0.038,600,499
structural_random,random_3,0.0,198,1,0.024,600,499
structural_random,random_3,0.0,199,0,0.466,600,499
structural_random,random_4,0.0,0,1,0.006,600,499
structural_random,random_4,0.0,1,0,0.24,600,499
structural_random,random_4,0.0,2,1,0.002,600,499
structural_random,random_4,0.0,3,0,0.852,600,499
structural_random,random_4,0.0,4,1,0.01,600,499
structural_random,random_4,0.0,5,0,0.974,600,499
structural_random,random_4,0.0,6,1,0.048,600,499
structural_random,random_4,0.0,7,1,0.002,600,499
structural_random,random_4,0.0,8,0,0.548,600,499
structural_random,random_4,0.0,9,1,0.026,600,499
structural_random,random_4,0.0,10,0,0.654,600,499
structural_random,random_4,0.0,11,0,0.106,600,499
structural_random,random_4,0.0,12,1,0.048,600,499
structural_random,random_4,0.0,13,0,0.432,600,499
structural_random,random_4,0.0,14,1,0.006,600,499
structural_random,random_4,0.0,15,0,0.126,600,499
structural_random,random_4,0.0,16,1,0.01,600,499
structural_random,random_4,0.0,17,1,0.04,600,499
structural_random,random_4,0.0,18,1,0.002,600,499
structural_random,random_4,0.0,19,0,0.094,600,499
structural_random,random_4,0.0,20,0,0.116,600,499
structural_random,random_4,0.0,21,0,0.668,600,499
structural_random,random_4,0.0,22,0,0.538,600,499
structural_random,random_4,0.0,23,1,0.002,600,499
structural_random,random_4,0.0,24,0,0.246,600,499
structural_random,random_4,0.0,25,0,0.136,600,499
structural_random,random_4,0.0,26,1,0.014,600,499
structural_random,random_4,0.0,27,1,0.012,600,499
structural_random,random_4,0.0,28,1,0.002,600,499
structural_random,random_4,0.0,29,0,0.398,600,499
structural_random,random_4,0.0,30,1,0.002,600,499
structural_random,random_4,0.0,31,0,0.052,600,499
structural_random,random_4,0.0,32,0,0.472,600,499
structural_random,random_4,0.0,33,0,0.216,600,499
structural_random,random_4,0.0,34,1,0.028,600,499
structural_random,random_4,0.0,35,1,0.01,600,499
structural_random,random_4,0.0,36,1,0.038,600,499
structural_random,random_4,0.0,37,1,0.004,600,499
structural_random,random_4,0.0,38,0,0.174,600,499
structural_random,random_4,0.0,39,0,0.378,600,499
structural_random,random_4,0.0,40,0,0.278,600,499
structural_random,random_4,0.0,41,1,0.028,600,499
structural_random,random_4,0.0,42,0,0.064,600,499
structural_random,random_4,0.0,43,1,0.036,600,499
structural_random,random_4,0.0,44,0,0.384,600,499
structural_random,random_4,0.0,45,1,0.016,600,499
structural_random,random_4,0.0,46,0,0.362,600,499
structural_random,random_4,0.0,47,0,0.094,600,499
structural_random,random_4,0.0,48,1,0.032,600,499
structural_random,random_4,0.0,49,0,0.472,600,499
structural_random,random_4,0.0,50,0,0.162,600,499
structural_random,random_4,0.0,51,1,0.04,600,499
structural_random,random_4,0.0,52,1,0.016,600,499
structural_random,random_4,0.0,53,1,0.02,600,499
structural_random,random_4,0.0,54,1,0.022,600,499
structural_random,random_4,0.0,55,1,0.002,600,499
structural_random,random_4,0.0,56,0,0.078,600,499
structural_random,random_4,0.0,57,1,0.002,600,499
structural_random,random_4,0.0,58,0,0.44,600,499
structural_random,random_4,0.0,59,0,0.054,600,499
structural_random,random_4,0.0,60,1,0.038,600,499
structural_random,random_4,0.0,61,0,0.542,600,499
structural_random,random_4,0.0,62,0,0.502,600,499
structural_random,random_4,0.0,63,0,0.114,600,499
structural_random,random_4,0.0,64,1,0.006,600,499
structural_random,random_4,0.0,65,0,0.244,600,499
structural_random,random_4,0.0,66,1,0.038,600,499
structural_random,random_4,0.0,67,0,0.122,600,499
structural_random,random_4,0.0,68,0,0.136,600,499
structural_random,random_4,0.0,69,0,0.214,600,499
structural_random,random_4,0.0,70,0,0.6,600,499
structural_random,random_4,0.0,71,0,0.172,600,499
structural_random,random_4,0.0,72,1,0.006,600,499
structural_random,random_4,0.0,73,0,0.336,600,499
structural_random,random_4,0.0,74,0,0.108,600,499
structural_random,random_4,0.0,75,1,0.034,600,499
structural_random,random_4,0.0,76,1,0.006,600,499
structural_random,random_4,0.0,77,0,0.1,600,499
structural_random,random_4,0.0,78,0,0.13,600,499
structural_random,random_4,0.0,79,1,0.004,600,499
structural_random,random_4,0.0,80,0,0.39,600,499
structural_random,random_4,0.0,81,1,0.042,600,499
structural_random,random_4,0.0,82,0,0.36,600,499
structural_random,random_4,0.0,83,1,0.002,600,499
structural_random,random_4,0.0,84,0,0.084,600,499
structural_random,random_4,0.0,85,0,0.212,600,499
structural_random,random_4,0.0,86,1,0.032,600,499
structural_random,random_4,0.0,87,1,0.004,600,499
structural_random,random_4,0.0,88,1,0.002,600,499
structural_random,random_4,0.0,89,0,0.18,600,499
structural_random,random_4,0.0,90,1,0.02,600,499
structural_random,random_4,0.0,91,0,0.302,600,499
structural_random,random_4,0.0,92,0,0.054,600,499
structural_random,random_4,0.0,93,1,0.006,600,499
structural_random,random_4,0.0,94,1,0.012,600,499
structural_random,random_4,0.0,95,0,0.086,600,499
structural_random,random_4,0.0,96,0,0.142,600,499
structural_random,random_4,0.0,97,1,0.002,600,499
structural_random,random_4,0.0,98,1,0.002,600,499
structural_random,random_4,0.0,99,0,0.232,600,499
structural_random,random_4,0.0,100,1,0.002,600,499
structural_random,random_4,0.0,101,1,0.02,600,499
structural_random,random_4,0.0,102,0,0.094,600,499
structural_random,random_4,0.0,103,0,0.068,600,499
structural_random,random_4,0.0,104,0,0.056,600,499
structural_random,random_4,0.0,105,1,0.002,600,499
structural_random,random_4,0.0,106,0,0.05,600,499
structural_random,random_4,0.0,107,0,0.798,600,499
structural_random,random_4,0.0,108,0,0.166,600,499
structural_random,random_4,0.0,109,0,0.082,600,499
structural_random,random_4,0.0,110,1,0.002,600,499
structural_random,random_4,0.0,111,0,0.05,600,499
structural_random,random_4,0.0,112,1,0.002,600,499
structural_random,random_4,0.0,113,0,0.072,600,499
structural_random,random_4,0.0,114,0,0.624,600,499
structural_random,random_4,0.0,115,0,0.05,600,499
structural_random,random_4,0.0,116,0,0.08,600,499
structural_random,random_4,0.0,117,1,0.004,600,499
structural_random,random_4,0.0,118,1,0.002,600,499
structural_random,random_4,0.0,119,1,0.014,600,499
structural_random,random_4,0.0,120,0,0.722,600,499
structural_random,random_4,0.0,121,0,0.102,600,499
structural_random,random_4,0.0,122,0,0.056,600,499
structural_random,random_4,0.0,123,1,0.042,600,499
structural_random,random_4,0.0,124,0,0.384,600,499
structural_random,random_4,0.0,125,1,0.008,600,499
structural_random,random_4,0.0,126,0,0.234,600,499
structural_random,random_4,0.0,127,1,0.022,600,499
structural_random,random_4,0.0,128,1,0.028,600,499
structural_random,random_4,0.0,129,1,0.03,600,499
structural_random,random_4,0.0,130,1,0.022,600,499
structural_random,random_4,0.0,131,0,0.464,600,499
structural_random,random_4,0.0,132,0,0.064,600,499
structural_random,random_4,0.0,133,1,0.002,600,499
structural_random,random_4,0.0,134,1,0.016,600,499
structural_random,random_4,0.0,135,1,0.002,600,499
structural_random,random_4,0.0,136,1,0.01,600,499
structural_random,random_4,0.0,137,1,0.01,600,499
structural_random,random_4,0.0,138,1,0.014,600,499
structural_random,random_4,0.0,139,1,0.002,600,499
structural_random,random_4,0.0,140,1,0.04,600,499
structural_random,random_4,0.0,141,0,0.058,600,499
structural_random,random_4,0.0,142,1,0.004,600,499
structural_random,random_4,0.0,143,0,0.688,600,499
structural_random,random_4,0.0,144,1,0.002,600,499
structural_random,random_4,0.0,145,1,0.026,600,499
structural_random,random_4,0.0,146,1,0.004,600,499
structural_random,random_4,0.0,147,0,0.076,600,499
structural_random,random_4,0.0,148,0,0.562,600,499
structural_random,random_4,0.0,149,0,0.232,600,499
structural_random,random_4,0.0,150,1,0.002,600,499
structural_random,random_4,0.0,151,1,0.004,600,499
structural_random,random_4,0.0,152,1,0.002,600,499
structural_random,random_4,0.0,153,0,0.094,600,499
structural_random,random_4,0.0,154,1,0.008,600,499
structural_random,random_4,0.0,155,1,0.004,600,499
structural_random,random_4,0.0,156,1,0.006,600,499
structural_random,random_4,0.0,157,0,0.56,600,499
structural_random,random_4,0.0,158,0,0.268,600,499
structural_random,random_4,0.0,159,1,0.002,600,499
structural_random,random_4,0.0,160,1,0.03,600,499
structural_random,random_4,0.0,161,1,0.006,600,499
structural_random,random_4,0.0,162,0,0.15,600,499
structural_random,random_4,0.0,163,1,0.012,600,499
structural_random,random_4,0.0,164,0,0.152,600,499
structural_random,random_4,0.0,165,0,0.074,600,499
structural_random,random_4,0.0,166,1,0.028,600,499
structural_random,random_4,0.0,167,1,0.002,600,499
structural_random,random_4,0.0,168,0,0.204,600,499
structural_random,random_4,0.0,169,1,0.044,600,499
structural_random,random_4,0.0,170,1,0.026,600,499
structural_random,random_4,0.0,171,1,0.012,600,499
structural_random,random_4,0.0,172,1,0.014,600,499
structural_random,random_4,0.0,173,0,0.068,600,499
structural_random,random_4,0.0,174,1,0.002,600,499
structural_random,random_4,0.0,175,0,0.174,600,499
structural_random,random_4,0.0,176,0,0.232,600,499
structural_random,random_4,0.0,177,1,0.01,600,499
structural_random,random_4,0.0,178,0,0.168,600,499
structural_random,random_4,0.0,179,0,0.08,600,499
structural_random,random_4,0.0,180,0,0.156,600,499
structural_random,random_4,0.0,181,1,0.018,600,499
structural_random,random_4,0.0,182,0,0.388,600,499
structural_random,random_4,0.0,183,0,0.106,600,499
structural_random,random_4,0.0,184,0,0.062,600,499
structural_random,random_4,0.0,185,1,0.036,600,499
structural_random,random_4,0.0,186,1,0.004,600,499
structural_random,random_4,0.0,187,0,0.594,600,499
structural_random,random_4,0.0,188,1,0.008,600,499
structural_random,random_4,0.0,189,0,0.35,600,499
structural_random,random_4,0.0,190,1,0.04,600,499
structural_random,random_4,0.0,191,1,0.028,600,499
structural_random,random_4,0.0,192,1,0.004,600,499
structural_random,random_4,0.0,193,0,0.126,600,499
structural_random,random_4,0.0,194,1,0.01,600,499
structural_random,random_4,0.0,195,1,0.048,600,499
structural_random,random_4,0.0,196,1,0.046,600,499
structural_random,random_4,0.0,197,1,0.004,600,499
structural_random,random_4,0.0,198,1,0.002,600,499
structural_random,random_4,0.0,199,1,0.046,600,499
structural_random,random_5,0.0,0,1,0.002,600,499
structural_random,random_5,0.0,1,1,0.002,600,499
structural_random,random_5,0.0,2,1,0.004,600,499
structural_random,random_5,0.0,3,1,0.006,600,499
structural_random,random_5,0.0,4,1,0.002,600,499
structural_random,random_5,0.0,5,0,0.066,600,499
structural_random,random_5,0.0,6,1,0.008,600,499
structural_random,random_5,0.0,7,1,0.002,600,499
structural_random,random_5,0.0,8,0,0.248,600,499
structural_random,random_5,0.0,9,1,0.008,600,499
structural_random,random_5,0.0,10,1,0.002,600,499
structural_random,random_5,0.0,11,1,0.002,600,499
structural_random,random_5,0.0,12,1,0.002,600,499
structural_random,random_5,0.0,13,1,0.01,600,499
structural_random,random_5,0.0,14,1,0.002,600,499
structural_random,random_5,0.0,15,1,0.002,600,499
structural_random,random_5,0.0,16,1,0.002,600,499
structural_random,random_5,0.0,17,1,0.002,600,499
structural_random,random_5,0.0,18,1,0.002,600,499
structural_random,random_5,0.0,19,1,0.024,600,499
structural_random,random_5,0.0,20,0,0.164,600,499
structural_random,random_5,0.0,21,0,0.118,600,499
structural_random,random_5,0.0,22,1,0.002,600,499
structural_random,random_5,0.0,23,1,0.002,600,499
structural_random,random_5,0.0,24,1,0.002,600,499
structural_random,random_5,0.0,25,1,0.008,600,499
structural_random,random_5,0.0,26,1,0.002,600,499
structural_random,random_5,0.0,27,1,0.002,600,499
structural_random,random_5,0.0,28,1,0.002,600,499
structural_random,random_5,0.0,29,0,0.056,600,499
structural_random,random_5,0.0,30,1,0.032,600,499
structural_random,random_5,0.0,31,1,0.002,600,499
structural_random,random_5,0.0,32,1,0.02,600,499
structural_random,random_5,0.0,33,1,0.002,600,499
structural_random,random_5,0.0,34,1,0.006,600,499
structural_random,random_5,0.0,35,1,0.002,600,499
structural_random,random_5,0.0,36,1,0.006,600,499
structural_random,random_5,0.0,37,1,0.002,600,499
structural_random,random_5,0.0,38,1,0.022,600,499
structural_random,random_5,0.0,39,0,0.092,600,499
structural_random,random_5,0.0,40,1,0.002,600,499
structural_random,random_5,0.0,41,1,0.008,600,499
structural_random,random_5,0.0,42,1,0.006,600,499
structural_random,random_5,0.0,43,1,0.002,600,499
structural_random,random_5,0.0,44,1,0.002,600,499
structural_random,random_5,0.0,45,1,0.002,600,499
structural_random,random_5,0.0,46,1,0.008,600,499
structural_random,random_5,0.0,47,1,0.046,600,499
structural_random,random_5,0.0,48,1,0.002,600,499
structural_random,random_5,0.0,49,0,0.074,600,499
structural_random,random_5,0.0,50,1,0.018,600,499
structural_random,random_5,0.0,51,1,0.002,600,499
structural_random,random_5,0.0,52,1,0.002,600,499
structural_random,random_5,0.0,53,1,0.004,600,499
structural_random,random_5,0.0,54,1,0.016,600,499
structural_random,random_5,0.0,55,1,0.002,600,499
structural_random,random_5,0.0,56,1,0.002,600,499
structural_random,random_5,0.0,57,1,0.002,600,499
structural_random,random_5,0.0,58,1,0.02,600,499
structural_random,random_5,0.0,59,1,0.002,600,499
structural_random,random_5,0.0,60,1,0.008,600,499
structural_random,random_5,0.0,61,1,0.002,600,499
structural_random,random_5,0.0,62,1,0.002,600,499
structural_random,random_5,0.0,63,1,0.002,600,499
structural_random,random_5,0.0,64,1,0.002,600,499
structural_random,random_5,0.0,65,1,0.002,600,499
structural_random,random_5,0.0,66,1,0.002,600,499
structural_random,random_5,0.0,67,1,0.002,600,499
structural_random,random_5,0.0,68,1,0.034,600,499
structural_random,random_5,0.0,69,1,0.008,600,499
structural_random,random_5,0.0,70,1,0.026,600,499
structural_random,random_5,0.0,71,1,0.034,600,499
structural_random,random_5,0.0,72,1,0.002,600,499
structural_random,random_5,0.0,73,1,0.014,600,499
structural_random,random_5,0.0,74,0,0.09,600,499
structural_random,random_5,0.0,75,1,0.004,600,499
structural_random,random_5,0.0,76,1,0.004,600,499
structural_random,random_5,0.0,77,1,0.002,600,499
structural_random,random_5,0.0,78,0,0.1,600,499
structural_random,random_5,0.0,79,1,0.002,600,499
structural_random,random_5,0.0,80,1,0.02,600,499
structural_random,random_5,0.0,81,1,0.002,600,499
structural_random,random_5,0.0,82,0,0.178,600,499
structural_random,random_5,0.0,83,1,0.004,600,499
structural_random,random_5,0.0,84,1,0.024,600,499
structural_random,random_5,0.0,85,1,0.03,600,499
structural_random,random_5,0.0,86,1,0.002,600,499
structural_random,random_5,0.0,87,1,0.002,600,499
structural_random,random_5,0.0,88,1,0.002,600,499
structural_random,random_5,0.0,89,1,0.002,600,499
structural_random,random_5,0.0,90,1,0.002,600,499
structural_random,random_5,0.0,91,1,0.004,600,499
structural_random,random_5,0.0,92,1,0.002,600,499
structural_random,random_5,0.0,93,1,0.002,600,499
structural_random,random_5,0.0,94,1,0.028,600,499
structural_random,random_5,0.0,95,1,0.008,600,499
structural_random,random_5,0.0,96,1,0.002,600,499
structural_random,random_5,0.0,97,1,0.02,600,499
structural_random,random_5,0.0,98,1,0.004,600,499
structural_random,random_5,0.0,99,1,0.002,600,499
structural_random,random_5,0.0,100,1,0.002,600,499
structural_random,random_5,0.0,101,1,0.002,600,499
structural_random,random_5,0.0,102,1,0.002,600,499
structural_random,random_5,0.0,103,1,0.002,600,499
structural_random,random_5,0.0,104,1,0.002,600,499
structural_random,random_5,0.0,105,1,0.002,600,499
structural_random,random_5,0.0,106,1,0.002,600,499
structural_random,random_5,0.0,107,1,0.002,600,499
structural_random,random_5,0.0,108,1,0.006,600,499
structural_random,random_5,0.0,109,1,0.006,600,499
structural_random,random_5,0.0,110,1,0.002,600,499
structural_random,random_5,0.0,111,0,0.092,600,499
structural_random,random_5,0.0,112,1,0.002,600,499
structural_random,random_5,0.0,113,1,0.002,600,499
structural_random,random_5,0.0,114,1,0.002,600,499
structural_random,random_5,0.0,115,1,0.002,600,499
structural_random,random_5,0.0,116,1,0.002,600,499
structural_random,random_5,0.0,117,1,0.006,600,499
structural_random,random_5,0.0,118,1,0.002,600,499
structural_random,random_5,0.0,119,1,0.002,600,499
structural_random,random_5,0.0,120,0,0.062,600,499
structural_random,random_5,0.0,121,1,0.002,600,499
structural_random,random_5,0.0,122,1,0.01,600,499
structural_random,random_5,0.0,123,1,0.002,600,499
structural_random,random_5,0.0,124,1,0.002,600,499
structural_random,random_5,0.0,125,1,0.002,600,499
structural_random,random_5,0.0,126,0,0.092,600,499
structural_random,random_5,0.0,127,1,0.01,600,499
structural_random,random_5,0.0,128,1,0.002,600,499
structural_random,random_5,0.0,129,1,0.006,600,499
structural_random,random_5,0.0,130,1,0.004,600,499
structural_random,random_5,0.0,131,1,0.002,600,499
structural_random,random_5,0.0,132,1,0.002,600,499
structural_random,random_5,0.0,133,1,0.002,600,499
structural_random,random_5,0.0,134,1,0.002,600,499
structural_random,random_5,0.0,135,1,0.002,600,499
structural_random,random_5,0.0,136,1,0.002,600,499
structural_random,random_5,0.0,137,1,0.002,600,499
structural_random,random_5,0.0,138,1,0.002,600,499
structural_random,random_5,0.0,139,1,0.002,600,499
structural_random,random_5,0.0,140,1,0.002,600,499
structural_random,random_5,0.0,141,1,0.012,600,499
structural_random,random_5,0.0,142,1,0.002,600,499
structural_random,random_5,0.0,143,1,0.016,600,499
structural_random,random_5,0.0,144,1,0.008,600,499
structural_random,random_5,0.0,145,1,0.002,600,499
structural_random,random_5,0.0,146,1,0.002,600,499
structural_random,random_5,0.0,147,1,0.004,600,499
structural_random,random_5,0.0,148,1,0.034,600,499
structural_random,random_5,0.0,149,1,0.046,600,499
structural_random,random_5,0.0,150,1,0.002,600,499
structural_random,random_5,0.0,151,1,0.002,600,499
structural_random,random_5,0.0,152,1,0.002,600,499
structural_random,random_5,0.0,153,1,0.014,600,499
structural_random,random_5,0.0,154,1,0.002,600,499
structural_random,random_5,0.0,155,1,0.002,600,499
structural_random,random_5,0.0,156,1,0.002,600,499
structural_random,random_5,0.0,157,1,0.006,600,499
structural_random,random_5,0.0,158,1,0.002,600,499
structural_random,random_5,0.0,159,1,0.002,600,499
structural_random,random_5,0.0,160,1,0.002,600,499
structural_random,random_5,0.0,161,1,0.014,600,499
structural_random,random_5,0.0,162,1,0.002,600,499
structural_random,random_5,0.0,163,0,0.052,600,499
structural_random,random_5,0.0,164,1,0.002,600,499
structural_random,random_5,0.0,165,1,0.002,600,499
structural_random,random_5,0.0,166,1,0.002,600,499
structural_random,random_5,0.0,167,1,0.002,600,499
structural_random,random_5,0.0,168,1,0.006,600,499
structural_random,random_5,0.0,169,1,0.012,600,499
structural_random,random_5,0.0,170,1,0.002,600,499
structural_random,random_5,0.0,171,1,0.002,600,499
structural_random,random_5,0.0,172,1,0.024,600,499
structural_random,random_5,0.0,173,1,0.018,600,499
structural_random,random_5,0.0,174,1,0.002,600,499
structural_random,random_5,0.0,175,1,0.006,600,499
structural_random,random_5,0.0,176,1,0.012,600,499
structural_random,random_5,0.0,177,0,0.05,600,499
structural_random,random_5,0.0,178,1,0.002,600,499
structural_random,random_5,0.0,179,1,0.032,600,499
structural_random,random_5,0.0,180,1,0.002,600,499
structural_random,random_5,0.0,181,1,0.024,600,499
structural_random,random_5,0.0,182,1,0.014,600,499
structural_random,random_5,0.0,183,1,0.006,600,499
structural_random,random_5,0.0,184,1,0.038,600,499
structural_random,random_5,0.0,185,1,0.004,600,499
structural_random,random_5,0.0,186,1,0.002,600,499
structural_random,random_5,0.0,187,1,0.01,600,499
structural_random,random_5,0.0,188,1,0.002,600,499
structural_random,random_5,0.0,189,1,0.002,600,499
structural_random,random_5,0.0,190,1,0.002,600,499
structural_random,random_5,0.0,191,1,0.012,600,499
structural_random,random_5,0.0,192,1,0.002,600,499
structural_random,random_5,0.0,193,1,0.002,600,499
structural_random,random_5,0.0,194,1,0.002,600,499
structural_random,random_5,0.0,195,1,0.002,600,499
structural_random,random_5,0.0,196,1,0.002,600,499
structural_random,random_5,0.0,197,1,0.002,600,499
structural_random,random_5,0.0,198,1,0.002,600,499
structural_random,random_5,0.0,199,1,0.02,600,499
structural_random,random_6,0.0,0,1,0.002,600,499
structural_random,random_6,0.0,1,1,0.002,600,499
structural_random,random_6,0.0,2,1,0.002,600,499
structural_random,random_6,0.0,3,1,0.002,600,499
structural_random,random_6,0.0,4,1,0.002,600,499
structural_random,random_6,0.0,5,1,0.002,600,499
structural_random,random_6,0.0,6,1,0.002,600,499
structural_random,random_6,0.0,7,1,0.002,600,499
structural_random,random_6,0.0,8,1,0.002,600,499
structural_random,random_6,0.0,9,1,0.002,600,499
structural_random,random_6,0.0,10,1,0.002,600,499
structural_random,random_6,0.0,11,1,0.002,600,499
structural_random,random_6,0.0,12,1,0.002,600,499
structural_random,random_6,0.0,13,1,0.002,600,499
structural_random,random_6,0.0,14,1,0.002,600,499
structural_random,random_6,0.0,15,1,0.002,600,499
structural_random,random_6,0.0,16,1,0.002,600,499
structural_random,random_6,0.0,17,1,0.002,600,499
structural_random,random_6,0.0,18,1,0.002,600,499
structural_random,random_6,0.0,19,1,0.002,600,499
structural_random,random_6,0.0,20,1,0.002,600,499
structural_random,random_6,0.0,21,1,0.002,600,499
structural_random,random_6,0.0,22,1,0.002,600,499
structural_random,random_6,0.0,23,1,0.002,600,499
structural_random,random_6,0.0,24,1,0.002,600,499
structural_random,random_6,0.0,25,1,0.002,600,499
structural_random,random_6,0.0,26,1,0.002,600,499
structural_random,random_6,0.0,27,1,0.002,600,499
structural_random,random_6,0.0,28,1,0.002,600,499
structural_random,random_6,0.0,29,1,0.002,600,499
structural_random,random_6,0.0,30,1,0.002,600,499
structural_random,random_6,0.0,31,1,0.002,600,499
structural_random,random_6,0.0,32,1,0.002,600,499
structural_random,random_6,0.0,33,1,0.002,600,499
structural_random,random_6,0.0,34,1,0.002,600,499
structural_random,random_6,0.0,35,1,0.002,600,499
structural_random,random_6,0.0,36,1,0.002,600,499
structural_random,random_6,0.0,37,1,0.002,600,499
structural_random,random_6,0.0,38,1,0.002,600,499
structural_random,random_6,0.0,39,1,0.002,600,499
structural_random,random_6,0.0,40,1,0.002,600,499
structural_random,random_6,0.0,41,1,0.002,600,499
structural_random,random_6,0.0,42,1,0.002,600,499
structural_random,random_6,0.0,43,1,0.002,600,499
structural_random,random_6,0.0,44,1,0.002,600,499
structural_random,random_6,0.0,45,1,0.002,600,499
structural_random,random_6,0.0,46,1,0.002,600,499
structural_random,random_6,0.0,47,1,0.002,600,499
structural_random,random_6,0.0,48,1,0.002,600,499
structural_random,random_6,0.0,49,1,0.002,600,499
structural_random,random_6,0.0,50,1,0.002,600,499
structural_random,random_6,0.0,51,1,0.002,600,499
structural_random,random_6,0.0,52,1,0.002,600,499
structural_random,random_6,0.0,53,1,0.002,600,499
structural_random,random_6,0.0,54,1,0.002,600,499
structural_random,random_6,0.0,55,1,0.002,600,499
structural_random,random_6,0.0,56,1,0.002,600,499
structural_random,random_6,0.0,57,1,0.002,600,499
structural_random,random_6,0.0,58,1,0.002,600,499
structural_random,random_6,0.0,59,1,0.002,600,499
structural_random,random_6,0.0,60,1,0.002,600,499
structural_random,random_6,0.0,61,1,0.002,600,499
structural_random,random_6,0.0,62,1,0.002,600,499
structural_random,random_6,0.0,63,1,0.002,600,499
structural_random,random_6,0.0,64,1,0.002,600,499
structural_random,random_6,0.0,65,1,0.002,600,499
structural_random,random_6,0.0,66,1,0.002,600,499
structural_random,random_6,0.0,67,1,0.002,600,499
structural_random,random_6,0.0,68,1,0.002,600,499
structural_random,random_6,0.0,69,1,0.002,600,499
structural_random,random_6,0.0,70,1,0.002,600,499
structural_random,random_6,0.0,71,1,0.002,600,499
structural_random,random_6,0.0,72,1,0.002,600,499
structural_random,random_6,0.0,73,1,0.002,600,499
structural_random,random_6,0.0,74,1,0.002,600,499
structural_random,random_6,0.0,75,1,0.002,600,499
structural_random,random_6,0.0,76,1,0.002,600,499
structural_random,random_6,0.0,77,1,0.002,600,499
structural_random,random_6,0.0,78,1,0.002,600,499
structural_random,random_6,0.0,79,1,0.002,600,499
structural_random,random_6,0.0,80,1,0.002,600,499
structural_random,random_6,0.0,81,1,0.002,600,499
structural_random,random_6,0.0,82,1,0.002,600,499
structural_random,random_6,0.0,83,1,0.002,600,499
structural_random,random_6,0.0,84,1,0.002,600,499
structural_random,random_6,0.0,85,1,0.002,600,499
structural_random,random_6,0.0,86,1,0.002,600,499
structural_random,random_6,0.0,87,1,0.002,600,499
structural_random,random_6,0.0,88,1,0.002,600,499
structural_random,random_6,0.0,89,1,0.002,600,499
structural_random,random_6,0.0,90,1,0.002,600,499
structural_random,random_6,0.0,91,1,0.002,600,499
structural_random,random_6,0.0,92,1,0.002,600,499
structural_random,random_6,0.0,93,1,0.002,600,499
structural_random,random_6,0.0,94,1,0.002,600,499
structural_random,random_6,0.0,95,1,0.002,600,499
structural_random,random_6,0.0,96,1,0.002,600,499
structural_random,random_6,0.0,97,1,0.002,600,499
structural_random,random_6,0.0,98,1,0.002,600,499
structural_random,random_6,0.0,99,1,0.002,600,499
structural_random,random_6,0.0,100,1,0.002,600,499
structural_random,random_6,0.0,101,1,0.002,600,499
structural_random,random_6,0.0,102,1,0.002,600,499
structural_random,random_6,0.0,103,1,0.002,600,499
structural_random,random_6,0.0,104,1,0.002,600,499
structural_random,random_6,0.0,105,1,0.002,600,499
structural_random,random_6,0.0,106,1,0.002,600,499
structural_random,random_6,0.0,107,1,0.002,600,499
structural_random,random_6,0.0,108,1,0.002,600,499
structural_random,random_6,0.0,109,1,0.002,600,499
structural_random,random_6,0.0,110,1,0.002,600,499
structural_random,random_6,0.0,111,1,0.002,600,499
structural_random,random_6,0.0,112,1,0.002,600,499
structural_random,random_6,0.0,113,1,0.002,600,499
structural_random,random_6,0.0,114,1,0.002,600,499
structural_random,random_6,0.0,115,1,0.002,600,499
structural_random,random_6,0.0,116,1,0.002,600,499
structural_random,random_6,0.0,117,1,0.002,600,499
structural_random,random_6,0.0,118,1,0.002,600,499
structural_random,random_6,0.0,119,1,0.002,600,499
structural_random,random_6,0.0,120,1,0.002,600,499
structural_random,random_6,0.0,121,1,0.002,600,499
structural_random,random_6,0.0,122,1,0.002,600,499
structural_random,random_6,0.0,123,1,0.002,600,499
structural_random,random_6,0.0,124,1,0.002,600,499
structural_random,random_6,0.0,125,1,0.002,600,499
structural_random,random_6,0.0,126,1,0.002,600,499
structural_random,random_6,0.0,127,1,0.002,600,499
structural_random,random_6,0.0,128,1,0.002,600,499
structural_random,random_6,0.0,129,1,0.002,600,499
structural_random,random_6,0.0,130,1,0.002,600,499
structural_random,random_6,0.0,131,1,0.002,600,499
structural_random,random_6,0.0,132,1,0.002,600,499
structural_random,random_6,0.0,133,1,0.002,600,499
structural_random,random_6,0.0,134,1,0.002,600,499
structural_random,random_6,0.0,135,1,0.002,600,499
structural_random,random_6,0.0,136,1,0.002,600,499
structural_random,random_6,0.0,137,1,0.002,600,499
structural_random,random_6,0.0,138,1,0.002,600,499
structural_random,random_6,0.0,139,1,0.002,600,499
structural_random,random_6,0.0,140,1,0.002,600,499
structural_random,random_6,0.0,141,1,0.002,600,499
structural_random,random_6,0.0,142,1,0.002,600,499
structural_random,random_6,0.0,143,1,0.002,600,499
structural_random,random_6,0.0,144,1,0.002,600,499
structural_random,random_6,0.0,145,1,0.002,600,499
structural_random,random_6,0.0,146,1,0.002,600,499
structural_random,random_6,0.0,147,1,0.002,600,499
structural_random,random_6,0.0,148,1,0.002,600,499
structural_random,random_6,0.0,149,1,0.002,600,499
structural_random,random_6,0.0,150,1,0.002,600,499
structural_random,random_6,0.0,151,1,0.002,600,499
structural_random,random_6,0.0,152,1,0.002,600,499
structural_random,random_6,0.0,153,1,0.002,600,499
structural_random,random_6,0.0,154,1,0.002,600,499
structural_random,random_6,0.0,155,1,0.002,600,499
structural_random,random_6,0.0,156,1,0.002,600,499
structural_random,random_6,0.0,157,1,0.002,600,499
structural_random,random_6,0.0,158,1,0.002,600,499
structural_random,random_6,0.0,159,1,0.002,600,499
structural_random,random_6,0.0,160,1,0.002,600,499
structural_random,random_6,0.0,161,1,0.002,600,499
structural_random,random_6,0.0,162,1,0.002,600,499
structural_random,random_6,0.0,163,1,0.002,600,499
structural_random,random_6,0.0,164,1,0.002,600,499
structural_random,random_6,0.0,165,1,0.002,600,499
structural_random,random_6,0.0,166,1,0.002,600,499
structural_random,random_6,0.0,167,1,0.002,600,499
structural_random,random_6,0.0,168,1,0.002,600,499
structural_random,random_6,0.0,169,1,0.002,600,499
structural_random,random_6,0.0,170,1,0.002,600,499
structural_random,random_6,0.0,171,1,0.002,600,499
structural_random,random_6,0.0,172,1,0.002,600,499
structural_random,random_6,0.0,173,1,0.002,600,499
structural_random,random_6,0.0,174,1,0.002,600,499
structural_random,random_6,0.0,175,1,0.002,600,499
structural_random,random_6,0.0,176,1,0.002,600,499
structural_random,random_6,0.0,177,1,0.002,600,499
structural_random,random_6,0.0,178,1,0.002,600,499
structural_random,random_6,0.0,179,1,0.002,600,499
structural_random,random_6,0.0,180,1,0.002,600,499
structural_random,random_6,0.0,181,1,0.002,600,499
structural_random,random_6,0.0,182,1,0.002,600,499
structural_random,random_6,0.0,183,1,0.002,600,499
structural_random,random_6,0.0,184,1,0.002,600,499
structural_random,random_6,0.0,185,1,0.002,600,499
structural_random,random_6,0.0,186,1,0.002,600,499
structural_random,random_6,0.0,187,1,0.002,600,499
structural_random,random_6,0.0,188,1,0.002,600,499
structural_random,random_6,0.0,189,1,0.002,600,499
structural_random,random_6,0.0,190,1,0.002,600,499
structural_random,random_6,0.0,191,1,0.002,600,499
structural_random,random_6,0.0,192,1,0.002,600,499
structural_random,random_6,0.0,193,1,0.002,600,499
structural_random,random_6,0.0,194,1,0.002,600,499
structural_random,random_6,0.0,195,1,0.002,600,499
structural_random,random_6,0.0,196,1,0.002,600,499
structural_random,random_6,0.0,197,1,0.002,600,499
structural_random,random_6,0.0,198,1,0.002,600,499
structural_random,random_6,0.0,199,1,0.002,600,499
structural_random,random_7,0.0,0,1,0.002,600,499
structural_random,random_7,0.0,1,1,0.002,600,499
structural_random,random_7,0.0,2,1,0.004,600,499
structural_random,random_7,0.0,3,1,0.002,600,499
structural_random,random_7,0.0,4,1,0.002,600,499
structural_random,random_7,0.0,5,1,0.002,600,499
structural_random,random_7,0.0,6,1,0.002,600,499
structural_random,random_7,0.0,7,1,0.008,600,499
structural_random,random_7,0.0,8,1,0.002,600,499
structural_random,random_7,0.0,9,1,0.002,600,499
structural_random,random_7,0.0,10,1,0.002,600,499
structural_random,random_7,0.0,11,1,0.002,600,499
structural_random,random_7,0.0,12,1,0.002,600,499
structural_random,random_7,0.0,13,1,0.002,600,499
structural_random,random_7,0.0,14,1,0.004,600,499
structural_random,random_7,0.0,15,1,0.002,600,499
structural_random,random_7,0.0,16,1,0.002,600,499
structural_random,random_7,0.0,17,1,0.002,600,499
structural_random,random_7,0.0,18,1,0.002,600,499
structural_random,random_7,0.0,19,1,0.002,600,499
structural_random,random_7,0.0,20,1,0.002,600,499
structural_random,random_7,0.0,21,1,0.002,600,499
structural_random,random_7,0.0,22,1,0.002,600,499
structural_random,random_7,0.0,23,1,0.002,600,499
structural_random,random_7,0.0,24,1,0.002,600,499
structural_random,random_7,0.0,25,1,0.002,600,499
structural_random,random_7,0.0,26,1,0.002,600,499
structural_random,random_7,0.0,27,1,0.002,600,499
structural_random,random_7,0.0,28,1,0.002,600,499
structural_random,random_7,0.0,29,1,0.002,600,499
structural_random,random_7,0.0,30,1,0.002,600,499
structural_random,random_7,0.0,31,1,0.002,600,499
structural_random,random_7,0.0,32,1,0.002,600,499
structural_random,random_7,0.0,33,1,0.002,600,499
structural_random,random_7,0.0,34,1,0.002,600,499
structural_random,random_7,0.0,35,1,0.004,600,499
structural_random,random_7,0.0,36,1,0.002,600,499
structural_random,random_7,0.0,37,1,0.002,600,499
structural_random,random_7,0.0,38,1,0.002,600,499
structural_random,random_7,0.0,39,1,0.002,600,499
structural_random,random_7,0.0,40,1,0.002,600,499
structural_random,random_7,0.0,41,1,0.002,600,499
structural_random,random_7,0.0,42,1,0.002,600,499
structural_random,random_7,0.0,43,1,0.002,600,499
structural_random,random_7,0.0,44,1,0.002,600,499
structural_random,random_7,0.0,45,1,0.002,600,499
structural_random,random_7,0.0,46,1,0.002,600,499
structural_random,random_7,0.0,47,1,0.002,600,499
structural_random,random_7,0.0,48,1,0.002,600,499
structural_random,random_7,0.0,49,1,0.002,600,499
structural_random,random_7,0.0,50,1,0.002,600,499
structural_random,random_7,0.0,51,1,0.002,600,499
structural_random,random_7,0.0,52,1,0.002,600,499
structural_random,random_7,0.0,53,1,0.002,600,499
structural_random,random_7,0.0,54,1,0.002,600,499
structural_random,random_7,0.0,55,1,0.002,600,499
structural_random,random_7,0.0,56,1,0.002,600,499
structural_random,random_7,0.0,57,1,0.002,600,499
structural_random,random_7,0.0,58,1,0.002,600,499
structural_random,random_7,0.0,59,1,0.002,600,499
structural_random,random_7,0.0,60,1,0.002,600,499
structural_random,random_7,0.0,61,1,0.002,600,499
structural_random,random_7,0.0,62,1,0.002,600,499
structural_random,random_7,0.0,63,1,0.002,600,499
structural_random,random_7,0.0,64,1,0.002,600,499
structural_random,random_7,0.0,65,1,0.002,600,499
structural_random,random_7,0.0,66,1,0.002,600,499
structural_random,random_7,0.0,67,1,0.002,600,499
structural_random,random_7,0.0,68,1,0.002,600,499
structural_random,random_7,0.0,69,1,0.002,600,499
structural_random,random_7,0.0,70,1,0.002,600,499
structural_random,random_7,0.0,71,1,0.002,600,499
structural_random,random_7,0.0,72,1,0.002,600,499
structural_random,random_7,0.0,73,1,0.002,600,499
structural_random,random_7,0.0,74,1,0.002,600,499
structural_random,random_7,0.0,75,1,0.002,600,499
structural_random,random_7,0.0,76,1,0.002,600,499
structural_random,random_7,0.0,77,1,0.002,600,499
structural_random,random_7,0.0,78,1,0.002,600,499
structural_random,random_7,0.0,79,1,0.002,600,499
structural_random,random_7,0.0,80,1,0.002,600,499
structural_random,random_7,0.0,81,1,0.002,600,499
structural_random,random_7,0.0,82,1,0.002,600,499
structural_random,random_7,0.0,83,1,0.002,600,499
structural_random,random_7,0.0,84,1,0.002,600,499
structural_random,random_7,0.0,85,1,0.002,600,499
structural_random,random_7,0.0,86,1,0.004,600,499
structural_random,random_7,0.0,87,1,0.002,600,499
structural_random,random_7,0.0,88,1,0.004,600,499
structural_random,random_7,0.0,89,1,0.002,600,499
structural_random,random_7,0.0,90,1,0.002,600,499
structural_random,random_7,0.0,91,1,0.002,600,499
structural_random,random_7,0.0,92,1,0.002,600,499
structural_random,random_7,0.0,93,1,0.002,600,499
structural_random,random_7,0.0,94,1,0.002,600,499
structural_random,random_7,0.0,95,1,0.002,600,499
structural_random,random_7,0.0,96,1,0.002,600,499
structural_random,random_7,0.0,97,1,0.002,600,499
structural_random,random_7,0.0,98,1,0.004,600,499
structural_random,random_7,0.0,99,1,0.002,600,499
structural_random,random_7,0.0,100,1,0.002,600,499
structural_random,random_7,0.0,101,1,0.002,600,499
structural_random,random_7,0.0,102,1,0.002,600,499
structural_random,random_7,0.0,103,1,0.002,600,499
structural_random,random_7,0.0,104,1,0.002,600,499
structural_random,random_7,0.0,105,1,0.002,600,499
structural_random,random_7,0.0,106,1,0.002,600,499
structural_random,random_7,0.0,107,1,0.002,600,499
structural_random,random_7,0.0,108,1,0.002,600,499
structural_random,random_7,0.0,109,1,0.002,600,499
structural_random,random_7,0.0,110,1,0.002,600,499
structural_random,random_7,0.0,111,1,0.002,600,499
structural_random,random_7,0.0,112,1,0.002,600,499
structural_random,random_7,0.0,113,1,0.002,600,499
structural_random,random_7,0.0,114,1,0.002,600,499
structural_random,random_7,0.0,115,1,0.002,600,499
structural_random,random_7,0.0,116,1,0.002,600,499
structural_random,random_7,0.0,117,1,0.042,600,499
structural_random,random_7,0.0,118,1,0.002,600,499
structural_random,random_7,0.0,119,1,0.002,600,499
structural_random,random_7,0.0,120,1,0.002,600,499
structural_random,random_7,0.0,121,1,0.002,600,499
structural_random,random_7,0.0,122,1,0.002,600,499
structural_random,random_7,0.0,123,1,0.002,600,499
structural_random,random_7,0.0,124,1,0.002,600,499
structural_random,random_7,0.0,125,1,0.002,600,499
structural_random,random_7,0.0,126,1,0.002,600,499
structural_random,random_7,0.0,127,1,0.004,600,499
structural_random,random_7,0.0,128,1,0.002,600,499
structural_random,random_7,0.0,129,1,0.002,600,499
structural_random,random_7,0.0,130,1,0.002,600,499
structural_random,random_7,0.0,131,1,0.002,600,499
structural_random,random_7,0.0,132,1,0.002,600,499
structural_random,random_7,0.0,133,1,0.002,600,499
structural_random,random_7,0.0,134,1,0.002,600,499
structural_random,random_7,0.0,135,1,0.002,600,499
structural_random,random_7,0.0,136,1,0.002,600,499
structural_random,random_7,0.0,137,1,0.002,600,499
structural_random,random_7,0.0,138,1,0.012,600,499
structural_random,random_7,0.0,139,1,0.002,600,499
structural_random,random_7,0.0,140,1,0.002,600,499
structural_random,random_7,0.0,141,1,0.002,600,499
structural_random,random_7,0.0,142,1,0.002,600,499
structural_random,random_7,0.0,143,1,0.002,600,499
structural_random,random_7,0.0,144,1,0.002,600,499
structural_random,random_7,0.0,145,1,0.002,600,499
structural_random,random_7,0.0,146,1,0.002,600,499
structural_random,random_7,0.0,147,1,0.002,600,499
structural_random,random_7,0.0,148,1,0.002,600,499
structural_random,random_7,0.0,149,1,0.002,600,499
structural_random,random_7,0.0,150,1,0.006,600,499
structural_random,random_7,0.0,151,1,0.002,600,499
structural_random,random_7,0.0,152,1,0.002,600,499
structural_random,random_7,0.0,153,1,0.002,600,499
structural_random,random_7,0.0,154,1,0.002,600,499
structural_random,random_7,0.0,155,1,0.002,600,499
structural_random,random_7,0.0,156,1,0.002,600,499
structural_random,random_7,0.0,157,1,0.002,600,499
structural_random,random_7,0.0,158,1,0.002,600,499
structural_random,random_7,0.0,159,1,0.004,600,499
structural_random,random_7,0.0,160,1,0.002,600,499
structural_random,random_7,0.0,161,1,0.002,600,499
structural_random,random_7,0.0,162,1,0.002,600,499
structural_random,random_7,0.0,163,1,0.002,600,499
structural_random,random_7,0.0,164,1,0.002,600,499
structural_random,random_7,0.0,165,1,0.002,600,499
structural_random,random_7,0.0,166,1,0.002,600,499
structural_random,random_7,0.0,167,1,0.002,600,499
structural_random,random_7,0.0,168,1,0.002,600,499
structural_random,random_7,0.0,169,1,0.002,600,499
structural_random,random_7,0.0,170,1,0.002,600,499
structural_random,random_7,0.0,171,1,0.002,600,499
structural_random,random_7,0.0,172,1,0.002,600,499
structural_random,random_7,0.0,173,1,0.002,600,499
structural_random,random_7,0.0,174,1,0.002,600,499
structural_random,random_7,0.0,175,1,0.002,600,499
structural_random,random_7,0.0,176,1,0.002,600,499
structural_random,random_7,0.0,177,1,0.002,600,499
structural_random,random_7,0.0,178,1,0.002,600,499
structural_random,random_7,0.0,179,1,0.002,600,499
structural_random,random_7,0.0,180,1,0.002,600,499
structural_random,random_7,0.0,181,1,0.002,600,499
structural_random,random_7,0.0,182,1,0.002,600,499
structural_random,random_7,0.0,183,1,0.002,600,499
structural_random,random_7,0.0,184,1,0.002,600,499
structural_random,random_7,0.0,185,1,0.002,600,499
structural_random,random_7,0.0,186,1,0.002,600,499
structural_random,random_7,0.0,187,1,0.002,600,499
structural_random,random_7,0.0,188,1,0.004,600,499
structural_random,random_7,0.0,189,1,0.002,600,499
structural_random,random_7,0.0,190,1,0.002,600,499
structural_random,random_7,0.0,191,1,0.002,600,499
structural_random,random_7,0.0,192,1,0.002,600,499
structural_random,random_7,0.0,193,1,0.002,600,499
structural_random,random_7,0.0,194,1,0.002,600,499
structural_random,random_7,0.0,195,1,0.002,600,499
structural_random,random_7,0.0,196,1,0.002,600,499
structural_random,random_7,0.0,197,1,0.002,600,499
structural_random,random_7,0.0,198,1,0.002,600,499
structural_random,random_7,0.0,199,1,0.002,600,499
structural_random,random_8,0.0,0,1,0.002,600,499
structural_random,random_8,0.0,1,1,0.002,600,499
structural_random,random_8,0.0,2,1,0.002,600,499
structural_random,random_8,0.0,3,1,0.002,600,499
structural_random,random_8,0.0,4,1,0.002,600,499
structural_random,random_8,0.0,5,1,0.002,600,499
structural_random,random_8,0.0,6,1,0.002,600,499
structural_random,random_8,0.0,7,1,0.002,600,499
structural_random,random_8,0.0,8,1,0.002,600,499
structural_random,random_8,0.0,9,1,0.002,600,499
structural_random,random_8,0.0,10,1,0.002,600,499
structural_random,random_8,0.0,11,1,0.002,600,499
structural_random,random_8,0.0,12,1,0.002,600,499
structural_random,random_8,0.0,13,1,0.002,600,499
structural_random,random_8,0.0,14,1,0.002,600,499
structural_random,random_8,0.0,15,1,0.002,600,499
structural_random,random_8,0.0,16,1,0.002,600,499
structural_random,random_8,0.0,17,1,0.002,600,499
structural_random,random_8,0.0,18,1,0.002,600,499
structural_random,random_8,0.0,19,1,0.002,600,499
structural_random,random_8,0.0,20,1,0.002,600,499
structural_random,random_8,0.0,21,1,0.002,600,499
structural_random,random_8,0.0,22,1,0.002,600,499
structural_random,random_8,0.0,23,1,0.002,600,499
structural_random,random_8,0.0,24,1,0.002,600,499
structural_random,random_8,0.0,25,1,0.002,600,499
structural_random,random_8,0.0,26,1,0.002,600,499
structural_random,random_8,0.0,27,1,0.002,600,499
structural_random,random_8,0.0,28,1,0.002,600,499
structural_random,random_8,0.0,29,1,0.002,600,499
structural_random,random_8,0.0,30,1,0.002,600,499
structural_random,random_8,0.0,31,1,0.002,600,499
structural_random,random_8,0.0,32,1,0.002,600,499
structural_random,random_8,0.0,33,1,0.002,600,499
structural_random,random_8,0.0,34,1,0.002,600,499
structural_random,random_8,0.0,35,1,0.002,600,499
structural_random,random_8,0.0,36,1,0.002,600,499
structural_random,random_8,0.0,37,1,0.002,600,499
structural_random,random_8,0.0,38,1,0.002,600,499
structural_random,random_8,0.0,39,1,0.002,600,499
structural_random,random_8,0.0,40,1,0.002,600,499
structural_random,random_8,0.0,41,1,0.002,600,499
structural_random,random_8,0.0,42,1,0.002,600,499
structural_random,random_8,0.0,43,1,0.002,600,499
structural_random,random_8,0.0,44,1,0.002,600,499
structural_random,random_8,0.0,45,1,0.002,600,499
structural_random,random_8,0.0,46,1,0.002,600,499
structural_random,random_8,0.0,47,1,0.002,600,499
structural_random,random_8,0.0,48,1,0.002,600,499
structural_random,random_8,0.0,49,1,0.002,600,499
structural_random,random_8,0.0,50,1,0.002,600,499
structural_random,random_8,0.0,51,1,0.002,600,499
structural_random,random_8,0.0,52,1,0.002,600,499
structural_random,random_8,0.0,53,1,0.002,600,499
structural_random,random_8,0.0,54,1,0.002,600,499
structural_random,random_8,0.0,55,1,0.002,600,499
structural_random,random_8,0.0,56,1,0.002,600,499
structural_random,random_8,0.0,57,1,0.002,600,499
structural_random,random_8,0.0,58,1,0.002,600,499
structural_random,random_8,0.0,59,1,0.002,600,499
structural_random,random_8,0.0,60,1,0.002,600,499
structural_random,random_8,0.0,61,1,0.002,600,499
structural_random,random_8,0.0,62,1,0.002,600,499
structural_random,random_8,0.0,63,1,0.002,600,499
structural_random,random_8,0.0,64,1,0.002,600,499
structural_random,random_8,0.0,65,1,0.002,600,499
structural_random,random_8,0.0,66,1,0.002,600,499
structural_random,random_8,0.0,67,1,0.002,600,499
structural_random,random_8,0.0,68,1,0.002,600,499
structural_random,random_8,0.0,69,1,0.002,600,499
structural_random,random_8,0.0,70,1,0.002,600,499
structural_random,random_8,0.0,71,1,0.002,600,499
structural_random,random_8,0.0,72,1,0.002,600,499
structural_random,random_8,0.0,73,1,0.002,600,499
structural_random,random_8,0.0,74,1,0.002,600,499
structural_random,random_8,0.0,75,1,0.002,600,499
structural_random,random_8,0.0,76,1,0.002,600,499
structural_random,random_8,0.0,77,1,0.002,600,499
structural_random,random_8,0.0,78,1,0.002,600,499
structural_random,random_8,0.0,79,1,0.002,600,499
structural_random,random_8,0.0,80,1,0.002,600,499
structural_random,random_8,0.0,81,1,0.002,600,499
structural_random,random_8,0.0,82,1,0.002,600,499
structural_random,random_8,0.0,83,1,0.002,600,499
structural_random,random_8,0.0,84,1,0.002,600,499
structural_random,random_8,0.0,85,1,0.002,600,499
structural_random,random_8,0.0,86,1,0.002,600,499
structural_random,random_8,0.0,87,1,0.002,600,499
structural_random,random_8,0.0,88,1,0.002,600,499
structural_random,random_8,0.0,89,1,0.002,600,499
structural_random,random_8,0.0,90,1,0.002,600,499
structural_random,random_8,0.0,91,1,0.002,600,499
structural_random,random_8,0.0,92,1,0.002,600,499
structural_random,random_8,0.0,93,1,0.002,600,499
structural_random,random_8,0.0,94,1,0.002,600,499
structural_random,random_8,0.0,95,1,0.002,600,499
structural_random,random_8,0.0,96,1,0.002,600,499
structural_random,random_8,0.0,97,1,0.002,600,499
structural_random,random_8,0.0,98,1,0.002,600,499
structural_random,random_8,0.0,99,1,0.002,600,499
structural_random,random_8,0.0,100,1,0.002,600,499
structural_random,random_8,0.0,101,1,0.002,600,499
structural_random,random_8,0.0,102,1,0.002,600,499
structural_random,random_8,0.0,103,1,0.002,600,499
structural_random,random_8,0.0,104,1,0.002,600,499
structural_random,random_8,0.0,105,1,0.002,600,499
structural_random,random_8,0.0,106,1,0.002,600,499
structural_random,random_8,0.0,107,1,0.002,600,499
structural_random,random_8,0.0,108,1,0.002,600,499
structural_random,random_8,0.0,109,1,0.002,600,499
structural_random,random_8,0.0,110,1,0.002,600,499
structural_random,random_8,0.0,111,1,0.002,600,499
structural_random,random_8,0.0,112,1,0.002,600,499
structural_random,random_8,0.0,113,1,0.002,600,499
structural_random,random_8,0.0,114,1,0.002,600,499
structural_random,random_8,0.0,115,1,0.002,600,499
structural_random,random_8,0.0,116,1,0.002,600,499
structural_random,random_8,0.0,117,1,0.002,600,499
structural_random,random_8,0.0,118,1,0.002,600,499
structural_random,random_8,0.0,119,1,0.002,600,499
structural_random,random_8,0.0,120,1,0.004,600,499
structural_random,random_8,0.0,121,1,0.002,600,499
structural_random,random_8,0.0,122,1,0.002,600,499
structural_random,random_8,0.0,123,1,0.002,600,499
structural_random,random_8,0.0,124,1,0.002,600,499
structural_random,random_8,0.0,125,1,0.002,600,499
structural_random,random_8,0.0,126,1,0.002,600,499
structural_random,random_8,0.0,127,1,0.002,600,499
structural_random,random_8,0.0,128,1,0.002,600,499
structural_random,random_8,0.0,129,1,0.002,600,499
structural_random,random_8,0.0,130,1,0.002,600,499
structural_random,random_8,0.0,131,1,0.002,600,499
structural_random,random_8,0.0,132,1,0.002,600,499
structural_random,random_8,0.0,133,1,0.002,600,499
structural_random,random_8,0.0,134,1,0.002,600,499
structural_random,random_8,0.0,135,1,0.002,600,499
structural_random,random_8,0.0,136,1,0.002,600,499
structural_random,random_8,0.0,137,1,0.002,600,499
structural_random,random_8,0.0,138,1,0.002,600,499
structural_random,random_8,0.0,139,1,0.002,600,499
structural_random,random_8,0.0,140,1,0.002,600,499
structural_random,random_8,0.0,141,1,0.002,600,499
structural_random,random_8,0.0,142,1,0.002,600,499
structural_random,random_8,0.0,143,1,0.002,600,499
structural_random,random_8,0.0,144,1,0.002,600,499
structural_random,random_8,0.0,145,1,0.002,600,499
structural_random,random_8,0.0,146,1,0.002,600,499
structural_random,random_8,0.0,147,1,0.002,600,499
structural_random,random_8,0.0,148,1,0.002,600,499
structural_random,random_8,0.0,149,1,0.002,600,499
structural_random,random_8,0.0,150,1,0.002,600,499
structural_random,random_8,0.0,151,1,0.002,600,499
structural_random,random_8,0.0,152,1,0.002,600,499
structural_random,random_8,0.0,153,1,0.002,600,499
structural_random,random_8,0.0,154,1,0.002,600,499
structural_random,random_8,0.0,155,1,0.002,600,499
structural_random,random_8,0.0,156,1,0.002,600,499
structural_random,random_8,0.0,157,1,0.002,600,499
structural_random,random_8,0.0,158,1,0.002,600,499
structural_random,random_8,0.0,159,1,0.002,600,499
structural_random,random_8,0.0,160,1,0.002,600,499
structural_random,random_8,0.0,161,1,0.002,600,499
structural_random,random_8,0.0,162,1,0.002,600,499
structural_random,random_8,0.0,163,1,0.002,600,499
structural_random,random_8,0.0,164,1,0.002,600,499
structural_random,random_8,0.0,165,1,0.002,600,499
structural_random,random_8,0.0,166,1,0.002,600,499
structural_random,random_8,0.0,167,1,0.002,600,499
structural_random,random_8,0.0,168,1,0.002,600,499
structural_random,random_8,0.0,169,1,0.002,600,499
structural_random,random_8,0.0,170,1,0.002,600,499
structural_random,random_8,0.0,171,1,0.002,600,499
structural_random,random_8,0.0,172,1,0.002,600,499
structural_random,random_8,0.0,173,1,0.002,600,499
structural_random,random_8,0.0,174,1,0.002,600,499
structural_random,random_8,0.0,175,1,0.002,600,499
structural_random,random_8,0.0,176,1,0.002,600,499
structural_random,random_8,0.0,177,1,0.002,600,499
structural_random,random_8,0.0,178,1,0.002,600,499
structural_random,random_8,0.0,179,1,0.002,600,499
structural_random,random_8,0.0,180,1,0.002,600,499
structural_random,random_8,0.0,181,1,0.002,600,499
structural_random,random_8,0.0,182,1,0.002,600,499
structural_random,random_8,0.0,183,1,0.002,600,499
structural_random,random_8,0.0,184,1,0.002,600,499
structural_random,random_8,0.0,185,1,0.002,600,499
structural_random,random_8,0.0,186,1,0.002,600,499
structural_random,random_8,0.0,187,1,0.002,600,499
structural_random,random_8,0.0,188,1,0.002,600,499
structural_random,random_8,0.0,189,1,0.002,600,499
structural_random,random_8,0.0,190,1,0.002,600,499
structural_random,random_8,0.0,191,1,0.002,600,499
structural_random,random_8,0.0,192,1,0.002,600,499
structural_random,random_8,0.0,193,1,0.002,600,499
structural_random,random_8,0.0,194,1,0.002,600,499
structural_random,random_8,0.0,195,1,0.002,600,499
structural_random,random_8,0.0,196,1,0.002,600,499
structural_random,random_8,0.0,197,1,0.002,600,499
structural_random,random_8,0.0,198,1,0.002,600,499
structural_random,random_8,0.0,199,1,0.002,600,499
structural_random,random_9,0.0,0,1,0.002,600,499
structural_random,random_9,0.0,1,1,0.002,600,499
structural_random,random_9,0.0,2,1,0.002,600,499
structural_random,random_9,0.0,3,1,0.002,600,499
structural_random,random_9,0.0,4,1,0.002,600,499
structural_random,random_9,0.0,5,1,0.002,600,499
structural_random,random_9,0.0,6,1,0.002,600,499
structural_random,random_9,0.0,7,1,0.002,600,499
structural_random,random_9,0.0,8,1,0.014,600,499
structural_random,random_9,0.0,9,1,0.002,600,499
structural_random,random_9,0.0,10,1,0.002,600,499
structural_random,random_9,0.0,11,1,0.002,600,499
structural_random,random_9,0.0,12,1,0.002,600,499
structural_random,random_9,0.0,13,1,0.002,600,499
structural_random,random_9,0.0,14,1,0.002,600,499
structural_random,random_9,0.0,15,1,0.002,600,499
structural_random,random_9,0.0,16,1,0.002,600,499
structural_random,random_9,0.0,17,1,0.002,600,499
structural_random,random_9,0.0,18,1,0.002,600,499
structural_random,random_9,0.0,19,1,0.002,600,499
structural_random,random_9,0.0,20,1,0.004,600,499
structural_random,random_9,0.0,21,1,0.002,600,499
structural_random,random_9,0.0,22,1,0.002,600,499
structural_random,random_9,0.0,23,1,0.002,600,499
structural_random,random_9,0.0,24,1,0.002,600,499
structural_random,random_9,0.0,25,1,0.002,600,499
structural_random,random_9,0.0,26,1,0.002,600,499
structural_random,random_9,0.0,27,1,0.002,600,499
structural_random,random_9,0.0,28,1,0.002,600,499
structural_random,random_9,0.0,29,1,0.002,600,499
structural_random,random_9,0.0,30,1,0.002,600,499
structural_random,random_9,0.0,31,1,0.002,600,499
structural_random,random_9,0.0,32,1,0.002,600,499
structural_random,random_9,0.0,33,1,0.002,600,499
structural_random,random_9,0.0,34,1,0.002,600,499
structural_random,random_9,0.0,35,1,0.002,600,499
structural_random,random_9,0.0,36,1,0.002,600,499
structural_random,random_9,0.0,37,1,0.002,600,499
structural_random,random_9,0.0,38,1,0.002,600,499
structural_random,random_9,0.0,39,1,0.002,600,499
structural_random,random_9,0.0,40,1,0.002,600,499
structural_random,random_9,0.0,41,1,0.002,600,499
structural_random,random_9,0.0,42,1,0.002,600,499
structural_random,random_9,0.0,43,1,0.002,600,499
structural_random,random_9,0.0,44,1,0.002,600,499
structural_random,random_9,0.0,45,1,0.002,600,499
structural_random,random_9,0.0,46,1,0.002,600,499
structural_random,random_9,0.0,47,1,0.002,600,499
structural_random,random_9,0.0,48,1,0.002,600,499
structural_random,random_9,0.0,49,1,0.002,600,499
structural_random,random_9,0.0,50,1,0.002,600,499
structural_random,random_9,0.0,51,1,0.002,600,499
structural_random,random_9,0.0,52,1,0.002,600,499
structural_random,random_9,0.0,53,1,0.002,600,499
structural_random,random_9,0.0,54,1,0.002,600,499
structural_random,random_9,0.0,55,1,0.002,600,499
structural_random,random_9,0.0,56,1,0.002,600,499
structural_random,random_9,0.0,57,1,0.002,600,499
structural_random,random_9,0.0,58,1,0.002,600,499
structural_random,random_9,0.0,59,1,0.002,600,499
structural_random,random_9,0.0,60,1,0.002,600,499
structural_random,random_9,0.0,61,1,0.002,600,499
structural_random,random_9,0.0,62,1,0.002,600,499
structural_random,random_9,0.0,63,1,0.002,600,499
structural_random,random_9,0.0,64,1,0.002,600,499
structural_random,random_9,0.0,65,1,0.002,600,499
structural_random,random_9,0.0,66,1,0.002,600,499
structural_random,random_9,0.0,67,1,0.002,600,499
structural_random,random_9,0.0,68,1,0.002,600,499
structural_random,random_9,0.0,69,1,0.002,600,499
structural_random,random_9,0.0,70,1,0.002,600,499
structural_random,random_9,0.0,71,1,0.002,600,499
structural_random,random_9,0.0,72,1,0.002,600,499
structural_random,random_9,0.0,73,1,0.002,600,499
structural_random,random_9,0.0,74,1,0.002,600,499
structural_random,random_9,0.0,75,1,0.002,600,499
structural_random,random_9,0.0,76,1,0.002,600,499
structural_random,random_9,0.0,77,1,0.002,600,499
structural_random,random_9,0.0,78,1,0.002,600,499
structural_random,random_9,0.0,79,1,0.002,600,499
structural_random,random_9,0.0,80,1,0.002,600,499
structural_random,random_9,0.0,81,1,0.002,600,499
structural_random,random_9,0.0,82,1,0.002,600,499
structural_random,random_9,0.0,83,1,0.002,600,499
structural_random,random_9,0.0,84,1,0.002,600,499
structural_random,random_9,0.0,85,1,0.002,600,499
structural_random,random_9,0.0,86,1,0.002,600,499
structural_random,random_9,0.0,87,1,0.002,600,499
structural_random,random_9,0.0,88,1,0.002,600,499
structural_random,random_9,0.0,89,1,0.002,600,499
structural_random,random_9,0.0,90,1,0.002,600,499
structural_random,random_9,0.0,91,1,0.002,600,499
structural_random,random_9,0.0,92,1,0.002,600,499
structural_random,random_9,0.0,93,1,0.002,600,499
structural_random,random_9,0.0,94,1,0.002,600,499
structural_random,random_9,0.0,95,1,0.002,600,499
structural_random,random_9,0.0,96,1,0.002,600,499
structural_random,random_9,0.0,97,1,0.002,600,499
structural_random,random_9,0.0,98,1,0.002,600,499
structural_random,random_9,0.0,99,1,0.002,600,499
structural_random,random_9,0.0,100,1,0.002,600,499
structural_random,random_9,0.0,101,1,0.002,600,499
structural_random,random_9,0.0,102,1,0.002,600,499
structural_random,random_9,0.0,103,1,0.002,600,499
structural_random,random_9,0.0,104,1,0.002,600,499
structural_random,random_9,0.0,105,1,0.002,600,499
structural_random,random_9,0.0,106,1,0.002,600,499
structural_random,random_9,0.0,107,1,0.002,600,499
structural_random,random_9,0.0,108,1,0.002,600,499
structural_random,random_9,0.0,109,1,0.002,600,499
structural_random,random_9,0.0,110,1,0.002,600,499
structural_random,random_9,0.0,111,1,0.002,600,499
structural_random,random_9,0.0,112,1,0.002,600,499
structural_random,random_9,0.0,113,1,0.002,600,499
structural_random,random_9,0.0,114,1,0.002,600,499
structural_random,random_9,0.0,115,1,0.002,600,499
structural_random,random_9,0.0,116,1,0.002,600,499
structural_random,random_9,0.0,117,1,0.002,600,499
structural_random,random_9,0.0,118,1,0.002,600,499
structural_random,random_9,0.0,119,1,0.002,600,499
structural_random,random_9,0.0,120,1,0.002,600,499
structural_random,random_9,0.0,121,1,0.002,600,499
structural_random,random_9,0.0,122,1,0.002,600,499
structural_random,random_9,0.0,123,1,0.002,600,499
structural_random,random_9,0.0,124,1,0.002,600,499
structural_random,random_9,0.0,125,1,0.002,600,499
structural_random,random_9,0.0,126,1,0.002,600,499
structural_random,random_9,0.0,127,1,0.002,600,499
structural_random,random_9,0.0,128,1,0.002,600,499
structural_random,random_9,0.0,129,1,0.002,600,499
structural_random,random_9,0.0,130,1,0.002,600,499
structural_random,random_9,0.0,131,1,0.002,600,499
structural_random,random_9,0.0,132,1,0.002,600,499
structural_random,random_9,0.0,133,1,0.002,600,499
structural_random,random_9,0.0,134,1,0.002,600,499
structural_random,random_9,0.0,135,1,0.002,600,499
structural_random,random_9,0.0,136,1,0.002,600,499
structural_random,random_9,0.0,137,1,0.002,600,499
structural_random,random_9,0.0,138,1,0.002,600,499
structural_random,random_9,0.0,139,1,0.002,600,499
structural_random,random_9,0.0,140,1,0.002,600,499
structural_random,random_9,0.0,141,1,0.002,600,499
structural_random,random_9,0.0,142,1,0.002,600,499
structural_random,random_9,0.0,143,1,0.002,600,499
structural_random,random_9,0.0,144,1,0.002,600,499
structural_random,random_9,0.0,145,1,0.002,600,499
structural_random,random_9,0.0,146,1,0.002,600,499
structural_random,random_9,0.0,147,1,0.002,600,499
structural_random,random_9,0.0,148,1,0.002,600,499
structural_random,random_9,0.0,149,1,0.004,600,499
structural_random,random_9,0.0,150,1,0.002,600,499
structural_random,random_9,0.0,151,1,0.002,600,499
structural_random,random_9,0.0,152,1,0.002,600,499
structural_random,random_9,0.0,153,1,0.002,600,499
structural_random,random_9,0.0,154,1,0.002,600,499
structural_random,random_9,0.0,155,1,0.002,600,499
structural_random,random_9,0.0,156,1,0.002,600,499
structural_random,random_9,0.0,157,1,0.002,600,499
structural_random,random_9,0.0,158,1,0.002,600,499
structural_random,random_9,0.0,159,1,0.002,600,499
structural_random,random_9,0.0,160,1,0.002,600,499
structural_random,random_9,0.0,161,1,0.002,600,499
structural_random,random_9,0.0,162,1,0.002,600,499
structural_random,random_9,0.0,163,1,0.002,600,499
structural_random,random_9,0.0,164,1,0.002,600,499
structural_random,random_9,0.0,165,1,0.002,600,499
structural_random,random_9,0.0,166,1,0.002,600,499
structural_random,random_9,0.0,167,1,0.002,600,499
structural_random,random_9,0.0,168,1,0.002,600,499
structural_random,random_9,0.0,169,1,0.002,600,499
structural_random,random_9,0.0,170,1,0.002,600,499
structural_random,random_9,0.0,171,1,0.002,600,499
structural_random,random_9,0.0,172,1,0.002,600,499
structural_random,random_9,0.0,173,1,0.002,600,499
structural_random,random_9,0.0,174,1,0.002,600,499
structural_random,random_9,0.0,175,1,0.002,600,499
structural_random,random_9,0.0,176,1,0.002,600,499
structural_random,random_9,0.0,177,1,0.002,600,499
structural_random,random_9,0.0,178,1,0.002,600,499
structural_random,random_9,0.0,179,1,0.002,600,499
structural_random,random_9,0.0,180,1,0.002,600,499
structural_random,random_9,0.0,181,1,0.002,600,499
structural_random,random_9,0.0,182,1,0.002,600,499
structural_random,random_9,0.0,183,1,0.002,600,499
structural_random,random_9,0.0,184,1,0.002,600,499
structural_random,random_9,0.0,185,1,0.002,600,499
structural_random,random_9,0.0,186,1,0.002,600,499
structural_random,random_9,0.0,187,1,0.002,600,499
structural_random,random_9,0.0,188,1,0.002,600,499
structural_random,random_9,0.0,189,1,0.002,600,499
structural_random,random_9,0.0,190,1,0.002,600,499
structural_random,random_9,0.0,191,1,0.002,600,499
structural_random,random_9,0.0,192,1,0.002,600,499
structural_random,random_9,0.0,193,1,0.002,600,499
structural_random,random_9,0.0,194,1,0.002,600,499
structural_random,random_9,0.0,195,1,0.002,600,499
structural_random,random_9,0.0,196,1,0.002,600,499
structural_random,random_9,0.0,197,1,0.002,600,499
structural_random,random_9,0.0,198,1,0.002,600,499
structural_random,random_9,0.0,199,1,0.002,600,499
structural_random,feature_quadratic_total,0.05,0,1,0.002,600,499
structural_random,feature_quadratic_total,0.05,1,1,0.018,600,499
structural_random,feature_quadratic_total,0.05,2,1,0.002,600,499
structural_random,feature_quadratic_total,0.05,3,1,0.006,600,499
structural_random,feature_quadratic_total,0.05,4,1,0.002,600,499
structural_random,feature_quadratic_total,0.05,5,1,0.01,600,499
structural_random,feature_quadratic_total,0.05,6,1,0.002,600,499
structural_random,feature_quadratic_total,0.05,7,1,0.026,600,499
structural_random,feature_quadratic_total,0.05,8,1,0.002,600,499
structural_random,feature_quadratic_total,0.05,9,1,0.002,600,499
structural_random,feature_quadratic_total,0.05,10,1,0.002,600,499
structural_random,feature_quadratic_total,0.05,11,1,0.002,600,499
structural_random,feature_quadratic_total,0.05,12,1,0.002,600,499
structural_random,feature_quadratic_total,0.05,13,1,0.002,600,499
structural_random,feature_quadratic_total,0.05,14,1,0.002,600,499
structural_random,feature_quadratic_total,0.05,15,0,0.058,600,499
structural_random,feature_quadratic_total,0.05,16,1,0.002,600,499
structural_random,feature_quadratic_total,0.05,17,1,0.004,600,499
structural_random,feature_quadratic_total,0.05,18,1,0.002,600,499
structural_random,feature_quadratic_total,0.05,19,1,0.002,600,499
structural_random,feature_quadratic_total,0.05,20,1,0.002,600,499
structural_random,feature_quadratic_total,0.05,21,1,0.004,600,499
structural_random,feature_quadratic_total,0.05,22,1,0.002,600,499
structural_random,feature_quadratic_total,0.05,23,1,0.004,600,499
structural_random,feature_quadratic_total,0.05,24,1,0.002,600,499
structural_random,feature_quadratic_total,0.05,25,0,0.276,600,499
structural_random,feature_quadratic_total,0.05,26,1,0.002,600,499
structural_random,feature_quadratic_total,0.05,27,1,0.002,600,499
structural_random,feature_quadratic_total,0.05,28,1,0.002,600,499
structural_random,feature_quadratic_total,0.05,29,1,0.002,600,499
structural_random,feature_quadratic_total,0.05,30,1,0.002,600,499
structural_random,feature_quadratic_total,0.05,31,1,0.002,600,499
structural_random,feature_quadratic_total,0.05,32,1,0.002,600,499
structural_random,feature_quadratic_total,0.05,33,1,0.014,600,499
structural_random,feature_quadratic_total,0.05,34,1,0.036,600,499
structural_random,feature_quadratic_total,0.05,35,1,0.002,600,499
structural_random,feature_quadratic_total,0.05,36,1,0.01,600,499
structural_random,feature_quadratic_total,0.05,37,1,0.002,600,499
structural_random,feature_quadratic_total,0.05,38,1,0.002,600,499
structural_random,feature_quadratic_total,0.05,39,1,0.002,600,499
structural_random,feature_quadratic_total,0.05,40,1,0.004,600,499
structural_random,feature_quadratic_total,0.05,41,1,0.002,600,499
structural_random,feature_quadratic_total,0.05,42,1,0.002,600,499
structural_random,feature_quadratic_total,0.05,43,1,0.002,600,499
structural_random,feature_quadratic_total,0.05,44,1,0.002,600,499
structural_random,feature_quadratic_total,0.05,45,1,0.002,600,499
structural_random,feature_quadratic_total,0.05,46,1,0.002,600,499
structural_random,feature_quadratic_total,0.05,47,1,0.002,600,499
structural_random,feature_quadratic_total,0.05,48,1,0.002,600,499
structural_random,feature_quadratic_total,0.05,49,1,0.002,600,499
structural_random,feature_quadratic_total,0.05,50,1,0.002,600,499
structural_random,feature_quadratic_total,0.05,51,1,0.01,600,499
structural_random,feature_quadratic_total,0.05,52,1,0.002,600,499
structural_random,feature_quadratic_total,0.05,53,1,0.006,600,499
structural_random,feature_quadratic_total,0.05,54,1,0.002,600,499
structural_random,feature_quadratic_total,0.05,55,1,0.002,600,499
structural_random,feature_quadratic_total,0.05,56,1,0.002,600,499
structural_random,feature_quadratic_total,0.05,57,1,0.002,600,499
structural_random,feature_quadratic_total,0.05,58,1,0.002,600,499
structural_random,feature_quadratic_total,0.05,59,1,0.002,600,499
structural_random,feature_quadratic_total,0.05,60,1,0.004,600,499
structural_random,feature_quadratic_total,0.05,61,1,0.002,600,499
structural_random,feature_quadratic_total,0.05,62,1,0.002,600,499
structural_random,feature_quadratic_total,0.05,63,1,0.002,600,499
structural_random,feature_quadratic_total,0.05,64,1,0.002,600,499
structural_random,feature_quadratic_total,0.05,65,1,0.002,600,499
structural_random,feature_quadratic_total,0.05,66,1,0.002,600,499
structural_random,feature_quadratic_total,0.05,67,1,0.004,600,499
structural_random,feature_quadratic_total,0.05,68,1,0.004,600,499
structural_random,feature_quadratic_total,0.05,69,1,0.002,600,499
structural_random,feature_quadratic_total,0.05,70,1,0.002,600,499
structural_random,feature_quadratic_total,0.05,71,1,0.008,600,499
structural_random,feature_quadratic_total,0.05,72,1,0.002,600,499
structural_random,feature_quadratic_total,0.05,73,1,0.002,600,499
structural_random,feature_quadratic_total,0.05,74,1,0.004,600,499
structural_random,feature_quadratic_total,0.05,75,0,0.052,600,499
structural_random,feature_quadratic_total,0.05,76,1,0.002,600,499
structural_random,feature_quadratic_total,0.05,77,1,0.002,600,499
structural_random,feature_quadratic_total,0.05,78,1,0.002,600,499
structural_random,feature_quadratic_total,0.05,79,1,0.002,600,499
structural_random,feature_quadratic_total,0.05,80,1,0.002,600,499
structural_random,feature_quadratic_total,0.05,81,1,0.002,600,499
structural_random,feature_quadratic_total,0.05,82,1,0.002,600,499
structural_random,feature_quadratic_total,0.05,83,1,0.018,600,499
structural_random,feature_quadratic_total,0.05,84,1,0.002,600,499
structural_random,feature_quadratic_total,0.05,85,1,0.002,600,499
structural_random,feature_quadratic_total,0.05,86,1,0.002,600,499
structural_random,feature_quadratic_total,0.05,87,1,0.006,600,499
structural_random,feature_quadratic_total,0.05,88,1,0.002,600,499
structural_random,feature_quadratic_total,0.05,89,1,0.002,600,499
structural_random,feature_quadratic_total,0.05,90,1,0.002,600,499
structural_random,feature_quadratic_total,0.05,91,1,0.002,600,499
structural_random,feature_quadratic_total,0.05,92,1,0.002,600,499
structural_random,feature_quadratic_total,0.05,93,1,0.002,600,499
structural_random,feature_quadratic_total,0.05,94,1,0.002,600,499
structural_random,feature_quadratic_total,0.05,95,1,0.002,600,499
structural_random,feature_quadratic_total,0.05,96,1,0.002,600,499
structural_random,feature_quadratic_total,0.05,97,1,0.006,600,499
structural_random,feature_quadratic_total,0.05,98,1,0.004,600,499
structural_random,feature_quadratic_total,0.05,99,1,0.014,600,499
structural_random,feature_quadratic_total,0.05,100,1,0.002,600,499
structural_random,feature_quadratic_total,0.05,101,1,0.002,600,499
structural_random,feature_quadratic_total,0.05,102,1,0.002,600,499
structural_random,feature_quadratic_total,0.05,103,1,0.006,600,499
structural_random,feature_quadratic_total,0.05,104,1,0.002,600,499
structural_random,feature_quadratic_total,0.05,105,1,0.002,600,499
structural_random,feature_quadratic_total,0.05,106,1,0.032,600,499
structural_random,feature_quadratic_total,0.05,107,1,0.002,600,499
structural_random,feature_quadratic_total,0.05,108,1,0.002,600,499
structural_random,feature_quadratic_total,0.05,109,1,0.006,600,499
structural_random,feature_quadratic_total,0.05,110,1,0.004,600,499
structural_random,feature_quadratic_total,0.05,111,1,0.002,600,499
structural_random,feature_quadratic_total,0.05,112,1,0.002,600,499
structural_random,feature_quadratic_total,0.05,113,1,0.002,600,499
structural_random,feature_quadratic_total,0.05,114,1,0.002,600,499
structural_random,feature_quadratic_total,0.05,115,1,0.002,600,499
structural_random,feature_quadratic_total,0.05,116,1,0.002,600,499
structural_random,feature_quadratic_total,0.05,117,1,0.006,600,499
structural_random,feature_quadratic_total,0.05,118,1,0.002,600,499
structural_random,feature_quadratic_total,0.05,119,1,0.002,600,499
structural_random,feature_quadratic_total,0.05,120,1,0.004,600,499
structural_random,feature_quadratic_total,0.05,121,1,0.002,600,499
structural_random,feature_quadratic_total,0.05,122,1,0.002,600,499
structural_random,feature_quadratic_total,0.05,123,1,0.002,600,499
structural_random,feature_quadratic_total,0.05,124,1,0.002,600,499
structural_random,feature_quadratic_total,0.05,125,1,0.004,600,499
structural_random,feature_quadratic_total,0.05,126,1,0.002,600,499
structural_random,feature_quadratic_total,0.05,127,1,0.002,600,499
structural_random,feature_quadratic_total,0.05,128,1,0.002,600,499
structural_random,feature_quadratic_total,0.05,129,1,0.002,600,499
structural_random,feature_quadratic_total,0.05,130,1,0.004,600,499
structural_random,feature_quadratic_total,0.05,131,1,0.002,600,499
structural_random,feature_quadratic_total,0.05,132,1,0.002,600,499
structural_random,feature_quadratic_total,0.05,133,1,0.002,600,499
structural_random,feature_quadratic_total,0.05,134,1,0.002,600,499
structural_random,feature_quadratic_total,0.05,135,1,0.002,600,499
structural_random,feature_quadratic_total,0.05,136,1,0.002,600,499
structural_random,feature_quadratic_total,0.05,137,0,0.074,600,499
structural_random,feature_quadratic_total,0.05,138,1,0.004,600,499
structural_random,feature_quadratic_total,0.05,139,1,0.002,600,499
structural_random,feature_quadratic_total,0.05,140,1,0.012,600,499
structural_random,feature_quadratic_total,0.05,141,1,0.002,600,499
structural_random,feature_quadratic_total,0.05,142,1,0.002,600,499
structural_random,feature_quadratic_total,0.05,143,1,0.002,600,499
structural_random,feature_quadratic_total,0.05,144,1,0.002,600,499
structural_random,feature_quadratic_total,0.05,145,1,0.002,600,499
structural_random,feature_quadratic_total,0.05,146,1,0.002,600,499
structural_random,feature_quadratic_total,0.05,147,1,0.014,600,499
structural_random,feature_quadratic_total,0.05,148,1,0.002,600,499
structural_random,feature_quadratic_total,0.05,149,1,0.002,600,499
structural_random,feature_quadratic_total,0.05,150,1,0.002,600,499
structural_random,feature_quadratic_total,0.05,151,1,0.002,600,499
structural_random,feature_quadratic_total,0.05,152,1,0.002,600,499
structural_random,feature_quadratic_total,0.05,153,1,0.002,600,499
structural_random,feature_quadratic_total,0.05,154,1,0.002,600,499
structural_random,feature_quadratic_total,0.05,155,1,0.002,600,499
structural_random,feature_quadratic_total,0.05,156,1,0.002,600,499
structural_random,feature_quadratic_total,0.05,157,1,0.024,600,499
structural_random,feature_quadratic_total,0.05,158,1,0.002,600,499
structural_random,feature_quadratic_total,0.05,159,1,0.002,600,499
structural_random,feature_quadratic_total,0.05,160,1,0.002,600,499
structural_random,feature_quadratic_total,0.05,161,1,0.002,600,499
structural_random,feature_quadratic_total,0.05,162,1,0.002,600,499
structural_random,feature_quadratic_total,0.05,163,1,0.002,600,499
structural_random,feature_quadratic_total,0.05,164,1,0.032,600,499
structural_random,feature_quadratic_total,0.05,165,1,0.002,600,499
structural_random,feature_quadratic_total,0.05,166,1,0.002,600,499
structural_random,feature_quadratic_total,0.05,167,1,0.002,600,499
structural_random,feature_quadratic_total,0.05,168,1,0.002,600,499
structural_random,feature_quadratic_total,0.05,169,1,0.002,600,499
structural_random,feature_quadratic_total,0.05,170,1,0.008,600,499
structural_random,feature_quadratic_total,0.05,171,1,0.002,600,499
structural_random,feature_quadratic_total,0.05,172,1,0.022,600,499
structural_random,feature_quadratic_total,0.05,173,1,0.002,600,499
structural_random,feature_quadratic_total,0.05,174,1,0.002,600,499
structural_random,feature_quadratic_total,0.05,175,1,0.002,600,499
structural_random,feature_quadratic_total,0.05,176,1,0.002,600,499
structural_random,feature_quadratic_total,0.05,177,1,0.002,600,499
structural_random,feature_quadratic_total,0.05,178,1,0.002,600,499
structural_random,feature_quadratic_total,0.05,179,1,0.002,600,499
structural_random,feature_quadratic_total,0.05,180,1,0.002,600,499
structural_random,feature_quadratic_total,0.05,181,0,0.064,600,499
structural_random,feature_quadratic_total,0.05,182,1,0.002,600,499
structural_random,feature_quadratic_total,0.05,183,1,0.002,600,499
structural_random,feature_quadratic_total,0.05,184,1,0.006,600,499
structural_random,feature_quadratic_total,0.05,185,1,0.002,600,499
structural_random,feature_quadratic_total,0.05,186,1,0.002,600,499
structural_random,feature_quadratic_total,0.05,187,1,0.012,600,499
structural_random,feature_quadratic_total,0.05,188,1,0.002,600,499
structural_random,feature_quadratic_total,0.05,189,1,0.002,600,499
structural_random,feature_quadratic_total,0.05,190,1,0.002,600,499
structural_random,feature_quadratic_total,0.05,191,1,0.002,600,499
structural_random,feature_quadratic_total,0.05,192,1,0.002,600,499
structural_random,feature_quadratic_total,0.05,193,1,0.002,600,499
structural_random,feature_quadratic_total,0.05,194,1,0.002,600,499
structural_random,feature_quadratic_total,0.05,195,1,0.002,600,499
structural_random,feature_quadratic_total,0.05,196,1,0.002,600,499
structural_random,feature_quadratic_total,0.05,197,1,0.002,600,499
structural_random,feature_quadratic_total,0.05,198,1,0.002,600,499
structural_random,feature_quadratic_total,0.05,199,1,0.048,600,499
structural_random,feature_care_midpoint_interaction,0.05,0,0,0.07,600,499
structural_random,feature_care_midpoint_interaction,0.05,1,0,0.154,600,499
structural_random,feature_care_midpoint_interaction,0.05,2,1,0.048,600,499
structural_random,feature_care_midpoint_interaction,0.05,3,0,0.47,600,499
structural_random,feature_care_midpoint_interaction,0.05,4,0,0.346,600,499
structural_random,feature_care_midpoint_interaction,0.05,5,1,0.018,600,499
structural_random,feature_care_midpoint_interaction,0.05,6,0,0.12,600,499
structural_random,feature_care_midpoint_interaction,0.05,7,1,0.002,600,499
structural_random,feature_care_midpoint_interaction,0.05,8,0,0.112,600,499
structural_random,feature_care_midpoint_interaction,0.05,9,1,0.008,600,499
structural_random,feature_care_midpoint_interaction,0.05,10,0,0.272,600,499
structural_random,feature_care_midpoint_interaction,0.05,11,0,0.198,600,499
structural_random,feature_care_midpoint_interaction,0.05,12,0,0.444,600,499
structural_random,feature_care_midpoint_interaction,0.05,13,0,0.21,600,499
structural_random,feature_care_midpoint_interaction,0.05,14,0,0.074,600,499
structural_random,feature_care_midpoint_interaction,0.05,15,1,0.002,600,499
structural_random,feature_care_midpoint_interaction,0.05,16,1,0.004,600,499
structural_random,feature_care_midpoint_interaction,0.05,17,1,0.006,600,499
structural_random,feature_care_midpoint_interaction,0.05,18,1,0.038,600,499
structural_random,feature_care_midpoint_interaction,0.05,19,1,0.006,600,499
structural_random,feature_care_midpoint_interaction,0.05,20,0,0.194,600,499
structural_random,feature_care_midpoint_interaction,0.05,21,0,0.13,600,499
structural_random,feature_care_midpoint_interaction,0.05,22,1,0.004,600,499
structural_random,feature_care_midpoint_interaction,0.05,23,0,0.098,600,499
structural_random,feature_care_midpoint_interaction,0.05,24,0,0.096,600,499
structural_random,feature_care_midpoint_interaction,0.05,25,1,0.004,600,499
structural_random,feature_care_midpoint_interaction,0.05,26,0,0.758,600,499
structural_random,feature_care_midpoint_interaction,0.05,27,0,0.418,600,499
structural_random,feature_care_midpoint_interaction,0.05,28,0,0.36,600,499
structural_random,feature_care_midpoint_interaction,0.05,29,1,0.004,600,499
structural_random,feature_care_midpoint_interaction,0.05,30,0,0.366,600,499
structural_random,feature_care_midpoint_interaction,0.05,31,1,0.032,600,499
structural_random,feature_care_midpoint_interaction,0.05,32,0,0.066,600,499
structural_random,feature_care_midpoint_interaction,0.05,33,0,0.07,600,499
structural_random,feature_care_midpoint_interaction,0.05,34,0,0.068,600,499
structural_random,feature_care_midpoint_interaction,0.05,35,0,0.464,600,499
structural_random,feature_care_midpoint_interaction,0.05,36,1,0.004,600,499
structural_random,feature_care_midpoint_interaction,0.05,37,1,0.024,600,499
structural_random,feature_care_midpoint_interaction,0.05,38,0,0.84,600,499
structural_random,feature_care_midpoint_interaction,0.05,39,1,0.042,600,499
structural_random,feature_care_midpoint_interaction,0.05,40,0,0.162,600,499
structural_random,feature_care_midpoint_interaction,0.05,41,0,0.302,600,499
structural_random,feature_care_midpoint_interaction,0.05,42,1,0.004,600,499
structural_random,feature_care_midpoint_interaction,0.05,43,0,0.38,600,499
structural_random,feature_care_midpoint_interaction,0.05,44,0,0.256,600,499
structural_random,feature_care_midpoint_interaction,0.05,45,1,0.004,600,499
structural_random,feature_care_midpoint_interaction,0.05,46,1,0.004,600,499
structural_random,feature_care_midpoint_interaction,0.05,47,0,0.132,600,499
structural_random,feature_care_midpoint_interaction,0.05,48,0,0.366,600,499
structural_random,feature_care_midpoint_interaction,0.05,49,1,0.024,600,499
structural_random,feature_care_midpoint_interaction,0.05,50,0,0.294,600,499
structural_random,feature_care_midpoint_interaction,0.05,51,1,0.002,600,499
structural_random,feature_care_midpoint_interaction,0.05,52,1,0.012,600,499
structural_random,feature_care_midpoint_interaction,0.05,53,1,0.002,600,499
structural_random,feature_care_midpoint_interaction,0.05,54,0,0.506,600,499
structural_random,feature_care_midpoint_interaction,0.05,55,1,0.008,600,499
structural_random,feature_care_midpoint_interaction,0.05,56,1,0.008,600,499
structural_random,feature_care_midpoint_interaction,0.05,57,0,0.736,600,499
structural_random,feature_care_midpoint_interaction,0.05,58,0,0.136,600,499
structural_random,feature_care_midpoint_interaction,0.05,59,0,0.12,600,499
structural_random,feature_care_midpoint_interaction,0.05,60,0,0.124,600,499
structural_random,feature_care_midpoint_interaction,0.05,61,1,0.014,600,499
structural_random,feature_care_midpoint_interaction,0.05,62,0,0.598,600,499
structural_random,feature_care_midpoint_interaction,0.05,63,0,0.866,600,499
structural_random,feature_care_midpoint_interaction,0.05,64,0,0.164,600,499
structural_random,feature_care_midpoint_interaction,0.05,65,0,0.832,600,499
structural_random,feature_care_midpoint_interaction,0.05,66,0,0.178,600,499
structural_random,feature_care_midpoint_interaction,0.05,67,1,0.034,600,499
structural_random,feature_care_midpoint_interaction,0.05,68,1,0.01,600,499
structural_random,feature_care_midpoint_interaction,0.05,69,1,0.016,600,499
structural_random,feature_care_midpoint_interaction,0.05,70,0,0.31,600,499
structural_random,feature_care_midpoint_interaction,0.05,71,1,0.022,600,499
structural_random,feature_care_midpoint_interaction,0.05,72,0,0.902,600,499
structural_random,feature_care_midpoint_interaction,0.05,73,1,0.03,600,499
structural_random,feature_care_midpoint_interaction,0.05,74,1,0.01,600,499
structural_random,feature_care_midpoint_interaction,0.05,75,1,0.002,600,499
structural_random,feature_care_midpoint_interaction,0.05,76,0,0.072,600,499
structural_random,feature_care_midpoint_interaction,0.05,77,0,0.068,600,499
structural_random,feature_care_midpoint_interaction,0.05,78,1,0.01,600,499
structural_random,feature_care_midpoint_interaction,0.05,79,1,0.008,600,499
structural_random,feature_care_midpoint_interaction,0.05,80,1,0.01,600,499
structural_random,feature_care_midpoint_interaction,0.05,81,0,0.096,600,499
structural_random,feature_care_midpoint_interaction,0.05,82,0,0.102,600,499
structural_random,feature_care_midpoint_interaction,0.05,83,1,0.002,600,499
structural_random,feature_care_midpoint_interaction,0.05,84,0,0.496,600,499
structural_random,feature_care_midpoint_interaction,0.05,85,1,0.014,600,499
structural_random,feature_care_midpoint_interaction,0.05,86,0,0.256,600,499
structural_random,feature_care_midpoint_interaction,0.05,87,0,0.35,600,499
structural_random,feature_care_midpoint_interaction,0.05,88,1,0.006,600,499
structural_random,feature_care_midpoint_interaction,0.05,89,1,0.008,600,499
structural_random,feature_care_midpoint_interaction,0.05,90,0,0.084,600,499
structural_random,feature_care_midpoint_interaction,0.05,91,0,0.168,600,499
structural_random,feature_care_midpoint_interaction,0.05,92,0,0.17,600,499
structural_random,feature_care_midpoint_interaction,0.05,93,1,0.03,600,499
structural_random,feature_care_midpoint_interaction,0.05,94,1,0.006,600,499
structural_random,feature_care_midpoint_interaction,0.05,95,1,0.016,600,499
structural_random,feature_care_midpoint_interaction,0.05,96,1,0.034,600,499
structural_random,feature_care_midpoint_interaction,0.05,97,0,0.168,600,499
structural_random,feature_care_midpoint_interaction,0.05,98,1,0.008,600,499
structural_random,feature_care_midpoint_interaction,0.05,99,1,0.01,600,499
structural_random,feature_care_midpoint_interaction,0.05,100,1,0.018,600,499
structural_random,feature_care_midpoint_interaction,0.05,101,1,0.022,600,499
structural_random,feature_care_midpoint_interaction,0.05,102,0,0.108,600,499
structural_random,feature_care_midpoint_interaction,0.05,103,0,0.068,600,499
structural_random,feature_care_midpoint_interaction,0.05,104,1,0.014,600,499
structural_random,feature_care_midpoint_interaction,0.05,105,0,0.244,600,499
structural_random,feature_care_midpoint_interaction,0.05,106,1,0.002,600,499
structural_random,feature_care_midpoint_interaction,0.05,107,1,0.01,600,499
structural_random,feature_care_midpoint_interaction,0.05,108,0,0.4,600,499
structural_random,feature_care_midpoint_interaction,0.05,109,1,0.006,600,499
structural_random,feature_care_midpoint_interaction,0.05,110,0,0.062,600,499
structural_random,feature_care_midpoint_interaction,0.05,111,0,0.388,600,499
structural_random,feature_care_midpoint_interaction,0.05,112,0,0.168,600,499
structural_random,feature_care_midpoint_interaction,0.05,113,0,0.452,600,499
structural_random,feature_care_midpoint_interaction,0.05,114,0,0.282,600,499
structural_random,feature_care_midpoint_interaction,0.05,115,0,0.59,600,499
structural_random,feature_care_midpoint_interaction,0.05,116,0,0.194,600,499
structural_random,feature_care_midpoint_interaction,0.05,117,1,0.048,600,499
structural_random,feature_care_midpoint_interaction,0.05,118,0,0.842,600,499
structural_random,feature_care_midpoint_interaction,0.05,119,0,0.248,600,499
structural_random,feature_care_midpoint_interaction,0.05,120,0,0.12,600,499
structural_random,feature_care_midpoint_interaction,0.05,121,1,0.016,600,499
structural_random,feature_care_midpoint_interaction,0.05,122,0,0.072,600,499
structural_random,feature_care_midpoint_interaction,0.05,123,0,0.176,600,499
structural_random,feature_care_midpoint_interaction,0.05,124,0,0.08,600,499
structural_random,feature_care_midpoint_interaction,0.05,125,0,0.078,600,499
structural_random,feature_care_midpoint_interaction,0.05,126,0,0.27,600,499
structural_random,feature_care_midpoint_interaction,0.05,127,1,0.012,600,499
structural_random,feature_care_midpoint_interaction,0.05,128,0,0.072,600,499
structural_random,feature_care_midpoint_interaction,0.05,129,1,0.002,600,499
structural_random,feature_care_midpoint_interaction,0.05,130,1,0.002,600,499
structural_random,feature_care_midpoint_interaction,0.05,131,1,0.032,600,499
structural_random,feature_care_midpoint_interaction,0.05,132,0,0.282,600,499
structural_random,feature_care_midpoint_interaction,0.05,133,0,0.308,600,499
structural_random,feature_care_midpoint_interaction,0.05,134,1,0.03,600,499
structural_random,feature_care_midpoint_interaction,0.05,135,1,0.008,600,499
structural_random,feature_care_midpoint_interaction,0.05,136,1,0.038,600,499
structural_random,feature_care_midpoint_interaction,0.05,137,1,0.004,600,499
structural_random,feature_care_midpoint_interaction,0.05,138,1,0.006,600,499
structural_random,feature_care_midpoint_interaction,0.05,139,0,0.566,600,499
structural_random,feature_care_midpoint_interaction,0.05,140,0,0.05,600,499
structural_random,feature_care_midpoint_interaction,0.05,141,0,0.112,600,499
structural_random,feature_care_midpoint_interaction,0.05,142,1,0.018,600,499
structural_random,feature_care_midpoint_interaction,0.05,143,1,0.038,600,499
structural_random,feature_care_midpoint_interaction,0.05,144,1,0.016,600,499
structural_random,feature_care_midpoint_interaction,0.05,145,0,0.06,600,499
structural_random,feature_care_midpoint_interaction,0.05,146,0,0.384,600,499
structural_random,feature_care_midpoint_interaction,0.05,147,0,0.284,600,499
structural_random,feature_care_midpoint_interaction,0.05,148,0,0.646,600,499
structural_random,feature_care_midpoint_interaction,0.05,149,0,0.26,600,499
structural_random,feature_care_midpoint_interaction,0.05,150,0,0.232,600,499
structural_random,feature_care_midpoint_interaction,0.05,151,0,0.114,600,499
structural_random,feature_care_midpoint_interaction,0.05,152,1,0.004,600,499
structural_random,feature_care_midpoint_interaction,0.05,153,1,0.032,600,499
structural_random,feature_care_midpoint_interaction,0.05,154,1,0.016,600,499
structural_random,feature_care_midpoint_interaction,0.05,155,1,0.006,600,499
structural_random,feature_care_midpoint_interaction,0.05,156,0,0.134,600,499
structural_random,feature_care_midpoint_interaction,0.05,157,1,0.004,600,499
structural_random,feature_care_midpoint_interaction,0.05,158,1,0.006,600,499
structural_random,feature_care_midpoint_interaction,0.05,159,0,0.074,600,499
structural_random,feature_care_midpoint_interaction,0.05,160,0,0.366,600,499
structural_random,feature_care_midpoint_interaction,0.05,161,0,0.468,600,499
structural_random,feature_care_midpoint_interaction,0.05,162,0,0.086,600,499
structural_random,feature_care_midpoint_interaction,0.05,163,1,0.046,600,499
structural_random,feature_care_midpoint_interaction,0.05,164,1,0.018,600,499
structural_random,feature_care_midpoint_interaction,0.05,165,0,0.214,600,499
structural_random,feature_care_midpoint_interaction,0.05,166,0,0.22,600,499
structural_random,feature_care_midpoint_interaction,0.05,167,0,0.794,600,499
structural_random,feature_care_midpoint_interaction,0.05,168,0,0.23,600,499
structural_random,feature_care_midpoint_interaction,0.05,169,0,0.174,600,499
structural_random,feature_care_midpoint_interaction,0.05,170,1,0.002,600,499
structural_random,feature_care_midpoint_interaction,0.05,171,0,0.382,600,499
structural_random,feature_care_midpoint_interaction,0.05,172,1,0.008,600,499
structural_random,feature_care_midpoint_interaction,0.05,173,1,0.032,600,499
structural_random,feature_care_midpoint_interaction,0.05,174,0,0.346,600,499
structural_random,feature_care_midpoint_interaction,0.05,175,0,0.402,600,499
structural_random,feature_care_midpoint_interaction,0.05,176,1,0.022,600,499
structural_random,feature_care_midpoint_interaction,0.05,177,0,0.138,600,499
structural_random,feature_care_midpoint_interaction,0.05,178,1,0.014,600,499
structural_random,feature_care_midpoint_interaction,0.05,179,1,0.036,600,499
structural_random,feature_care_midpoint_interaction,0.05,180,0,0.052,600,499
structural_random,feature_care_midpoint_interaction,0.05,181,1,0.002,600,499
structural_random,feature_care_midpoint_interaction,0.05,182,1,0.002,600,499
structural_random,feature_care_midpoint_interaction,0.05,183,1,0.034,600,499
structural_random,feature_care_midpoint_interaction,0.05,184,1,0.01,600,499
structural_random,feature_care_midpoint_interaction,0.05,185,1,0.016,600,499
structural_random,feature_care_midpoint_interaction,0.05,186,0,0.51,600,499
structural_random,feature_care_midpoint_interaction,0.05,187,1,0.002,600,499
structural_random,feature_care_midpoint_interaction,0.05,188,0,0.356,600,499
structural_random,feature_care_midpoint_interaction,0.05,189,0,0.504,600,499
structural_random,feature_care_midpoint_interaction,0.05,190,1,0.026,600,499
structural_random,feature_care_midpoint_interaction,0.05,191,0,0.958,600,499
structural_random,feature_care_midpoint_interaction,0.05,192,0,0.266,600,499
structural_random,feature_care_midpoint_interaction,0.05,193,0,0.178,600,499
structural_random,feature_care_midpoint_interaction,0.05,194,0,0.126,600,499
structural_random,feature_care_midpoint_interaction,0.05,195,0,0.182,600,499
structural_random,feature_care_midpoint_interaction,0.05,196,0,0.062,600,499
structural_random,feature_care_midpoint_interaction,0.05,197,1,0.01,600,499
structural_random,feature_care_midpoint_interaction,0.05,198,1,0.004,600,499
structural_random,feature_care_midpoint_interaction,0.05,199,1,0.002,600,499
structural_random,feature_intelligence_cloud_interaction,0.05,0,1,0.002,600,499
structural_random,feature_intelligence_cloud_interaction,0.05,1,1,0.002,600,499
structural_random,feature_intelligence_cloud_interaction,0.05,2,1,0.002,600,499
structural_random,feature_intelligence_cloud_interaction,0.05,3,1,0.002,600,499
structural_random,feature_intelligence_cloud_interaction,0.05,4,1,0.002,600,499
structural_random,feature_intelligence_cloud_interaction,0.05,5,1,0.002,600,499
structural_random,feature_intelligence_cloud_interaction,0.05,6,1,0.002,600,499
structural_random,feature_intelligence_cloud_interaction,0.05,7,1,0.002,600,499
structural_random,feature_intelligence_cloud_interaction,0.05,8,1,0.002,600,499
structural_random,feature_intelligence_cloud_interaction,0.05,9,1,0.002,600,499
structural_random,feature_intelligence_cloud_interaction,0.05,10,1,0.002,600,499
structural_random,feature_intelligence_cloud_interaction,0.05,11,1,0.002,600,499
structural_random,feature_intelligence_cloud_interaction,0.05,12,1,0.002,600,499
structural_random,feature_intelligence_cloud_interaction,0.05,13,1,0.002,600,499
structural_random,feature_intelligence_cloud_interaction,0.05,14,1,0.002,600,499
structural_random,feature_intelligence_cloud_interaction,0.05,15,1,0.002,600,499
structural_random,feature_intelligence_cloud_interaction,0.05,16,1,0.002,600,499
structural_random,feature_intelligence_cloud_interaction,0.05,17,1,0.002,600,499
structural_random,feature_intelligence_cloud_interaction,0.05,18,1,0.002,600,499
structural_random,feature_intelligence_cloud_interaction,0.05,19,1,0.002,600,499
structural_random,feature_intelligence_cloud_interaction,0.05,20,1,0.002,600,499
structural_random,feature_intelligence_cloud_interaction,0.05,21,1,0.002,600,499
structural_random,feature_intelligence_cloud_interaction,0.05,22,1,0.002,600,499
structural_random,feature_intelligence_cloud_interaction,0.05,23,1,0.002,600,499
structural_random,feature_intelligence_cloud_interaction,0.05,24,1,0.002,600,499
structural_random,feature_intelligence_cloud_interaction,0.05,25,1,0.002,600,499
structural_random,feature_intelligence_cloud_interaction,0.05,26,1,0.002,600,499
structural_random,feature_intelligence_cloud_interaction,0.05,27,1,0.002,600,499
structural_random,feature_intelligence_cloud_interaction,0.05,28,1,0.002,600,499
structural_random,feature_intelligence_cloud_interaction,0.05,29,1,0.002,600,499
structural_random,feature_intelligence_cloud_interaction,0.05,30,1,0.002,600,499
structural_random,feature_intelligence_cloud_interaction,0.05,31,1,0.002,600,499
structural_random,feature_intelligence_cloud_interaction,0.05,32,1,0.002,600,499
structural_random,feature_intelligence_cloud_interaction,0.05,33,1,0.002,600,499
structural_random,feature_intelligence_cloud_interaction,0.05,34,1,0.002,600,499
structural_random,feature_intelligence_cloud_interaction,0.05,35,1,0.002,600,499
structural_random,feature_intelligence_cloud_interaction,0.05,36,1,0.002,600,499
structural_random,feature_intelligence_cloud_interaction,0.05,37,1,0.002,600,499
structural_random,feature_intelligence_cloud_interaction,0.05,38,1,0.002,600,499
structural_random,feature_intelligence_cloud_interaction,0.05,39,1,0.002,600,499
structural_random,feature_intelligence_cloud_interaction,0.05,40,1,0.002,600,499
structural_random,feature_intelligence_cloud_interaction,0.05,41,1,0.002,600,499
structural_random,feature_intelligence_cloud_interaction,0.05,42,1,0.002,600,499
structural_random,feature_intelligence_cloud_interaction,0.05,43,1,0.002,600,499
structural_random,feature_intelligence_cloud_interaction,0.05,44,1,0.002,600,499
structural_random,feature_intelligence_cloud_interaction,0.05,45,1,0.002,600,499
structural_random,feature_intelligence_cloud_interaction,0.05,46,1,0.002,600,499
structural_random,feature_intelligence_cloud_interaction,0.05,47,1,0.002,600,499
structural_random,feature_intelligence_cloud_interaction,0.05,48,1,0.002,600,499
structural_random,feature_intelligence_cloud_interaction,0.05,49,1,0.002,600,499
structural_random,feature_intelligence_cloud_interaction,0.05,50,1,0.002,600,499
structural_random,feature_intelligence_cloud_interaction,0.05,51,1,0.002,600,499
structural_random,feature_intelligence_cloud_interaction,0.05,52,1,0.002,600,499
structural_random,feature_intelligence_cloud_interaction,0.05,53,1,0.002,600,499
structural_random,feature_intelligence_cloud_interaction,0.05,54,1,0.002,600,499
structural_random,feature_intelligence_cloud_interaction,0.05,55,1,0.002,600,499
structural_random,feature_intelligence_cloud_interaction,0.05,56,1,0.002,600,499
structural_random,feature_intelligence_cloud_interaction,0.05,57,1,0.002,600,499
structural_random,feature_intelligence_cloud_interaction,0.05,58,1,0.002,600,499
structural_random,feature_intelligence_cloud_interaction,0.05,59,1,0.002,600,499
structural_random,feature_intelligence_cloud_interaction,0.05,60,1,0.002,600,499
structural_random,feature_intelligence_cloud_interaction,0.05,61,1,0.002,600,499
structural_random,feature_intelligence_cloud_interaction,0.05,62,1,0.002,600,499
structural_random,feature_intelligence_cloud_interaction,0.05,63,1,0.002,600,499
structural_random,feature_intelligence_cloud_interaction,0.05,64,1,0.002,600,499
structural_random,feature_intelligence_cloud_interaction,0.05,65,1,0.002,600,499
structural_random,feature_intelligence_cloud_interaction,0.05,66,1,0.002,600,499
structural_random,feature_intelligence_cloud_interaction,0.05,67,1,0.002,600,499
structural_random,feature_intelligence_cloud_interaction,0.05,68,1,0.002,600,499
structural_random,feature_intelligence_cloud_interaction,0.05,69,1,0.002,600,499
structural_random,feature_intelligence_cloud_interaction,0.05,70,1,0.002,600,499
structural_random,feature_intelligence_cloud_interaction,0.05,71,1,0.002,600,499
structural_random,feature_intelligence_cloud_interaction,0.05,72,1,0.002,600,499
structural_random,feature_intelligence_cloud_interaction,0.05,73,1,0.002,600,499
structural_random,feature_intelligence_cloud_interaction,0.05,74,1,0.002,600,499
structural_random,feature_intelligence_cloud_interaction,0.05,75,1,0.002,600,499
structural_random,feature_intelligence_cloud_interaction,0.05,76,1,0.002,600,499
structural_random,feature_intelligence_cloud_interaction,0.05,77,1,0.002,600,499
structural_random,feature_intelligence_cloud_interaction,0.05,78,1,0.002,600,499
structural_random,feature_intelligence_cloud_interaction,0.05,79,1,0.002,600,499
structural_random,feature_intelligence_cloud_interaction,0.05,80,1,0.002,600,499
structural_random,feature_intelligence_cloud_interaction,0.05,81,1,0.002,600,499
structural_random,feature_intelligence_cloud_interaction,0.05,82,1,0.002,600,499
structural_random,feature_intelligence_cloud_interaction,0.05,83,1,0.002,600,499
structural_random,feature_intelligence_cloud_interaction,0.05,84,1,0.002,600,499
structural_random,feature_intelligence_cloud_interaction,0.05,85,1,0.002,600,499
structural_random,feature_intelligence_cloud_interaction,0.05,86,1,0.002,600,499
structural_random,feature_intelligence_cloud_interaction,0.05,87,1,0.002,600,499
structural_random,feature_intelligence_cloud_interaction,0.05,88,1,0.002,600,499
structural_random,feature_intelligence_cloud_interaction,0.05,89,1,0.002,600,499
structural_random,feature_intelligence_cloud_interaction,0.05,90,1,0.002,600,499
structural_random,feature_intelligence_cloud_interaction,0.05,91,1,0.002,600,499
structural_random,feature_intelligence_cloud_interaction,0.05,92,1,0.002,600,499
structural_random,feature_intelligence_cloud_interaction,0.05,93,1,0.002,600,499
structural_random,feature_intelligence_cloud_interaction,0.05,94,1,0.002,600,499
structural_random,feature_intelligence_cloud_interaction,0.05,95,1,0.002,600,499
structural_random,feature_intelligence_cloud_interaction,0.05,96,1,0.002,600,499
structural_random,feature_intelligence_cloud_interaction,0.05,97,1,0.002,600,499
structural_random,feature_intelligence_cloud_interaction,0.05,98,1,0.002,600,499
structural_random,feature_intelligence_cloud_interaction,0.05,99,1,0.002,600,499
structural_random,feature_intelligence_cloud_interaction,0.05,100,1,0.002,600,499
structural_random,feature_intelligence_cloud_interaction,0.05,101,1,0.002,600,499
structural_random,feature_intelligence_cloud_interaction,0.05,102,1,0.002,600,499
structural_random,feature_intelligence_cloud_interaction,0.05,103,1,0.002,600,499
structural_random,feature_intelligence_cloud_interaction,0.05,104,1,0.002,600,499
structural_random,feature_intelligence_cloud_interaction,0.05,105,1,0.002,600,499
structural_random,feature_intelligence_cloud_interaction,0.05,106,1,0.002,600,499
structural_random,feature_intelligence_cloud_interaction,0.05,107,1,0.002,600,499
structural_random,feature_intelligence_cloud_interaction,0.05,108,1,0.002,600,499
structural_random,feature_intelligence_cloud_interaction,0.05,109,1,0.002,600,499
structural_random,feature_intelligence_cloud_interaction,0.05,110,1,0.002,600,499
structural_random,feature_intelligence_cloud_interaction,0.05,111,1,0.002,600,499
structural_random,feature_intelligence_cloud_interaction,0.05,112,1,0.002,600,499
structural_random,feature_intelligence_cloud_interaction,0.05,113,1,0.002,600,499
structural_random,feature_intelligence_cloud_interaction,0.05,114,1,0.002,600,499
structural_random,feature_intelligence_cloud_interaction,0.05,115,1,0.002,600,499
structural_random,feature_intelligence_cloud_interaction,0.05,116,1,0.002,600,499
structural_random,feature_intelligence_cloud_interaction,0.05,117,1,0.002,600,499
structural_random,feature_intelligence_cloud_interaction,0.05,118,1,0.002,600,499
structural_random,feature_intelligence_cloud_interaction,0.05,119,1,0.002,600,499
structural_random,feature_intelligence_cloud_interaction,0.05,120,1,0.002,600,499
structural_random,feature_intelligence_cloud_interaction,0.05,121,1,0.002,600,499
structural_random,feature_intelligence_cloud_interaction,0.05,122,1,0.002,600,499
structural_random,feature_intelligence_cloud_interaction,0.05,123,1,0.002,600,499
structural_random,feature_intelligence_cloud_interaction,0.05,124,1,0.002,600,499
structural_random,feature_intelligence_cloud_interaction,0.05,125,1,0.002,600,499
structural_random,feature_intelligence_cloud_interaction,0.05,126,1,0.002,600,499
structural_random,feature_intelligence_cloud_interaction,0.05,127,1,0.002,600,499
structural_random,feature_intelligence_cloud_interaction,0.05,128,1,0.002,600,499
structural_random,feature_intelligence_cloud_interaction,0.05,129,1,0.002,600,499
structural_random,feature_intelligence_cloud_interaction,0.05,130,1,0.002,600,499
structural_random,feature_intelligence_cloud_interaction,0.05,131,1,0.002,600,499
structural_random,feature_intelligence_cloud_interaction,0.05,132,1,0.002,600,499
structural_random,feature_intelligence_cloud_interaction,0.05,133,1,0.002,600,499
structural_random,feature_intelligence_cloud_interaction,0.05,134,1,0.002,600,499
structural_random,feature_intelligence_cloud_interaction,0.05,135,1,0.002,600,499
structural_random,feature_intelligence_cloud_interaction,0.05,136,1,0.002,600,499
structural_random,feature_intelligence_cloud_interaction,0.05,137,1,0.002,600,499
structural_random,feature_intelligence_cloud_interaction,0.05,138,1,0.002,600,499
structural_random,feature_intelligence_cloud_interaction,0.05,139,1,0.002,600,499
structural_random,feature_intelligence_cloud_interaction,0.05,140,1,0.002,600,499
structural_random,feature_intelligence_cloud_interaction,0.05,141,1,0.002,600,499
structural_random,feature_intelligence_cloud_interaction,0.05,142,1,0.002,600,499
structural_random,feature_intelligence_cloud_interaction,0.05,143,1,0.002,600,499
structural_random,feature_intelligence_cloud_interaction,0.05,144,1,0.002,600,499
structural_random,feature_intelligence_cloud_interaction,0.05,145,1,0.002,600,499
structural_random,feature_intelligence_cloud_interaction,0.05,146,1,0.002,600,499
structural_random,feature_intelligence_cloud_interaction,0.05,147,1,0.002,600,499
structural_random,feature_intelligence_cloud_interaction,0.05,148,1,0.002,600,499
structural_random,feature_intelligence_cloud_interaction,0.05,149,1,0.002,600,499
structural_random,feature_intelligence_cloud_interaction,0.05,150,1,0.002,600,499
structural_random,feature_intelligence_cloud_interaction,0.05,151,1,0.002,600,499
structural_random,feature_intelligence_cloud_interaction,0.05,152,1,0.002,600,499
structural_random,feature_intelligence_cloud_interaction,0.05,153,1,0.002,600,499
structural_random,feature_intelligence_cloud_interaction,0.05,154,1,0.002,600,499
structural_random,feature_intelligence_cloud_interaction,0.05,155,1,0.002,600,499
structural_random,feature_intelligence_cloud_interaction,0.05,156,1,0.002,600,499
structural_random,feature_intelligence_cloud_interaction,0.05,157,1,0.002,600,499
structural_random,feature_intelligence_cloud_interaction,0.05,158,1,0.002,600,499
structural_random,feature_intelligence_cloud_interaction,0.05,159,1,0.002,600,499
structural_random,feature_intelligence_cloud_interaction,0.05,160,1,0.002,600,499
structural_random,feature_intelligence_cloud_interaction,0.05,161,1,0.002,600,499
structural_random,feature_intelligence_cloud_interaction,0.05,162,1,0.002,600,499
structural_random,feature_intelligence_cloud_interaction,0.05,163,1,0.002,600,499
structural_random,feature_intelligence_cloud_interaction,0.05,164,1,0.002,600,499
structural_random,feature_intelligence_cloud_interaction,0.05,165,1,0.002,600,499
structural_random,feature_intelligence_cloud_interaction,0.05,166,1,0.002,600,499
structural_random,feature_intelligence_cloud_interaction,0.05,167,1,0.002,600,499
structural_random,feature_intelligence_cloud_interaction,0.05,168,1,0.002,600,499
structural_random,feature_intelligence_cloud_interaction,0.05,169,1,0.002,600,499
structural_random,feature_intelligence_cloud_interaction,0.05,170,1,0.002,600,499
structural_random,feature_intelligence_cloud_interaction,0.05,171,1,0.002,600,499
structural_random,feature_intelligence_cloud_interaction,0.05,172,1,0.002,600,499
structural_random,feature_intelligence_cloud_interaction,0.05,173,1,0.002,600,499
structural_random,feature_intelligence_cloud_interaction,0.05,174,1,0.002,600,499
structural_random,feature_intelligence_cloud_interaction,0.05,175,1,0.002,600,499
structural_random,feature_intelligence_cloud_interaction,0.05,176,1,0.002,600,499
structural_random,feature_intelligence_cloud_interaction,0.05,177,1,0.002,600,499
structural_random,feature_intelligence_cloud_interaction,0.05,178,1,0.002,600,499
structural_random,feature_intelligence_cloud_interaction,0.05,179,1,0.002,600,499
structural_random,feature_intelligence_cloud_interaction,0.05,180,1,0.002,600,499
structural_random,feature_intelligence_cloud_interaction,0.05,181,1,0.002,600,499
structural_random,feature_intelligence_cloud_interaction,0.05,182,1,0.002,600,499
structural_random,feature_intelligence_cloud_interaction,0.05,183,1,0.002,600,499
structural_random,feature_intelligence_cloud_interaction,0.05,184,1,0.002,600,499
structural_random,feature_intelligence_cloud_interaction,0.05,185,1,0.002,600,499
structural_random,feature_intelligence_cloud_interaction,0.05,186,1,0.002,600,499
structural_random,feature_intelligence_cloud_interaction,0.05,187,1,0.002,600,499
structural_random,feature_intelligence_cloud_interaction,0.05,188,1,0.002,600,499
structural_random,feature_intelligence_cloud_interaction,0.05,189,1,0.002,600,499
structural_random,feature_intelligence_cloud_interaction,0.05,190,1,0.002,600,499
structural_random,feature_intelligence_cloud_interaction,0.05,191,1,0.002,600,499
structural_random,feature_intelligence_cloud_interaction,0.05,192,1,0.002,600,499
structural_random,feature_intelligence_cloud_interaction,0.05,193,1,0.002,600,499
structural_random,feature_intelligence_cloud_interaction,0.05,194,1,0.002,600,499
structural_random,feature_intelligence_cloud_interaction,0.05,195,1,0.002,600,499
structural_random,feature_intelligence_cloud_interaction,0.05,196,1,0.002,600,499
structural_random,feature_intelligence_cloud_interaction,0.05,197,1,0.002,600,499
structural_random,feature_intelligence_cloud_interaction,0.05,198,1,0.002,600,499
structural_random,feature_intelligence_cloud_interaction,0.05,199,1,0.002,600,499
structural_random,random_0,0.05,0,1,0.002,600,499
structural_random,random_0,0.05,1,1,0.002,600,499
structural_random,random_0,0.05,2,1,0.002,600,499
structural_random,random_0,0.05,3,1,0.002,600,499
structural_random,random_0,0.05,4,1,0.002,600,499
structural_random,random_0,0.05,5,1,0.002,600,499
structural_random,random_0,0.05,6,1,0.002,600,499
structural_random,random_0,0.05,7,1,0.002,600,499
structural_random,random_0,0.05,8,1,0.002,600,499
structural_random,random_0,0.05,9,1,0.002,600,499
structural_random,random_0,0.05,10,1,0.002,600,499
structural_random,random_0,0.05,11,1,0.002,600,499
structural_random,random_0,0.05,12,1,0.002,600,499
structural_random,random_0,0.05,13,1,0.002,600,499
structural_random,random_0,0.05,14,1,0.002,600,499
structural_random,random_0,0.05,15,1,0.002,600,499
structural_random,random_0,0.05,16,1,0.002,600,499
structural_random,random_0,0.05,17,1,0.002,600,499
structural_random,random_0,0.05,18,1,0.002,600,499
structural_random,random_0,0.05,19,1,0.002,600,499
structural_random,random_0,0.05,20,1,0.002,600,499
structural_random,random_0,0.05,21,1,0.002,600,499
structural_random,random_0,0.05,22,1,0.002,600,499
structural_random,random_0,0.05,23,1,0.002,600,499
structural_random,random_0,0.05,24,1,0.002,600,499
structural_random,random_0,0.05,25,1,0.002,600,499
structural_random,random_0,0.05,26,1,0.002,600,499
structural_random,random_0,0.05,27,1,0.002,600,499
structural_random,random_0,0.05,28,1,0.002,600,499
structural_random,random_0,0.05,29,1,0.002,600,499
structural_random,random_0,0.05,30,1,0.002,600,499
structural_random,random_0,0.05,31,1,0.002,600,499
structural_random,random_0,0.05,32,1,0.002,600,499
structural_random,random_0,0.05,33,1,0.002,600,499
structural_random,random_0,0.05,34,1,0.002,600,499
structural_random,random_0,0.05,35,1,0.002,600,499
structural_random,random_0,0.05,36,1,0.002,600,499
structural_random,random_0,0.05,37,1,0.002,600,499
structural_random,random_0,0.05,38,1,0.002,600,499
structural_random,random_0,0.05,39,1,0.002,600,499
structural_random,random_0,0.05,40,1,0.002,600,499
structural_random,random_0,0.05,41,1,0.002,600,499
structural_random,random_0,0.05,42,1,0.002,600,499
structural_random,random_0,0.05,43,1,0.002,600,499
structural_random,random_0,0.05,44,1,0.002,600,499
structural_random,random_0,0.05,45,1,0.002,600,499
structural_random,random_0,0.05,46,1,0.002,600,499
structural_random,random_0,0.05,47,1,0.002,600,499
structural_random,random_0,0.05,48,1,0.002,600,499
structural_random,random_0,0.05,49,1,0.002,600,499
structural_random,random_0,0.05,50,1,0.002,600,499
structural_random,random_0,0.05,51,1,0.002,600,499
structural_random,random_0,0.05,52,1,0.002,600,499
structural_random,random_0,0.05,53,1,0.002,600,499
structural_random,random_0,0.05,54,1,0.002,600,499
structural_random,random_0,0.05,55,1,0.002,600,499
structural_random,random_0,0.05,56,1,0.002,600,499
structural_random,random_0,0.05,57,1,0.002,600,499
structural_random,random_0,0.05,58,1,0.002,600,499
structural_random,random_0,0.05,59,1,0.002,600,499
structural_random,random_0,0.05,60,1,0.002,600,499
structural_random,random_0,0.05,61,1,0.002,600,499
structural_random,random_0,0.05,62,1,0.002,600,499
structural_random,random_0,0.05,63,1,0.002,600,499
structural_random,random_0,0.05,64,1,0.002,600,499
structural_random,random_0,0.05,65,1,0.002,600,499
structural_random,random_0,0.05,66,1,0.002,600,499
structural_random,random_0,0.05,67,1,0.002,600,499
structural_random,random_0,0.05,68,1,0.002,600,499
structural_random,random_0,0.05,69,1,0.002,600,499
structural_random,random_0,0.05,70,1,0.002,600,499
structural_random,random_0,0.05,71,1,0.002,600,499
structural_random,random_0,0.05,72,1,0.002,600,499
structural_random,random_0,0.05,73,1,0.002,600,499
structural_random,random_0,0.05,74,1,0.002,600,499
structural_random,random_0,0.05,75,1,0.002,600,499
structural_random,random_0,0.05,76,1,0.002,600,499
structural_random,random_0,0.05,77,1,0.002,600,499
structural_random,random_0,0.05,78,1,0.002,600,499
structural_random,random_0,0.05,79,1,0.002,600,499
structural_random,random_0,0.05,80,1,0.002,600,499
structural_random,random_0,0.05,81,1,0.002,600,499
structural_random,random_0,0.05,82,1,0.002,600,499
structural_random,random_0,0.05,83,1,0.002,600,499
structural_random,random_0,0.05,84,1,0.002,600,499
structural_random,random_0,0.05,85,1,0.002,600,499
structural_random,random_0,0.05,86,1,0.002,600,499
structural_random,random_0,0.05,87,1,0.002,600,499
structural_random,random_0,0.05,88,1,0.002,600,499
structural_random,random_0,0.05,89,1,0.002,600,499
structural_random,random_0,0.05,90,1,0.002,600,499
structural_random,random_0,0.05,91,1,0.002,600,499
structural_random,random_0,0.05,92,1,0.002,600,499
structural_random,random_0,0.05,93,1,0.002,600,499
structural_random,random_0,0.05,94,1,0.002,600,499
structural_random,random_0,0.05,95,1,0.002,600,499
structural_random,random_0,0.05,96,1,0.002,600,499
structural_random,random_0,0.05,97,1,0.002,600,499
structural_random,random_0,0.05,98,1,0.002,600,499
structural_random,random_0,0.05,99,1,0.016,600,499
structural_random,random_0,0.05,100,1,0.002,600,499
structural_random,random_0,0.05,101,1,0.002,600,499
structural_random,random_0,0.05,102,1,0.002,600,499
structural_random,random_0,0.05,103,1,0.002,600,499
structural_random,random_0,0.05,104,1,0.002,600,499
structural_random,random_0,0.05,105,1,0.002,600,499
structural_random,random_0,0.05,106,1,0.002,600,499
structural_random,random_0,0.05,107,1,0.002,600,499
structural_random,random_0,0.05,108,1,0.002,600,499
structural_random,random_0,0.05,109,1,0.002,600,499
structural_random,random_0,0.05,110,1,0.002,600,499
structural_random,random_0,0.05,111,1,0.002,600,499
structural_random,random_0,0.05,112,1,0.002,600,499
structural_random,random_0,0.05,113,1,0.002,600,499
structural_random,random_0,0.05,114,1,0.002,600,499
structural_random,random_0,0.05,115,1,0.002,600,499
structural_random,random_0,0.05,116,1,0.002,600,499
structural_random,random_0,0.05,117,1,0.002,600,499
structural_random,random_0,0.05,118,1,0.002,600,499
structural_random,random_0,0.05,119,1,0.002,600,499
structural_random,random_0,0.05,120,1,0.002,600,499
structural_random,random_0,0.05,121,1,0.002,600,499
structural_random,random_0,0.05,122,1,0.002,600,499
structural_random,random_0,0.05,123,1,0.002,600,499
structural_random,random_0,0.05,124,1,0.002,600,499
structural_random,random_0,0.05,125,1,0.002,600,499
structural_random,random_0,0.05,126,1,0.002,600,499
structural_random,random_0,0.05,127,1,0.002,600,499
structural_random,random_0,0.05,128,1,0.002,600,499
structural_random,random_0,0.05,129,1,0.002,600,499
structural_random,random_0,0.05,130,1,0.002,600,499
structural_random,random_0,0.05,131,1,0.002,600,499
structural_random,random_0,0.05,132,1,0.002,600,499
structural_random,random_0,0.05,133,1,0.002,600,499
structural_random,random_0,0.05,134,1,0.002,600,499
structural_random,random_0,0.05,135,1,0.002,600,499
structural_random,random_0,0.05,136,1,0.002,600,499
structural_random,random_0,0.05,137,1,0.002,600,499
structural_random,random_0,0.05,138,1,0.002,600,499
structural_random,random_0,0.05,139,1,0.002,600,499
structural_random,random_0,0.05,140,1,0.002,600,499
structural_random,random_0,0.05,141,1,0.002,600,499
structural_random,random_0,0.05,142,1,0.002,600,499
structural_random,random_0,0.05,143,1,0.002,600,499
structural_random,random_0,0.05,144,1,0.002,600,499
structural_random,random_0,0.05,145,1,0.002,600,499
structural_random,random_0,0.05,146,1,0.002,600,499
structural_random,random_0,0.05,147,1,0.002,600,499
structural_random,random_0,0.05,148,1,0.002,600,499
structural_random,random_0,0.05,149,1,0.002,600,499
structural_random,random_0,0.05,150,1,0.002,600,499
structural_random,random_0,0.05,151,1,0.002,600,499
structural_random,random_0,0.05,152,1,0.002,600,499
structural_random,random_0,0.05,153,1,0.002,600,499
structural_random,random_0,0.05,154,1,0.002,600,499
structural_random,random_0,0.05,155,1,0.002,600,499
structural_random,random_0,0.05,156,1,0.002,600,499
structural_random,random_0,0.05,157,1,0.002,600,499
structural_random,random_0,0.05,158,1,0.002,600,499
structural_random,random_0,0.05,159,1,0.002,600,499
structural_random,random_0,0.05,160,1,0.002,600,499
structural_random,random_0,0.05,161,1,0.002,600,499
structural_random,random_0,0.05,162,1,0.002,600,499
structural_random,random_0,0.05,163,1,0.002,600,499
structural_random,random_0,0.05,164,1,0.002,600,499
structural_random,random_0,0.05,165,1,0.002,600,499
structural_random,random_0,0.05,166,1,0.002,600,499
structural_random,random_0,0.05,167,1,0.002,600,499
structural_random,random_0,0.05,168,1,0.002,600,499
structural_random,random_0,0.05,169,1,0.002,600,499
structural_random,random_0,0.05,170,1,0.002,600,499
structural_random,random_0,0.05,171,1,0.002,600,499
structural_random,random_0,0.05,172,1,0.002,600,499
structural_random,random_0,0.05,173,1,0.002,600,499
structural_random,random_0,0.05,174,1,0.002,600,499
structural_random,random_0,0.05,175,1,0.002,600,499
structural_random,random_0,0.05,176,1,0.002,600,499
structural_random,random_0,0.05,177,1,0.002,600,499
structural_random,random_0,0.05,178,1,0.002,600,499
structural_random,random_0,0.05,179,1,0.002,600,499
structural_random,random_0,0.05,180,1,0.002,600,499
structural_random,random_0,0.05,181,1,0.002,600,499
structural_random,random_0,0.05,182,1,0.002,600,499
structural_random,random_0,0.05,183,1,0.002,600,499
structural_random,random_0,0.05,184,1,0.002,600,499
structural_random,random_0,0.05,185,1,0.002,600,499
structural_random,random_0,0.05,186,1,0.002,600,499
structural_random,random_0,0.05,187,1,0.002,600,499
structural_random,random_0,0.05,188,1,0.002,600,499
structural_random,random_0,0.05,189,1,0.002,600,499
structural_random,random_0,0.05,190,1,0.002,600,499
structural_random,random_0,0.05,191,1,0.002,600,499
structural_random,random_0,0.05,192,1,0.002,600,499
structural_random,random_0,0.05,193,1,0.002,600,499
structural_random,random_0,0.05,194,1,0.002,600,499
structural_random,random_0,0.05,195,1,0.002,600,499
structural_random,random_0,0.05,196,1,0.002,600,499
structural_random,random_0,0.05,197,1,0.002,600,499
structural_random,random_0,0.05,198,1,0.002,600,499
structural_random,random_0,0.05,199,1,0.002,600,499
structural_random,random_1,0.05,0,1,0.002,600,499
structural_random,random_1,0.05,1,1,0.002,600,499
structural_random,random_1,0.05,2,1,0.002,600,499
structural_random,random_1,0.05,3,1,0.002,600,499
structural_random,random_1,0.05,4,1,0.002,600,499
structural_random,random_1,0.05,5,1,0.002,600,499
structural_random,random_1,0.05,6,1,0.002,600,499
structural_random,random_1,0.05,7,1,0.002,600,499
structural_random,random_1,0.05,8,1,0.002,600,499
structural_random,random_1,0.05,9,1,0.002,600,499
structural_random,random_1,0.05,10,1,0.002,600,499
structural_random,random_1,0.05,11,1,0.002,600,499
structural_random,random_1,0.05,12,1,0.002,600,499
structural_random,random_1,0.05,13,1,0.002,600,499
structural_random,random_1,0.05,14,1,0.002,600,499
structural_random,random_1,0.05,15,1,0.002,600,499
structural_random,random_1,0.05,16,1,0.002,600,499
structural_random,random_1,0.05,17,1,0.002,600,499
structural_random,random_1,0.05,18,1,0.002,600,499
structural_random,random_1,0.05,19,1,0.002,600,499
structural_random,random_1,0.05,20,1,0.002,600,499
structural_random,random_1,0.05,21,1,0.002,600,499
structural_random,random_1,0.05,22,1,0.002,600,499
structural_random,random_1,0.05,23,1,0.002,600,499
structural_random,random_1,0.05,24,1,0.002,600,499
structural_random,random_1,0.05,25,1,0.002,600,499
structural_random,random_1,0.05,26,1,0.002,600,499
structural_random,random_1,0.05,27,1,0.002,600,499
structural_random,random_1,0.05,28,1,0.002,600,499
structural_random,random_1,0.05,29,1,0.002,600,499
structural_random,random_1,0.05,30,1,0.002,600,499
structural_random,random_1,0.05,31,1,0.002,600,499
structural_random,random_1,0.05,32,1,0.002,600,499
structural_random,random_1,0.05,33,1,0.002,600,499
structural_random,random_1,0.05,34,1,0.002,600,499
structural_random,random_1,0.05,35,1,0.002,600,499
structural_random,random_1,0.05,36,1,0.002,600,499
structural_random,random_1,0.05,37,1,0.002,600,499
structural_random,random_1,0.05,38,1,0.002,600,499
structural_random,random_1,0.05,39,1,0.002,600,499
structural_random,random_1,0.05,40,1,0.002,600,499
structural_random,random_1,0.05,41,1,0.002,600,499
structural_random,random_1,0.05,42,1,0.002,600,499
structural_random,random_1,0.05,43,1,0.002,600,499
structural_random,random_1,0.05,44,1,0.002,600,499
structural_random,random_1,0.05,45,1,0.002,600,499
structural_random,random_1,0.05,46,1,0.002,600,499
structural_random,random_1,0.05,47,1,0.002,600,499
structural_random,random_1,0.05,48,1,0.002,600,499
structural_random,random_1,0.05,49,1,0.002,600,499
structural_random,random_1,0.05,50,1,0.002,600,499
structural_random,random_1,0.05,51,1,0.002,600,499
structural_random,random_1,0.05,52,1,0.002,600,499
structural_random,random_1,0.05,53,1,0.002,600,499
structural_random,random_1,0.05,54,1,0.002,600,499
structural_random,random_1,0.05,55,1,0.002,600,499
structural_random,random_1,0.05,56,1,0.002,600,499
structural_random,random_1,0.05,57,1,0.002,600,499
structural_random,random_1,0.05,58,1,0.002,600,499
structural_random,random_1,0.05,59,1,0.002,600,499
structural_random,random_1,0.05,60,1,0.002,600,499
structural_random,random_1,0.05,61,1,0.002,600,499
structural_random,random_1,0.05,62,1,0.002,600,499
structural_random,random_1,0.05,63,1,0.002,600,499
structural_random,random_1,0.05,64,1,0.002,600,499
structural_random,random_1,0.05,65,1,0.002,600,499
structural_random,random_1,0.05,66,1,0.002,600,499
structural_random,random_1,0.05,67,1,0.002,600,499
structural_random,random_1,0.05,68,1,0.002,600,499
structural_random,random_1,0.05,69,1,0.002,600,499
structural_random,random_1,0.05,70,1,0.002,600,499
structural_random,random_1,0.05,71,1,0.002,600,499
structural_random,random_1,0.05,72,1,0.002,600,499
structural_random,random_1,0.05,73,1,0.002,600,499
structural_random,random_1,0.05,74,1,0.002,600,499
structural_random,random_1,0.05,75,1,0.002,600,499
structural_random,random_1,0.05,76,1,0.002,600,499
structural_random,random_1,0.05,77,1,0.002,600,499
structural_random,random_1,0.05,78,1,0.002,600,499
structural_random,random_1,0.05,79,1,0.002,600,499
structural_random,random_1,0.05,80,1,0.002,600,499
structural_random,random_1,0.05,81,1,0.002,600,499
structural_random,random_1,0.05,82,1,0.002,600,499
structural_random,random_1,0.05,83,1,0.002,600,499
structural_random,random_1,0.05,84,1,0.002,600,499
structural_random,random_1,0.05,85,1,0.002,600,499
structural_random,random_1,0.05,86,1,0.002,600,499
structural_random,random_1,0.05,87,1,0.002,600,499
structural_random,random_1,0.05,88,1,0.002,600,499
structural_random,random_1,0.05,89,1,0.002,600,499
structural_random,random_1,0.05,90,1,0.002,600,499
structural_random,random_1,0.05,91,1,0.002,600,499
structural_random,random_1,0.05,92,1,0.002,600,499
structural_random,random_1,0.05,93,1,0.002,600,499
structural_random,random_1,0.05,94,1,0.002,600,499
structural_random,random_1,0.05,95,1,0.002,600,499
structural_random,random_1,0.05,96,1,0.002,600,499
structural_random,random_1,0.05,97,1,0.002,600,499
structural_random,random_1,0.05,98,1,0.002,600,499
structural_random,random_1,0.05,99,1,0.002,600,499
structural_random,random_1,0.05,100,1,0.002,600,499
structural_random,random_1,0.05,101,1,0.002,600,499
structural_random,random_1,0.05,102,1,0.002,600,499
structural_random,random_1,0.05,103,1,0.002,600,499
structural_random,random_1,0.05,104,1,0.002,600,499
structural_random,random_1,0.05,105,1,0.002,600,499
structural_random,random_1,0.05,106,1,0.002,600,499
structural_random,random_1,0.05,107,1,0.002,600,499
structural_random,random_1,0.05,108,1,0.002,600,499
structural_random,random_1,0.05,109,1,0.002,600,499
structural_random,random_1,0.05,110,1,0.002,600,499
structural_random,random_1,0.05,111,1,0.002,600,499
structural_random,random_1,0.05,112,1,0.002,600,499
structural_random,random_1,0.05,113,1,0.002,600,499
structural_random,random_1,0.05,114,1,0.002,600,499
structural_random,random_1,0.05,115,1,0.002,600,499
structural_random,random_1,0.05,116,1,0.002,600,499
structural_random,random_1,0.05,117,1,0.002,600,499
structural_random,random_1,0.05,118,1,0.002,600,499
structural_random,random_1,0.05,119,1,0.002,600,499
structural_random,random_1,0.05,120,1,0.002,600,499
structural_random,random_1,0.05,121,1,0.002,600,499
structural_random,random_1,0.05,122,1,0.002,600,499
structural_random,random_1,0.05,123,1,0.002,600,499
structural_random,random_1,0.05,124,1,0.002,600,499
structural_random,random_1,0.05,125,1,0.002,600,499
structural_random,random_1,0.05,126,1,0.002,600,499
structural_random,random_1,0.05,127,1,0.002,600,499
structural_random,random_1,0.05,128,1,0.002,600,499
structural_random,random_1,0.05,129,1,0.002,600,499
structural_random,random_1,0.05,130,1,0.002,600,499
structural_random,random_1,0.05,131,1,0.002,600,499
structural_random,random_1,0.05,132,1,0.002,600,499
structural_random,random_1,0.05,133,1,0.002,600,499
structural_random,random_1,0.05,134,1,0.002,600,499
structural_random,random_1,0.05,135,1,0.002,600,499
structural_random,random_1,0.05,136,1,0.002,600,499
structural_random,random_1,0.05,137,1,0.002,600,499
structural_random,random_1,0.05,138,1,0.002,600,499
structural_random,random_1,0.05,139,1,0.002,600,499
structural_random,random_1,0.05,140,1,0.002,600,499
structural_random,random_1,0.05,141,1,0.002,600,499
structural_random,random_1,0.05,142,1,0.002,600,499
structural_random,random_1,0.05,143,1,0.002,600,499
structural_random,random_1,0.05,144,1,0.002,600,499
structural_random,random_1,0.05,145,1,0.002,600,499
structural_random,random_1,0.05,146,1,0.002,600,499
structural_random,random_1,0.05,147,1,0.002,600,499
structural_random,random_1,0.05,148,1,0.002,600,499
structural_random,random_1,0.05,149,1,0.002,600,499
structural_random,random_1,0.05,150,1,0.002,600,499
structural_random,random_1,0.05,151,1,0.002,600,499
structural_random,random_1,0.05,152,1,0.002,600,499
structural_random,random_1,0.05,153,1,0.002,600,499
structural_random,random_1,0.05,154,1,0.002,600,499
structural_random,random_1,0.05,155,1,0.002,600,499
structural_random,random_1,0.05,156,1,0.002,600,499
structural_random,random_1,0.05,157,1,0.002,600,499
structural_random,random_1,0.05,158,1,0.002,600,499
structural_random,random_1,0.05,159,1,0.002,600,499
structural_random,random_1,0.05,160,1,0.002,600,499
structural_random,random_1,0.05,161,1,0.002,600,499
structural_random,random_1,0.05,162,1,0.002,600,499
structural_random,random_1,0.05,163,1,0.002,600,499
structural_random,random_1,0.05,164,1,0.002,600,499
structural_random,random_1,0.05,165,1,0.002,600,499
structural_random,random_1,0.05,166,1,0.002,600,499
structural_random,random_1,0.05,167,1,0.002,600,499
structural_random,random_1,0.05,168,1,0.002,600,499
structural_random,random_1,0.05,169,1,0.002,600,499
structural_random,random_1,0.05,170,1,0.002,600,499
structural_random,random_1,0.05,171,1,0.002,600,499
structural_random,random_1,0.05,172,1,0.002,600,499
structural_random,random_1,0.05,173,1,0.002,600,499
structural_random,random_1,0.05,174,1,0.002,600,499
structural_random,random_1,0.05,175,1,0.002,600,499
structural_random,random_1,0.05,176,1,0.002,600,499
structural_random,random_1,0.05,177,1,0.002,600,499
structural_random,random_1,0.05,178,1,0.002,600,499
structural_random,random_1,0.05,179,1,0.002,600,499
structural_random,random_1,0.05,180,1,0.002,600,499
structural_random,random_1,0.05,181,1,0.002,600,499
structural_random,random_1,0.05,182,1,0.002,600,499
structural_random,random_1,0.05,183,1,0.002,600,499
structural_random,random_1,0.05,184,1,0.002,600,499
structural_random,random_1,0.05,185,1,0.002,600,499
structural_random,random_1,0.05,186,1,0.002,600,499
structural_random,random_1,0.05,187,1,0.002,600,499
structural_random,random_1,0.05,188,1,0.002,600,499
structural_random,random_1,0.05,189,1,0.002,600,499
structural_random,random_1,0.05,190,1,0.002,600,499
structural_random,random_1,0.05,191,1,0.002,600,499
structural_random,random_1,0.05,192,1,0.002,600,499
structural_random,random_1,0.05,193,1,0.002,600,499
structural_random,random_1,0.05,194,1,0.002,600,499
structural_random,random_1,0.05,195,1,0.002,600,499
structural_random,random_1,0.05,196,1,0.002,600,499
structural_random,random_1,0.05,197,1,0.002,600,499
structural_random,random_1,0.05,198,1,0.002,600,499
structural_random,random_1,0.05,199,1,0.002,600,499
structural_random,random_2,0.05,0,1,0.004,600,499
structural_random,random_2,0.05,1,1,0.002,600,499
structural_random,random_2,0.05,2,1,0.002,600,499
structural_random,random_2,0.05,3,1,0.002,600,499
structural_random,random_2,0.05,4,1,0.002,600,499
structural_random,random_2,0.05,5,1,0.002,600,499
structural_random,random_2,0.05,6,1,0.002,600,499
structural_random,random_2,0.05,7,1,0.002,600,499
structural_random,random_2,0.05,8,1,0.002,600,499
structural_random,random_2,0.05,9,1,0.002,600,499
structural_random,random_2,0.05,10,1,0.002,600,499
structural_random,random_2,0.05,11,1,0.002,600,499
structural_random,random_2,0.05,12,1,0.002,600,499
structural_random,random_2,0.05,13,1,0.002,600,499
structural_random,random_2,0.05,14,1,0.002,600,499
structural_random,random_2,0.05,15,1,0.01,600,499
structural_random,random_2,0.05,16,1,0.002,600,499
structural_random,random_2,0.05,17,1,0.004,600,499
structural_random,random_2,0.05,18,1,0.002,600,499
structural_random,random_2,0.05,19,1,0.022,600,499
structural_random,random_2,0.05,20,1,0.002,600,499
structural_random,random_2,0.05,21,1,0.004,600,499
structural_random,random_2,0.05,22,1,0.002,600,499
structural_random,random_2,0.05,23,1,0.008,600,499
structural_random,random_2,0.05,24,1,0.002,600,499
structural_random,random_2,0.05,25,1,0.036,600,499
structural_random,random_2,0.05,26,1,0.002,600,499
structural_random,random_2,0.05,27,1,0.002,600,499
structural_random,random_2,0.05,28,1,0.002,600,499
structural_random,random_2,0.05,29,1,0.008,600,499
structural_random,random_2,0.05,30,1,0.002,600,499
structural_random,random_2,0.05,31,1,0.002,600,499
structural_random,random_2,0.05,32,1,0.002,600,499
structural_random,random_2,0.05,33,1,0.002,600,499
structural_random,random_2,0.05,34,0,0.086,600,499
structural_random,random_2,0.05,35,1,0.002,600,499
structural_random,random_2,0.05,36,1,0.002,600,499
structural_random,random_2,0.05,37,1,0.002,600,499
structural_random,random_2,0.05,38,1,0.002,600,499
structural_random,random_2,0.05,39,1,0.002,600,499
structural_random,random_2,0.05,40,1,0.002,600,499
structural_random,random_2,0.05,41,1,0.002,600,499
structural_random,random_2,0.05,42,1,0.002,600,499
structural_random,random_2,0.05,43,1,0.002,600,499
structural_random,random_2,0.05,44,1,0.002,600,499
structural_random,random_2,0.05,45,1,0.002,600,499
structural_random,random_2,0.05,46,1,0.002,600,499
structural_random,random_2,0.05,47,1,0.002,600,499
structural_random,random_2,0.05,48,1,0.002,600,499
structural_random,random_2,0.05,49,1,0.002,600,499
structural_random,random_2,0.05,50,1,0.002,600,499
structural_random,random_2,0.05,51,1,0.006,600,499
structural_random,random_2,0.05,52,1,0.008,600,499
structural_random,random_2,0.05,53,1,0.002,600,499
structural_random,random_2,0.05,54,1,0.002,600,499
structural_random,random_2,0.05,55,1,0.002,600,499
structural_random,random_2,0.05,56,1,0.002,600,499
structural_random,random_2,0.05,57,1,0.002,600,499
structural_random,random_2,0.05,58,1,0.002,600,499
structural_random,random_2,0.05,59,1,0.002,600,499
structural_random,random_2,0.05,60,1,0.002,600,499
structural_random,random_2,0.05,61,1,0.002,600,499
structural_random,random_2,0.05,62,1,0.002,600,499
structural_random,random_2,0.05,63,1,0.002,600,499
structural_random,random_2,0.05,64,1,0.004,600,499
structural_random,random_2,0.05,65,1,0.002,600,499
structural_random,random_2,0.05,66,1,0.002,600,499
structural_random,random_2,0.05,67,1,0.002,600,499
structural_random,random_2,0.05,68,1,0.002,600,499
structural_random,random_2,0.05,69,1,0.002,600,499
structural_random,random_2,0.05,70,1,0.002,600,499
structural_random,random_2,0.05,71,1,0.002,600,499
structural_random,random_2,0.05,72,1,0.002,600,499
structural_random,random_2,0.05,73,1,0.002,600,499
structural_random,random_2,0.05,74,1,0.004,600,499
structural_random,random_2,0.05,75,1,0.002,600,499
structural_random,random_2,0.05,76,1,0.002,600,499
structural_random,random_2,0.05,77,1,0.002,600,499
structural_random,random_2,0.05,78,1,0.002,600,499
structural_random,random_2,0.05,79,1,0.002,600,499
structural_random,random_2,0.05,80,1,0.002,600,499
structural_random,random_2,0.05,81,1,0.002,600,499
structural_random,random_2,0.05,82,1,0.002,600,499
structural_random,random_2,0.05,83,1,0.002,600,499
structural_random,random_2,0.05,84,1,0.002,600,499
structural_random,random_2,0.05,85,1,0.03,600,499
structural_random,random_2,0.05,86,1,0.002,600,499
structural_random,random_2,0.05,87,1,0.002,600,499
structural_random,random_2,0.05,88,1,0.004,600,499
structural_random,random_2,0.05,89,1,0.002,600,499
structural_random,random_2,0.05,90,1,0.004,600,499
structural_random,random_2,0.05,91,1,0.008,600,499
structural_random,random_2,0.05,92,1,0.002,600,499
structural_random,random_2,0.05,93,1,0.002,600,499
structural_random,random_2,0.05,94,1,0.002,600,499
structural_random,random_2,0.05,95,1,0.002,600,499
structural_random,random_2,0.05,96,1,0.002,600,499
structural_random,random_2,0.05,97,1,0.002,600,499
structural_random,random_2,0.05,98,0,0.078,600,499
structural_random,random_2,0.05,99,0,0.416,600,499
structural_random,random_2,0.05,100,1,0.002,600,499
structural_random,random_2,0.05,101,1,0.002,600,499
structural_random,random_2,0.05,102,1,0.002,600,499
structural_random,random_2,0.05,103,1,0.004,600,499
structural_random,random_2,0.05,104,1,0.002,600,499
structural_random,random_2,0.05,105,1,0.002,600,499
structural_random,random_2,0.05,106,1,0.002,600,499
structural_random,random_2,0.05,107,1,0.002,600,499
structural_random,random_2,0.05,108,1,0.002,600,499
structural_random,random_2,0.05,109,1,0.002,600,499
structural_random,random_2,0.05,110,1,0.002,600,499
structural_random,random_2,0.05,111,1,0.002,600,499
structural_random,random_2,0.05,112,1,0.002,600,499
structural_random,random_2,0.05,113,1,0.002,600,499
structural_random,random_2,0.05,114,1,0.002,600,499
structural_random,random_2,0.05,115,1,0.002,600,499
structural_random,random_2,0.05,116,1,0.002,600,499
structural_random,random_2,0.05,117,1,0.002,600,499
structural_random,random_2,0.05,118,1,0.002,600,499
structural_random,random_2,0.05,119,1,0.002,600,499
structural_random,random_2,0.05,120,1,0.002,600,499
structural_random,random_2,0.05,121,1,0.004,600,499
structural_random,random_2,0.05,122,1,0.002,600,499
structural_random,random_2,0.05,123,1,0.002,600,499
structural_random,random_2,0.05,124,1,0.002,600,499
structural_random,random_2,0.05,125,1,0.002,600,499
structural_random,random_2,0.05,126,1,0.002,600,499
structural_random,random_2,0.05,127,1,0.002,600,499
structural_random,random_2,0.05,128,1,0.002,600,499
structural_random,random_2,0.05,129,1,0.002,600,499
structural_random,random_2,0.05,130,1,0.002,600,499
structural_random,random_2,0.05,131,1,0.002,600,499
structural_random,random_2,0.05,132,1,0.002,600,499
structural_random,random_2,0.05,133,1,0.002,600,499
structural_random,random_2,0.05,134,1,0.002,600,499
structural_random,random_2,0.05,135,1,0.002,600,499
structural_random,random_2,0.05,136,1,0.002,600,499
structural_random,random_2,0.05,137,1,0.004,600,499
structural_random,random_2,0.05,138,1,0.004,600,499
structural_random,random_2,0.05,139,1,0.002,600,499
structural_random,random_2,0.05,140,1,0.004,600,499
structural_random,random_2,0.05,141,1,0.002,600,499
structural_random,random_2,0.05,142,1,0.002,600,499
structural_random,random_2,0.05,143,1,0.004,600,499
structural_random,random_2,0.05,144,1,0.002,600,499
structural_random,random_2,0.05,145,1,0.002,600,499
structural_random,random_2,0.05,146,1,0.002,600,499
structural_random,random_2,0.05,147,1,0.01,600,499
structural_random,random_2,0.05,148,1,0.002,600,499
structural_random,random_2,0.05,149,1,0.002,600,499
structural_random,random_2,0.05,150,1,0.002,600,499
structural_random,random_2,0.05,151,1,0.008,600,499
structural_random,random_2,0.05,152,1,0.002,600,499
structural_random,random_2,0.05,153,1,0.002,600,499
structural_random,random_2,0.05,154,1,0.002,600,499
structural_random,random_2,0.05,155,1,0.002,600,499
structural_random,random_2,0.05,156,1,0.002,600,499
structural_random,random_2,0.05,157,1,0.048,600,499
structural_random,random_2,0.05,158,1,0.002,600,499
structural_random,random_2,0.05,159,1,0.002,600,499
structural_random,random_2,0.05,160,1,0.002,600,499
structural_random,random_2,0.05,161,1,0.002,600,499
structural_random,random_2,0.05,162,1,0.002,600,499
structural_random,random_2,0.05,163,1,0.002,600,499
structural_random,random_2,0.05,164,1,0.006,600,499
structural_random,random_2,0.05,165,1,0.002,600,499
structural_random,random_2,0.05,166,1,0.002,600,499
structural_random,random_2,0.05,167,1,0.002,600,499
structural_random,random_2,0.05,168,1,0.002,600,499
structural_random,random_2,0.05,169,1,0.002,600,499
structural_random,random_2,0.05,170,1,0.014,600,499
structural_random,random_2,0.05,171,1,0.002,600,499
structural_random,random_2,0.05,172,1,0.022,600,499
structural_random,random_2,0.05,173,1,0.002,600,499
structural_random,random_2,0.05,174,1,0.002,600,499
structural_random,random_2,0.05,175,1,0.002,600,499
structural_random,random_2,0.05,176,1,0.002,600,499
structural_random,random_2,0.05,177,1,0.002,600,499
structural_random,random_2,0.05,178,1,0.002,600,499
structural_random,random_2,0.05,179,1,0.002,600,499
structural_random,random_2,0.05,180,1,0.002,600,499
structural_random,random_2,0.05,181,1,0.01,600,499
structural_random,random_2,0.05,182,0,0.076,600,499
structural_random,random_2,0.05,183,1,0.004,600,499
structural_random,random_2,0.05,184,1,0.002,600,499
structural_random,random_2,0.05,185,1,0.002,600,499
structural_random,random_2,0.05,186,1,0.002,600,499
structural_random,random_2,0.05,187,1,0.002,600,499
structural_random,random_2,0.05,188,1,0.002,600,499
structural_random,random_2,0.05,189,1,0.002,600,499
structural_random,random_2,0.05,190,1,0.002,600,499
structural_random,random_2,0.05,191,1,0.002,600,499
structural_random,random_2,0.05,192,1,0.002,600,499
structural_random,random_2,0.05,193,1,0.002,600,499
structural_random,random_2,0.05,194,1,0.002,600,499
structural_random,random_2,0.05,195,1,0.002,600,499
structural_random,random_2,0.05,196,1,0.002,600,499
structural_random,random_2,0.05,197,1,0.004,600,499
structural_random,random_2,0.05,198,1,0.004,600,499
structural_random,random_2,0.05,199,1,0.002,600,499
structural_random,random_3,0.05,0,0,0.614,600,499
structural_random,random_3,0.05,1,0,0.61,600,499
structural_random,random_3,0.05,2,0,0.204,600,499
structural_random,random_3,0.05,3,0,0.73,600,499
structural_random,random_3,0.05,4,0,0.202,600,499
structural_random,random_3,0.05,5,0,0.152,600,499
structural_random,random_3,0.05,6,0,0.226,600,499
structural_random,random_3,0.05,7,1,0.008,600,499
structural_random,random_3,0.05,8,0,0.128,600,499
structural_random,random_3,0.05,9,0,0.146,600,499
structural_random,random_3,0.05,10,0,0.172,600,499
structural_random,random_3,0.05,11,0,0.102,600,499
structural_random,random_3,0.05,12,0,0.414,600,499
structural_random,random_3,0.05,13,0,0.202,600,499
structural_random,random_3,0.05,14,0,0.454,600,499
structural_random,random_3,0.05,15,0,0.212,600,499
structural_random,random_3,0.05,16,1,0.004,600,499
structural_random,random_3,0.05,17,0,0.1,600,499
structural_random,random_3,0.05,18,0,0.058,600,499
structural_random,random_3,0.05,19,0,0.692,600,499
structural_random,random_3,0.05,20,0,0.282,600,499
structural_random,random_3,0.05,21,0,0.72,600,499
structural_random,random_3,0.05,22,1,0.004,600,499
structural_random,random_3,0.05,23,0,0.702,600,499
structural_random,random_3,0.05,24,0,0.664,600,499
structural_random,random_3,0.05,25,1,0.048,600,499
structural_random,random_3,0.05,26,0,0.142,600,499
structural_random,random_3,0.05,27,0,0.214,600,499
structural_random,random_3,0.05,28,0,0.052,600,499
structural_random,random_3,0.05,29,0,0.432,600,499
structural_random,random_3,0.05,30,0,0.052,600,499
structural_random,random_3,0.05,31,0,0.38,600,499
structural_random,random_3,0.05,32,0,0.086,600,499
structural_random,random_3,0.05,33,0,0.194,600,499
structural_random,random_3,0.05,34,0,0.862,600,499
structural_random,random_3,0.05,35,1,0.008,600,499
structural_random,random_3,0.05,36,0,0.074,600,499
structural_random,random_3,0.05,37,1,0.012,600,499
structural_random,random_3,0.05,38,0,0.298,600,499
structural_random,random_3,0.05,39,0,0.164,600,499
structural_random,random_3,0.05,40,0,0.736,600,499
structural_random,random_3,0.05,41,0,0.096,600,499
structural_random,random_3,0.05,42,1,0.002,600,499
structural_random,random_3,0.05,43,0,0.132,600,499
structural_random,random_3,0.05,44,0,0.406,600,499
structural_random,random_3,0.05,45,1,0.008,600,499
structural_random,random_3,0.05,46,0,0.102,600,499
structural_random,random_3,0.05,47,0,0.834,600,499
structural_random,random_3,0.05,48,0,0.562,600,499
structural_random,random_3,0.05,49,0,0.688,600,499
structural_random,random_3,0.05,50,0,0.536,600,499
structural_random,random_3,0.05,51,0,0.426,600,499
structural_random,random_3,0.05,52,0,0.758,600,499
structural_random,random_3,0.05,53,1,0.004,600,499
structural_random,random_3,0.05,54,1,0.03,600,499
structural_random,random_3,0.05,55,1,0.006,600,499
structural_random,random_3,0.05,56,1,0.012,600,499
structural_random,random_3,0.05,57,0,0.396,600,499
structural_random,random_3,0.05,58,0,0.084,600,499
structural_random,random_3,0.05,59,0,0.292,600,499
structural_random,random_3,0.05,60,0,0.468,600,499
structural_random,random_3,0.05,61,0,0.25,600,499
structural_random,random_3,0.05,62,1,0.008,600,499
structural_random,random_3,0.05,63,0,0.218,600,499
structural_random,random_3,0.05,64,0,0.8,600,499
structural_random,random_3,0.05,65,0,0.358,600,499
structural_random,random_3,0.05,66,1,0.002,600,499
structural_random,random_3,0.05,67,0,0.598,600,499
structural_random,random_3,0.05,68,0,0.104,600,499
structural_random,random_3,0.05,69,1,0.004,600,499
structural_random,random_3,0.05,70,0,0.11,600,499
structural_random,random_3,0.05,71,0,0.052,600,499
structural_random,random_3,0.05,72,0,0.574,600,499
structural_random,random_3,0.05,73,1,0.004,600,499
structural_random,random_3,0.05,74,0,0.606,600,499
structural_random,random_3,0.05,75,1,0.026,600,499
structural_random,random_3,0.05,76,1,0.04,600,499
structural_random,random_3,0.05,77,1,0.01,600,499
structural_random,random_3,0.05,78,1,0.036,600,499
structural_random,random_3,0.05,79,1,0.032,600,499
structural_random,random_3,0.05,80,0,0.238,600,499
structural_random,random_3,0.05,81,0,0.434,600,499
structural_random,random_3,0.05,82,0,0.352,600,499
structural_random,random_3,0.05,83,0,0.16,600,499
structural_random,random_3,0.05,84,0,0.052,600,499
structural_random,random_3,0.05,85,0,0.48,600,499
structural_random,random_3,0.05,86,0,0.438,600,499
structural_random,random_3,0.05,87,0,0.41,600,499
structural_random,random_3,0.05,88,0,0.738,600,499
structural_random,random_3,0.05,89,0,0.086,600,499
structural_random,random_3,0.05,90,0,0.692,600,499
structural_random,random_3,0.05,91,0,0.944,600,499
structural_random,random_3,0.05,92,0,0.25,600,499
structural_random,random_3,0.05,93,0,0.214,600,499
structural_random,random_3,0.05,94,1,0.026,600,499
structural_random,random_3,0.05,95,0,0.234,600,499
structural_random,random_3,0.05,96,0,0.194,600,499
structural_random,random_3,0.05,97,0,0.496,600,499
structural_random,random_3,0.05,98,0,0.556,600,499
structural_random,random_3,0.05,99,0,0.79,600,499
structural_random,random_3,0.05,100,0,0.096,600,499
structural_random,random_3,0.05,101,0,0.62,600,499
structural_random,random_3,0.05,102,0,0.09,600,499
structural_random,random_3,0.05,103,0,0.524,600,499
structural_random,random_3,0.05,104,0,0.1,600,499
structural_random,random_3,0.05,105,0,0.26,600,499
structural_random,random_3,0.05,106,1,0.008,600,499
structural_random,random_3,0.05,107,0,0.05,600,499
structural_random,random_3,0.05,108,0,0.222,600,499
structural_random,random_3,0.05,109,1,0.004,600,499
structural_random,random_3,0.05,110,0,0.446,600,499
structural_random,random_3,0.05,111,0,0.13,600,499
structural_random,random_3,0.05,112,0,0.554,600,499
structural_random,random_3,0.05,113,0,0.506,600,499
structural_random,random_3,0.05,114,0,0.526,600,499
structural_random,random_3,0.05,115,0,0.662,600,499
structural_random,random_3,0.05,116,0,0.31,600,499
structural_random,random_3,0.05,117,0,0.242,600,499
structural_random,random_3,0.05,118,0,0.586,600,499
structural_random,random_3,0.05,119,0,0.07,600,499
structural_random,random_3,0.05,120,0,0.404,600,499
structural_random,random_3,0.05,121,0,0.182,600,499
structural_random,random_3,0.05,122,1,0.03,600,499
structural_random,random_3,0.05,123,0,0.152,600,499
structural_random,random_3,0.05,124,0,0.44,600,499
structural_random,random_3,0.05,125,0,0.386,600,499
structural_random,random_3,0.05,126,0,0.242,600,499
structural_random,random_3,0.05,127,0,0.12,600,499
structural_random,random_3,0.05,128,1,0.004,600,499
structural_random,random_3,0.05,129,0,0.126,600,499
structural_random,random_3,0.05,130,1,0.016,600,499
structural_random,random_3,0.05,131,1,0.018,600,499
structural_random,random_3,0.05,132,0,0.542,600,499
structural_random,random_3,0.05,133,0,0.9,600,499
structural_random,random_3,0.05,134,0,0.078,600,499
structural_random,random_3,0.05,135,1,0.012,600,499
structural_random,random_3,0.05,136,1,0.008,600,499
structural_random,random_3,0.05,137,0,0.104,600,499
structural_random,random_3,0.05,138,0,0.292,600,499
structural_random,random_3,0.05,139,0,0.55,600,499
structural_random,random_3,0.05,140,0,0.448,600,499
structural_random,random_3,0.05,141,1,0.024,600,499
structural_random,random_3,0.05,142,0,0.262,600,499
structural_random,random_3,0.05,143,0,0.392,600,499
structural_random,random_3,0.05,144,1,0.014,600,499
structural_random,random_3,0.05,145,0,0.12,600,499
structural_random,random_3,0.05,146,0,0.174,600,499
structural_random,random_3,0.05,147,0,0.612,600,499
structural_random,random_3,0.05,148,0,0.876,600,499
structural_random,random_3,0.05,149,0,0.79,600,499
structural_random,random_3,0.05,150,1,0.042,600,499
structural_random,random_3,0.05,151,0,0.724,600,499
structural_random,random_3,0.05,152,0,0.16,600,499
structural_random,random_3,0.05,153,0,0.384,600,499
structural_random,random_3,0.05,154,0,0.24,600,499
structural_random,random_3,0.05,155,0,0.262,600,499
structural_random,random_3,0.05,156,1,0.04,600,499
structural_random,random_3,0.05,157,0,0.224,600,499
structural_random,random_3,0.05,158,0,0.258,600,499
structural_random,random_3,0.05,159,0,0.316,600,499
structural_random,random_3,0.05,160,0,1.0,600,499
structural_random,random_3,0.05,161,0,0.308,600,499
structural_random,random_3,0.05,162,0,0.75,600,499
structural_random,random_3,0.05,163,0,0.072,600,499
structural_random,random_3,0.05,164,0,0.446,600,499
structural_random,random_3,0.05,165,0,0.302,600,499
structural_random,random_3,0.05,166,1,0.028,600,499
structural_random,random_3,0.05,167,0,0.106,600,499
structural_random,random_3,0.05,168,0,0.164,600,499
structural_random,random_3,0.05,169,0,0.198,600,499
structural_random,random_3,0.05,170,0,0.634,600,499
structural_random,random_3,0.05,171,0,0.682,600,499
structural_random,random_3,0.05,172,0,0.14,600,499
structural_random,random_3,0.05,173,0,0.654,600,499
structural_random,random_3,0.05,174,0,0.362,600,499
structural_random,random_3,0.05,175,0,0.748,600,499
structural_random,random_3,0.05,176,0,0.116,600,499
structural_random,random_3,0.05,177,0,0.666,600,499
structural_random,random_3,0.05,178,1,0.02,600,499
structural_random,random_3,0.05,179,0,0.594,600,499
structural_random,random_3,0.05,180,0,0.546,600,499
structural_random,random_3,0.05,181,0,0.274,600,499
structural_random,random_3,0.05,182,0,0.314,600,499
structural_random,random_3,0.05,183,0,0.584,600,499
structural_random,random_3,0.05,184,0,0.062,600,499
structural_random,random_3,0.05,185,0,0.136,600,499
structural_random,random_3,0.05,186,0,0.904,600,499
structural_random,random_3,0.05,187,1,0.014,600,499
structural_random,random_3,0.05,188,0,0.472,600,499
structural_random,random_3,0.05,189,0,0.534,600,499
structural_random,random_3,0.05,190,1,0.018,600,499
structural_random,random_3,0.05,191,0,0.53,600,499
structural_random,random_3,0.05,192,0,0.34,600,499
structural_random,random_3,0.05,193,1,0.044,600,499
structural_random,random_3,0.05,194,0,0.386,600,499
structural_random,random_3,0.05,195,0,0.19,600,499
structural_random,random_3,0.05,196,1,0.018,600,499
structural_random,random_3,0.05,197,0,0.292,600,499
structural_random,random_3,0.05,198,0,0.228,600,499
structural_random,random_3,0.05,199,0,0.132,600,499
structural_random,random_4,0.05,0,0,0.48,600,499
structural_random,random_4,0.05,1,0,0.392,600,499
structural_random,random_4,0.05,2,1,0.022,600,499
structural_random,random_4,0.05,3,0,0.15,600,499
structural_random,random_4,0.05,4,1,0.002,600,499
structural_random,random_4,0.05,5,0,0.17,600,499
structural_random,random_4,0.05,6,1,0.006,600,499
structural_random,random_4,0.05,7,1,0.012,600,499
structural_random,random_4,0.05,8,1,0.004,600,499
structural_random,random_4,0.05,9,1,0.024,600,499
structural_random,random_4,0.05,10,1,0.008,600,499
structural_random,random_4,0.05,11,1,0.006,600,499
structural_random,random_4,0.05,12,0,0.084,600,499
structural_random,random_4,0.05,13,0,0.058,600,499
structural_random,random_4,0.05,14,0,0.102,600,499
structural_random,random_4,0.05,15,0,0.55,600,499
structural_random,random_4,0.05,16,1,0.002,600,499
structural_random,random_4,0.05,17,1,0.042,600,499
structural_random,random_4,0.05,18,1,0.002,600,499
structural_random,random_4,0.05,19,0,0.624,600,499
structural_random,random_4,0.05,20,0,0.054,600,499
structural_random,random_4,0.05,21,0,0.628,600,499
structural_random,random_4,0.05,22,1,0.004,600,499
structural_random,random_4,0.05,23,0,0.434,600,499
structural_random,random_4,0.05,24,0,0.056,600,499
structural_random,random_4,0.05,25,0,0.454,600,499
structural_random,random_4,0.05,26,1,0.006,600,499
structural_random,random_4,0.05,27,1,0.004,600,499
structural_random,random_4,0.05,28,1,0.006,600,499
structural_random,random_4,0.05,29,0,0.39,600,499
structural_random,random_4,0.05,30,1,0.002,600,499
structural_random,random_4,0.05,31,0,0.122,600,499
structural_random,random_4,0.05,32,1,0.006,600,499
structural_random,random_4,0.05,33,0,0.226,600,499
structural_random,random_4,0.05,34,0,0.924,600,499
structural_random,random_4,0.05,35,1,0.002,600,499
structural_random,random_4,0.05,36,0,0.108,600,499
structural_random,random_4,0.05,37,1,0.002,600,499
structural_random,random_4,0.05,38,1,0.008,600,499
structural_random,random_4,0.05,39,1,0.046,600,499
structural_random,random_4,0.05,40,0,0.212,600,499
structural_random,random_4,0.05,41,1,0.002,600,499
structural_random,random_4,0.05,42,1,0.002,600,499
structural_random,random_4,0.05,43,1,0.002,600,499
structural_random,random_4,0.05,44,1,0.016,600,499
structural_random,random_4,0.05,45,1,0.006,600,499
structural_random,random_4,0.05,46,1,0.03,600,499
structural_random,random_4,0.05,47,0,0.258,600,499
structural_random,random_4,0.05,48,1,0.014,600,499
structural_random,random_4,0.05,49,1,0.042,600,499
structural_random,random_4,0.05,50,1,0.002,600,499
structural_random,random_4,0.05,51,0,0.946,600,499
structural_random,random_4,0.05,52,0,0.53,600,499
structural_random,random_4,0.05,53,1,0.002,600,499
structural_random,random_4,0.05,54,1,0.002,600,499
structural_random,random_4,0.05,55,1,0.002,600,499
structural_random,random_4,0.05,56,1,0.004,600,499
structural_random,random_4,0.05,57,1,0.002,600,499
structural_random,random_4,0.05,58,1,0.004,600,499
structural_random,random_4,0.05,59,1,0.02,600,499
structural_random,random_4,0.05,60,0,0.076,600,499
structural_random,random_4,0.05,61,1,0.036,600,499
structural_random,random_4,0.05,62,1,0.002,600,499
structural_random,random_4,0.05,63,1,0.006,600,499
structural_random,random_4,0.05,64,0,0.502,600,499
structural_random,random_4,0.05,65,0,0.104,600,499
structural_random,random_4,0.05,66,1,0.002,600,499
structural_random,random_4,0.05,67,0,0.594,600,499
structural_random,random_4,0.05,68,0,0.074,600,499
structural_random,random_4,0.05,69,1,0.002,600,499
structural_random,random_4,0.05,70,1,0.006,600,499
structural_random,random_4,0.05,71,1,0.038,600,499
structural_random,random_4,0.05,72,1,0.01,600,499
structural_random,random_4,0.05,73,1,0.002,600,499
structural_random,random_4,0.05,74,0,0.39,600,499
structural_random,random_4,0.05,75,0,0.102,600,499
structural_random,random_4,0.05,76,1,0.002,600,499
structural_random,random_4,0.05,77,1,0.002,600,499
structural_random,random_4,0.05,78,1,0.004,600,499
structural_random,random_4,0.05,79,1,0.006,600,499
structural_random,random_4,0.05,80,0,0.052,600,499
structural_random,random_4,0.05,81,0,0.058,600,499
structural_random,random_4,0.05,82,1,0.03,600,499
structural_random,random_4,0.05,83,0,0.198,600,499
structural_random,random_4,0.05,84,1,0.002,600,499
structural_random,random_4,0.05,85,0,0.41,600,499
structural_random,random_4,0.05,86,1,0.002,600,499
structural_random,random_4,0.05,87,0,0.112,600,499
structural_random,random_4,0.05,88,0,0.492,600,499
structural_random,random_4,0.05,89,1,0.024,600,499
structural_random,random_4,0.05,90,0,0.104,600,499
structural_random,random_4,0.05,91,0,0.33,600,499
structural_random,random_4,0.05,92,1,0.008,600,499
structural_random,random_4,0.05,93,1,0.026,600,499
structural_random,random_4,0.05,94,1,0.002,600,499
structural_random,random_4,0.05,95,1,0.044,600,499
structural_random,random_4,0.05,96,0,0.05,600,499
structural_random,random_4,0.05,97,0,0.066,600,499
structural_random,random_4,0.05,98,0,0.99,600,499
structural_random,random_4,0.05,99,0,0.996,600,499
structural_random,random_4,0.05,100,1,0.012,600,499
structural_random,random_4,0.05,101,0,0.182,600,499
structural_random,random_4,0.05,102,1,0.002,600,499
structural_random,random_4,0.05,103,0,0.136,600,499
structural_random,random_4,0.05,104,1,0.028,600,499
structural_random,random_4,0.05,105,1,0.038,600,499
structural_random,random_4,0.05,106,0,0.182,600,499
structural_random,random_4,0.05,107,1,0.012,600,499
structural_random,random_4,0.05,108,1,0.004,600,499
structural_random,random_4,0.05,109,1,0.008,600,499
structural_random,random_4,0.05,110,0,0.194,600,499
structural_random,random_4,0.05,111,1,0.006,600,499
structural_random,random_4,0.05,112,1,0.018,600,499
structural_random,random_4,0.05,113,1,0.018,600,499
structural_random,random_4,0.05,114,1,0.03,600,499
structural_random,random_4,0.05,115,1,0.03,600,499
structural_random,random_4,0.05,116,1,0.008,600,499
structural_random,random_4,0.05,117,0,0.068,600,499
structural_random,random_4,0.05,118,1,0.002,600,499
structural_random,random_4,0.05,119,1,0.006,600,499
structural_random,random_4,0.05,120,0,0.362,600,499
structural_random,random_4,0.05,121,0,0.112,600,499
structural_random,random_4,0.05,122,1,0.006,600,499
structural_random,random_4,0.05,123,1,0.014,600,499
structural_random,random_4,0.05,124,0,0.156,600,499
structural_random,random_4,0.05,125,1,0.036,600,499
structural_random,random_4,0.05,126,1,0.032,600,499
structural_random,random_4,0.05,127,0,0.21,600,499
structural_random,random_4,0.05,128,1,0.002,600,499
structural_random,random_4,0.05,129,0,0.124,600,499
structural_random,random_4,0.05,130,1,0.01,600,499
structural_random,random_4,0.05,131,1,0.002,600,499
structural_random,random_4,0.05,132,1,0.034,600,499
structural_random,random_4,0.05,133,1,0.048,600,499
structural_random,random_4,0.05,134,1,0.028,600,499
structural_random,random_4,0.05,135,1,0.004,600,499
structural_random,random_4,0.05,136,1,0.004,600,499
structural_random,random_4,0.05,137,0,0.258,600,499
structural_random,random_4,0.05,138,0,0.27,600,499
structural_random,random_4,0.05,139,1,0.008,600,499
structural_random,random_4,0.05,140,0,0.32,600,499
structural_random,random_4,0.05,141,1,0.004,600,499
structural_random,random_4,0.05,142,0,0.106,600,499
structural_random,random_4,0.05,143,0,0.118,600,499
structural_random,random_4,0.05,144,1,0.002,600,499
structural_random,random_4,0.05,145,1,0.01,600,499
structural_random,random_4,0.05,146,1,0.008,600,499
structural_random,random_4,0.05,147,0,0.09,600,499
structural_random,random_4,0.05,148,0,0.094,600,499
structural_random,random_4,0.05,149,0,0.126,600,499
structural_random,random_4,0.05,150,1,0.002,600,499
structural_random,random_4,0.05,151,0,0.372,600,499
structural_random,random_4,0.05,152,0,0.21,600,499
structural_random,random_4,0.05,153,0,0.21,600,499
structural_random,random_4,0.05,154,1,0.01,600,499
structural_random,random_4,0.05,155,0,0.236,600,499
structural_random,random_4,0.05,156,1,0.002,600,499
structural_random,random_4,0.05,157,0,0.8,600,499
structural_random,random_4,0.05,158,0,0.176,600,499
structural_random,random_4,0.05,159,1,0.004,600,499
structural_random,random_4,0.05,160,0,0.31,600,499
structural_random,random_4,0.05,161,1,0.018,600,499
structural_random,random_4,0.05,162,0,0.054,600,499
structural_random,random_4,0.05,163,1,0.02,600,499
structural_random,random_4,0.05,164,0,0.482,600,499
structural_random,random_4,0.05,165,1,0.032,600,499
structural_random,random_4,0.05,166,1,0.004,600,499
structural_random,random_4,0.05,167,1,0.002,600,499
structural_random,random_4,0.05,168,1,0.022,600,499
structural_random,random_4,0.05,169,1,0.01,600,499
structural_random,random_4,0.05,170,0,0.782,600,499
structural_random,random_4,0.05,171,1,0.046,600,499
structural_random,random_4,0.05,172,0,0.266,600,499
structural_random,random_4,0.05,173,1,0.04,600,499
structural_random,random_4,0.05,174,1,0.03,600,499
structural_random,random_4,0.05,175,0,0.122,600,499
structural_random,random_4,0.05,176,1,0.034,600,499
structural_random,random_4,0.05,177,0,0.166,600,499
structural_random,random_4,0.05,178,1,0.002,600,499
structural_random,random_4,0.05,179,0,0.388,600,499
structural_random,random_4,0.05,180,0,0.142,600,499
structural_random,random_4,0.05,181,0,0.276,600,499
structural_random,random_4,0.05,182,0,0.976,600,499
structural_random,random_4,0.05,183,0,0.314,600,499
structural_random,random_4,0.05,184,1,0.034,600,499
structural_random,random_4,0.05,185,1,0.014,600,499
structural_random,random_4,0.05,186,0,0.236,600,499
structural_random,random_4,0.05,187,0,0.116,600,499
structural_random,random_4,0.05,188,1,0.034,600,499
structural_random,random_4,0.05,189,1,0.028,600,499
structural_random,random_4,0.05,190,1,0.002,600,499
structural_random,random_4,0.05,191,1,0.018,600,499
structural_random,random_4,0.05,192,0,0.054,600,499
structural_random,random_4,0.05,193,1,0.002,600,499
structural_random,random_4,0.05,194,0,0.068,600,499
structural_random,random_4,0.05,195,1,0.038,600,499
structural_random,random_4,0.05,196,1,0.002,600,499
structural_random,random_4,0.05,197,0,0.254,600,499
structural_random,random_4,0.05,198,0,0.066,600,499
structural_random,random_4,0.05,199,0,0.378,600,499
structural_random,random_5,0.05,0,1,0.01,600,499
structural_random,random_5,0.05,1,1,0.004,600,499
structural_random,random_5,0.05,2,1,0.024,600,499
structural_random,random_5,0.05,3,1,0.006,600,499
structural_random,random_5,0.05,4,1,0.038,600,499
structural_random,random_5,0.05,5,1,0.002,600,499
structural_random,random_5,0.05,6,1,0.004,600,499
structural_random,random_5,0.05,7,1,0.002,600,499
structural_random,random_5,0.05,8,1,0.03,600,499
structural_random,random_5,0.05,9,1,0.002,600,499
structural_random,random_5,0.05,10,1,0.006,600,499
structural_random,random_5,0.05,11,1,0.002,600,499
structural_random,random_5,0.05,12,1,0.002,600,499
structural_random,random_5,0.05,13,1,0.002,600,499
structural_random,random_5,0.05,14,1,0.002,600,499
structural_random,random_5,0.05,15,1,0.004,600,499
structural_random,random_5,0.05,16,1,0.002,600,499
structural_random,random_5,0.05,17,1,0.004,600,499
structural_random,random_5,0.05,18,1,0.002,600,499
structural_random,random_5,0.05,19,1,0.006,600,499
structural_random,random_5,0.05,20,1,0.002,600,499
structural_random,random_5,0.05,21,1,0.012,600,499
structural_random,random_5,0.05,22,1,0.002,600,499
structural_random,random_5,0.05,23,1,0.03,600,499
structural_random,random_5,0.05,24,1,0.01,600,499
structural_random,random_5,0.05,25,1,0.006,600,499
structural_random,random_5,0.05,26,1,0.028,600,499
structural_random,random_5,0.05,27,1,0.002,600,499
structural_random,random_5,0.05,28,1,0.002,600,499
structural_random,random_5,0.05,29,1,0.004,600,499
structural_random,random_5,0.05,30,1,0.002,600,499
structural_random,random_5,0.05,31,1,0.002,600,499
structural_random,random_5,0.05,32,1,0.002,600,499
structural_random,random_5,0.05,33,1,0.002,600,499
structural_random,random_5,0.05,34,0,0.112,600,499
structural_random,random_5,0.05,35,1,0.002,600,499
structural_random,random_5,0.05,36,1,0.002,600,499
structural_random,random_5,0.05,37,1,0.002,600,499
structural_random,random_5,0.05,38,1,0.002,600,499
structural_random,random_5,0.05,39,1,0.002,600,499
structural_random,random_5,0.05,40,1,0.004,600,499
structural_random,random_5,0.05,41,1,0.002,600,499
structural_random,random_5,0.05,42,1,0.002,600,499
structural_random,random_5,0.05,43,1,0.002,600,499
structural_random,random_5,0.05,44,1,0.002,600,499
structural_random,random_5,0.05,45,1,0.002,600,499
structural_random,random_5,0.05,46,1,0.002,600,499
structural_random,random_5,0.05,47,1,0.006,600,499
structural_random,random_5,0.05,48,1,0.002,600,499
structural_random,random_5,0.05,49,1,0.002,600,499
structural_random,random_5,0.05,50,0,0.094,600,499
structural_random,random_5,0.05,51,1,0.002,600,499
structural_random,random_5,0.05,52,1,0.01,600,499
structural_random,random_5,0.05,53,1,0.002,600,499
structural_random,random_5,0.05,54,1,0.002,600,499
structural_random,random_5,0.05,55,1,0.002,600,499
structural_random,random_5,0.05,56,1,0.002,600,499
structural_random,random_5,0.05,57,1,0.002,600,499
structural_random,random_5,0.05,58,1,0.002,600,499
structural_random,random_5,0.05,59,1,0.002,600,499
structural_random,random_5,0.05,60,1,0.002,600,499
structural_random,random_5,0.05,61,1,0.002,600,499
structural_random,random_5,0.05,62,1,0.002,600,499
structural_random,random_5,0.05,63,1,0.002,600,499
structural_random,random_5,0.05,64,1,0.046,600,499
structural_random,random_5,0.05,65,1,0.002,600,499
structural_random,random_5,0.05,66,1,0.02,600,499
structural_random,random_5,0.05,67,1,0.014,600,499
structural_random,random_5,0.05,68,1,0.002,600,499
structural_random,random_5,0.05,69,1,0.002,600,499
structural_random,random_5,0.05,70,1,0.002,600,499
structural_random,random_5,0.05,71,1,0.002,600,499
structural_random,random_5,0.05,72,1,0.026,600,499
structural_random,random_5,0.05,73,1,0.002,600,499
structural_random,random_5,0.05,74,1,0.002,600,499
structural_random,random_5,0.05,75,1,0.002,600,499
structural_random,random_5,0.05,76,1,0.002,600,499
structural_random,random_5,0.05,77,1,0.002,600,499
structural_random,random_5,0.05,78,1,0.002,600,499
structural_random,random_5,0.05,79,1,0.002,600,499
structural_random,random_5,0.05,80,1,0.002,600,499
structural_random,random_5,0.05,81,1,0.004,600,499
structural_random,random_5,0.05,82,1,0.002,600,499
structural_random,random_5,0.05,83,1,0.002,600,499
structural_random,random_5,0.05,84,1,0.002,600,499
structural_random,random_5,0.05,85,0,0.222,600,499
structural_random,random_5,0.05,86,1,0.002,600,499
structural_random,random_5,0.05,87,1,0.002,600,499
structural_random,random_5,0.05,88,1,0.002,600,499
structural_random,random_5,0.05,89,1,0.002,600,499
structural_random,random_5,0.05,90,0,0.052,600,499
structural_random,random_5,0.05,91,0,0.402,600,499
structural_random,random_5,0.05,92,1,0.004,600,499
structural_random,random_5,0.05,93,1,0.002,600,499
structural_random,random_5,0.05,94,1,0.002,600,499
structural_random,random_5,0.05,95,1,0.002,600,499
structural_random,random_5,0.05,96,1,0.002,600,499
structural_random,random_5,0.05,97,1,0.002,600,499
structural_random,random_5,0.05,98,1,0.01,600,499
structural_random,random_5,0.05,99,0,0.286,600,499
structural_random,random_5,0.05,100,1,0.002,600,499
structural_random,random_5,0.05,101,1,0.01,600,499
structural_random,random_5,0.05,102,1,0.002,600,499
structural_random,random_5,0.05,103,1,0.018,600,499
structural_random,random_5,0.05,104,1,0.002,600,499
structural_random,random_5,0.05,105,1,0.002,600,499
structural_random,random_5,0.05,106,1,0.002,600,499
structural_random,random_5,0.05,107,1,0.002,600,499
structural_random,random_5,0.05,108,1,0.002,600,499
structural_random,random_5,0.05,109,1,0.002,600,499
structural_random,random_5,0.05,110,1,0.002,600,499
structural_random,random_5,0.05,111,1,0.002,600,499
structural_random,random_5,0.05,112,1,0.006,600,499
structural_random,random_5,0.05,113,1,0.002,600,499
structural_random,random_5,0.05,114,1,0.032,600,499
structural_random,random_5,0.05,115,1,0.002,600,499
structural_random,random_5,0.05,116,1,0.008,600,499
structural_random,random_5,0.05,117,1,0.006,600,499
structural_random,random_5,0.05,118,1,0.004,600,499
structural_random,random_5,0.05,119,1,0.002,600,499
structural_random,random_5,0.05,120,1,0.002,600,499
structural_random,random_5,0.05,121,1,0.008,600,499
structural_random,random_5,0.05,122,1,0.002,600,499
structural_random,random_5,0.05,123,1,0.002,600,499
structural_random,random_5,0.05,124,1,0.002,600,499
structural_random,random_5,0.05,125,1,0.002,600,499
structural_random,random_5,0.05,126,1,0.002,600,499
structural_random,random_5,0.05,127,1,0.002,600,499
structural_random,random_5,0.05,128,1,0.002,600,499
structural_random,random_5,0.05,129,1,0.002,600,499
structural_random,random_5,0.05,130,1,0.002,600,499
structural_random,random_5,0.05,131,1,0.002,600,499
structural_random,random_5,0.05,132,1,0.016,600,499
structural_random,random_5,0.05,133,0,0.05,600,499
structural_random,random_5,0.05,134,1,0.002,600,499
structural_random,random_5,0.05,135,1,0.002,600,499
structural_random,random_5,0.05,136,1,0.002,600,499
structural_random,random_5,0.05,137,1,0.002,600,499
structural_random,random_5,0.05,138,1,0.002,600,499
structural_random,random_5,0.05,139,1,0.006,600,499
structural_random,random_5,0.05,140,1,0.004,600,499
structural_random,random_5,0.05,141,1,0.002,600,499
structural_random,random_5,0.05,142,1,0.004,600,499
structural_random,random_5,0.05,143,1,0.046,600,499
structural_random,random_5,0.05,144,1,0.002,600,499
structural_random,random_5,0.05,145,1,0.002,600,499
structural_random,random_5,0.05,146,1,0.012,600,499
structural_random,random_5,0.05,147,1,0.036,600,499
structural_random,random_5,0.05,148,1,0.026,600,499
structural_random,random_5,0.05,149,1,0.002,600,499
structural_random,random_5,0.05,150,1,0.002,600,499
structural_random,random_5,0.05,151,1,0.04,600,499
structural_random,random_5,0.05,152,1,0.002,600,499
structural_random,random_5,0.05,153,1,0.002,600,499
structural_random,random_5,0.05,154,1,0.002,600,499
structural_random,random_5,0.05,155,1,0.002,600,499
structural_random,random_5,0.05,156,1,0.002,600,499
structural_random,random_5,0.05,157,1,0.002,600,499
structural_random,random_5,0.05,158,1,0.002,600,499
structural_random,random_5,0.05,159,1,0.004,600,499
structural_random,random_5,0.05,160,0,0.09,600,499
structural_random,random_5,0.05,161,1,0.002,600,499
structural_random,random_5,0.05,162,1,0.008,600,499
structural_random,random_5,0.05,163,1,0.002,600,499
structural_random,random_5,0.05,164,1,0.002,600,499
structural_random,random_5,0.05,165,1,0.004,600,499
structural_random,random_5,0.05,166,1,0.002,600,499
structural_random,random_5,0.05,167,1,0.002,600,499
structural_random,random_5,0.05,168,1,0.002,600,499
structural_random,random_5,0.05,169,1,0.002,600,499
structural_random,random_5,0.05,170,1,0.014,600,499
structural_random,random_5,0.05,171,1,0.006,600,499
structural_random,random_5,0.05,172,1,0.004,600,499
structural_random,random_5,0.05,173,1,0.002,600,499
structural_random,random_5,0.05,174,1,0.002,600,499
structural_random,random_5,0.05,175,1,0.004,600,499
structural_random,random_5,0.05,176,1,0.002,600,499
structural_random,random_5,0.05,177,0,0.09,600,499
structural_random,random_5,0.05,178,1,0.002,600,499
structural_random,random_5,0.05,179,1,0.014,600,499
structural_random,random_5,0.05,180,1,0.004,600,499
structural_random,random_5,0.05,181,1,0.014,600,499
structural_random,random_5,0.05,182,1,0.002,600,499
structural_random,random_5,0.05,183,1,0.012,600,499
structural_random,random_5,0.05,184,1,0.002,600,499
structural_random,random_5,0.05,185,1,0.002,600,499
structural_random,random_5,0.05,186,1,0.018,600,499
structural_random,random_5,0.05,187,1,0.002,600,499
structural_random,random_5,0.05,188,1,0.002,600,499
structural_random,random_5,0.05,189,1,0.004,600,499
structural_random,random_5,0.05,190,1,0.002,600,499
structural_random,random_5,0.05,191,1,0.006,600,499
structural_random,random_5,0.05,192,1,0.002,600,499
structural_random,random_5,0.05,193,1,0.002,600,499
structural_random,random_5,0.05,194,1,0.002,600,499
structural_random,random_5,0.05,195,1,0.002,600,499
structural_random,random_5,0.05,196,1,0.002,600,499
structural_random,random_5,0.05,197,1,0.014,600,499
structural_random,random_5,0.05,198,1,0.004,600,499
structural_random,random_5,0.05,199,1,0.002,600,499
structural_random,random_6,0.05,0,1,0.002,600,499
structural_random,random_6,0.05,1,1,0.002,600,499
structural_random,random_6,0.05,2,1,0.002,600,499
structural_random,random_6,0.05,3,1,0.002,600,499
structural_random,random_6,0.05,4,1,0.002,600,499
structural_random,random_6,0.05,5,1,0.002,600,499
structural_random,random_6,0.05,6,1,0.002,600,499
structural_random,random_6,0.05,7,1,0.002,600,499
structural_random,random_6,0.05,8,1,0.002,600,499
structural_random,random_6,0.05,9,1,0.002,600,499
structural_random,random_6,0.05,10,1,0.002,600,499
structural_random,random_6,0.05,11,1,0.002,600,499
structural_random,random_6,0.05,12,1,0.002,600,499
structural_random,random_6,0.05,13,1,0.002,600,499
structural_random,random_6,0.05,14,1,0.002,600,499
structural_random,random_6,0.05,15,1,0.002,600,499
structural_random,random_6,0.05,16,1,0.002,600,499
structural_random,random_6,0.05,17,1,0.002,600,499
structural_random,random_6,0.05,18,1,0.002,600,499
structural_random,random_6,0.05,19,1,0.002,600,499
structural_random,random_6,0.05,20,1,0.002,600,499
structural_random,random_6,0.05,21,1,0.002,600,499
structural_random,random_6,0.05,22,1,0.002,600,499
structural_random,random_6,0.05,23,1,0.002,600,499
structural_random,random_6,0.05,24,1,0.002,600,499
structural_random,random_6,0.05,25,1,0.002,600,499
structural_random,random_6,0.05,26,1,0.002,600,499
structural_random,random_6,0.05,27,1,0.002,600,499
structural_random,random_6,0.05,28,1,0.002,600,499
structural_random,random_6,0.05,29,1,0.002,600,499
structural_random,random_6,0.05,30,1,0.002,600,499
structural_random,random_6,0.05,31,1,0.002,600,499
structural_random,random_6,0.05,32,1,0.002,600,499
structural_random,random_6,0.05,33,1,0.002,600,499
structural_random,random_6,0.05,34,1,0.002,600,499
structural_random,random_6,0.05,35,1,0.002,600,499
structural_random,random_6,0.05,36,1,0.002,600,499
structural_random,random_6,0.05,37,1,0.002,600,499
structural_random,random_6,0.05,38,1,0.002,600,499
structural_random,random_6,0.05,39,1,0.002,600,499
structural_random,random_6,0.05,40,1,0.002,600,499
structural_random,random_6,0.05,41,1,0.002,600,499
structural_random,random_6,0.05,42,1,0.002,600,499
structural_random,random_6,0.05,43,1,0.002,600,499
structural_random,random_6,0.05,44,1,0.002,600,499
structural_random,random_6,0.05,45,1,0.002,600,499
structural_random,random_6,0.05,46,1,0.002,600,499
structural_random,random_6,0.05,47,1,0.002,600,499
structural_random,random_6,0.05,48,1,0.002,600,499
structural_random,random_6,0.05,49,1,0.002,600,499
structural_random,random_6,0.05,50,1,0.002,600,499
structural_random,random_6,0.05,51,1,0.002,600,499
structural_random,random_6,0.05,52,1,0.002,600,499
structural_random,random_6,0.05,53,1,0.002,600,499
structural_random,random_6,0.05,54,1,0.002,600,499
structural_random,random_6,0.05,55,1,0.002,600,499
structural_random,random_6,0.05,56,1,0.002,600,499
structural_random,random_6,0.05,57,1,0.002,600,499
structural_random,random_6,0.05,58,1,0.002,600,499
structural_random,random_6,0.05,59,1,0.002,600,499
structural_random,random_6,0.05,60,1,0.002,600,499
structural_random,random_6,0.05,61,1,0.002,600,499
structural_random,random_6,0.05,62,1,0.002,600,499
structural_random,random_6,0.05,63,1,0.002,600,499
structural_random,random_6,0.05,64,1,0.002,600,499
structural_random,random_6,0.05,65,1,0.002,600,499
structural_random,random_6,0.05,66,1,0.002,600,499
structural_random,random_6,0.05,67,1,0.002,600,499
structural_random,random_6,0.05,68,1,0.002,600,499
structural_random,random_6,0.05,69,1,0.002,600,499
structural_random,random_6,0.05,70,1,0.002,600,499
structural_random,random_6,0.05,71,1,0.002,600,499
structural_random,random_6,0.05,72,1,0.002,600,499
structural_random,random_6,0.05,73,1,0.002,600,499
structural_random,random_6,0.05,74,1,0.002,600,499
structural_random,random_6,0.05,75,1,0.002,600,499
structural_random,random_6,0.05,76,1,0.002,600,499
structural_random,random_6,0.05,77,1,0.002,600,499
structural_random,random_6,0.05,78,1,0.002,600,499
structural_random,random_6,0.05,79,1,0.002,600,499
structural_random,random_6,0.05,80,1,0.002,600,499
structural_random,random_6,0.05,81,1,0.002,600,499
structural_random,random_6,0.05,82,1,0.002,600,499
structural_random,random_6,0.05,83,1,0.002,600,499
structural_random,random_6,0.05,84,1,0.002,600,499
structural_random,random_6,0.05,85,1,0.002,600,499
structural_random,random_6,0.05,86,1,0.002,600,499
structural_random,random_6,0.05,87,1,0.002,600,499
structural_random,random_6,0.05,88,1,0.002,600,499
structural_random,random_6,0.05,89,1,0.002,600,499
structural_random,random_6,0.05,90,1,0.002,600,499
structural_random,random_6,0.05,91,1,0.002,600,499
structural_random,random_6,0.05,92,1,0.002,600,499
structural_random,random_6,0.05,93,1,0.002,600,499
structural_random,random_6,0.05,94,1,0.002,600,499
structural_random,random_6,0.05,95,1,0.002,600,499
structural_random,random_6,0.05,96,1,0.002,600,499
structural_random,random_6,0.05,97,1,0.002,600,499
structural_random,random_6,0.05,98,1,0.002,600,499
structural_random,random_6,0.05,99,1,0.002,600,499
structural_random,random_6,0.05,100,1,0.002,600,499
structural_random,random_6,0.05,101,1,0.002,600,499
structural_random,random_6,0.05,102,1,0.002,600,499
structural_random,random_6,0.05,103,1,0.002,600,499
structural_random,random_6,0.05,104,1,0.002,600,499
structural_random,random_6,0.05,105,1,0.002,600,499
structural_random,random_6,0.05,106,1,0.002,600,499
structural_random,random_6,0.05,107,1,0.002,600,499
structural_random,random_6,0.05,108,1,0.002,600,499
structural_random,random_6,0.05,109,1,0.002,600,499
structural_random,random_6,0.05,110,1,0.002,600,499
structural_random,random_6,0.05,111,1,0.002,600,499
structural_random,random_6,0.05,112,1,0.002,600,499
structural_random,random_6,0.05,113,1,0.002,600,499
structural_random,random_6,0.05,114,1,0.002,600,499
structural_random,random_6,0.05,115,1,0.002,600,499
structural_random,random_6,0.05,116,1,0.002,600,499
structural_random,random_6,0.05,117,1,0.002,600,499
structural_random,random_6,0.05,118,1,0.002,600,499
structural_random,random_6,0.05,119,1,0.002,600,499
structural_random,random_6,0.05,120,1,0.002,600,499
structural_random,random_6,0.05,121,1,0.002,600,499
structural_random,random_6,0.05,122,1,0.002,600,499
structural_random,random_6,0.05,123,1,0.002,600,499
structural_random,random_6,0.05,124,1,0.002,600,499
structural_random,random_6,0.05,125,1,0.002,600,499
structural_random,random_6,0.05,126,1,0.002,600,499
structural_random,random_6,0.05,127,1,0.002,600,499
structural_random,random_6,0.05,128,1,0.002,600,499
structural_random,random_6,0.05,129,1,0.002,600,499
structural_random,random_6,0.05,130,1,0.002,600,499
structural_random,random_6,0.05,131,1,0.002,600,499
structural_random,random_6,0.05,132,1,0.002,600,499
structural_random,random_6,0.05,133,1,0.002,600,499
structural_random,random_6,0.05,134,1,0.002,600,499
structural_random,random_6,0.05,135,1,0.002,600,499
structural_random,random_6,0.05,136,1,0.002,600,499
structural_random,random_6,0.05,137,1,0.002,600,499
structural_random,random_6,0.05,138,1,0.002,600,499
structural_random,random_6,0.05,139,1,0.002,600,499
structural_random,random_6,0.05,140,1,0.002,600,499
structural_random,random_6,0.05,141,1,0.002,600,499
structural_random,random_6,0.05,142,1,0.002,600,499
structural_random,random_6,0.05,143,1,0.002,600,499
structural_random,random_6,0.05,144,1,0.002,600,499
structural_random,random_6,0.05,145,1,0.002,600,499
structural_random,random_6,0.05,146,1,0.002,600,499
structural_random,random_6,0.05,147,1,0.002,600,499
structural_random,random_6,0.05,148,1,0.002,600,499
structural_random,random_6,0.05,149,1,0.002,600,499
structural_random,random_6,0.05,150,1,0.002,600,499
structural_random,random_6,0.05,151,1,0.002,600,499
structural_random,random_6,0.05,152,1,0.002,600,499
structural_random,random_6,0.05,153,1,0.002,600,499
structural_random,random_6,0.05,154,1,0.002,600,499
structural_random,random_6,0.05,155,1,0.002,600,499
structural_random,random_6,0.05,156,1,0.002,600,499
structural_random,random_6,0.05,157,1,0.002,600,499
structural_random,random_6,0.05,158,1,0.002,600,499
structural_random,random_6,0.05,159,1,0.002,600,499
structural_random,random_6,0.05,160,1,0.002,600,499
structural_random,random_6,0.05,161,1,0.002,600,499
structural_random,random_6,0.05,162,1,0.002,600,499
structural_random,random_6,0.05,163,1,0.002,600,499
structural_random,random_6,0.05,164,1,0.002,600,499
structural_random,random_6,0.05,165,1,0.002,600,499
structural_random,random_6,0.05,166,1,0.002,600,499
structural_random,random_6,0.05,167,1,0.002,600,499
structural_random,random_6,0.05,168,1,0.002,600,499
structural_random,random_6,0.05,169,1,0.002,600,499
structural_random,random_6,0.05,170,1,0.002,600,499
structural_random,random_6,0.05,171,1,0.002,600,499
structural_random,random_6,0.05,172,1,0.002,600,499
structural_random,random_6,0.05,173,1,0.002,600,499
structural_random,random_6,0.05,174,1,0.002,600,499
structural_random,random_6,0.05,175,1,0.002,600,499
structural_random,random_6,0.05,176,1,0.002,600,499
structural_random,random_6,0.05,177,1,0.002,600,499
structural_random,random_6,0.05,178,1,0.002,600,499
structural_random,random_6,0.05,179,1,0.002,600,499
structural_random,random_6,0.05,180,1,0.002,600,499
structural_random,random_6,0.05,181,1,0.002,600,499
structural_random,random_6,0.05,182,1,0.002,600,499
structural_random,random_6,0.05,183,1,0.002,600,499
structural_random,random_6,0.05,184,1,0.002,600,499
structural_random,random_6,0.05,185,1,0.002,600,499
structural_random,random_6,0.05,186,1,0.002,600,499
structural_random,random_6,0.05,187,1,0.002,600,499
structural_random,random_6,0.05,188,1,0.002,600,499
structural_random,random_6,0.05,189,1,0.002,600,499
structural_random,random_6,0.05,190,1,0.002,600,499
structural_random,random_6,0.05,191,1,0.002,600,499
structural_random,random_6,0.05,192,1,0.002,600,499
structural_random,random_6,0.05,193,1,0.002,600,499
structural_random,random_6,0.05,194,1,0.002,600,499
structural_random,random_6,0.05,195,1,0.002,600,499
structural_random,random_6,0.05,196,1,0.002,600,499
structural_random,random_6,0.05,197,1,0.002,600,499
structural_random,random_6,0.05,198,1,0.002,600,499
structural_random,random_6,0.05,199,1,0.002,600,499
structural_random,random_7,0.05,0,1,0.002,600,499
structural_random,random_7,0.05,1,1,0.002,600,499
structural_random,random_7,0.05,2,1,0.002,600,499
structural_random,random_7,0.05,3,1,0.002,600,499
structural_random,random_7,0.05,4,1,0.002,600,499
structural_random,random_7,0.05,5,1,0.002,600,499
structural_random,random_7,0.05,6,1,0.002,600,499
structural_random,random_7,0.05,7,1,0.002,600,499
structural_random,random_7,0.05,8,1,0.002,600,499
structural_random,random_7,0.05,9,1,0.002,600,499
structural_random,random_7,0.05,10,1,0.002,600,499
structural_random,random_7,0.05,11,1,0.002,600,499
structural_random,random_7,0.05,12,1,0.002,600,499
structural_random,random_7,0.05,13,1,0.002,600,499
structural_random,random_7,0.05,14,1,0.002,600,499
structural_random,random_7,0.05,15,1,0.002,600,499
structural_random,random_7,0.05,16,1,0.002,600,499
structural_random,random_7,0.05,17,1,0.002,600,499
structural_random,random_7,0.05,18,1,0.002,600,499
structural_random,random_7,0.05,19,1,0.002,600,499
structural_random,random_7,0.05,20,1,0.002,600,499
structural_random,random_7,0.05,21,1,0.002,600,499
structural_random,random_7,0.05,22,1,0.002,600,499
structural_random,random_7,0.05,23,1,0.002,600,499
structural_random,random_7,0.05,24,1,0.002,600,499
structural_random,random_7,0.05,25,1,0.002,600,499
structural_random,random_7,0.05,26,1,0.002,600,499
structural_random,random_7,0.05,27,1,0.012,600,499
structural_random,random_7,0.05,28,1,0.002,600,499
structural_random,random_7,0.05,29,1,0.002,600,499
structural_random,random_7,0.05,30,1,0.002,600,499
structural_random,random_7,0.05,31,1,0.002,600,499
structural_random,random_7,0.05,32,1,0.002,600,499
structural_random,random_7,0.05,33,1,0.002,600,499
structural_random,random_7,0.05,34,1,0.002,600,499
structural_random,random_7,0.05,35,1,0.014,600,499
structural_random,random_7,0.05,36,1,0.002,600,499
structural_random,random_7,0.05,37,1,0.002,600,499
structural_random,random_7,0.05,38,1,0.004,600,499
structural_random,random_7,0.05,39,1,0.002,600,499
structural_random,random_7,0.05,40,1,0.002,600,499
structural_random,random_7,0.05,41,1,0.002,600,499
structural_random,random_7,0.05,42,1,0.002,600,499
structural_random,random_7,0.05,43,1,0.002,600,499
structural_random,random_7,0.05,44,1,0.002,600,499
structural_random,random_7,0.05,45,1,0.002,600,499
structural_random,random_7,0.05,46,1,0.002,600,499
structural_random,random_7,0.05,47,1,0.002,600,499
structural_random,random_7,0.05,48,1,0.002,600,499
structural_random,random_7,0.05,49,1,0.002,600,499
structural_random,random_7,0.05,50,1,0.002,600,499
structural_random,random_7,0.05,51,1,0.002,600,499
structural_random,random_7,0.05,52,1,0.002,600,499
structural_random,random_7,0.05,53,1,0.002,600,499
structural_random,random_7,0.05,54,1,0.008,600,499
structural_random,random_7,0.05,55,1,0.002,600,499
structural_random,random_7,0.05,56,1,0.002,600,499
structural_random,random_7,0.05,57,1,0.002,600,499
structural_random,random_7,0.05,58,1,0.002,600,499
structural_random,random_7,0.05,59,1,0.002,600,499
structural_random,random_7,0.05,60,1,0.002,600,499
structural_random,random_7,0.05,61,1,0.002,600,499
structural_random,random_7,0.05,62,1,0.002,600,499
structural_random,random_7,0.05,63,1,0.002,600,499
structural_random,random_7,0.05,64,1,0.002,600,499
structural_random,random_7,0.05,65,1,0.002,600,499
structural_random,random_7,0.05,66,1,0.008,600,499
structural_random,random_7,0.05,67,1,0.002,600,499
structural_random,random_7,0.05,68,1,0.002,600,499
structural_random,random_7,0.05,69,1,0.002,600,499
structural_random,random_7,0.05,70,1,0.002,600,499
structural_random,random_7,0.05,71,1,0.002,600,499
structural_random,random_7,0.05,72,1,0.002,600,499
structural_random,random_7,0.05,73,1,0.002,600,499
structural_random,random_7,0.05,74,1,0.002,600,499
structural_random,random_7,0.05,75,1,0.002,600,499
structural_random,random_7,0.05,76,1,0.002,600,499
structural_random,random_7,0.05,77,1,0.002,600,499
structural_random,random_7,0.05,78,1,0.002,600,499
structural_random,random_7,0.05,79,1,0.002,600,499
structural_random,random_7,0.05,80,1,0.002,600,499
structural_random,random_7,0.05,81,1,0.002,600,499
structural_random,random_7,0.05,82,1,0.002,600,499
structural_random,random_7,0.05,83,1,0.002,600,499
structural_random,random_7,0.05,84,1,0.028,600,499
structural_random,random_7,0.05,85,1,0.002,600,499
structural_random,random_7,0.05,86,1,0.002,600,499
structural_random,random_7,0.05,87,1,0.002,600,499
structural_random,random_7,0.05,88,1,0.002,600,499
structural_random,random_7,0.05,89,1,0.002,600,499
structural_random,random_7,0.05,90,1,0.002,600,499
structural_random,random_7,0.05,91,1,0.002,600,499
structural_random,random_7,0.05,92,1,0.002,600,499
structural_random,random_7,0.05,93,1,0.002,600,499
structural_random,random_7,0.05,94,1,0.002,600,499
structural_random,random_7,0.05,95,1,0.002,600,499
structural_random,random_7,0.05,96,1,0.002,600,499
structural_random,random_7,0.05,97,1,0.002,600,499
structural_random,random_7,0.05,98,1,0.002,600,499
structural_random,random_7,0.05,99,1,0.002,600,499
structural_random,random_7,0.05,100,1,0.002,600,499
structural_random,random_7,0.05,101,1,0.002,600,499
structural_random,random_7,0.05,102,1,0.002,600,499
structural_random,random_7,0.05,103,1,0.002,600,499
structural_random,random_7,0.05,104,1,0.002,600,499
structural_random,random_7,0.05,105,1,0.002,600,499
structural_random,random_7,0.05,106,1,0.002,600,499
structural_random,random_7,0.05,107,1,0.002,600,499
structural_random,random_7,0.05,108,1,0.002,600,499
structural_random,random_7,0.05,109,1,0.002,600,499
structural_random,random_7,0.05,110,1,0.002,600,499
structural_random,random_7,0.05,111,1,0.002,600,499
structural_random,random_7,0.05,112,1,0.002,600,499
structural_random,random_7,0.05,113,1,0.002,600,499
structural_random,random_7,0.05,114,1,0.002,600,499
structural_random,random_7,0.05,115,1,0.002,600,499
structural_random,random_7,0.05,116,1,0.002,600,499
structural_random,random_7,0.05,117,1,0.002,600,499
structural_random,random_7,0.05,118,1,0.002,600,499
structural_random,random_7,0.05,119,1,0.002,600,499
structural_random,random_7,0.05,120,1,0.002,600,499
structural_random,random_7,0.05,121,1,0.002,600,499
structural_random,random_7,0.05,122,1,0.002,600,499
structural_random,random_7,0.05,123,1,0.002,600,499
structural_random,random_7,0.05,124,1,0.002,600,499
structural_random,random_7,0.05,125,1,0.002,600,499
structural_random,random_7,0.05,126,1,0.002,600,499
structural_random,random_7,0.05,127,1,0.002,600,499
structural_random,random_7,0.05,128,1,0.002,600,499
structural_random,random_7,0.05,129,1,0.002,600,499
structural_random,random_7,0.05,130,1,0.002,600,499
structural_random,random_7,0.05,131,1,0.002,600,499
structural_random,random_7,0.05,132,1,0.002,600,499
structural_random,random_7,0.05,133,1,0.002,600,499
structural_random,random_7,0.05,134,1,0.002,600,499
structural_random,random_7,0.05,135,1,0.002,600,499
structural_random,random_7,0.05,136,1,0.002,600,499
structural_random,random_7,0.05,137,1,0.002,600,499
structural_random,random_7,0.05,138,1,0.002,600,499
structural_random,random_7,0.05,139,1,0.002,600,499
structural_random,random_7,0.05,140,1,0.002,600,499
structural_random,random_7,0.05,141,1,0.002,600,499
structural_random,random_7,0.05,142,1,0.002,600,499
structural_random,random_7,0.05,143,1,0.002,600,499
structural_random,random_7,0.05,144,1,0.002,600,499
structural_random,random_7,0.05,145,1,0.002,600,499
structural_random,random_7,0.05,146,1,0.002,600,499
structural_random,random_7,0.05,147,1,0.002,600,499
structural_random,random_7,0.05,148,1,0.002,600,499
structural_random,random_7,0.05,149,1,0.002,600,499
structural_random,random_7,0.05,150,1,0.002,600,499
structural_random,random_7,0.05,151,1,0.002,600,499
structural_random,random_7,0.05,152,1,0.002,600,499
structural_random,random_7,0.05,153,1,0.002,600,499
structural_random,random_7,0.05,154,1,0.002,600,499
structural_random,random_7,0.05,155,1,0.002,600,499
structural_random,random_7,0.05,156,1,0.002,600,499
structural_random,random_7,0.05,157,1,0.002,600,499
structural_random,random_7,0.05,158,1,0.002,600,499
structural_random,random_7,0.05,159,1,0.002,600,499
structural_random,random_7,0.05,160,1,0.002,600,499
structural_random,random_7,0.05,161,1,0.002,600,499
structural_random,random_7,0.05,162,1,0.002,600,499
structural_random,random_7,0.05,163,1,0.002,600,499
structural_random,random_7,0.05,164,1,0.002,600,499
structural_random,random_7,0.05,165,1,0.002,600,499
structural_random,random_7,0.05,166,1,0.002,600,499
structural_random,random_7,0.05,167,1,0.002,600,499
structural_random,random_7,0.05,168,1,0.002,600,499
structural_random,random_7,0.05,169,1,0.002,600,499
structural_random,random_7,0.05,170,1,0.002,600,499
structural_random,random_7,0.05,171,1,0.002,600,499
structural_random,random_7,0.05,172,1,0.002,600,499
structural_random,random_7,0.05,173,1,0.002,600,499
structural_random,random_7,0.05,174,1,0.002,600,499
structural_random,random_7,0.05,175,1,0.002,600,499
structural_random,random_7,0.05,176,1,0.002,600,499
structural_random,random_7,0.05,177,1,0.002,600,499
structural_random,random_7,0.05,178,1,0.002,600,499
structural_random,random_7,0.05,179,1,0.002,600,499
structural_random,random_7,0.05,180,1,0.002,600,499
structural_random,random_7,0.05,181,1,0.002,600,499
structural_random,random_7,0.05,182,1,0.002,600,499
structural_random,random_7,0.05,183,1,0.002,600,499
structural_random,random_7,0.05,184,1,0.002,600,499
structural_random,random_7,0.05,185,1,0.002,600,499
structural_random,random_7,0.05,186,1,0.002,600,499
structural_random,random_7,0.05,187,1,0.002,600,499
structural_random,random_7,0.05,188,1,0.002,600,499
structural_random,random_7,0.05,189,1,0.002,600,499
structural_random,random_7,0.05,190,1,0.002,600,499
structural_random,random_7,0.05,191,1,0.002,600,499
structural_random,random_7,0.05,192,1,0.002,600,499
structural_random,random_7,0.05,193,1,0.002,600,499
structural_random,random_7,0.05,194,1,0.002,600,499
structural_random,random_7,0.05,195,1,0.002,600,499
structural_random,random_7,0.05,196,1,0.002,600,499
structural_random,random_7,0.05,197,1,0.002,600,499
structural_random,random_7,0.05,198,1,0.002,600,499
structural_random,random_7,0.05,199,1,0.002,600,499
structural_random,random_8,0.05,0,1,0.002,600,499
structural_random,random_8,0.05,1,1,0.002,600,499
structural_random,random_8,0.05,2,1,0.002,600,499
structural_random,random_8,0.05,3,1,0.002,600,499
structural_random,random_8,0.05,4,1,0.002,600,499
structural_random,random_8,0.05,5,1,0.002,600,499
structural_random,random_8,0.05,6,1,0.002,600,499
structural_random,random_8,0.05,7,1,0.002,600,499
structural_random,random_8,0.05,8,1,0.002,600,499
structural_random,random_8,0.05,9,1,0.002,600,499
structural_random,random_8,0.05,10,1,0.002,600,499
structural_random,random_8,0.05,11,1,0.002,600,499
structural_random,random_8,0.05,12,1,0.002,600,499
structural_random,random_8,0.05,13,1,0.002,600,499
structural_random,random_8,0.05,14,1,0.002,600,499
structural_random,random_8,0.05,15,1,0.002,600,499
structural_random,random_8,0.05,16,1,0.002,600,499
structural_random,random_8,0.05,17,1,0.002,600,499
structural_random,random_8,0.05,18,1,0.002,600,499
structural_random,random_8,0.05,19,1,0.002,600,499
structural_random,random_8,0.05,20,1,0.002,600,499
structural_random,random_8,0.05,21,1,0.002,600,499
structural_random,random_8,0.05,22,1,0.002,600,499
structural_random,random_8,0.05,23,1,0.002,600,499
structural_random,random_8,0.05,24,1,0.002,600,499
structural_random,random_8,0.05,25,1,0.002,600,499
structural_random,random_8,0.05,26,1,0.002,600,499
structural_random,random_8,0.05,27,1,0.002,600,499
structural_random,random_8,0.05,28,1,0.002,600,499
structural_random,random_8,0.05,29,1,0.002,600,499
structural_random,random_8,0.05,30,1,0.002,600,499
structural_random,random_8,0.05,31,1,0.002,600,499
structural_random,random_8,0.05,32,1,0.002,600,499
structural_random,random_8,0.05,33,1,0.002,600,499
structural_random,random_8,0.05,34,1,0.002,600,499
structural_random,random_8,0.05,35,1,0.002,600,499
structural_random,random_8,0.05,36,1,0.002,600,499
structural_random,random_8,0.05,37,1,0.002,600,499
structural_random,random_8,0.05,38,1,0.002,600,499
structural_random,random_8,0.05,39,1,0.002,600,499
structural_random,random_8,0.05,40,1,0.002,600,499
structural_random,random_8,0.05,41,1,0.002,600,499
structural_random,random_8,0.05,42,1,0.002,600,499
structural_random,random_8,0.05,43,1,0.002,600,499
structural_random,random_8,0.05,44,1,0.002,600,499
structural_random,random_8,0.05,45,1,0.002,600,499
structural_random,random_8,0.05,46,1,0.002,600,499
structural_random,random_8,0.05,47,1,0.002,600,499
structural_random,random_8,0.05,48,1,0.002,600,499
structural_random,random_8,0.05,49,1,0.002,600,499
structural_random,random_8,0.05,50,1,0.002,600,499
structural_random,random_8,0.05,51,1,0.002,600,499
structural_random,random_8,0.05,52,1,0.002,600,499
structural_random,random_8,0.05,53,1,0.002,600,499
structural_random,random_8,0.05,54,1,0.002,600,499
structural_random,random_8,0.05,55,1,0.002,600,499
structural_random,random_8,0.05,56,1,0.002,600,499
structural_random,random_8,0.05,57,1,0.002,600,499
structural_random,random_8,0.05,58,1,0.002,600,499
structural_random,random_8,0.05,59,1,0.002,600,499
structural_random,random_8,0.05,60,1,0.002,600,499
structural_random,random_8,0.05,61,1,0.002,600,499
structural_random,random_8,0.05,62,1,0.002,600,499
structural_random,random_8,0.05,63,1,0.002,600,499
structural_random,random_8,0.05,64,1,0.002,600,499
structural_random,random_8,0.05,65,1,0.002,600,499
structural_random,random_8,0.05,66,1,0.002,600,499
structural_random,random_8,0.05,67,1,0.002,600,499
structural_random,random_8,0.05,68,1,0.002,600,499
structural_random,random_8,0.05,69,1,0.002,600,499
structural_random,random_8,0.05,70,1,0.002,600,499
structural_random,random_8,0.05,71,1,0.002,600,499
structural_random,random_8,0.05,72,1,0.002,600,499
structural_random,random_8,0.05,73,1,0.002,600,499
structural_random,random_8,0.05,74,1,0.002,600,499
structural_random,random_8,0.05,75,1,0.002,600,499
structural_random,random_8,0.05,76,1,0.002,600,499
structural_random,random_8,0.05,77,1,0.002,600,499
structural_random,random_8,0.05,78,1,0.002,600,499
structural_random,random_8,0.05,79,1,0.002,600,499
structural_random,random_8,0.05,80,1,0.002,600,499
structural_random,random_8,0.05,81,1,0.002,600,499
structural_random,random_8,0.05,82,1,0.002,600,499
structural_random,random_8,0.05,83,1,0.002,600,499
structural_random,random_8,0.05,84,1,0.002,600,499
structural_random,random_8,0.05,85,1,0.002,600,499
structural_random,random_8,0.05,86,1,0.002,600,499
structural_random,random_8,0.05,87,1,0.002,600,499
structural_random,random_8,0.05,88,1,0.002,600,499
structural_random,random_8,0.05,89,1,0.002,600,499
structural_random,random_8,0.05,90,1,0.002,600,499
structural_random,random_8,0.05,91,1,0.004,600,499
structural_random,random_8,0.05,92,1,0.002,600,499
structural_random,random_8,0.05,93,1,0.002,600,499
structural_random,random_8,0.05,94,1,0.002,600,499
structural_random,random_8,0.05,95,1,0.002,600,499
structural_random,random_8,0.05,96,1,0.002,600,499
structural_random,random_8,0.05,97,1,0.002,600,499
structural_random,random_8,0.05,98,1,0.002,600,499
structural_random,random_8,0.05,99,1,0.002,600,499
structural_random,random_8,0.05,100,1,0.002,600,499
structural_random,random_8,0.05,101,1,0.002,600,499
structural_random,random_8,0.05,102,1,0.002,600,499
structural_random,random_8,0.05,103,1,0.002,600,499
structural_random,random_8,0.05,104,1,0.002,600,499
structural_random,random_8,0.05,105,1,0.002,600,499
structural_random,random_8,0.05,106,1,0.002,600,499
structural_random,random_8,0.05,107,1,0.002,600,499
structural_random,random_8,0.05,108,1,0.002,600,499
structural_random,random_8,0.05,109,1,0.002,600,499
structural_random,random_8,0.05,110,1,0.002,600,499
structural_random,random_8,0.05,111,1,0.002,600,499
structural_random,random_8,0.05,112,1,0.002,600,499
structural_random,random_8,0.05,113,1,0.002,600,499
structural_random,random_8,0.05,114,1,0.002,600,499
structural_random,random_8,0.05,115,1,0.002,600,499
structural_random,random_8,0.05,116,1,0.002,600,499
structural_random,random_8,0.05,117,1,0.002,600,499
structural_random,random_8,0.05,118,1,0.002,600,499
structural_random,random_8,0.05,119,1,0.002,600,499
structural_random,random_8,0.05,120,1,0.002,600,499
structural_random,random_8,0.05,121,1,0.002,600,499
structural_random,random_8,0.05,122,1,0.002,600,499
structural_random,random_8,0.05,123,1,0.002,600,499
structural_random,random_8,0.05,124,1,0.002,600,499
structural_random,random_8,0.05,125,1,0.002,600,499
structural_random,random_8,0.05,126,1,0.002,600,499
structural_random,random_8,0.05,127,1,0.002,600,499
structural_random,random_8,0.05,128,1,0.002,600,499
structural_random,random_8,0.05,129,1,0.002,600,499
structural_random,random_8,0.05,130,1,0.002,600,499
structural_random,random_8,0.05,131,1,0.002,600,499
structural_random,random_8,0.05,132,1,0.002,600,499
structural_random,random_8,0.05,133,1,0.002,600,499
structural_random,random_8,0.05,134,1,0.002,600,499
structural_random,random_8,0.05,135,1,0.002,600,499
structural_random,random_8,0.05,136,1,0.002,600,499
structural_random,random_8,0.05,137,1,0.002,600,499
structural_random,random_8,0.05,138,1,0.002,600,499
structural_random,random_8,0.05,139,1,0.002,600,499
structural_random,random_8,0.05,140,1,0.002,600,499
structural_random,random_8,0.05,141,1,0.002,600,499
structural_random,random_8,0.05,142,1,0.002,600,499
structural_random,random_8,0.05,143,1,0.002,600,499
structural_random,random_8,0.05,144,1,0.002,600,499
structural_random,random_8,0.05,145,1,0.002,600,499
structural_random,random_8,0.05,146,1,0.002,600,499
structural_random,random_8,0.05,147,1,0.002,600,499
structural_random,random_8,0.05,148,1,0.002,600,499
structural_random,random_8,0.05,149,1,0.002,600,499
structural_random,random_8,0.05,150,1,0.002,600,499
structural_random,random_8,0.05,151,1,0.002,600,499
structural_random,random_8,0.05,152,1,0.002,600,499
structural_random,random_8,0.05,153,1,0.002,600,499
structural_random,random_8,0.05,154,1,0.002,600,499
structural_random,random_8,0.05,155,1,0.002,600,499
structural_random,random_8,0.05,156,1,0.002,600,499
structural_random,random_8,0.05,157,1,0.002,600,499
structural_random,random_8,0.05,158,1,0.002,600,499
structural_random,random_8,0.05,159,1,0.002,600,499
structural_random,random_8,0.05,160,1,0.002,600,499
structural_random,random_8,0.05,161,1,0.002,600,499
structural_random,random_8,0.05,162,1,0.002,600,499
structural_random,random_8,0.05,163,1,0.002,600,499
structural_random,random_8,0.05,164,1,0.002,600,499
structural_random,random_8,0.05,165,1,0.002,600,499
structural_random,random_8,0.05,166,1,0.002,600,499
structural_random,random_8,0.05,167,1,0.002,600,499
structural_random,random_8,0.05,168,1,0.002,600,499
structural_random,random_8,0.05,169,1,0.002,600,499
structural_random,random_8,0.05,170,1,0.002,600,499
structural_random,random_8,0.05,171,1,0.002,600,499
structural_random,random_8,0.05,172,1,0.002,600,499
structural_random,random_8,0.05,173,1,0.002,600,499
structural_random,random_8,0.05,174,1,0.002,600,499
structural_random,random_8,0.05,175,1,0.002,600,499
structural_random,random_8,0.05,176,1,0.002,600,499
structural_random,random_8,0.05,177,1,0.002,600,499
structural_random,random_8,0.05,178,1,0.002,600,499
structural_random,random_8,0.05,179,1,0.002,600,499
structural_random,random_8,0.05,180,1,0.002,600,499
structural_random,random_8,0.05,181,1,0.002,600,499
structural_random,random_8,0.05,182,1,0.002,600,499
structural_random,random_8,0.05,183,1,0.002,600,499
structural_random,random_8,0.05,184,1,0.002,600,499
structural_random,random_8,0.05,185,1,0.002,600,499
structural_random,random_8,0.05,186,1,0.002,600,499
structural_random,random_8,0.05,187,1,0.002,600,499
structural_random,random_8,0.05,188,1,0.002,600,499
structural_random,random_8,0.05,189,1,0.002,600,499
structural_random,random_8,0.05,190,1,0.002,600,499
structural_random,random_8,0.05,191,1,0.002,600,499
structural_random,random_8,0.05,192,1,0.002,600,499
structural_random,random_8,0.05,193,1,0.002,600,499
structural_random,random_8,0.05,194,1,0.002,600,499
structural_random,random_8,0.05,195,1,0.002,600,499
structural_random,random_8,0.05,196,1,0.002,600,499
structural_random,random_8,0.05,197,1,0.002,600,499
structural_random,random_8,0.05,198,1,0.002,600,499
structural_random,random_8,0.05,199,1,0.002,600,499
structural_random,random_9,0.05,0,1,0.002,600,499
structural_random,random_9,0.05,1,1,0.002,600,499
structural_random,random_9,0.05,2,1,0.002,600,499
structural_random,random_9,0.05,3,1,0.002,600,499
structural_random,random_9,0.05,4,1,0.002,600,499
structural_random,random_9,0.05,5,1,0.002,600,499
structural_random,random_9,0.05,6,1,0.002,600,499
structural_random,random_9,0.05,7,1,0.002,600,499
structural_random,random_9,0.05,8,1,0.002,600,499
structural_random,random_9,0.05,9,1,0.002,600,499
structural_random,random_9,0.05,10,1,0.002,600,499
structural_random,random_9,0.05,11,1,0.002,600,499
structural_random,random_9,0.05,12,1,0.002,600,499
structural_random,random_9,0.05,13,1,0.002,600,499
structural_random,random_9,0.05,14,1,0.002,600,499
structural_random,random_9,0.05,15,1,0.002,600,499
structural_random,random_9,0.05,16,1,0.002,600,499
structural_random,random_9,0.05,17,1,0.002,600,499
structural_random,random_9,0.05,18,1,0.002,600,499
structural_random,random_9,0.05,19,1,0.002,600,499
structural_random,random_9,0.05,20,1,0.002,600,499
structural_random,random_9,0.05,21,1,0.002,600,499
structural_random,random_9,0.05,22,1,0.002,600,499
structural_random,random_9,0.05,23,1,0.002,600,499
structural_random,random_9,0.05,24,1,0.002,600,499
structural_random,random_9,0.05,25,1,0.002,600,499
structural_random,random_9,0.05,26,1,0.002,600,499
structural_random,random_9,0.05,27,1,0.002,600,499
structural_random,random_9,0.05,28,1,0.002,600,499
structural_random,random_9,0.05,29,1,0.002,600,499
structural_random,random_9,0.05,30,1,0.002,600,499
structural_random,random_9,0.05,31,1,0.002,600,499
structural_random,random_9,0.05,32,1,0.002,600,499
structural_random,random_9,0.05,33,1,0.002,600,499
structural_random,random_9,0.05,34,1,0.002,600,499
structural_random,random_9,0.05,35,1,0.002,600,499
structural_random,random_9,0.05,36,1,0.002,600,499
structural_random,random_9,0.05,37,1,0.002,600,499
structural_random,random_9,0.05,38,1,0.002,600,499
structural_random,random_9,0.05,39,1,0.002,600,499
structural_random,random_9,0.05,40,1,0.002,600,499
structural_random,random_9,0.05,41,1,0.002,600,499
structural_random,random_9,0.05,42,1,0.002,600,499
structural_random,random_9,0.05,43,1,0.002,600,499
structural_random,random_9,0.05,44,1,0.002,600,499
structural_random,random_9,0.05,45,1,0.002,600,499
structural_random,random_9,0.05,46,1,0.002,600,499
structural_random,random_9,0.05,47,1,0.002,600,499
structural_random,random_9,0.05,48,1,0.002,600,499
structural_random,random_9,0.05,49,1,0.002,600,499
structural_random,random_9,0.05,50,1,0.002,600,499
structural_random,random_9,0.05,51,1,0.002,600,499
structural_random,random_9,0.05,52,1,0.002,600,499
structural_random,random_9,0.05,53,1,0.002,600,499
structural_random,random_9,0.05,54,1,0.002,600,499
structural_random,random_9,0.05,55,1,0.002,600,499
structural_random,random_9,0.05,56,1,0.002,600,499
structural_random,random_9,0.05,57,1,0.002,600,499
structural_random,random_9,0.05,58,1,0.002,600,499
structural_random,random_9,0.05,59,1,0.002,600,499
structural_random,random_9,0.05,60,1,0.002,600,499
structural_random,random_9,0.05,61,1,0.002,600,499
structural_random,random_9,0.05,62,1,0.002,600,499
structural_random,random_9,0.05,63,1,0.002,600,499
structural_random,random_9,0.05,64,1,0.002,600,499
structural_random,random_9,0.05,65,1,0.002,600,499
structural_random,random_9,0.05,66,1,0.002,600,499
structural_random,random_9,0.05,67,1,0.002,600,499
structural_random,random_9,0.05,68,1,0.002,600,499
structural_random,random_9,0.05,69,1,0.002,600,499
structural_random,random_9,0.05,70,1,0.002,600,499
structural_random,random_9,0.05,71,1,0.002,600,499
structural_random,random_9,0.05,72,1,0.002,600,499
structural_random,random_9,0.05,73,1,0.002,600,499
structural_random,random_9,0.05,74,1,0.002,600,499
structural_random,random_9,0.05,75,1,0.002,600,499
structural_random,random_9,0.05,76,1,0.002,600,499
structural_random,random_9,0.05,77,1,0.002,600,499
structural_random,random_9,0.05,78,1,0.002,600,499
structural_random,random_9,0.05,79,1,0.002,600,499
structural_random,random_9,0.05,80,1,0.002,600,499
structural_random,random_9,0.05,81,1,0.002,600,499
structural_random,random_9,0.05,82,1,0.002,600,499
structural_random,random_9,0.05,83,1,0.002,600,499
structural_random,random_9,0.05,84,1,0.002,600,499
structural_random,random_9,0.05,85,1,0.002,600,499
structural_random,random_9,0.05,86,1,0.002,600,499
structural_random,random_9,0.05,87,1,0.002,600,499
structural_random,random_9,0.05,88,1,0.002,600,499
structural_random,random_9,0.05,89,1,0.002,600,499
structural_random,random_9,0.05,90,1,0.002,600,499
structural_random,random_9,0.05,91,1,0.002,600,499
structural_random,random_9,0.05,92,1,0.002,600,499
structural_random,random_9,0.05,93,1,0.002,600,499
structural_random,random_9,0.05,94,1,0.002,600,499
structural_random,random_9,0.05,95,1,0.002,600,499
structural_random,random_9,0.05,96,1,0.002,600,499
structural_random,random_9,0.05,97,1,0.002,600,499
structural_random,random_9,0.05,98,1,0.002,600,499
structural_random,random_9,0.05,99,1,0.002,600,499
structural_random,random_9,0.05,100,1,0.002,600,499
structural_random,random_9,0.05,101,1,0.002,600,499
structural_random,random_9,0.05,102,1,0.002,600,499
structural_random,random_9,0.05,103,1,0.002,600,499
structural_random,random_9,0.05,104,1,0.002,600,499
structural_random,random_9,0.05,105,1,0.002,600,499
structural_random,random_9,0.05,106,1,0.002,600,499
structural_random,random_9,0.05,107,1,0.002,600,499
structural_random,random_9,0.05,108,1,0.002,600,499
structural_random,random_9,0.05,109,1,0.002,600,499
structural_random,random_9,0.05,110,1,0.002,600,499
structural_random,random_9,0.05,111,1,0.002,600,499
structural_random,random_9,0.05,112,1,0.002,600,499
structural_random,random_9,0.05,113,1,0.002,600,499
structural_random,random_9,0.05,114,1,0.002,600,499
structural_random,random_9,0.05,115,1,0.002,600,499
structural_random,random_9,0.05,116,1,0.002,600,499
structural_random,random_9,0.05,117,1,0.002,600,499
structural_random,random_9,0.05,118,1,0.002,600,499
structural_random,random_9,0.05,119,1,0.002,600,499
structural_random,random_9,0.05,120,1,0.002,600,499
structural_random,random_9,0.05,121,1,0.002,600,499
structural_random,random_9,0.05,122,1,0.002,600,499
structural_random,random_9,0.05,123,1,0.002,600,499
structural_random,random_9,0.05,124,1,0.002,600,499
structural_random,random_9,0.05,125,1,0.002,600,499
structural_random,random_9,0.05,126,1,0.002,600,499
structural_random,random_9,0.05,127,1,0.002,600,499
structural_random,random_9,0.05,128,1,0.002,600,499
structural_random,random_9,0.05,129,1,0.002,600,499
structural_random,random_9,0.05,130,1,0.002,600,499
structural_random,random_9,0.05,131,1,0.002,600,499
structural_random,random_9,0.05,132,1,0.002,600,499
structural_random,random_9,0.05,133,1,0.002,600,499
structural_random,random_9,0.05,134,1,0.002,600,499
structural_random,random_9,0.05,135,1,0.002,600,499
structural_random,random_9,0.05,136,1,0.002,600,499
structural_random,random_9,0.05,137,1,0.002,600,499
structural_random,random_9,0.05,138,1,0.002,600,499
structural_random,random_9,0.05,139,1,0.002,600,499
structural_random,random_9,0.05,140,1,0.002,600,499
structural_random,random_9,0.05,141,1,0.002,600,499
structural_random,random_9,0.05,142,1,0.002,600,499
structural_random,random_9,0.05,143,1,0.002,600,499
structural_random,random_9,0.05,144,1,0.002,600,499
structural_random,random_9,0.05,145,1,0.002,600,499
structural_random,random_9,0.05,146,1,0.002,600,499
structural_random,random_9,0.05,147,1,0.002,600,499
structural_random,random_9,0.05,148,1,0.002,600,499
structural_random,random_9,0.05,149,1,0.002,600,499
structural_random,random_9,0.05,150,1,0.002,600,499
structural_random,random_9,0.05,151,1,0.002,600,499
structural_random,random_9,0.05,152,1,0.002,600,499
structural_random,random_9,0.05,153,1,0.002,600,499
structural_random,random_9,0.05,154,1,0.002,600,499
structural_random,random_9,0.05,155,1,0.002,600,499
structural_random,random_9,0.05,156,1,0.002,600,499
structural_random,random_9,0.05,157,1,0.002,600,499
structural_random,random_9,0.05,158,1,0.002,600,499
structural_random,random_9,0.05,159,1,0.002,600,499
structural_random,random_9,0.05,160,1,0.002,600,499
structural_random,random_9,0.05,161,1,0.002,600,499
structural_random,random_9,0.05,162,1,0.002,600,499
structural_random,random_9,0.05,163,1,0.002,600,499
structural_random,random_9,0.05,164,1,0.002,600,499
structural_random,random_9,0.05,165,1,0.002,600,499
structural_random,random_9,0.05,166,1,0.002,600,499
structural_random,random_9,0.05,167,1,0.002,600,499
structural_random,random_9,0.05,168,1,0.002,600,499
structural_random,random_9,0.05,169,1,0.002,600,499
structural_random,random_9,0.05,170,1,0.002,600,499
structural_random,random_9,0.05,171,1,0.002,600,499
structural_random,random_9,0.05,172,1,0.002,600,499
structural_random,random_9,0.05,173,1,0.002,600,499
structural_random,random_9,0.05,174,1,0.002,600,499
structural_random,random_9,0.05,175,1,0.002,600,499
structural_random,random_9,0.05,176,1,0.002,600,499
structural_random,random_9,0.05,177,1,0.002,600,499
structural_random,random_9,0.05,178,1,0.002,600,499
structural_random,random_9,0.05,179,1,0.002,600,499
structural_random,random_9,0.05,180,1,0.002,600,499
structural_random,random_9,0.05,181,1,0.002,600,499
structural_random,random_9,0.05,182,1,0.002,600,499
structural_random,random_9,0.05,183,1,0.002,600,499
structural_random,random_9,0.05,184,1,0.002,600,499
structural_random,random_9,0.05,185,1,0.002,600,499
structural_random,random_9,0.05,186,1,0.002,600,499
structural_random,random_9,0.05,187,1,0.002,600,499
structural_random,random_9,0.05,188,1,0.002,600,499
structural_random,random_9,0.05,189,1,0.002,600,499
structural_random,random_9,0.05,190,1,0.002,600,499
structural_random,random_9,0.05,191,1,0.002,600,499
structural_random,random_9,0.05,192,1,0.002,600,499
structural_random,random_9,0.05,193,1,0.002,600,499
structural_random,random_9,0.05,194,1,0.002,600,499
structural_random,random_9,0.05,195,1,0.002,600,499
structural_random,random_9,0.05,196,1,0.002,600,499
structural_random,random_9,0.05,197,1,0.002,600,499
structural_random,random_9,0.05,198,1,0.002,600,499
structural_random,random_9,0.05,199,1,0.002,600,499
